party,member,chamber,ticker,type,transaction_date,filing_date
R,Richard W. Allen,House,ALB,S,2023-12-21,2024-01-11
R,Richard W. Allen,House,SCHW,S,2023-12-21,2024-01-11
R,Richard W. Allen,House,BLK,S,2024-01-17,2024-02-16
R,Richard W. Allen,House,AMP,P,2024-04-09,2024-05-14
R,Richard W. Allen,House,CTAS,P,2024-05-20,2024-06-21
R,Richard W. Allen,House,SBUX,S,2024-05-20,2024-06-21
R,Richard W. Allen,House,JNJ,S,2024-06-13,2024-07-10
R,Richard W. Allen,House,AZO,P,2024-07-16,2024-08-08
R,Richard W. Allen,House,JNJ,S,2024-07-16,2024-08-08
R,Richard W. Allen,House,DE,S,2024-08-14,2024-09-20
R,Richard W. Allen,House,SCHW,S,2024-09-12,2024-10-18
D,Jake Auchincloss,House,STT,S,2024-11-18,2024-11-21
D,Earl Blumenauer,House,DEO,S,2023-12-13,2024-01-04
D,Earl Blumenauer,House,AMZN,P,2024-02-12,2024-03-02
D,Earl Blumenauer,House,PHG,P,2024-02-12,2024-03-02
D,Earl Blumenauer,House,QCOM,P,2024-02-12,2024-03-02
D,Earl Blumenauer,House,UL,S,2024-02-12,2024-03-02
D,Earl Blumenauer,House,NWN,P,2024-02-15,2024-03-12
D,Earl Blumenauer,House,MGA,S,2024-04-04,2024-05-04
D,Earl Blumenauer,House,DGX,P,2024-04-04,2024-05-04
D,Earl Blumenauer,House,RTX,P,2024-04-04,2024-05-04
D,Earl Blumenauer,House,TEL,P,2024-04-04,2024-05-04
D,Earl Blumenauer,House,NWN,P,2024-05-15,2024-06-06
D,Earl Blumenauer,House,CVS,S,2024-06-27,2024-07-06
D,Earl Blumenauer,House,BAX,P,2024-07-09,2024-08-06
D,Earl Blumenauer,House,MDT,S,2024-07-09,2024-08-06
D,Earl Blumenauer,House,WBD,P,2024-07-26,2024-08-06
D,Earl Blumenauer,House,NWN,P,2024-08-15,2024-09-06
D,Earl Blumenauer,House,VTR,P,2024-09-27,2024-10-08
D,Earl Blumenauer,House,NWN,S,2024-11-21,2024-12-07
R,Michael C. Burgess,House,UPS,S,2023-12-14,2024-01-08
R,Michael C. Burgess,House,UPS,P,2023-12-14,2024-01-08
R,Michael C. Burgess,House,UPS,S,2023-12-15,2024-01-08
R,Michael C. Burgess,House,AMD,S,2024-01-02,2024-01-22
R,Michael C. Burgess,House,BX,S,2024-01-02,2024-01-22
R,Michael C. Burgess,House,XOM,S,2024-01-02,2024-01-22
R,Michael C. Burgess,House,ILMN,P,2024-01-02,2024-01-22
R,Michael C. Burgess,House,PANW,P,2024-01-02,2024-01-22
R,Michael C. Burgess,House,RY,P,2024-01-10,2024-01-22
R,Michael C. Burgess,House,VLO,S,2024-01-10,2024-01-22
R,Michael C. Burgess,House,VLO,S,2024-01-12,2024-02-05
R,Michael C. Burgess,House,BBY,S,2024-02-23,2024-03-07
R,Michael C. Burgess,House,BBY,S,2024-02-26,2024-03-07
R,Michael C. Burgess,House,ILMN,P,2024-02-12,2024-03-07
R,Michael C. Burgess,House,PANW,S,2024-02-09,2024-03-07
R,Michael C. Burgess,House,XOM,S,2024-03-11,2024-04-10
R,Michael C. Burgess,House,RY,P,2024-07-16,2024-07-31
R,Michael C. Burgess,House,UPS,S,2024-07-22,2024-07-31
R,Michael C. Burgess,House,RY,S,2024-07-25,2024-08-12
R,Michael C. Burgess,House,ILMN,S,2024-09-03,2024-09-24
R,Michael C. Burgess,House,ILMN,S,2024-08-30,2024-10-01
D,Judy Chu,House,AMEH,P,2024-01-10,2024-01-21
D,Judy Chu,House,AMEH,S,2024-01-10,2024-01-21
D,Katherine M. Clark,House,NYCB,S,2024-03-01,2024-04-04
D,Steve Cohen,House,DTRUY,S,2023-12-11,2024-01-04
D,Suzan K. DelBene,House,MSFT,S,2024-02-29,2024-03-08
D,Suzan K. DelBene,House,MSFT,S,2024-08-31,2024-09-09
D,Lloyd Doggett,House,HD,P,2023-12-15,2024-01-08
D,Lloyd Doggett,House,IBM,P,2023-12-14,2024-01-08
D,Lloyd Doggett,House,PPG,P,2023-12-05,2024-01-08
D,Lloyd Doggett,House,IBM,P,2024-03-21,2024-04-09
D,Lloyd Doggett,House,JNJ,P,2024-03-05,2024-04-09
D,Lloyd Doggett,House,PPG,P,2024-03-12,2024-04-09
D,Lloyd Doggett,House,IBM,P,2024-06-13,2024-07-03
D,Lloyd Doggett,House,JNJ,P,2024-06-04,2024-07-03
D,Lloyd Doggett,House,PPG,P,2024-06-12,2024-07-03
D,Lloyd Doggett,House,IBM,P,2024-09-12,2024-10-10
D,Lloyd Doggett,House,JNJ,P,2024-09-10,2024-10-10
D,Lloyd Doggett,House,PPG,P,2024-09-12,2024-10-10
R,Byron Donalds,House,APPF,S,2024-10-01,2024-11-07
R,Byron Donalds,House,MCK,P,2024-10-01,2024-11-07
R,Byron Donalds,House,NU,P,2024-10-01,2024-11-07
R,Byron Donalds,House,SNPS,S,2024-10-01,2024-11-07
R,Jeff Duncan,House,CL,S,2023-08-25,2024-05-23
R,Jeff Duncan,House,JD,S,2023-08-25,2024-05-23
D,Dwight Evans,House,HASI,S,2023-12-20,2024-01-17
D,Dwight Evans,House,NOW,P,2023-12-20,2024-01-17
R,Virginia Foxx,House,CRT,P,2023-12-08,2024-01-04
R,Virginia Foxx,House,FLNG,P,2023-12-04,2024-01-04
R,Virginia Foxx,House,MO,P,2024-01-11,2024-02-05
R,Virginia Foxx,House,MO,S,2024-01-10,2024-02-05
R,Virginia Foxx,House,CRT,S,2024-01-16,2024-02-05
R,Virginia Foxx,House,ET,P,2024-01-16,2024-02-05
R,Virginia Foxx,House,ET,P,2024-01-17,2024-02-05
R,Virginia Foxx,House,ET,P,2024-01-18,2024-02-05
R,Virginia Foxx,House,SCHX,P,2024-01-16,2024-02-05
R,Virginia Foxx,House,SCHX,P,2024-01-17,2024-02-05
R,Virginia Foxx,House,ARLP,P,2024-02-23,2024-03-07
R,Virginia Foxx,House,ARLP,P,2024-02-26,2024-03-07
R,Virginia Foxx,House,ARLP,P,2024-02-15,2024-03-07
R,Virginia Foxx,House,ASC,P,2024-02-05,2024-03-07
R,Virginia Foxx,House,ASC,P,2024-02-15,2024-03-07
R,Virginia Foxx,House,ASC,P,2024-02-23,2024-03-07
R,Virginia Foxx,House,ASC,P,2024-02-27,2024-03-07
R,Virginia Foxx,House,ET,P,2024-02-21,2024-03-07
R,Virginia Foxx,House,FLNG,P,2024-02-02,2024-03-07
R,Virginia Foxx,House,FLNG,P,2024-02-07,2024-03-07
R,Virginia Foxx,House,FLNG,P,2024-02-09,2024-03-07
R,Virginia Foxx,House,FLNG,P,2024-02-23,2024-03-07
R,Virginia Foxx,House,FLNG,P,2024-02-26,2024-03-07
R,Virginia Foxx,House,HTGC,P,2024-02-01,2024-03-07
R,Virginia Foxx,House,ASC,P,2024-03-04,2024-04-10
R,Virginia Foxx,House,ASC,P,2024-03-06,2024-04-10
R,Virginia Foxx,House,HTGC,P,2024-03-07,2024-04-10
R,Virginia Foxx,House,ASC,P,2024-04-09,2024-05-06
R,Virginia Foxx,House,ET,P,2024-04-30,2024-05-06
R,Virginia Foxx,House,HTGC,P,2024-04-16,2024-05-06
R,Virginia Foxx,House,ARLP,P,2024-05-15,2024-06-06
R,Virginia Foxx,House,ET,P,2024-05-01,2024-06-06
R,Virginia Foxx,House,ET,P,2024-05-02,2024-06-06
R,Virginia Foxx,House,ET,P,2024-05-20,2024-06-06
R,Virginia Foxx,House,HTGC,P,2024-05-21,2024-06-06
R,Virginia Foxx,House,ASC,P,2024-07-08,2024-08-06
R,Virginia Foxx,House,ASC,P,2024-07-09,2024-08-06
R,Virginia Foxx,House,ASC,P,2024-07-11,2024-08-06
R,Virginia Foxx,House,ARLP,P,2024-08-14,2024-09-04
R,Virginia Foxx,House,ET,P,2024-08-19,2024-09-04
R,Virginia Foxx,House,HTGC,P,2024-08-20,2024-09-04
R,Virginia Foxx,House,EFC,P,2024-09-30,2024-10-21
R,Virginia Foxx,House,HTGC,P,2024-10-23,2024-11-12
R,Virginia Foxx,House,ARLP,P,2024-11-14,2024-12-11
R,Virginia Foxx,House,ET,P,2024-11-19,2024-12-11
R,Virginia Foxx,House,HTGC,P,2024-11-20,2024-12-11
R,C. Scott Franklin,House,ACN,P,2024-08-02,2024-08-20
R,C. Scott Franklin,House,ACN,P,2024-08-07,2024-08-20
R,C. Scott Franklin,House,APD,P,2024-08-07,2024-08-20
R,C. Scott Franklin,House,APD,P,2024-08-02,2024-08-20
R,C. Scott Franklin,House,AMGN,P,2024-08-07,2024-08-20
R,C. Scott Franklin,House,AMGN,P,2024-08-02,2024-08-20
R,C. Scott Franklin,House,CB,P,2024-08-07,2024-08-20
R,C. Scott Franklin,House,CB,P,2024-08-02,2024-08-20
R,C. Scott Franklin,House,CSCO,S,2024-08-01,2024-08-20
R,C. Scott Franklin,House,CSCO,S,2024-08-06,2024-08-20
R,C. Scott Franklin,House,DFS,S,2024-08-01,2024-08-20
R,C. Scott Franklin,House,DFS,S,2024-08-06,2024-08-20
R,C. Scott Franklin,House,GD,P,2024-08-02,2024-08-20
R,C. Scott Franklin,House,GD,P,2024-08-07,2024-08-20
R,C. Scott Franklin,House,JNJ,P,2024-08-07,2024-08-20
R,C. Scott Franklin,House,JNJ,P,2024-08-02,2024-08-20
R,C. Scott Franklin,House,KVUE,S,2024-08-06,2024-08-20
R,C. Scott Franklin,House,KVUE,S,2024-08-01,2024-08-20
R,C. Scott Franklin,House,MCD,P,2024-08-07,2024-08-20
R,C. Scott Franklin,House,MCD,P,2024-08-02,2024-08-20
R,C. Scott Franklin,House,MRK,P,2024-08-02,2024-08-20
R,C. Scott Franklin,House,NEE,S,2024-08-06,2024-08-20
R,C. Scott Franklin,House,NEE,S,2024-08-01,2024-08-20
R,C. Scott Franklin,House,PFE,P,2024-08-02,2024-08-20
R,C. Scott Franklin,House,PFE,S,2024-08-01,2024-08-20
R,C. Scott Franklin,House,PG,S,2024-08-06,2024-08-20
R,C. Scott Franklin,House,SBUX,P,2024-08-02,2024-08-20
R,C. Scott Franklin,House,SBUX,S,2024-08-14,2024-08-20
R,C. Scott Franklin,House,SBUX,P,2024-08-07,2024-08-20
R,C. Scott Franklin,House,HSY,P,2024-08-07,2024-08-20
R,C. Scott Franklin,House,HSY,P,2024-08-02,2024-08-20
R,C. Scott Franklin,House,UPS,P,2024-08-02,2024-08-20
R,C. Scott Franklin,House,UPS,P,2024-08-07,2024-08-20
R,C. Scott Franklin,House,ADP,P,2024-09-24,2024-10-15
R,C. Scott Franklin,House,ITW,P,2024-09-25,2024-10-15
R,Lance Gooden,House,MRO,S,2024-07-23,2024-09-06
R,Lance Gooden,House,SOHO,S,2024-07-23,2024-09-06
R,Lance Gooden,House,WAL,S,2024-11-15,2024-12-12
D,Josh Gottheimer,House,ALNY,S,2023-12-11,2024-01-07
D,Josh Gottheimer,House,BNTX,P,2023-12-06,2024-01-07
D,Josh Gottheimer,House,BNTX,P,2023-12-05,2024-01-07
D,Josh Gottheimer,House,BNTX,P,2023-12-07,2024-01-07
D,Josh Gottheimer,House,GTLS,P,2023-12-04,2024-01-07
D,Josh Gottheimer,House,DHI,S,2023-12-11,2024-01-07
D,Josh Gottheimer,House,DBSDY,P,2023-12-11,2024-01-07
D,Josh Gottheimer,House,EW,P,2023-12-11,2024-01-07
D,Josh Gottheimer,House,XNGSY,S,2023-12-11,2024-01-07
D,Josh Gottheimer,House,FANUY,S,2023-12-06,2024-01-07
D,Josh Gottheimer,House,HSHCY,S,2023-12-11,2024-01-07
D,Josh Gottheimer,House,PPRUY,P,2023-12-20,2024-01-07
D,Josh Gottheimer,House,LZAGY,S,2023-12-21,2024-01-07
D,Josh Gottheimer,House,NOC,P,2023-12-29,2024-01-07
D,Josh Gottheimer,House,ON,S,2023-12-11,2024-01-07
D,Josh Gottheimer,House,CRM,S,2023-12-11,2024-01-07
D,Josh Gottheimer,House,SBGSY,P,2023-12-01,2024-01-07
D,Josh Gottheimer,House,SSDOY,S,2023-12-11,2024-01-07
D,Josh Gottheimer,House,SHLS,S,2023-12-11,2024-01-07
D,Josh Gottheimer,House,SONY,P,2023-12-06,2024-01-07
D,Josh Gottheimer,House,COCO,P,2023-12-01,2024-01-07
D,Josh Gottheimer,House,UMBF,P,2023-12-20,2024-01-07
D,Josh Gottheimer,House,AMD,P,2024-01-24,2024-02-15
D,Josh Gottheimer,House,AGIO,P,2024-01-24,2024-02-15
D,Josh Gottheimer,House,APD,P,2024-01-18,2024-02-15
D,Josh Gottheimer,House,ALGM,P,2024-01-11,2024-02-15
D,Josh Gottheimer,House,ALNY,P,2024-01-11,2024-02-15
D,Josh Gottheimer,House,ALNY,S,2024-01-29,2024-02-15
D,Josh Gottheimer,House,ABG,P,2024-01-24,2024-02-15
D,Josh Gottheimer,House,SCHW,P,2024-01-12,2024-02-15
D,Josh Gottheimer,House,CHRD,P,2024-01-11,2024-02-15
D,Josh Gottheimer,House,BAP,P,2024-01-11,2024-02-15
D,Josh Gottheimer,House,XNGSY,P,2024-01-11,2024-02-15
D,Josh Gottheimer,House,HSHCY,P,2024-01-11,2024-02-15
D,Josh Gottheimer,House,HELE,P,2024-01-11,2024-02-15
D,Josh Gottheimer,House,ISRG,P,2024-01-29,2024-02-15
D,Josh Gottheimer,House,LRCX,P,2024-01-25,2024-02-15
D,Josh Gottheimer,House,LAD,S,2024-01-24,2024-02-15
D,Josh Gottheimer,House,NCLTY,S,2024-01-11,2024-02-15
D,Josh Gottheimer,House,OCFC,P,2024-01-11,2024-02-15
D,Josh Gottheimer,House,ON,P,2024-01-11,2024-02-15
D,Josh Gottheimer,House,ON,S,2024-01-25,2024-02-15
D,Josh Gottheimer,House,PTEN,P,2024-01-11,2024-02-15
D,Josh Gottheimer,House,PYCR,P,2024-01-11,2024-02-15
D,Josh Gottheimer,House,PNGAY,P,2024-01-11,2024-02-15
D,Josh Gottheimer,House,NOW,P,2024-01-25,2024-02-15
D,Josh Gottheimer,House,SSDOY,P,2024-01-11,2024-02-15
D,Josh Gottheimer,House,SHLS,P,2024-01-11,2024-02-15
D,Josh Gottheimer,House,TSM,P,2024-01-18,2024-02-15
D,Josh Gottheimer,House,TPH,P,2024-01-24,2024-02-15
D,Josh Gottheimer,House,AMD,P,2024-02-22,2024-03-07
D,Josh Gottheimer,House,BKNG,P,2024-02-09,2024-03-07
D,Josh Gottheimer,House,BKNG,P,2024-02-08,2024-03-07
D,Josh Gottheimer,House,LNG,S,2024-02-01,2024-03-07
D,Josh Gottheimer,House,CHRD,P,2024-02-13,2024-03-07
D,Josh Gottheimer,House,DBSDY,P,2024-02-13,2024-03-07
D,Josh Gottheimer,House,FSLR,S,2024-02-01,2024-03-07
D,Josh Gottheimer,House,FCX,S,2024-02-29,2024-03-07
D,Josh Gottheimer,House,KKR,P,2024-02-08,2024-03-07
D,Josh Gottheimer,House,LRLCY,P,2024-02-26,2024-03-07
D,Josh Gottheimer,House,MRNA,S,2024-02-01,2024-03-07
D,Josh Gottheimer,House,MS,S,2024-02-01,2024-03-07
D,Josh Gottheimer,House,MSCI,S,2024-02-01,2024-03-07
D,Josh Gottheimer,House,AMD,P,2024-03-18,2024-04-07
D,Josh Gottheimer,House,AMD,P,2024-03-15,2024-04-07
D,Josh Gottheimer,House,ADC,S,2024-03-14,2024-04-07
D,Josh Gottheimer,House,BNTX,S,2024-03-14,2024-04-07
D,Josh Gottheimer,House,SQ,P,2024-03-21,2024-04-07
D,Josh Gottheimer,House,DHI,P,2024-03-14,2024-04-07
D,Josh Gottheimer,House,DHI,P,2024-03-07,2024-04-07
D,Josh Gottheimer,House,DASTY,P,2024-03-13,2024-04-07
D,Josh Gottheimer,House,XNGSY,P,2024-03-26,2024-04-07
D,Josh Gottheimer,House,DAVA,S,2024-03-14,2024-04-07
D,Josh Gottheimer,House,FOXF,S,2024-03-14,2024-04-07
D,Josh Gottheimer,House,HCA,S,2024-03-01,2024-04-07
D,Josh Gottheimer,House,INTA,S,2024-03-14,2024-04-07
D,Josh Gottheimer,House,MELI,P,2024-03-12,2024-04-07
D,Josh Gottheimer,House,PWP,P,2024-03-07,2024-04-07
D,Josh Gottheimer,House,SSDOY,S,2024-03-13,2024-04-07
D,Josh Gottheimer,House,SHLS,S,2024-03-14,2024-04-07
D,Josh Gottheimer,House,ADC,P,2024-04-15,2024-05-15
D,Josh Gottheimer,House,GOOG,P,2024-04-29,2024-05-15
D,Josh Gottheimer,House,GOOG,P,2024-04-26,2024-05-15
D,Josh Gottheimer,House,BNTX,P,2024-04-15,2024-05-15
D,Josh Gottheimer,House,CTSH,S,2024-04-29,2024-05-15
D,Josh Gottheimer,House,DAVA,P,2024-04-15,2024-05-15
D,Josh Gottheimer,House,FICO,P,2024-04-29,2024-05-15
D,Josh Gottheimer,House,FOXF,P,2024-04-15,2024-05-15
D,Josh Gottheimer,House,FCX,P,2024-04-29,2024-05-15
D,Josh Gottheimer,House,HLMN,P,2024-04-25,2024-05-15
D,Josh Gottheimer,House,INTA,P,2024-04-15,2024-05-15
D,Josh Gottheimer,House,OCFC,P,2024-04-10,2024-05-15
D,Josh Gottheimer,House,FNA,P,2024-04-05,2024-05-15
D,Josh Gottheimer,House,SHLS,P,2024-04-15,2024-05-15
D,Josh Gottheimer,House,TCEHY,P,2024-04-30,2024-05-15
D,Josh Gottheimer,House,TEX,S,2024-04-25,2024-05-15
D,Josh Gottheimer,House,TSLA,P,2024-04-24,2024-05-15
D,Josh Gottheimer,House,TSLA,P,2024-04-29,2024-05-15
D,Josh Gottheimer,House,VRT,P,2024-04-29,2024-05-15
D,Josh Gottheimer,House,WDAY,S,2024-04-29,2024-05-15
D,Josh Gottheimer,House,ZTO,P,2024-04-17,2024-05-15
D,Josh Gottheimer,House,ALGN,S,2024-05-20,2024-06-08
D,Josh Gottheimer,House,GOOG,P,2024-05-03,2024-06-08
D,Josh Gottheimer,House,AMSF,S,2024-05-29,2024-06-08
D,Josh Gottheimer,House,BKNG,P,2024-05-20,2024-06-08
D,Josh Gottheimer,House,CLPBY,P,2024-05-17,2024-06-08
D,Josh Gottheimer,House,EXAS,S,2024-05-10,2024-06-08
D,Josh Gottheimer,House,LOPE,P,2024-05-06,2024-06-08
D,Josh Gottheimer,House,HLN,P,2024-05-20,2024-06-08
D,Josh Gottheimer,House,INTA,P,2024-05-09,2024-06-08
D,Josh Gottheimer,House,KKR,P,2024-05-10,2024-06-08
D,Josh Gottheimer,House,MNST,S,2024-05-20,2024-06-08
D,Josh Gottheimer,House,RPD,P,2024-05-22,2024-06-08
D,Josh Gottheimer,House,SWTX,P,2024-05-09,2024-06-08
D,Josh Gottheimer,House,SSMXY,P,2024-05-06,2024-06-08
D,Josh Gottheimer,House,SSMXY,P,2024-05-02,2024-06-08
D,Josh Gottheimer,House,TSLA,P,2024-05-01,2024-06-08
D,Josh Gottheimer,House,BWIN,P,2024-05-29,2024-06-08
D,Josh Gottheimer,House,UMBF,P,2024-05-22,2024-06-08
D,Josh Gottheimer,House,ADBE,S,2024-06-13,2024-07-09
D,Josh Gottheimer,House,AEIS,P,2024-06-27,2024-07-09
D,Josh Gottheimer,House,ALGT,S,2024-06-18,2024-07-09
D,Josh Gottheimer,House,AAPL,P,2024-06-28,2024-07-09
D,Josh Gottheimer,House,ATRC,S,2024-06-18,2024-07-09
D,Josh Gottheimer,House,SQ,S,2024-06-18,2024-07-09
D,Josh Gottheimer,House,AVGO,P,2024-06-28,2024-07-09
D,Josh Gottheimer,House,DE,S,2024-06-28,2024-07-09
D,Josh Gottheimer,House,DAVA,S,2024-06-18,2024-07-09
D,Josh Gottheimer,House,FLYW,S,2024-06-18,2024-07-09
D,Josh Gottheimer,House,FCX,S,2024-06-18,2024-07-09
D,Josh Gottheimer,House,GMAB,S,2024-06-18,2024-07-09
D,Josh Gottheimer,House,GBOOY,P,2024-06-12,2024-07-09
D,Josh Gottheimer,House,ISRG,P,2024-06-25,2024-07-09
D,Josh Gottheimer,House,MSFT,P,2024-06-28,2024-07-09
D,Josh Gottheimer,House,NVDA,P,2024-06-28,2024-07-09
D,Josh Gottheimer,House,PYCR,S,2024-06-14,2024-07-09
D,Josh Gottheimer,House,TLK,S,2024-06-18,2024-07-09
D,Josh Gottheimer,House,SGIOY,S,2024-06-18,2024-07-09
D,Josh Gottheimer,House,SHLS,S,2024-06-18,2024-07-09
D,Josh Gottheimer,House,SONY,S,2024-06-18,2024-07-09
D,Josh Gottheimer,House,SWTX,S,2024-06-18,2024-07-09
D,Josh Gottheimer,House,STRL,P,2024-06-27,2024-07-09
D,Josh Gottheimer,House,TEL,P,2024-06-26,2024-07-09
D,Josh Gottheimer,House,TEL,P,2024-06-25,2024-07-09
D,Josh Gottheimer,House,VZ,S,2024-06-25,2024-07-09
D,Josh Gottheimer,House,MMM,P,2024-07-26,2024-08-15
D,Josh Gottheimer,House,ABT,P,2024-07-29,2024-08-15
D,Josh Gottheimer,House,AMD,P,2024-07-19,2024-08-15
D,Josh Gottheimer,House,ABNB,S,2024-07-09,2024-08-15
D,Josh Gottheimer,House,GOOG,P,2024-07-01,2024-08-15
D,Josh Gottheimer,House,ABEV,P,2024-07-19,2024-08-15
D,Josh Gottheimer,House,ABEV,P,2024-07-31,2024-08-15
D,Josh Gottheimer,House,ATRC,P,2024-07-19,2024-08-15
D,Josh Gottheimer,House,SQ,S,2024-07-24,2024-08-15
D,Josh Gottheimer,House,SQ,P,2024-07-19,2024-08-15
D,Josh Gottheimer,House,DHI,P,2024-07-31,2024-08-15
D,Josh Gottheimer,House,DHI,P,2024-07-19,2024-08-15
D,Josh Gottheimer,House,FLYW,P,2024-07-19,2024-08-15
D,Josh Gottheimer,House,FCX,P,2024-07-19,2024-08-15
D,Josh Gottheimer,House,GMAB,P,2024-07-19,2024-08-15
D,Josh Gottheimer,House,HTLD,S,2024-07-26,2024-08-15
D,Josh Gottheimer,House,HELE,S,2024-07-12,2024-08-15
D,Josh Gottheimer,House,ISRG,P,2024-07-22,2024-08-15
D,Josh Gottheimer,House,LZB,P,2024-07-16,2024-08-15
D,Josh Gottheimer,House,MA,P,2024-07-18,2024-08-15
D,Josh Gottheimer,House,MA,P,2024-07-31,2024-08-15
D,Josh Gottheimer,House,MCD,P,2024-07-09,2024-08-15
D,Josh Gottheimer,House,NOC,P,2024-07-19,2024-08-15
D,Josh Gottheimer,House,PPBI,P,2024-07-19,2024-08-15
D,Josh Gottheimer,House,FNA,P,2024-07-19,2024-08-15
D,Josh Gottheimer,House,TLK,P,2024-07-31,2024-08-15
D,Josh Gottheimer,House,TLK,P,2024-07-19,2024-08-15
D,Josh Gottheimer,House,RHHBY,P,2024-07-23,2024-08-15
D,Josh Gottheimer,House,CRM,S,2024-07-22,2024-08-15
D,Josh Gottheimer,House,SNDR,P,2024-07-26,2024-08-15
D,Josh Gottheimer,House,SHEL,P,2024-07-05,2024-08-15
D,Josh Gottheimer,House,SGIOY,P,2024-07-19,2024-08-15
D,Josh Gottheimer,House,SHLS,P,2024-07-19,2024-08-15
D,Josh Gottheimer,House,SONY,P,2024-07-19,2024-08-15
D,Josh Gottheimer,House,SWTX,P,2024-07-19,2024-08-15
D,Josh Gottheimer,House,VIAV,P,2024-07-19,2024-08-15
D,Josh Gottheimer,House,ABT,P,2024-08-19,2024-09-11
D,Josh Gottheimer,House,AMD,S,2024-08-01,2024-09-11
D,Josh Gottheimer,House,AAPL,P,2024-08-01,2024-09-11
D,Josh Gottheimer,House,BRK.B,P,2024-08-30,2024-09-11
D,Josh Gottheimer,House,CHUY,S,2024-08-06,2024-09-11
D,Josh Gottheimer,House,KO,P,2024-08-02,2024-09-11
D,Josh Gottheimer,House,ETN,P,2024-08-05,2024-09-11
D,Josh Gottheimer,House,FWRG,P,2024-08-06,2024-09-11
D,Josh Gottheimer,House,GS,P,2024-08-02,2024-09-11
D,Josh Gottheimer,House,HSHCY,P,2024-08-01,2024-09-11
D,Josh Gottheimer,House,LOW,S,2024-08-02,2024-09-11
D,Josh Gottheimer,House,MAR,S,2024-08-02,2024-09-11
D,Josh Gottheimer,House,MSFT,P,2024-08-12,2024-09-11
D,Josh Gottheimer,House,NOW,P,2024-08-05,2024-09-11
D,Josh Gottheimer,House,SPOT,P,2024-08-05,2024-09-11
D,Josh Gottheimer,House,SBUX,P,2024-08-14,2024-09-11
D,Josh Gottheimer,House,TNDM,P,2024-08-05,2024-09-11
D,Josh Gottheimer,House,ALGM,S,2024-09-16,2024-10-03
D,Josh Gottheimer,House,AAPL,P,2024-09-12,2024-10-03
D,Josh Gottheimer,House,BNTX,S,2024-09-03,2024-10-03
D,Josh Gottheimer,House,BX,P,2024-09-20,2024-10-03
D,Josh Gottheimer,House,CHRD,S,2024-09-16,2024-10-03
D,Josh Gottheimer,House,CRNX,P,2024-09-25,2024-10-03
D,Josh Gottheimer,House,XNGSY,S,2024-09-16,2024-10-03
D,Josh Gottheimer,House,FCX,S,2024-09-24,2024-10-03
D,Josh Gottheimer,House,HDB,P,2024-09-24,2024-10-03
D,Josh Gottheimer,House,HDB,P,2024-09-23,2024-10-03
D,Josh Gottheimer,House,HDB,P,2024-09-20,2024-10-03
D,Josh Gottheimer,House,IBN,S,2024-09-20,2024-10-03
D,Josh Gottheimer,House,IRT,P,2024-09-09,2024-10-03
D,Josh Gottheimer,House,IBM,P,2024-09-17,2024-10-03
D,Josh Gottheimer,House,IBM,P,2024-09-13,2024-10-03
D,Josh Gottheimer,House,IBM,P,2024-09-23,2024-10-03
D,Josh Gottheimer,House,MA,P,2024-09-18,2024-10-03
D,Josh Gottheimer,House,MCD,P,2024-09-10,2024-10-03
D,Josh Gottheimer,House,PPBI,P,2024-09-05,2024-10-03
D,Josh Gottheimer,House,PYPL,P,2024-09-26,2024-10-03
D,Josh Gottheimer,House,NOW,P,2024-09-23,2024-10-03
D,Josh Gottheimer,House,SSMXY,P,2024-09-03,2024-10-03
D,Josh Gottheimer,House,SSMXY,P,2024-09-09,2024-10-03
D,Josh Gottheimer,House,TMO,P,2024-09-10,2024-10-03
D,Josh Gottheimer,House,USPH,S,2024-09-16,2024-10-03
D,Josh Gottheimer,House,ALG,S,2024-10-25,2024-11-06
D,Josh Gottheimer,House,BABA,P,2024-10-16,2024-11-06
D,Josh Gottheimer,House,ALGM,P,2024-10-17,2024-11-06
D,Josh Gottheimer,House,GOOG,P,2024-10-17,2024-11-06
D,Josh Gottheimer,House,AAPL,P,2024-10-02,2024-11-06
D,Josh Gottheimer,House,BRK.B,P,2024-10-17,2024-11-06
D,Josh Gottheimer,House,BX,P,2024-10-24,2024-11-06
D,Josh Gottheimer,House,CHRD,P,2024-10-17,2024-11-06
D,Josh Gottheimer,House,DSCSY,P,2024-10-25,2024-11-06
D,Josh Gottheimer,House,DSCSY,P,2024-10-28,2024-11-06
D,Josh Gottheimer,House,XNGSY,P,2024-10-17,2024-11-06
D,Josh Gottheimer,House,EPAC,P,2024-10-25,2024-11-06
D,Josh Gottheimer,House,GTES,P,2024-10-31,2024-11-06
D,Josh Gottheimer,House,ICUI,P,2024-10-03,2024-11-06
D,Josh Gottheimer,House,IBM,P,2024-10-10,2024-11-06
D,Josh Gottheimer,House,MFC,P,2024-10-15,2024-11-06
D,Josh Gottheimer,House,MDB,S,2024-10-17,2024-11-06
D,Josh Gottheimer,House,PPBI,P,2024-10-17,2024-11-06
D,Josh Gottheimer,House,PYPL,P,2024-10-24,2024-11-06
D,Josh Gottheimer,House,NOW,P,2024-10-04,2024-11-06
D,Josh Gottheimer,House,NOW,P,2024-10-08,2024-11-06
D,Josh Gottheimer,House,TEL,P,2024-10-04,2024-11-06
D,Josh Gottheimer,House,TEL,P,2024-10-03,2024-11-06
D,Josh Gottheimer,House,TTNDY,P,2024-10-28,2024-11-06
D,Josh Gottheimer,House,TTNDY,P,2024-10-29,2024-11-06
D,Josh Gottheimer,House,TCBI,P,2024-10-31,2024-11-06
D,Josh Gottheimer,House,USPH,P,2024-10-17,2024-11-06
D,Josh Gottheimer,House,VRT,P,2024-10-17,2024-11-06
D,Josh Gottheimer,House,APP,P,2024-11-11,2024-12-05
D,Josh Gottheimer,House,DHI,P,2024-11-01,2024-12-05
D,Josh Gottheimer,House,D,P,2024-11-26,2024-12-05
D,Josh Gottheimer,House,FOXF,S,2024-11-19,2024-12-05
D,Josh Gottheimer,House,JNJ,P,2024-11-22,2024-12-05
D,Josh Gottheimer,House,JNJ,P,2024-11-26,2024-12-05
D,Josh Gottheimer,House,KKR,P,2024-11-19,2024-12-05
D,Josh Gottheimer,House,MELI,P,2024-11-15,2024-12-05
D,Josh Gottheimer,House,NTRA,P,2024-11-20,2024-12-05
D,Josh Gottheimer,House,CRM,P,2024-11-12,2024-12-05
D,Josh Gottheimer,House,CRM,P,2024-11-14,2024-12-05
D,Josh Gottheimer,House,CRM,P,2024-11-13,2024-12-05
D,Josh Gottheimer,House,SHOP,P,2024-11-13,2024-12-05
D,Josh Gottheimer,House,TSLA,P,2024-11-12,2024-12-05
D,Josh Gottheimer,House,TSLA,P,2024-11-14,2024-12-05
D,Josh Gottheimer,House,TSLA,P,2024-11-26,2024-12-05
D,Josh Gottheimer,House,TSLA,P,2024-11-11,2024-12-05
D,Josh Gottheimer,House,TSLA,P,2024-11-27,2024-12-05
D,Josh Gottheimer,House,TSLA,P,2024-11-20,2024-12-05
D,Garret Graves,House,COIN,S,2024-01-19,2024-02-15
R,Mark Dr Green,House,ET,S,2023-12-06,2024-01-17
R,Mark Dr Green,House,NGL,S,2024-01-11,2024-01-17
R,Mark Dr Green,House,NGL,S,2024-01-29,2024-02-01
R,Mark Dr Green,House,NGL,S,2024-02-26,2024-02-29
R,Mark Dr Green,House,NGL,S,2024-03-11,2024-03-13
R,Mark Dr Green,House,NGL,S,2024-04-01,2024-04-07
R,Mark Dr Green,House,NGL,S,2024-04-25,2024-05-07
R,Mark Dr Green,House,NGL,S,2024-05-07,2024-05-14
R,Mark Dr Green,House,NGL,S,2024-05-10,2024-05-14
R,Mark Dr Green,House,NGL,S,2024-06-03,2024-06-12
R,Mark Dr Green,House,NGL,S,2024-07-01,2024-07-09
R,Mark Dr Green,House,NGL,S,2024-07-24,2024-08-11
R,Mark Dr Green,House,NGL,S,2024-08-05,2024-08-11
R,Mark Dr Green,House,NGL,S,2024-08-28,2024-09-11
R,Mark Dr Green,House,NGL,S,2024-09-17,2024-10-04
R,Mark Dr Green,House,NGL,S,2024-09-30,2024-10-04
R,Mark Dr Green,House,NGL,S,2024-10-16,2024-10-29
R,Mark Dr Green,House,NGL,S,2024-10-24,2024-10-29
R,Mark Dr Green,House,NGL,S,2024-12-03,2024-12-17
R,Marjorie Taylor Mrs Greene,House,BRK.B,P,2024-04-24,2024-05-01
R,Marjorie Taylor Mrs Greene,House,HD,P,2024-04-24,2024-05-01
R,Marjorie Taylor Mrs Greene,House,MSFT,P,2024-04-24,2024-05-01
R,Marjorie Taylor Mrs Greene,House,QCOM,P,2024-04-24,2024-05-01
R,Marjorie Taylor Mrs Greene,House,HSY,P,2024-04-24,2024-05-01
R,Marjorie Taylor Mrs Greene,House,TSCO,P,2024-04-24,2024-05-01
R,Marjorie Taylor Mrs Greene,House,AMD,P,2024-05-21,2024-05-21
R,Marjorie Taylor Mrs Greene,House,AAPL,P,2024-05-21,2024-05-21
R,Marjorie Taylor Mrs Greene,House,CAT,P,2024-05-21,2024-05-21
R,Marjorie Taylor Mrs Greene,House,SCHW,P,2024-05-21,2024-05-21
R,Marjorie Taylor Mrs Greene,House,KMI,P,2024-05-21,2024-05-21
R,Marjorie Taylor Mrs Greene,House,ASML,P,2024-06-24,2024-06-27
R,Marjorie Taylor Mrs Greene,House,COST,P,2024-06-24,2024-06-27
R,Marjorie Taylor Mrs Greene,House,CRWD,P,2024-06-24,2024-06-27
R,Marjorie Taylor Mrs Greene,House,LULU,P,2024-06-24,2024-06-27
R,Marjorie Taylor Mrs Greene,House,NEE,P,2024-06-24,2024-06-27
R,Marjorie Taylor Mrs Greene,House,AMAT,P,2024-07-23,2024-07-24
R,Marjorie Taylor Mrs Greene,House,GLW,P,2024-07-23,2024-07-24
R,Marjorie Taylor Mrs Greene,House,DELL,P,2024-07-23,2024-07-24
R,Marjorie Taylor Mrs Greene,House,JPM,P,2024-07-23,2024-07-24
R,Marjorie Taylor Mrs Greene,House,UPS,P,2024-07-23,2024-07-24
R,Marjorie Taylor Mrs Greene,House,GOOG,P,2024-08-21,2024-08-22
R,Marjorie Taylor Mrs Greene,House,AMZN,P,2024-08-21,2024-08-22
R,Marjorie Taylor Mrs Greene,House,FDX,P,2024-08-21,2024-08-22
R,Marjorie Taylor Mrs Greene,House,INTC,P,2024-08-21,2024-08-22
R,Marjorie Taylor Mrs Greene,House,KMI,P,2024-08-21,2024-08-22
R,Marjorie Taylor Mrs Greene,House,NVDA,P,2024-08-21,2024-08-22
R,Marjorie Taylor Mrs Greene,House,GOOG,P,2024-09-03,2024-09-04
R,Marjorie Taylor Mrs Greene,House,AMZN,P,2024-09-03,2024-09-04
R,Marjorie Taylor Mrs Greene,House,AAPL,P,2024-09-03,2024-09-04
R,Marjorie Taylor Mrs Greene,House,SCHW,P,2024-09-03,2024-09-04
R,Marjorie Taylor Mrs Greene,House,GLW,P,2024-09-03,2024-09-04
R,Marjorie Taylor Mrs Greene,House,CRWD,P,2024-09-03,2024-09-04
R,Marjorie Taylor Mrs Greene,House,DLR,P,2024-09-03,2024-09-04
R,Marjorie Taylor Mrs Greene,House,GSK,P,2024-09-03,2024-09-04
R,Marjorie Taylor Mrs Greene,House,LULU,P,2024-09-03,2024-09-04
R,Marjorie Taylor Mrs Greene,House,NVDA,P,2024-09-03,2024-09-04
R,Marjorie Taylor Mrs Greene,House,PANW,P,2024-09-03,2024-09-04
R,Marjorie Taylor Mrs Greene,House,QCOM,P,2024-09-03,2024-09-04
R,Marjorie Taylor Mrs Greene,House,TSLA,P,2024-09-03,2024-09-04
R,Marjorie Taylor Mrs Greene,House,UPS,P,2024-09-03,2024-09-04
R,Marjorie Taylor Mrs Greene,House,GOOG,P,2024-09-20,2024-09-23
R,Marjorie Taylor Mrs Greene,House,BRK.B,P,2024-09-20,2024-09-23
R,Marjorie Taylor Mrs Greene,House,BX,P,2024-09-20,2024-09-23
R,Marjorie Taylor Mrs Greene,House,CAH,P,2024-09-20,2024-09-23
R,Marjorie Taylor Mrs Greene,House,CRWD,P,2024-09-20,2024-09-23
R,Marjorie Taylor Mrs Greene,House,INTC,P,2024-09-20,2024-09-23
R,Marjorie Taylor Mrs Greene,House,LRCX,P,2024-09-20,2024-09-23
R,Marjorie Taylor Mrs Greene,House,MSFT,P,2024-09-20,2024-09-23
R,Marjorie Taylor Mrs Greene,House,SCCO,P,2024-09-20,2024-09-23
R,Marjorie Taylor Mrs Greene,House,UPS,P,2024-09-20,2024-09-23
R,Marjorie Taylor Mrs Greene,House,AMAT,P,2024-10-04,2024-10-08
R,Marjorie Taylor Mrs Greene,House,ASML,P,2024-10-04,2024-10-08
R,Marjorie Taylor Mrs Greene,House,COST,P,2024-10-04,2024-10-08
R,Marjorie Taylor Mrs Greene,House,DELL,P,2024-10-04,2024-10-08
R,Marjorie Taylor Mrs Greene,House,FDX,P,2024-10-04,2024-10-08
R,Marjorie Taylor Mrs Greene,House,JPM,P,2024-10-04,2024-10-08
R,Marjorie Taylor Mrs Greene,House,LRCX,P,2024-10-04,2024-10-08
R,Marjorie Taylor Mrs Greene,House,META,P,2024-10-04,2024-10-08
R,Marjorie Taylor Mrs Greene,House,V,P,2024-10-04,2024-10-08
R,Marjorie Taylor Mrs Greene,House,ASML,P,2024-10-21,2024-10-22
R,Marjorie Taylor Mrs Greene,House,BRK.B,P,2024-10-21,2024-10-22
R,Marjorie Taylor Mrs Greene,House,BX,P,2024-10-21,2024-10-22
R,Marjorie Taylor Mrs Greene,House,CAT,P,2024-10-21,2024-10-22
R,Marjorie Taylor Mrs Greene,House,INTC,P,2024-10-21,2024-10-22
R,Marjorie Taylor Mrs Greene,House,MSFT,P,2024-10-21,2024-10-22
R,Marjorie Taylor Mrs Greene,House,TSLA,P,2024-10-21,2024-10-22
R,Marjorie Taylor Mrs Greene,House,AMD,P,2024-11-01,2024-11-04
R,Marjorie Taylor Mrs Greene,House,AAPL,P,2024-11-01,2024-11-04
R,Marjorie Taylor Mrs Greene,House,BRK.B,P,2024-11-01,2024-11-04
R,Marjorie Taylor Mrs Greene,House,GLW,P,2024-11-01,2024-11-04
R,Marjorie Taylor Mrs Greene,House,DLR,P,2024-11-01,2024-11-04
R,Marjorie Taylor Mrs Greene,House,INTC,P,2024-11-01,2024-11-04
R,Marjorie Taylor Mrs Greene,House,META,P,2024-11-01,2024-11-04
R,Marjorie Taylor Mrs Greene,House,TSLA,P,2024-11-01,2024-11-04
R,Marjorie Taylor Mrs Greene,House,HSY,P,2024-11-01,2024-11-04
R,Marjorie Taylor Mrs Greene,House,BRK.B,P,2024-11-07,2024-11-08
R,Marjorie Taylor Mrs Greene,House,BX,P,2024-11-07,2024-11-08
R,Marjorie Taylor Mrs Greene,House,DELL,P,2024-11-07,2024-11-08
R,Marjorie Taylor Mrs Greene,House,FDX,P,2024-11-07,2024-11-08
R,Marjorie Taylor Mrs Greene,House,NEE,P,2024-11-07,2024-11-08
R,Marjorie Taylor Mrs Greene,House,NOW,P,2024-11-07,2024-11-08
R,Marjorie Taylor Mrs Greene,House,TSLA,P,2024-11-07,2024-11-08
R,Marjorie Taylor Mrs Greene,House,HSY,P,2024-11-07,2024-11-08
R,Marjorie Taylor Mrs Greene,House,TSCO,P,2024-11-07,2024-11-08
R,Marjorie Taylor Mrs Greene,House,ABBV,P,2024-11-20,2024-11-21
R,Marjorie Taylor Mrs Greene,House,ADBE,P,2024-11-20,2024-11-21
R,Marjorie Taylor Mrs Greene,House,AMZN,P,2024-11-20,2024-11-21
R,Marjorie Taylor Mrs Greene,House,AMAT,P,2024-11-20,2024-11-21
R,Marjorie Taylor Mrs Greene,House,OXY,P,2024-11-20,2024-11-21
R,Marjorie Taylor Mrs Greene,House,QCOM,P,2024-11-20,2024-11-21
R,Marjorie Taylor Mrs Greene,House,SCCO,P,2024-11-20,2024-11-21
R,Marjorie Taylor Mrs Greene,House,AMD,P,2024-11-25,2024-11-27
R,Marjorie Taylor Mrs Greene,House,GOOG,P,2024-11-25,2024-11-27
R,Marjorie Taylor Mrs Greene,House,ASML,P,2024-11-25,2024-11-27
R,Marjorie Taylor Mrs Greene,House,BRK.B,P,2024-11-25,2024-11-27
R,Marjorie Taylor Mrs Greene,House,SCHW,P,2024-11-25,2024-11-27
R,Marjorie Taylor Mrs Greene,House,COST,P,2024-11-25,2024-11-27
R,Marjorie Taylor Mrs Greene,House,GSK,P,2024-11-25,2024-11-27
R,Marjorie Taylor Mrs Greene,House,JNJ,P,2024-11-25,2024-11-27
R,Marjorie Taylor Mrs Greene,House,JPM,P,2024-11-25,2024-11-27
R,Marjorie Taylor Mrs Greene,House,LRCX,P,2024-11-25,2024-11-27
R,Marjorie Taylor Mrs Greene,House,MSFT,P,2024-11-25,2024-11-27
R,Marjorie Taylor Mrs Greene,House,NEE,P,2024-11-25,2024-11-27
R,Marjorie Taylor Mrs Greene,House,NVDA,P,2024-11-25,2024-11-27
R,Marjorie Taylor Mrs Greene,House,UPS,P,2024-11-25,2024-11-27
R,Marjorie Taylor Mrs Greene,House,ADBE,P,2024-12-24,2024-12-27
R,Marjorie Taylor Mrs Greene,House,AMZN,P,2024-12-24,2024-12-27
R,Marjorie Taylor Mrs Greene,House,AMAT,P,2024-12-24,2024-12-27
R,Marjorie Taylor Mrs Greene,House,CAT,P,2024-12-24,2024-12-27
R,Marjorie Taylor Mrs Greene,House,LLY,P,2024-12-24,2024-12-27
R,Marjorie Taylor Mrs Greene,House,GILD,P,2024-12-24,2024-12-27
R,Marjorie Taylor Mrs Greene,House,JNJ,P,2024-12-24,2024-12-27
R,Marjorie Taylor Mrs Greene,House,META,P,2024-12-24,2024-12-27
R,Marjorie Taylor Mrs Greene,House,MSFT,P,2024-12-24,2024-12-27
R,Marjorie Taylor Mrs Greene,House,NSC,P,2024-12-24,2024-12-27
R,Marjorie Taylor Mrs Greene,House,NVDA,P,2024-12-24,2024-12-27
R,Marjorie Taylor Mrs Greene,House,NOW,P,2024-12-24,2024-12-27
R,Marjorie Taylor Mrs Greene,House,HSY,P,2024-12-24,2024-12-27
R,Michael Patrick Guest,House,NVDA,P,2024-02-20,2024-03-12
R,Michael Patrick Guest,House,AMZN,P,2024-11-08,2024-12-20
R,Michael Patrick Guest,House,MNDY,P,2024-11-08,2024-12-20
R,Michael Patrick Guest,House,TSLA,P,2024-11-08,2024-12-20
R,Kevin Hern,House,DVN,S,2023-12-08,2024-01-13
R,Kevin Hern,House,DVN,P,2023-12-29,2024-01-13
R,Kevin Hern,House,EMR,P,2023-12-11,2024-01-13
R,Kevin Hern,House,HD,P,2023-12-11,2024-01-13
R,Kevin Hern,House,HD,P,2023-12-14,2024-01-13
R,Kevin Hern,House,JNJ,P,2023-12-14,2024-01-13
R,Kevin Hern,House,LIN,P,2023-12-05,2024-01-13
R,Kevin Hern,House,LMT,P,2023-12-29,2024-01-13
R,Kevin Hern,House,PXD,P,2023-12-15,2024-01-13
R,Kevin Hern,House,ROK,P,2023-12-11,2024-01-13
R,Kevin Hern,House,UNH,P,2023-12-14,2024-01-13
R,Kevin Hern,House,WMB,P,2023-12-26,2024-01-13
R,Kevin Hern,House,COST,P,2024-01-12,2024-02-11
R,Kevin Hern,House,EXAS,S,2024-01-02,2024-02-11
R,Kevin Hern,House,JPM,P,2024-01-05,2024-02-11
R,Kevin Hern,House,ACN,P,2024-02-20,2024-03-12
R,Kevin Hern,House,MMC,P,2024-02-15,2024-03-12
R,Kevin Hern,House,OKE,P,2024-02-14,2024-03-12
R,Kevin Hern,House,TXN,P,2024-02-13,2024-03-12
R,Kevin Hern,House,DVN,P,2024-03-28,2024-04-12
R,Kevin Hern,House,EMR,P,2024-03-11,2024-04-12
R,Kevin Hern,House,XOM,P,2024-03-11,2024-04-12
R,Kevin Hern,House,HD,P,2024-03-21,2024-04-12
R,Kevin Hern,House,JNJ,P,2024-03-21,2024-04-12
R,Kevin Hern,House,LIN,P,2024-03-28,2024-04-12
R,Kevin Hern,House,LMT,P,2024-03-29,2024-04-12
R,Kevin Hern,House,NEE,P,2024-03-15,2024-04-12
R,Kevin Hern,House,PXD,P,2024-03-22,2024-04-12
R,Kevin Hern,House,ROK,P,2024-03-11,2024-04-12
R,Kevin Hern,House,RTX,P,2024-03-21,2024-04-12
R,Kevin Hern,House,UNH,P,2024-03-19,2024-04-12
R,Kevin Hern,House,WMB,P,2024-03-25,2024-04-12
R,Kevin Hern,House,JPM,P,2024-04-08,2024-05-12
R,Kevin Hern,House,ACN,P,2024-05-17,2024-06-07
R,Kevin Hern,House,XOM,E,2024-05-03,2024-06-07
R,Kevin Hern,House,MMC,P,2024-05-15,2024-06-07
R,Kevin Hern,House,OKE,P,2024-05-15,2024-06-07
R,Kevin Hern,House,PXD,E,2024-05-03,2024-06-07
R,Kevin Hern,House,TXN,P,2024-05-21,2024-06-07
R,Kevin Hern,House,AGCO,P,2024-06-20,2024-07-15
R,Kevin Hern,House,DVN,P,2024-06-28,2024-07-15
R,Kevin Hern,House,EMR,P,2024-06-10,2024-07-15
R,Kevin Hern,House,XOM,P,2024-06-10,2024-07-15
R,Kevin Hern,House,HD,P,2024-06-13,2024-07-15
R,Kevin Hern,House,JNJ,P,2024-06-13,2024-07-15
R,Kevin Hern,House,LIN,P,2024-06-21,2024-07-15
R,Kevin Hern,House,LMT,P,2024-06-28,2024-07-15
R,Kevin Hern,House,NEE,P,2024-06-17,2024-07-15
R,Kevin Hern,House,ROK,P,2024-06-10,2024-07-15
R,Kevin Hern,House,RTX,P,2024-06-13,2024-07-15
R,Kevin Hern,House,UNH,P,2024-06-25,2024-07-15
R,Kevin Hern,House,WMB,P,2024-06-24,2024-07-15
R,Kevin Hern,House,CB,P,2024-07-08,2024-08-10
R,Kevin Hern,House,MCD,P,2024-10-29,2024-11-15
R,James French Hill,House,SCHW,S,2023-12-29,2024-01-10
D,Jonathan Jackson,House,ACI,P,2023-12-14,2024-01-12
D,Jonathan Jackson,House,PANW,S,2023-12-20,2024-01-12
D,Jonathan Jackson,House,W,P,2023-12-20,2024-01-12
D,Jonathan Jackson,House,CAH,S,2024-01-08,2024-02-15
D,Jonathan Jackson,House,INTC,P,2024-01-08,2024-02-15
D,Jonathan Jackson,House,LRCX,P,2024-01-19,2024-02-15
D,Jonathan Jackson,House,REGN,P,2024-01-17,2024-02-15
D,Jonathan Jackson,House,W,S,2024-01-17,2024-02-15
D,Jonathan Jackson,House,HXL,P,2024-02-16,2024-03-19
D,Jonathan Jackson,House,AAPL,S,2024-03-13,2024-04-24
D,Jonathan Jackson,House,AMAT,P,2024-03-13,2024-04-24
D,Jonathan Jackson,House,ASML,P,2024-03-13,2024-04-24
D,Jonathan Jackson,House,INTC,S,2024-03-13,2024-04-24
D,Jonathan Jackson,House,COP,P,2024-04-02,2024-05-07
D,Jonathan Jackson,House,HXL,S,2024-04-24,2024-05-07
D,Jonathan Jackson,House,JPM,P,2024-04-24,2024-05-07
D,Jonathan Jackson,House,LULU,S,2024-04-02,2024-05-07
D,Jonathan Jackson,House,ACI,S,2024-07-03,2024-08-12
D,Jonathan Jackson,House,COP,S,2024-07-05,2024-08-12
D,Jonathan Jackson,House,CPNG,P,2024-07-03,2024-08-12
D,Jonathan Jackson,House,CRM,S,2024-07-09,2024-08-12
D,Jonathan Jackson,House,TECK,P,2024-07-09,2024-08-12
D,Jonathan Jackson,House,TECK,S,2024-07-23,2024-08-12
D,Jonathan Jackson,House,AES,P,2024-07-09,2024-08-12
D,Jonathan Jackson,House,LRCX,S,2024-08-26,2024-09-20
D,Jonathan Jackson,House,SPG,P,2024-08-26,2024-09-20
D,Jonathan Jackson,House,ARMK,P,2024-09-19,2024-10-11
D,Jonathan Jackson,House,GD,P,2024-09-24,2024-10-11
D,Jonathan Jackson,House,MRK,S,2024-09-24,2024-10-11
D,Jonathan Jackson,House,AES,S,2024-09-19,2024-10-11
D,Jonathan Jackson,House,ASML,S,2024-10-28,2024-11-29
D,Jonathan Jackson,House,CRM,P,2024-10-28,2024-11-29
D,Jonathan Jackson,House,AMZN,P,2024-11-27,2024-12-12
D,Jonathan Jackson,House,AMAT,S,2024-11-27,2024-12-12
D,Jonathan Jackson,House,CHD,P,2024-11-13,2024-12-12
D,Jonathan Jackson,House,REGN,S,2024-11-13,2024-12-12
R,John James,House,ABT,P,2023-11-10,2024-09-02
R,John James,House,ABBV,P,2023-11-10,2024-09-02
R,John James,House,ACN,P,2023-11-10,2024-09-02
R,John James,House,AMD,P,2023-11-10,2024-09-02
R,John James,House,APD,P,2024-05-29,2024-09-02
R,John James,House,APD,P,2024-06-03,2024-09-02
R,John James,House,ALLE,P,2023-11-10,2024-09-02
R,John James,House,GOOGL,P,2023-11-10,2024-09-02
R,John James,House,GOOG,P,2023-11-10,2024-09-02
R,John James,House,AMZN,P,2023-11-10,2024-09-02
R,John James,House,AEP,P,2023-11-10,2024-09-02
R,John James,House,AXP,P,2023-11-10,2024-09-02
R,John James,House,AXP,S,2024-06-03,2024-09-02
R,John James,House,ADI,P,2023-11-10,2024-09-02
R,John James,House,AAPL,P,2023-11-10,2024-09-02
R,John James,House,AMAT,P,2023-11-10,2024-09-02
R,John James,House,APTV,P,2023-11-10,2024-09-02
R,John James,House,ADP,P,2023-11-10,2024-09-02
R,John James,House,AVTR,P,2023-11-10,2024-09-02
R,John James,House,AXTA,P,2023-11-10,2024-09-02
R,John James,House,AXTA,S,2024-05-06,2024-09-02
R,John James,House,BAC,P,2023-11-10,2024-09-02
R,John James,House,BDX,P,2023-11-10,2024-09-02
R,John James,House,BRK.B,P,2023-11-10,2024-09-02
R,John James,House,BLK,P,2023-11-10,2024-09-02
R,John James,House,BMY,P,2023-11-16,2024-09-02
R,John James,House,BMY,S,2024-01-18,2024-09-02
R,John James,House,AVGO,P,2023-11-10,2024-09-02
R,John James,House,CAH,P,2024-05-02,2024-09-02
R,John James,House,CAH,P,2024-06-03,2024-09-02
R,John James,House,CAT,S,2024-02-05,2024-09-02
R,John James,House,CAT,P,2023-11-10,2024-09-02
R,John James,House,CVX,P,2023-11-10,2024-09-02
R,John James,House,CB,P,2023-11-10,2024-09-02
R,John James,House,CSCO,P,2023-11-10,2024-09-02
R,John James,House,CME,P,2023-11-10,2024-09-02
R,John James,House,CTSH,P,2023-11-10,2024-09-02
R,John James,House,CMCSA,P,2023-11-10,2024-09-02
R,John James,House,COP,P,2023-11-10,2024-09-02
R,John James,House,CTVA,P,2023-11-10,2024-09-02
R,John James,House,CCI,P,2024-05-02,2024-09-02
R,John James,House,CCI,P,2024-05-16,2024-09-02
R,John James,House,CMI,P,2023-11-10,2024-09-02
R,John James,House,DFS,P,2024-03-05,2024-09-02
R,John James,House,DG,S,2024-06-03,2024-09-02
R,John James,House,DG,P,2023-11-10,2024-09-02
R,John James,House,DLTR,P,2023-11-10,2024-09-02
R,John James,House,ETN,P,2023-11-10,2024-09-02
R,John James,House,EA,P,2024-03-01,2024-09-02
R,John James,House,EA,P,2024-02-23,2024-09-02
R,John James,House,ELV,P,2023-11-10,2024-09-02
R,John James,House,ELV,P,2023-11-16,2024-09-02
R,John James,House,ETR,P,2023-11-10,2024-09-02
R,John James,House,EOG,P,2023-11-10,2024-09-02
R,John James,House,XOM,P,2023-11-10,2024-09-02
R,John James,House,FNFV.V,P,2024-05-15,2024-09-02
R,John James,House,FTV,P,2023-11-10,2024-09-02
R,John James,House,FOXA,P,2023-11-10,2024-09-02
R,John James,House,FOXA,S,2023-12-22,2024-09-02
R,John James,House,HON,P,2023-11-10,2024-09-02
R,John James,House,HUM,P,2023-11-10,2024-09-02
R,John James,House,ICLR,P,2024-06-12,2024-09-02
R,John James,House,ITW,P,2023-11-10,2024-09-02
R,John James,House,ICE,P,2023-11-10,2024-09-02
R,John James,House,IBM,P,2023-11-10,2024-09-02
R,John James,House,JNJ,P,2023-11-10,2024-09-02
R,John James,House,JPM,P,2023-11-10,2024-09-02
R,John James,House,KLAC,P,2023-11-10,2024-09-02
R,John James,House,LH,S,2024-03-06,2024-09-02
R,John James,House,LH,P,2023-11-10,2024-09-02
R,John James,House,LRCX,P,2023-11-10,2024-09-02
R,John James,House,LVS,P,2023-11-10,2024-09-02
R,John James,House,LIN,P,2023-11-10,2024-09-02
R,John James,House,LMT,P,2023-11-10,2024-09-02
R,John James,House,LPLA,P,2023-11-10,2024-09-02
R,John James,House,LPLA,S,2024-07-18,2024-09-02
R,John James,House,MMC,P,2023-11-10,2024-09-02
R,John James,House,MRVL,P,2023-11-10,2024-09-02
R,John James,House,MCD,P,2023-11-10,2024-09-02
R,John James,House,MDT,P,2023-11-10,2024-09-02
R,John James,House,MDT,P,2024-06-18,2024-09-02
R,John James,House,MRK,P,2023-11-10,2024-09-02
R,John James,House,META,P,2023-11-10,2024-09-02
R,John James,House,MCHP,P,2023-11-10,2024-09-02
R,John James,House,MU,P,2023-11-10,2024-09-02
R,John James,House,MSFT,P,2023-11-10,2024-09-02
R,John James,House,MDLZ,P,2023-11-10,2024-09-02
R,John James,House,MNST,S,2024-06-03,2024-09-02
R,John James,House,MNST,P,2023-11-10,2024-09-02
R,John James,House,MS,P,2023-11-10,2024-09-02
R,John James,House,NOC,P,2023-11-10,2024-09-02
R,John James,House,NVO,P,2023-11-10,2024-09-02
R,John James,House,NVDA,P,2024-02-09,2024-09-02
R,John James,House,NVDA,P,2024-03-13,2024-09-02
R,John James,House,NVDA,P,2024-03-26,2024-09-02
R,John James,House,OTIS,P,2023-11-10,2024-09-02
R,John James,House,PH,P,2023-11-10,2024-09-02
R,John James,House,PM,P,2023-11-10,2024-09-02
R,John James,House,PM,S,2024-04-09,2024-09-02
R,John James,House,PNC,P,2023-11-10,2024-09-02
R,John James,House,PPG,P,2023-11-10,2024-09-02
R,John James,House,PGR,P,2023-11-10,2024-09-02
R,John James,House,RGA,S,2024-05-02,2024-09-02
R,John James,House,ROST,P,2023-11-10,2024-09-02
R,John James,House,SNY,P,2023-11-10,2024-09-02
R,John James,House,SHEL,P,2023-11-10,2024-09-02
R,John James,House,SKX,P,2023-11-10,2024-09-02
R,John James,House,SONY,P,2023-11-10,2024-09-02
R,John James,House,THC,P,2023-11-10,2024-09-02
R,John James,House,TXN,P,2023-11-10,2024-09-02
R,John James,House,TMO,P,2024-03-06,2024-09-02
R,John James,House,TKO,P,2023-11-10,2024-09-02
R,John James,House,UL,P,2023-11-10,2024-09-02
R,John James,House,UL,S,2024-05-06,2024-09-02
R,John James,House,UNP,P,2023-11-10,2024-09-02
R,John James,House,UPS,P,2023-11-10,2024-09-02
R,John James,House,UNH,P,2023-11-10,2024-09-02
R,John James,House,VLO,P,2023-11-10,2024-09-02
R,John James,House,VEEV,P,2023-11-10,2024-09-02
R,John James,House,VEEV,S,2024-07-16,2024-09-02
R,John James,House,VZ,S,2024-03-26,2024-09-02
R,John James,House,VZ,P,2023-11-10,2024-09-02
R,John James,House,V,P,2023-11-10,2024-09-02
R,John James,House,VOYA,S,2024-07-05,2024-09-02
R,John James,House,VOYA,P,2023-11-10,2024-09-02
R,John James,House,WMT,P,2023-11-10,2024-09-02
R,John James,House,WM,P,2023-11-10,2024-09-02
R,John James,House,WFC,P,2023-11-10,2024-09-02
R,John James,House,WAB,P,2024-02-14,2024-09-02
R,John James,House,ZBRA,P,2023-11-10,2024-09-02
R,John James,House,ABT,S,2024-09-04,2024-09-06
R,John James,House,ABBV,S,2024-09-04,2024-09-06
R,John James,House,ACN,S,2024-09-04,2024-09-06
R,John James,House,AMD,S,2024-09-04,2024-09-06
R,John James,House,APD,S,2024-09-04,2024-09-06
R,John James,House,GOOGL,S,2024-09-04,2024-09-06
R,John James,House,GOOG,S,2024-09-04,2024-09-06
R,John James,House,AMZN,S,2024-09-04,2024-09-06
R,John James,House,AEE,S,2024-09-04,2024-09-06
R,John James,House,AEP,S,2024-09-04,2024-09-06
R,John James,House,ADI,S,2024-09-04,2024-09-06
R,John James,House,AAPL,S,2024-09-04,2024-09-06
R,John James,House,AMAT,S,2024-09-04,2024-09-06
R,John James,House,APTV,S,2024-09-04,2024-09-06
R,John James,House,ADP,S,2024-09-04,2024-09-06
R,John James,House,AVB,S,2024-09-04,2024-09-06
R,John James,House,AVTR,S,2024-09-04,2024-09-06
R,John James,House,AVY,S,2024-09-04,2024-09-06
R,John James,House,BAC,S,2024-09-04,2024-09-06
R,John James,House,BDX,S,2024-09-04,2024-09-06
R,John James,House,BRK.B,S,2024-09-04,2024-09-06
R,John James,House,BLK,S,2024-09-04,2024-09-06
R,John James,House,BX,S,2024-09-04,2024-09-06
R,John James,House,BAH,S,2024-09-04,2024-09-06
R,John James,House,AVGO,S,2024-09-04,2024-09-06
R,John James,House,CAH,S,2024-09-04,2024-09-06
R,John James,House,CDW,S,2024-09-04,2024-09-06
R,John James,House,CVX,S,2024-09-04,2024-09-06
R,John James,House,CB,S,2024-09-04,2024-09-06
R,John James,House,CSCO,S,2024-09-04,2024-09-06
R,John James,House,CME,S,2024-09-04,2024-09-06
R,John James,House,CTSH,S,2024-09-04,2024-09-06
R,John James,House,CMCSA,S,2024-09-04,2024-09-06
R,John James,House,COP,S,2024-09-04,2024-09-06
R,John James,House,CTVA,S,2024-09-04,2024-09-06
R,John James,House,CCI,S,2024-09-04,2024-09-06
R,John James,House,CMI,S,2024-09-04,2024-09-06
R,John James,House,DFS,S,2024-09-04,2024-09-06
R,John James,House,DLTR,S,2024-09-04,2024-09-06
R,John James,House,DNB,S,2024-09-04,2024-09-06
R,John James,House,EBAY,S,2024-09-04,2024-09-06
R,John James,House,EA,S,2024-09-04,2024-09-06
R,John James,House,ELV,S,2024-09-04,2024-09-06
R,John James,House,ETR,S,2024-09-04,2024-09-06
R,John James,House,EOG,S,2024-09-04,2024-09-06
R,John James,House,XOM,S,2024-09-04,2024-09-06
R,John James,House,FNF,S,2024-09-04,2024-09-06
R,John James,House,FTV,S,2024-09-04,2024-09-06
R,John James,House,GIS,S,2024-09-04,2024-09-06
R,John James,House,GPC,S,2024-09-04,2024-09-06
R,John James,House,HON,S,2024-09-04,2024-09-06
R,John James,House,HUM,S,2024-09-04,2024-09-06
R,John James,House,ICLR,S,2024-09-04,2024-09-06
R,John James,House,ITW,S,2024-09-04,2024-09-06
R,John James,House,ICE,S,2024-09-04,2024-09-06
R,John James,House,IBM,S,2024-09-04,2024-09-06
R,John James,House,JNJ,S,2024-09-04,2024-09-06
R,John James,House,JPM,S,2024-09-04,2024-09-06
R,John James,House,KLAC,S,2024-09-04,2024-09-06
R,John James,House,LRCX,S,2024-09-04,2024-09-06
R,John James,House,LIN,S,2024-09-04,2024-09-06
R,John James,House,LMT,S,2024-09-04,2024-09-06
R,John James,House,MMC,S,2024-09-04,2024-09-06
R,John James,House,MRVL,S,2024-09-04,2024-09-06
R,John James,House,MCD,S,2024-09-04,2024-09-06
R,John James,House,MDT,S,2024-09-04,2024-09-06
R,John James,House,MRK,S,2024-09-04,2024-09-06
R,John James,House,META,S,2024-09-04,2024-09-06
R,John James,House,MCHP,S,2024-09-04,2024-09-06
R,John James,House,MU,S,2024-09-04,2024-09-06
R,John James,House,MSFT,S,2024-09-04,2024-09-06
R,John James,House,MDLZ,S,2024-09-04,2024-09-06
R,John James,House,MS,S,2024-09-04,2024-09-06
R,John James,House,NEE,S,2024-09-04,2024-09-06
R,John James,House,NOC,S,2024-09-04,2024-09-06
R,John James,House,NVO,S,2024-09-04,2024-09-06
R,John James,House,NVDA,S,2024-09-04,2024-09-06
R,John James,House,OTIS,S,2024-09-04,2024-09-06
R,John James,House,PKG,S,2024-09-04,2024-09-06
R,John James,House,PH,S,2024-09-04,2024-09-06
R,John James,House,PNC,S,2024-09-04,2024-09-06
R,John James,House,PPG,S,2024-09-04,2024-09-06
R,John James,House,PLD,S,2024-09-04,2024-09-06
R,John James,House,PEG,S,2024-09-04,2024-09-06
R,John James,House,PSA,S,2024-09-04,2024-09-06
R,John James,House,RGA,S,2024-09-04,2024-09-06
R,John James,House,RTX,S,2024-09-04,2024-09-06
R,John James,House,SNY,S,2024-09-04,2024-09-06
R,John James,House,SHEL,S,2024-09-04,2024-09-06
R,John James,House,SKX,S,2024-09-04,2024-09-06
R,John James,House,SONY,S,2024-09-04,2024-09-06
R,John James,House,THC,S,2024-09-04,2024-09-06
R,John James,House,TXN,S,2024-09-04,2024-09-06
R,John James,House,BK,S,2024-09-04,2024-09-06
R,John James,House,TMO,S,2024-09-04,2024-09-06
R,John James,House,TJX,S,2024-09-04,2024-09-06
R,John James,House,TKO,P,2024-04-25,2024-09-06
R,John James,House,UBER,S,2024-09-04,2024-09-06
R,John James,House,UBER,P,2024-08-28,2024-09-06
R,John James,House,UNP,S,2024-09-04,2024-09-06
R,John James,House,UPS,S,2024-08-28,2024-09-06
R,John James,House,UNH,S,2024-09-04,2024-09-06
R,John James,House,VLO,S,2024-09-04,2024-09-06
R,John James,House,WMT,S,2024-09-04,2024-09-06
R,John James,House,WM,S,2024-09-04,2024-09-06
R,John James,House,WEC,S,2024-09-04,2024-09-06
R,John James,House,WFC,S,2024-09-04,2024-09-06
R,John James,House,WAB,S,2024-09-04,2024-09-06
R,John James,House,ZBRA,S,2024-09-04,2024-09-06
R,Thomas H. Kean,House,BDX,P,2024-01-11,2024-02-20
R,Thomas H. Kean,House,PRNDY,P,2024-01-30,2024-02-20
R,Thomas H. Kean,House,BERY,P,2024-02-12,2024-03-18
R,Thomas H. Kean,House,ILMN,P,2024-04-19,2024-05-30
R,Thomas H. Kean,House,AON,P,2024-05-06,2024-06-18
R,Thomas H. Kean,House,BDX,P,2024-05-24,2024-06-18
R,Thomas H. Kean,House,ABT,P,2024-07-23,2024-08-19
R,Thomas H. Kean,House,FTV,P,2024-08-02,2024-09-20
R,Thomas H. Kean,House,AMTM,E,2024-09-30,2024-10-15
R,Thomas H. Kean,House,J,E,2024-09-30,2024-10-15
R,Thomas H. Kean,House,LSXMA,E,2024-09-10,2024-10-15
R,Thomas H. Kean,House,LSXMK,E,2024-09-10,2024-10-15
R,Thomas H. Kean,House,SIRI,E,2024-09-10,2024-10-15
R,Thomas H. Kean,House,FTV,P,2024-11-04,2024-12-16
R,Thomas H. Kean,House,LBTYK,E,2024-11-13,2024-12-16
R,Thomas H. Kean,House,PDRDF,S,2024-11-04,2024-12-16
R,Thomas H. Kean,House,SNRE,E,2024-11-13,2024-12-16
D,William R. Keating,House,PANW,P,2024-01-24,2024-02-05
D,William R. Keating,House,TDG,P,2024-02-28,2024-03-12
D,William R. Keating,House,AMZN,P,2024-05-17,2024-05-22
D,William R. Keating,House,CVS,S,2024-05-17,2024-05-22
D,William R. Keating,House,CAT,S,2024-09-11,2024-09-24
D,William R. Keating,House,NXPI,S,2024-09-11,2024-09-24
D,William R. Keating,House,GOOGL,P,2024-10-31,2024-11-06
D,William R. Keating,House,AMZN,P,2024-10-31,2024-11-06
D,William R. Keating,House,AMTM,S,2024-10-31,2024-11-06
D,William R. Keating,House,MSFT,P,2024-10-31,2024-11-06
D,William R. Keating,House,QCOM,P,2024-10-31,2024-11-06
R,Mike Kelly,House,CVX,S,2024-04-11,2024-06-14
R,Mike Kelly,House,CLF,P,2024-03-28,2024-06-14
R,Mike Kelly,House,EW,S,2024-04-11,2024-06-14
R,Mike Kelly,House,META,S,2024-04-12,2024-06-14
R,Mike Kelly,House,USB,S,2024-04-12,2024-06-14
R,Mike Kelly,House,UNH,S,2024-04-12,2024-06-14
R,Mike Kelly,House,VZ,S,2024-04-12,2024-06-14
R,Mike Kelly,House,INTC,S,2024-11-08,2024-12-12
R,Mike Kelly,House,UNP,S,2024-11-08,2024-12-12
D,Greg Landsman,House,GOOGL,P,2023-10-12,2024-08-14
D,Greg Landsman,House,GOOGL,S,2023-12-14,2024-08-14
D,Greg Landsman,House,AMZN,P,2024-04-12,2024-08-14
D,Greg Landsman,House,AMZN,P,2024-06-03,2024-08-14
D,Greg Landsman,House,CDNS,P,2023-11-16,2024-08-14
D,Greg Landsman,House,CDNS,P,2023-11-15,2024-08-14
D,Greg Landsman,House,CDNS,S,2024-04-12,2024-08-14
D,Greg Landsman,House,COR,P,2024-05-29,2024-08-14
D,Greg Landsman,House,LNG,P,2023-09-19,2024-08-14
D,Greg Landsman,House,COST,P,2024-05-15,2024-08-14
D,Greg Landsman,House,CRWD,S,2024-05-02,2024-08-14
D,Greg Landsman,House,CRWD,P,2023-12-18,2024-08-14
D,Greg Landsman,House,FANG,P,2023-10-18,2024-08-14
D,Greg Landsman,House,FANG,S,2023-11-16,2024-08-14
D,Greg Landsman,House,FANG,P,2024-07-17,2024-08-14
D,Greg Landsman,House,EL,S,2023-08-15,2024-08-14
D,Greg Landsman,House,XOM,S,2024-05-29,2024-08-14
D,Greg Landsman,House,ISRG,S,2023-10-12,2024-08-14
D,Greg Landsman,House,ISRG,S,2024-07-17,2024-08-14
D,Greg Landsman,House,ISRG,P,2024-06-20,2024-08-14
D,Greg Landsman,House,LHX,P,2024-07-17,2024-08-14
D,Greg Landsman,House,MSFT,S,2024-01-04,2024-08-14
D,Greg Landsman,House,PH,P,2024-06-03,2024-08-14
D,Greg Landsman,House,PH,P,2024-05-02,2024-08-14
D,Greg Landsman,House,REGN,P,2023-08-11,2024-08-14
D,Greg Landsman,House,RTX,S,2023-09-21,2024-08-14
D,Greg Landsman,House,CRM,S,2023-10-18,2024-08-14
D,Greg Landsman,House,TEL,P,2024-05-29,2024-08-14
D,Greg Landsman,House,TRMB,S,2023-11-17,2024-08-14
D,Greg Landsman,House,UBER,S,2024-05-15,2024-08-14
D,Greg Landsman,House,ULTA,P,2024-05-29,2024-08-14
D,Greg Landsman,House,URI,P,2024-01-04,2024-08-14
D,Greg Landsman,House,URI,P,2024-06-03,2024-08-14
D,Greg Landsman,House,URI,S,2024-06-20,2024-08-14
D,Greg Landsman,House,VLTO,S,2024-05-29,2024-08-14
D,Greg Landsman,House,ADBE,S,2024-08-14,2024-09-23
D,Greg Landsman,House,AMZN,S,2024-08-21,2024-09-23
D,Greg Landsman,House,ANET,P,2024-08-14,2024-09-23
D,Greg Landsman,House,ANET,P,2024-08-21,2024-09-23
D,Greg Landsman,House,ULTA,S,2024-08-14,2024-09-23
D,Greg Landsman,House,FANG,S,2024-09-10,2024-10-14
D,Greg Landsman,House,NEE,P,2024-09-10,2024-10-14
D,Greg Landsman,House,AMZN,S,2024-10-15,2024-11-14
D,Greg Landsman,House,LNG,S,2024-10-15,2024-11-14
D,Greg Landsman,House,CRWD,S,2024-10-15,2024-11-14
D,Greg Landsman,House,FANG,S,2024-10-15,2024-11-14
D,Greg Landsman,House,XOM,S,2024-10-15,2024-11-14
D,Greg Landsman,House,LIN,S,2024-10-15,2024-11-14
D,Greg Landsman,House,NEE,S,2024-10-15,2024-11-14
D,Greg Landsman,House,PSX,S,2024-10-15,2024-11-14
D,Greg Landsman,House,REGN,S,2024-10-15,2024-11-14
D,Greg Landsman,House,AMP,P,2024-11-08,2024-12-12
D,Greg Landsman,House,LLY,S,2024-11-08,2024-12-12
D,Greg Landsman,House,URI,P,2024-11-08,2024-12-12
D,Rick Larsen,House,BMY,S,2024-01-09,2024-01-19
D,Rick Larsen,House,CL,P,2024-01-09,2024-01-19
D,Rick Larsen,House,ZTS,S,2024-01-09,2024-01-19
D,Rick Larsen,House,FDX,P,2024-04-04,2024-04-10
D,Rick Larsen,House,UPS,S,2024-04-04,2024-04-10
D,Rick Larsen,House,HIG,P,2024-07-02,2024-07-17
D,Rick Larsen,House,ODFL,P,2024-07-02,2024-07-17
D,Rick Larsen,House,WM,S,2024-07-02,2024-07-17
R,Robert E. Latta,House,FMAO,P,2024-01-22,2024-02-14
R,Robert E. Latta,House,FMAO,P,2024-04-20,2024-04-20
R,Robert E. Latta,House,FMAO,P,2024-06-06,2024-06-09
R,Robert E. Latta,House,FMAO,P,2024-07-20,2024-07-21
R,Robert E. Latta,House,FMAO,P,2024-10-20,2024-11-07
R,Laurel Lee,House,JPM,P,2024-09-10,2024-09-14
R,Laurel Lee,House,AAPL,P,2024-10-07,2024-11-21
R,Laurel Lee,House,GEV,S,2024-11-08,2024-11-21
R,Laurel Lee,House,HURA,P,2024-10-21,2024-11-21
R,Laurel Mrs Lee,House,AAPL,S,2024-07-05,2024-08-05
R,Laurel Mrs Lee,House,AAPL,P,2024-07-05,2024-08-05
D,Susie Lee,House,RNMBY,P,2024-05-10,2024-05-24
D,Stephen F. Lynch,House,VMW,S,2023-11-27,2024-05-09
D,Stephen F. Lynch,House,NVDA,P,2024-05-22,2024-05-23
R,Kathy Manning,House,CFG,S,2023-12-12,2024-01-12
R,Kathy Manning,House,EL,S,2023-12-12,2024-01-12
R,Kathy Manning,House,MDT,P,2024-01-01,2024-01-12
R,Kathy Manning,House,MDT,S,2023-12-12,2024-01-12
R,Kathy Manning,House,PYPL,S,2023-12-12,2024-01-12
R,Kathy Manning,House,PFE,S,2023-12-12,2024-01-12
R,Kathy Manning,House,DIS,S,2023-12-12,2024-01-12
R,Kathy Manning,House,AON,P,2024-01-23,2024-02-06
R,Kathy Manning,House,CFG,P,2024-01-23,2024-02-06
R,Kathy Manning,House,COST,P,2024-01-23,2024-02-06
R,Kathy Manning,House,GIS,S,2024-01-16,2024-02-06
R,Kathy Manning,House,GIS,S,2024-01-23,2024-02-06
R,Kathy Manning,House,INTU,S,2024-01-23,2024-02-06
R,Kathy Manning,House,JPM,P,2024-01-23,2024-02-06
R,Kathy Manning,House,LMT,P,2024-01-23,2024-02-06
R,Kathy Manning,House,MA,P,2024-01-23,2024-02-06
R,Kathy Manning,House,MDT,P,2024-01-23,2024-02-06
R,Kathy Manning,House,MRK,P,2024-01-23,2024-02-06
R,Kathy Manning,House,MSFT,P,2024-01-23,2024-02-06
R,Kathy Manning,House,MSCI,P,2024-01-23,2024-02-06
R,Kathy Manning,House,NKE,P,2024-01-23,2024-02-06
R,Kathy Manning,House,PKG,P,2024-01-23,2024-02-06
R,Kathy Manning,House,PG,P,2024-01-23,2024-02-06
R,Kathy Manning,House,CRM,P,2024-01-23,2024-02-06
R,Kathy Manning,House,SBUX,S,2024-01-23,2024-02-06
R,Kathy Manning,House,SYY,S,2024-01-23,2024-02-06
R,Kathy Manning,House,SYY,P,2024-01-23,2024-02-06
R,Kathy Manning,House,TJX,P,2024-01-23,2024-02-06
R,Kathy Manning,House,V,P,2024-01-23,2024-02-06
R,Kathy Manning,House,WMT,P,2024-01-23,2024-02-06
R,Kathy Manning,House,ABT,P,2024-07-02,2024-08-16
R,Kathy Manning,House,ABBV,P,2024-07-02,2024-08-16
R,Kathy Manning,House,AMGN,P,2024-07-02,2024-08-16
R,Kathy Manning,House,AAPL,P,2024-07-02,2024-08-16
R,Kathy Manning,House,CNC,P,2024-07-02,2024-08-16
R,Kathy Manning,House,COST,P,2024-07-02,2024-08-16
R,Kathy Manning,House,EXPD,P,2024-07-02,2024-08-16
R,Kathy Manning,House,GRMN,P,2024-07-02,2024-08-16
R,Kathy Manning,House,HD,P,2024-07-02,2024-08-16
R,Kathy Manning,House,INTU,P,2024-07-02,2024-08-16
R,Kathy Manning,House,JNJ,P,2024-07-02,2024-08-16
R,Kathy Manning,House,LRCX,P,2024-07-02,2024-08-16
R,Kathy Manning,House,MA,P,2024-07-02,2024-08-16
R,Kathy Manning,House,MRK,P,2024-07-02,2024-08-16
R,Kathy Manning,House,MICRD,P,2024-07-02,2024-08-16
R,Kathy Manning,House,MSFT,P,2024-07-02,2024-08-16
R,Kathy Manning,House,MSCI,P,2024-07-02,2024-08-16
R,Kathy Manning,House,NKE,S,2024-07-02,2024-08-16
R,Kathy Manning,House,NVDA,S,2024-07-02,2024-08-16
R,Kathy Manning,House,PKG,P,2024-07-02,2024-08-16
R,Kathy Manning,House,PG,P,2024-07-02,2024-08-16
R,Kathy Manning,House,QCOM,P,2024-07-02,2024-08-16
R,Kathy Manning,House,CRM,P,2024-07-02,2024-08-16
R,Kathy Manning,House,SYY,P,2024-07-02,2024-08-16
R,Kathy Manning,House,V,P,2024-07-02,2024-08-16
R,Kathy Manning,House,WMT,P,2024-07-02,2024-08-16
R,Kathy Manning,House,SBUX,S,2024-08-09,2024-09-04
R,Brian Mast,House,AMZN,P,2024-03-04,2024-03-26
R,Brian Mast,House,T,P,2024-03-04,2024-03-26
D,Morgan McGarvey,House,DAL,P,2024-06-28,2024-07-03
D,Morgan McGarvey,House,IBKR,P,2024-06-06,2024-07-03
D,Morgan McGarvey,House,NVDA,P,2024-05-31,2024-07-03
D,Morgan McGarvey,House,DAL,S,2024-07-23,2024-09-03
D,Morgan McGarvey,House,AAPL,P,2024-08-13,2024-09-25
D,Morgan McGarvey,House,AAPL,S,2024-08-19,2024-09-25
D,Morgan McGarvey,House,TSLA,P,2024-10-25,2024-11-13
D,Morgan McGarvey,House,AMZN,S,2024-11-13,2024-12-10
D,Morgan McGarvey,House,SCHW,S,2024-11-13,2024-12-10
D,Morgan McGarvey,House,IBKR,S,2024-11-13,2024-12-10
D,Morgan McGarvey,House,MSFT,S,2024-11-13,2024-12-10
D,Morgan McGarvey,House,NVDA,S,2024-11-13,2024-12-10
D,Morgan McGarvey,House,SHEL,S,2024-11-13,2024-12-10
D,Morgan McGarvey,House,TSLA,S,2024-11-13,2024-12-10
D,Morgan McGarvey,House,DJT,P,2024-11-06,2024-12-10
D,Morgan McGarvey,House,DJT,S,2024-11-08,2024-12-10
R,Carol Devine Miller,House,T,S,2024-05-08,2024-06-05
R,Carol Devine Miller,House,COKE,S,2024-05-08,2024-06-05
R,Carol Devine Miller,House,CMCSA,S,2024-05-08,2024-06-05
R,Carol Devine Miller,House,MCK,S,2024-05-08,2024-06-05
R,Carol Devine Miller,House,YUM,S,2024-05-08,2024-06-05
R,Carol Devine Miller,House,WBD,S,2024-08-12,2024-09-13
R,Blake Moore,House,BABA,S,2024-01-19,2024-01-24
R,Blake Moore,House,GOOG,S,2024-01-19,2024-01-24
R,Blake Moore,House,AMZN,S,2024-01-19,2024-01-24
R,Blake Moore,House,AXP,S,2024-01-19,2024-01-24
R,Blake Moore,House,AAPL,S,2024-01-19,2024-01-24
R,Blake Moore,House,BAC,P,2023-12-22,2024-01-24
R,Blake Moore,House,BAC,S,2024-01-19,2024-01-24
R,Blake Moore,House,BRK.B,S,2024-01-19,2024-01-24
R,Blake Moore,House,HQY,S,2024-01-09,2024-01-24
R,Blake Moore,House,HQY,S,2024-01-19,2024-01-24
R,Blake Moore,House,JNJ,S,2024-01-19,2024-01-24
R,Blake Moore,House,META,S,2024-01-19,2024-01-24
R,Blake Moore,House,MSFT,S,2024-01-19,2024-01-24
R,Blake Moore,House,RTX,S,2024-01-19,2024-01-24
R,Blake Moore,House,SPY,S,2024-01-19,2024-01-24
R,Blake Moore,House,SPY,P,2024-01-19,2024-01-24
R,Blake Moore,House,VUG,P,2024-01-19,2024-01-24
R,Blake Moore,House,DIS,P,2024-01-19,2024-01-24
R,Blake Moore,House,DIS,S,2024-01-19,2024-01-24
D,Jared Moskowitz,House,GOOG,P,2023-12-28,2024-01-22
D,Jared Moskowitz,House,BBY,P,2023-12-28,2024-01-22
D,Jared Moskowitz,House,DG,S,2023-12-28,2024-01-22
D,Jared Moskowitz,House,LLY,S,2023-12-28,2024-01-22
D,Jared Moskowitz,House,LLY,P,2023-12-28,2024-01-22
D,Jared Moskowitz,House,HRL,P,2023-12-28,2024-01-22
D,Jared Moskowitz,House,HRL,S,2023-12-28,2024-01-22
D,Jared Moskowitz,House,JKHY,S,2023-12-28,2024-01-22
D,Jared Moskowitz,House,MDT,S,2023-12-28,2024-01-22
D,Jared Moskowitz,House,MRK,P,2023-12-28,2024-01-22
D,Jared Moskowitz,House,META,P,2023-12-28,2024-01-22
D,Jared Moskowitz,House,PFE,S,2023-12-28,2024-01-22
D,Jared Moskowitz,House,ROP,S,2023-12-28,2024-01-22
D,Jared Moskowitz,House,ROP,P,2023-12-28,2024-01-22
D,Jared Moskowitz,House,SBCF,P,2023-12-28,2024-01-22
D,Jared Moskowitz,House,SHW,S,2023-12-28,2024-01-22
D,Jared Moskowitz,House,SYY,S,2023-12-28,2024-01-22
D,Jared Moskowitz,House,TMUS,S,2023-12-28,2024-01-22
D,Jared Moskowitz,House,TMUS,P,2023-12-28,2024-01-22
D,Jared Moskowitz,House,TSCO,P,2023-12-28,2024-01-22
D,Jared Moskowitz,House,DIS,P,2023-12-28,2024-01-22
D,Jared Moskowitz,House,DIS,S,2023-12-28,2024-01-22
D,Jared Moskowitz,House,WST,S,2023-12-28,2024-01-22
D,Jared Moskowitz,House,APD,S,2024-02-01,2024-08-06
D,Jared Moskowitz,House,ALL,S,2024-07-05,2024-08-06
D,Jared Moskowitz,House,GOOG,S,2024-07-05,2024-08-06
D,Jared Moskowitz,House,AMZN,P,2024-07-05,2024-08-06
D,Jared Moskowitz,House,ATO,P,2024-07-05,2024-08-06
D,Jared Moskowitz,House,BRK.B,P,2024-07-05,2024-08-06
D,Jared Moskowitz,House,BBY,S,2024-07-01,2024-08-06
D,Jared Moskowitz,House,AVGO,P,2024-07-05,2024-08-06
D,Jared Moskowitz,House,CMCSA,S,2024-07-05,2024-08-06
D,Jared Moskowitz,House,CMCSA,S,2024-07-17,2024-08-06
D,Jared Moskowitz,House,ELV,P,2024-02-01,2024-08-06
D,Jared Moskowitz,House,ELV,P,2024-07-05,2024-08-06
D,Jared Moskowitz,House,ELV,P,2024-07-01,2024-08-06
D,Jared Moskowitz,House,FDS,P,2024-07-01,2024-08-06
D,Jared Moskowitz,House,FDS,S,2024-07-05,2024-08-06
D,Jared Moskowitz,House,FDS,P,2024-02-01,2024-08-06
D,Jared Moskowitz,House,JNJ,P,2024-07-01,2024-08-06
D,Jared Moskowitz,House,JPM,P,2024-07-05,2024-08-06
D,Jared Moskowitz,House,JPM,P,2024-07-01,2024-08-06
D,Jared Moskowitz,House,KMB,S,2024-02-01,2024-08-06
D,Jared Moskowitz,House,LIN,P,2024-07-05,2024-08-06
D,Jared Moskowitz,House,LMT,P,2024-07-01,2024-08-06
D,Jared Moskowitz,House,MA,S,2024-07-05,2024-08-06
D,Jared Moskowitz,House,MDLZ,S,2024-07-05,2024-08-06
D,Jared Moskowitz,House,MDLZ,P,2024-07-01,2024-08-06
D,Jared Moskowitz,House,NEE,P,2024-07-01,2024-08-06
D,Jared Moskowitz,House,NKE,S,2024-02-01,2024-08-06
D,Jared Moskowitz,House,NOC,S,2024-02-01,2024-08-06
D,Jared Moskowitz,House,NOC,S,2024-07-01,2024-08-06
D,Jared Moskowitz,House,NVDA,P,2024-07-05,2024-08-06
D,Jared Moskowitz,House,ORCL,P,2024-07-05,2024-08-06
D,Jared Moskowitz,House,PNC,S,2024-07-01,2024-08-06
D,Jared Moskowitz,House,PNC,S,2024-07-05,2024-08-06
D,Jared Moskowitz,House,SHW,P,2024-07-05,2024-08-06
D,Jared Moskowitz,House,SNA,P,2024-02-01,2024-08-06
D,Jared Moskowitz,House,SNA,P,2024-07-01,2024-08-06
D,Jared Moskowitz,House,SO,P,2024-07-05,2024-08-06
D,Jared Moskowitz,House,TD,P,2024-07-05,2024-08-06
D,Jared Moskowitz,House,TD,S,2024-07-05,2024-08-06
D,Jared Moskowitz,House,TSCO,S,2024-07-01,2024-08-06
D,Jared Moskowitz,House,GWW,P,2024-07-05,2024-08-06
D,Jared Moskowitz,House,WEC,S,2024-07-05,2024-08-06
D,Jared Moskowitz,House,WEC,S,2024-07-01,2024-08-06
D,Jared Moskowitz,House,ZTS,S,2024-07-05,2024-08-06
D,Jared Moskowitz,House,ABT,P,2024-07-05,2024-08-19
D,Jared Moskowitz,House,AMZN,S,2024-07-05,2024-08-19
D,Jared Moskowitz,House,AMZN,P,2024-07-05,2024-08-19
D,Jared Moskowitz,House,AVGO,P,2024-07-05,2024-08-19
D,Jared Moskowitz,House,CB,P,2024-07-05,2024-08-19
D,Jared Moskowitz,House,CMCSA,S,2024-07-05,2024-08-19
D,Jared Moskowitz,House,FDS,S,2024-07-05,2024-08-19
D,Jared Moskowitz,House,JPM,P,2024-07-05,2024-08-19
D,Jared Moskowitz,House,LOW,S,2024-07-05,2024-08-19
D,Jared Moskowitz,House,MA,S,2024-07-05,2024-08-19
D,Jared Moskowitz,House,MDLZ,S,2024-07-05,2024-08-19
D,Jared Moskowitz,House,NOC,S,2024-07-05,2024-08-19
D,Jared Moskowitz,House,ORCL,P,2024-07-05,2024-08-19
D,Jared Moskowitz,House,PNC,S,2024-07-05,2024-08-19
D,Jared Moskowitz,House,SHW,P,2024-07-05,2024-08-19
D,Jared Moskowitz,House,SNA,S,2024-07-05,2024-08-19
D,Jared Moskowitz,House,TD,P,2024-07-05,2024-08-19
D,Jared Moskowitz,House,WM,S,2024-07-05,2024-08-19
D,Jared Moskowitz,House,WEC,S,2024-07-05,2024-08-19
D,Jared Moskowitz,House,ZTS,S,2024-07-05,2024-08-19
D,Jared Moskowitz,House,ABT,S,2024-02-13,2024-08-21
D,Jared Moskowitz,House,APD,S,2024-02-01,2024-08-21
D,Jared Moskowitz,House,GOOG,P,2024-02-13,2024-08-21
D,Jared Moskowitz,House,AAPL,P,2023-09-01,2024-08-21
D,Jared Moskowitz,House,AAPL,P,2024-02-13,2024-08-21
D,Jared Moskowitz,House,ATO,P,2023-09-01,2024-08-21
D,Jared Moskowitz,House,BRO,P,2023-12-28,2024-08-21
D,Jared Moskowitz,House,CAT,S,2023-12-28,2024-08-21
D,Jared Moskowitz,House,COST,P,2023-12-28,2024-08-21
D,Jared Moskowitz,House,CMI,P,2023-09-27,2024-08-21
D,Jared Moskowitz,House,ELV,P,2024-02-13,2024-08-21
D,Jared Moskowitz,House,ELV,P,2024-02-01,2024-08-21
D,Jared Moskowitz,House,LLY,P,2023-12-28,2024-08-21
D,Jared Moskowitz,House,LLY,P,2023-09-01,2024-08-21
D,Jared Moskowitz,House,FDS,P,2024-02-01,2024-08-21
D,Jared Moskowitz,House,HRL,S,2023-12-28,2024-08-21
D,Jared Moskowitz,House,JKHY,S,2023-12-28,2024-08-21
D,Jared Moskowitz,House,KMB,S,2024-02-01,2024-08-21
D,Jared Moskowitz,House,LIN,P,2023-09-01,2024-08-21
D,Jared Moskowitz,House,LMT,P,2024-02-13,2024-08-21
D,Jared Moskowitz,House,MCD,P,2023-12-28,2024-08-21
D,Jared Moskowitz,House,MDT,S,2023-12-28,2024-08-21
D,Jared Moskowitz,House,MRK,P,2023-09-01,2024-08-21
D,Jared Moskowitz,House,MSFT,P,2023-09-01,2024-08-21
D,Jared Moskowitz,House,MDLZ,P,2024-02-01,2024-08-21
D,Jared Moskowitz,House,NKE,P,2023-09-01,2024-08-21
D,Jared Moskowitz,House,PEP,S,2024-02-01,2024-08-21
D,Jared Moskowitz,House,PG,S,2023-09-01,2024-08-21
D,Jared Moskowitz,House,RTX,S,2023-09-27,2024-08-21
D,Jared Moskowitz,House,SPGI,P,2024-02-13,2024-08-21
D,Jared Moskowitz,House,SNA,P,2024-02-01,2024-08-21
D,Jared Moskowitz,House,SBUX,S,2024-02-13,2024-08-21
D,Jared Moskowitz,House,TGT,S,2023-09-27,2024-08-21
D,Jared Moskowitz,House,TMUS,P,2023-12-26,2024-08-21
D,Jared Moskowitz,House,TMUS,P,2023-12-28,2024-08-21
D,Jared Moskowitz,House,TSCO,P,2024-02-13,2024-08-21
D,Jared Moskowitz,House,UNH,P,2024-02-13,2024-08-21
D,Jared Moskowitz,House,WST,P,2023-12-28,2024-08-21
D,Jared Moskowitz,House,ZTS,P,2023-12-28,2024-08-21
D,Jared Moskowitz,House,AOS,S,2024-11-08,2024-12-09
D,Jared Moskowitz,House,ACN,P,2024-11-08,2024-12-09
D,Jared Moskowitz,House,GOOG,P,2024-11-08,2024-12-09
D,Jared Moskowitz,House,AMZN,P,2024-11-08,2024-12-09
D,Jared Moskowitz,House,ADI,P,2024-11-08,2024-12-09
D,Jared Moskowitz,House,ATO,P,2024-11-08,2024-12-09
D,Jared Moskowitz,House,BRK.B,P,2024-11-08,2024-12-09
D,Jared Moskowitz,House,AVGO,P,2024-11-08,2024-12-09
D,Jared Moskowitz,House,CVX,S,2024-11-08,2024-12-09
D,Jared Moskowitz,House,CMI,P,2024-11-08,2024-12-09
D,Jared Moskowitz,House,ELV,P,2024-11-08,2024-12-09
D,Jared Moskowitz,House,XOM,S,2024-11-08,2024-12-09
D,Jared Moskowitz,House,JNJ,P,2024-11-08,2024-12-09
D,Jared Moskowitz,House,JPM,P,2024-11-08,2024-12-09
D,Jared Moskowitz,House,LIN,P,2024-11-08,2024-12-09
D,Jared Moskowitz,House,LMT,P,2024-11-08,2024-12-09
D,Jared Moskowitz,House,MCD,P,2024-11-08,2024-12-09
D,Jared Moskowitz,House,MRK,P,2024-11-08,2024-12-09
D,Jared Moskowitz,House,META,P,2024-11-08,2024-12-09
D,Jared Moskowitz,House,NVDA,P,2024-11-08,2024-12-09
D,Jared Moskowitz,House,ORCL,P,2024-11-08,2024-12-09
D,Jared Moskowitz,House,PEP,P,2024-11-08,2024-12-09
D,Jared Moskowitz,House,QCOM,P,2024-11-08,2024-12-09
D,Jared Moskowitz,House,SBCF,S,2024-11-08,2024-12-09
D,Jared Moskowitz,House,SHW,P,2024-11-08,2024-12-09
D,Jared Moskowitz,House,TXN,P,2024-11-08,2024-12-09
D,Jared Moskowitz,House,TSCO,P,2024-11-08,2024-12-09
D,Jared Moskowitz,House,WST,S,2024-11-08,2024-12-09
R,Dan Newhouse,House,ACN,P,2024-04-10,2024-04-25
R,Dan Newhouse,House,ADI,P,2024-04-10,2024-04-25
R,Dan Newhouse,House,BKNG,S,2024-04-10,2024-04-25
R,Dan Newhouse,House,AVGO,S,2024-04-10,2024-04-25
R,Dan Newhouse,House,CSX,P,2024-04-10,2024-04-25
R,Dan Newhouse,House,DHR,P,2024-04-10,2024-04-25
R,Dan Newhouse,House,DE,P,2024-04-10,2024-04-25
R,Dan Newhouse,House,DG,P,2024-04-10,2024-04-25
R,Dan Newhouse,House,ELV,P,2024-04-10,2024-04-25
R,Dan Newhouse,House,LLY,S,2024-04-10,2024-04-25
R,Dan Newhouse,House,EL,P,2024-04-10,2024-04-25
R,Dan Newhouse,House,FMC,P,2024-04-10,2024-04-25
R,Dan Newhouse,House,FTNT,P,2024-04-10,2024-04-25
R,Dan Newhouse,House,HON,P,2024-04-10,2024-04-25
R,Dan Newhouse,House,INTU,S,2024-04-10,2024-04-25
R,Dan Newhouse,House,MPC,S,2024-04-10,2024-04-25
R,Dan Newhouse,House,MSFT,S,2024-04-10,2024-04-25
R,Dan Newhouse,House,NFLX,S,2024-04-10,2024-04-25
R,Dan Newhouse,House,NI,P,2024-04-10,2024-04-25
R,Dan Newhouse,House,NVDA,S,2024-04-10,2024-04-25
R,Dan Newhouse,House,PEP,P,2024-04-10,2024-04-25
R,Dan Newhouse,House,RTX,S,2024-04-10,2024-04-25
R,Dan Newhouse,House,CRM,S,2024-04-10,2024-04-25
R,Dan Newhouse,House,NOW,S,2024-04-10,2024-04-25
R,Dan Newhouse,House,HSY,P,2024-04-10,2024-04-25
R,Dan Newhouse,House,VFC,P,2024-04-10,2024-04-25
D,Eleanor Holmes Norton,House,BRK.B,S,2024-04-08,2024-05-13
D,Nancy Pelosi,House,NVDA,P,2024-06-26,2024-07-02
D,Nancy Pelosi,House,TSLA,S,2024-06-24,2024-07-02
D,Nancy Pelosi,House,NVDA,P,2024-07-26,2024-07-30
R,Chip Roy,House,AESI,S,2024-04-10,2024-04-11
R,Chip Roy,House,CVX,S,2024-04-10,2024-04-11
R,Chip Roy,House,ET,S,2024-04-10,2024-04-11
R,Chip Roy,House,XOM,S,2024-04-10,2024-04-11
R,Chip Roy,House,KMI,S,2024-04-10,2024-04-11
R,Chip Roy,House,NS,S,2024-04-10,2024-04-11
R,Maria Elvira Salazar,House,CIVI,S,2024-04-08,2024-05-08
R,Maria Elvira Salazar,House,CWEN,P,2024-04-26,2024-05-08
R,Maria Elvira Salazar,House,DTM,P,2024-05-01,2024-06-10
R,Maria Elvira Salazar,House,NFE,S,2024-05-01,2024-06-10
R,Maria Elvira Salazar,House,AR,P,2024-08-02,2024-09-11
R,Maria Elvira Salazar,House,AR,P,2024-10-31,2024-11-11
R,Maria Elvira Salazar,House,CWEN,S,2024-10-25,2024-11-11
R,Maria Elvira Salazar,House,OXY,P,2024-10-25,2024-11-11
R,Pete Sessions,House,BABA,S,2023-12-28,2024-01-24
R,Pete Sessions,House,AMT,S,2023-12-28,2024-01-24
R,Pete Sessions,House,AAPL,P,2024-02-29,2024-02-29
R,Pete Sessions,House,COST,P,2024-01-31,2024-02-29
R,Pete Sessions,House,MSFT,P,2024-02-07,2024-02-29
R,Pete Sessions,House,V,P,2024-03-07,2024-03-07
R,Pete Sessions,House,NVDA,S,2024-05-21,2024-05-22
R,Pete Sessions,House,NVST,S,2024-06-06,2024-06-06
R,Pete Sessions,House,MSFT,S,2024-09-10,2024-09-12
R,Pete Sessions,House,NVDA,P,2024-09-10,2024-09-12
R,Pete Sessions,House,NVDA,P,2024-09-16,2024-09-16
R,Pete Sessions,House,NVDA,P,2024-11-01,2024-11-01
R,Pete Sessions,House,MSFT,P,2024-12-18,2024-12-19
D,Abigail Spanberger,House,LHX,S,2024-06-04,2024-06-05
D,Abigail Spanberger,House,LHX,S,2024-06-04,2024-06-06
R,Victoria Spartz,House,SPG,P,2024-02-02,2024-02-15
R,Victoria Spartz,House,SPG,P,2024-06-28,2024-07-25
R,Greg Steube,House,SNV,P,2024-02-16,2024-03-15
R,Greg Steube,House,SNV,S,2024-03-28,2024-04-06
D,Thomas R. Suozzi,House,NVDA,S,2024-03-04,2024-04-02
D,Thomas R. Suozzi,House,AAPL,S,2024-10-07,2024-10-24
D,Thomas R. Suozzi,House,NVDA,S,2024-10-02,2024-11-07
D,Thomas R. Suozzi,House,GLW,S,2024-10-24,2024-11-12
D,Thomas R. Suozzi,House,CVS,S,2024-10-24,2024-11-12
D,Thomas R. Suozzi,House,NVDA,P,2024-10-24,2024-11-12
D,Thomas R. Suozzi,House,WY.Z,S,2024-10-24,2024-11-12
D,Thomas R. Suozzi,House,NVDA,S,2024-10-24,2024-11-12
D,Shri Thanedar,House,MSFT,S,2024-02-05,2024-02-23
D,Debbie Wasserman Schultz,House,MAG,P,2024-01-08,2024-01-31
D,Debbie Wasserman Schultz,House,PERI,P,2024-05-16,2024-06-10
D,Debbie Wasserman Schultz,House,FEI,S,2023-12-18,2024-07-01
D,Debbie Wasserman Schultz,House,HL,P,2024-08-09,2024-09-05
D,Debbie Wasserman Schultz,House,BAX,P,2024-11-18,2024-11-20
D,Debbie Wasserman Schultz,House,PTEN,S,2024-11-18,2024-11-20
D,Debbie Wasserman Schultz,House,VSAT,P,2024-10-23,2024-11-20
R,Roger Williams,House,PFE,S,2024-03-04,2024-06-12
R,Roger Williams,House,PFE,S,2024-03-01,2024-06-12
R,Roger Williams,House,STLA,P,2024-03-01,2024-06-12
R,Robert B. Aderholt,House,GSK,S,2025-07-28,2025-09-10
R,Richard W. Allen,House,ROL,P,2024-12-12,2025-01-16
R,Richard W. Allen,House,AZO,P,2025-01-17,2025-02-20
R,Richard W. Allen,House,TMO,S,2025-04-11,2025-05-15
R,Richard W. Allen,House,NFLX,P,2025-05-16,2025-06-18
R,Richard W. Allen,House,TMO,S,2025-05-16,2025-06-18
R,Richard W. Allen,House,INTU,P,2025-06-20,2025-07-15
R,Richard W. Allen,House,SCHW,P,2025-07-10,2025-08-11
R,Richard W. Allen,House,ACN,S,2025-08-19,2025-09-12
R,Richard W. Allen,House,ATO,P,2025-08-19,2025-09-12
R,Richard W. Allen,House,ACN,S,2025-09-12,2025-10-07
R,Richard W. Allen,House,CHD,S,2025-10-10,2025-11-13
D,Jake Auchincloss,House,STT,S,2025-02-18,2025-02-21
R,Cliff Bentz,House,AMGN,P,2025-06-06,2025-07-09
R,Cliff Bentz,House,PG,P,2025-06-06,2025-07-09
R,Sheri Biggs,House,APD,S,2025-03-18,2025-10-05
R,Sheri Biggs,House,BABA,S,2025-03-18,2025-10-05
R,Sheri Biggs,House,AMX,S,2025-03-19,2025-10-05
R,Sheri Biggs,House,AHCHY,S,2025-03-18,2025-10-05
R,Sheri Biggs,House,AAPL,S,2025-03-18,2025-10-05
R,Sheri Biggs,House,ASX,S,2025-03-18,2025-10-05
R,Sheri Biggs,House,ASMVY,S,2025-03-18,2025-10-05
R,Sheri Biggs,House,BDORY,S,2025-03-18,2025-10-05
R,Sheri Biggs,House,BBSEY,S,2025-03-14,2025-10-05
R,Sheri Biggs,House,BRK.B,S,2025-03-18,2025-10-05
R,Sheri Biggs,House,BDVSY,S,2025-03-18,2025-10-05
R,Sheri Biggs,House,CX,S,2025-03-18,2025-10-05
R,Sheri Biggs,House,SCHW,S,2025-03-19,2025-10-05
R,Sheri Biggs,House,CVX,S,2025-03-18,2025-10-05
R,Sheri Biggs,House,CICHY,S,2025-03-18,2025-10-05
R,Sheri Biggs,House,CIHKY,S,2025-03-18,2025-10-05
R,Sheri Biggs,House,CINF,S,2025-03-18,2025-10-05
R,Sheri Biggs,House,CSCO,S,2025-03-18,2025-10-05
R,Sheri Biggs,House,CMCSA,S,2025-03-19,2025-10-05
R,Sheri Biggs,House,CCI,S,2025-03-18,2025-10-05
R,Sheri Biggs,House,D,S,2025-03-18,2025-10-05
R,Sheri Biggs,House,EGIEY,S,2025-03-18,2025-10-05
R,Sheri Biggs,House,FAST,P,2025-03-19,2025-10-05
R,Sheri Biggs,House,FIS,S,2025-03-19,2025-10-05
R,Sheri Biggs,House,GOFPY,S,2025-03-18,2025-10-05
R,Sheri Biggs,House,GBOOY,S,2025-03-18,2025-10-05
R,Sheri Biggs,House,HEGIY,S,2025-03-18,2025-10-05
R,Sheri Biggs,House,HIMX,S,2025-03-18,2025-10-05
R,Sheri Biggs,House,INFY,S,2025-03-18,2025-10-05
R,Sheri Biggs,House,JD,S,2025-03-18,2025-10-05
R,Sheri Biggs,House,JNJ,S,2025-03-19,2025-10-05
R,Sheri Biggs,House,KPCPY,P,2025-04-15,2025-10-05
R,Sheri Biggs,House,KCDMY,S,2025-03-18,2025-10-05
R,Sheri Biggs,House,KT,S,2025-03-18,2025-10-05
R,Sheri Biggs,House,LNVGY,S,2025-03-18,2025-10-05
R,Sheri Biggs,House,LTGHY,S,2025-03-18,2025-10-05
R,Sheri Biggs,House,LOW,S,2025-03-19,2025-10-05
R,Sheri Biggs,House,MRK,S,2025-03-19,2025-10-05
R,Sheri Biggs,House,MSFT,S,2025-03-19,2025-10-05
R,Sheri Biggs,House,MGYOY,S,2025-03-18,2025-10-05
R,Sheri Biggs,House,NDBKY,P,2025-03-14,2025-10-05
R,Sheri Biggs,House,NTES,S,2025-03-19,2025-10-05
R,Sheri Biggs,House,NSC,S,2025-03-19,2025-10-05
R,Sheri Biggs,House,NOC,S,2025-03-19,2025-10-05
R,Sheri Biggs,House,PAYX,S,2025-03-19,2025-10-05
R,Sheri Biggs,House,PBR,S,2025-03-18,2025-10-05
R,Sheri Biggs,House,PM,S,2025-03-19,2025-10-05
R,Sheri Biggs,House,PIAIF,S,2025-03-18,2025-10-05
R,Sheri Biggs,House,PTAIY,S,2025-03-19,2025-10-05
R,Sheri Biggs,House,PPERY,S,2025-03-18,2025-10-05
R,Sheri Biggs,House,TLK,S,2025-03-18,2025-10-05
R,Sheri Biggs,House,PUTKY,S,2025-03-18,2025-10-05
R,Sheri Biggs,House,SLLDY,S,2025-03-18,2025-10-05
R,Sheri Biggs,House,SLB,S,2025-03-18,2025-10-05
R,Sheri Biggs,House,SHG,S,2025-03-18,2025-10-05
R,Sheri Biggs,House,SHTDY,S,2025-03-18,2025-10-05
R,Sheri Biggs,House,SQM,P,2025-09-18,2025-10-05
R,Sheri Biggs,House,SGBLY,S,2025-03-18,2025-10-05
R,Sheri Biggs,House,SBUX,S,2025-03-19,2025-10-05
R,Sheri Biggs,House,TSM,S,2025-03-18,2025-10-05
R,Sheri Biggs,House,TEL,S,2025-03-19,2025-10-05
R,Sheri Biggs,House,TCEHY,S,2025-03-18,2025-10-05
R,Sheri Biggs,House,TX,S,2025-03-18,2025-10-05
R,Sheri Biggs,House,TXN,S,2025-03-19,2025-10-05
R,Sheri Biggs,House,TCYMY,S,2025-03-18,2025-10-05
R,Sheri Biggs,House,UL,S,2025-03-18,2025-10-05
R,Sheri Biggs,House,UPS,S,2025-03-19,2025-10-05
R,Sheri Biggs,House,VALE,P,2025-03-19,2025-10-05
R,Sheri Biggs,House,PETRY,S,2025-03-18,2025-10-05
R,Sheri Biggs,House,VDMCY,S,2025-03-18,2025-10-05
R,Rob Bresnahan,House,AAON,S,2025-01-13,2025-02-13
R,Rob Bresnahan,House,ACN,S,2025-01-13,2025-02-13
R,Rob Bresnahan,House,ADBE,S,2025-01-13,2025-02-13
R,Rob Bresnahan,House,WMS,S,2025-01-13,2025-02-13
R,Rob Bresnahan,House,AMD,S,2025-01-13,2025-02-13
R,Rob Bresnahan,House,BABA,P,2025-01-29,2025-02-13
R,Rob Bresnahan,House,BABA,P,2025-01-30,2025-02-13
R,Rob Bresnahan,House,GOOG,S,2025-01-21,2025-02-13
R,Rob Bresnahan,House,GOOG,S,2025-01-13,2025-02-13
R,Rob Bresnahan,House,ANSS,S,2025-01-13,2025-02-13
R,Rob Bresnahan,House,APPF,S,2025-01-13,2025-02-13
R,Rob Bresnahan,House,ANET,S,2025-01-13,2025-02-13
R,Rob Bresnahan,House,TEAM,P,2025-01-28,2025-02-13
R,Rob Bresnahan,House,AXON,S,2025-01-13,2025-02-13
R,Rob Bresnahan,House,BRK.B,S,2025-01-15,2025-02-13
R,Rob Bresnahan,House,BRK.B,P,2025-01-13,2025-02-13
R,Rob Bresnahan,House,BRK.B,S,2025-01-13,2025-02-13
R,Rob Bresnahan,House,BERY,S,2025-01-13,2025-02-13
R,Rob Bresnahan,House,BAH,S,2025-01-13,2025-02-13
R,Rob Bresnahan,House,AVGO,S,2025-01-28,2025-02-13
R,Rob Bresnahan,House,BR,S,2025-01-13,2025-02-13
R,Rob Bresnahan,House,BRO,S,2025-01-13,2025-02-13
R,Rob Bresnahan,House,CDNS,S,2025-01-13,2025-02-13
R,Rob Bresnahan,House,CDW,S,2025-01-13,2025-02-13
R,Rob Bresnahan,House,CVX,S,2025-01-13,2025-02-13
R,Rob Bresnahan,House,CMG,S,2025-01-13,2025-02-13
R,Rob Bresnahan,House,CHDN,S,2025-01-13,2025-02-13
R,Rob Bresnahan,House,CLH,S,2025-01-13,2025-02-13
R,Rob Bresnahan,House,FIX,S,2025-01-21,2025-02-13
R,Rob Bresnahan,House,CRDO,S,2025-01-29,2025-02-13
R,Rob Bresnahan,House,CRWD,P,2025-01-28,2025-02-13
R,Rob Bresnahan,House,CRWD,S,2025-01-13,2025-02-13
R,Rob Bresnahan,House,DRI,S,2025-01-13,2025-02-13
R,Rob Bresnahan,House,DECK,S,2025-01-13,2025-02-13
R,Rob Bresnahan,House,DBX,S,2025-01-13,2025-02-13
R,Rob Bresnahan,House,ELF,S,2025-01-13,2025-02-13
R,Rob Bresnahan,House,ELV,S,2025-01-13,2025-02-13
R,Rob Bresnahan,House,EME,S,2025-01-13,2025-02-13
R,Rob Bresnahan,House,FTNT,S,2025-01-13,2025-02-13
R,Rob Bresnahan,House,GDDY,S,2025-01-13,2025-02-13
R,Rob Bresnahan,House,GPK,S,2025-01-13,2025-02-13
R,Rob Bresnahan,House,HQY,S,2025-01-13,2025-02-13
R,Rob Bresnahan,House,HEI,S,2025-01-13,2025-02-13
R,Rob Bresnahan,House,IR,S,2025-01-13,2025-02-13
R,Rob Bresnahan,House,IBP,S,2025-01-13,2025-02-13
R,Rob Bresnahan,House,INTC,P,2025-02-03,2025-02-13
R,Rob Bresnahan,House,ICE,S,2025-01-13,2025-02-13
R,Rob Bresnahan,House,INTU,S,2025-01-13,2025-02-13
R,Rob Bresnahan,House,LRCX,P,2025-01-16,2025-02-13
R,Rob Bresnahan,House,LW,S,2025-01-13,2025-02-13
R,Rob Bresnahan,House,LIN,S,2025-01-13,2025-02-13
R,Rob Bresnahan,House,LOW,S,2025-02-07,2025-02-13
R,Rob Bresnahan,House,LULU,S,2025-01-13,2025-02-13
R,Rob Bresnahan,House,MANH,S,2025-01-13,2025-02-13
R,Rob Bresnahan,House,MANH,S,2025-01-29,2025-02-13
R,Rob Bresnahan,House,MA,S,2025-01-13,2025-02-13
R,Rob Bresnahan,House,MEDP,S,2025-01-13,2025-02-13
R,Rob Bresnahan,House,META,S,2025-01-29,2025-02-13
R,Rob Bresnahan,House,MSFT,S,2025-01-13,2025-02-13
R,Rob Bresnahan,House,MSFT,S,2025-01-30,2025-02-13
R,Rob Bresnahan,House,MOH,S,2025-01-13,2025-02-13
R,Rob Bresnahan,House,MPWR,S,2025-01-13,2025-02-13
R,Rob Bresnahan,House,MSCI,S,2025-01-13,2025-02-13
R,Rob Bresnahan,House,NFLX,S,2025-01-13,2025-02-13
R,Rob Bresnahan,House,NTNX,S,2025-01-13,2025-02-13
R,Rob Bresnahan,House,NVDA,S,2025-01-29,2025-02-13
R,Rob Bresnahan,House,PCAR,S,2025-01-13,2025-02-13
R,Rob Bresnahan,House,PAYX,S,2025-01-13,2025-02-13
R,Rob Bresnahan,House,PCTY,S,2025-01-13,2025-02-13
R,Rob Bresnahan,House,PFGC,S,2025-01-13,2025-02-13
R,Rob Bresnahan,House,PSTG,S,2025-01-13,2025-02-13
R,Rob Bresnahan,House,PWR,S,2025-01-13,2025-02-13
R,Rob Bresnahan,House,RMD,S,2025-01-13,2025-02-13
R,Rob Bresnahan,House,HOOD,S,2025-01-29,2025-02-13
R,Rob Bresnahan,House,RCL,S,2025-01-13,2025-02-13
R,Rob Bresnahan,House,SAIA,S,2025-01-13,2025-02-13
R,Rob Bresnahan,House,CRM,S,2025-01-21,2025-02-13
R,Rob Bresnahan,House,CRM,S,2025-01-13,2025-02-13
R,Rob Bresnahan,House,SBAC,S,2025-01-13,2025-02-13
R,Rob Bresnahan,House,NOW,S,2025-01-13,2025-02-13
R,Rob Bresnahan,House,NOW,P,2025-02-03,2025-02-13
R,Rob Bresnahan,House,SMCI,S,2025-01-13,2025-02-13
R,Rob Bresnahan,House,SNPS,S,2025-01-13,2025-02-13
R,Rob Bresnahan,House,TTWO,P,2025-02-03,2025-02-13
R,Rob Bresnahan,House,CI,S,2025-01-13,2025-02-13
R,Rob Bresnahan,House,TDG,S,2025-01-13,2025-02-13
R,Rob Bresnahan,House,URI,S,2025-01-13,2025-02-13
R,Rob Bresnahan,House,UNH,S,2025-01-13,2025-02-13
R,Rob Bresnahan,House,DIS,S,2025-01-13,2025-02-13
R,Rob Bresnahan,House,WAB,S,2025-01-21,2025-02-13
R,Rob Bresnahan,House,WSC,S,2025-01-13,2025-02-13
R,Rob Bresnahan,House,ZM,P,2025-01-28,2025-02-13
R,Rob Bresnahan,House,ZS,S,2025-01-13,2025-02-13
R,Rob Bresnahan,House,BABA,P,2025-02-10,2025-03-07
R,Rob Bresnahan,House,ANET,S,2025-02-13,2025-03-07
R,Rob Bresnahan,House,NET,P,2025-02-10,2025-03-07
R,Rob Bresnahan,House,MTSI,P,2025-02-10,2025-03-07
R,Rob Bresnahan,House,MSFT,S,2025-02-10,2025-03-07
R,Rob Bresnahan,House,MNDY,P,2025-02-11,2025-03-07
R,Rob Bresnahan,House,ON,S,2025-02-11,2025-03-07
R,Rob Bresnahan,House,SNOW,P,2025-02-13,2025-03-07
R,Rob Bresnahan,House,SNOW,P,2025-02-12,2025-03-07
R,Rob Bresnahan,House,TTWO,P,2025-02-10,2025-03-07
R,Rob Bresnahan,House,TTD,S,2025-02-10,2025-03-07
R,Rob Bresnahan,House,BABA,P,2025-02-21,2025-03-10
R,Rob Bresnahan,House,ALAB,S,2025-02-18,2025-03-10
R,Rob Bresnahan,House,INTC,P,2025-02-20,2025-03-10
R,Rob Bresnahan,House,INTC,P,2025-02-14,2025-03-10
R,Rob Bresnahan,House,META,S,2025-02-20,2025-03-10
R,Rob Bresnahan,House,ORCL,S,2025-02-14,2025-03-10
R,Rob Bresnahan,House,RDDT,P,2025-02-14,2025-03-10
R,Rob Bresnahan,House,HOOD,S,2025-02-20,2025-03-10
R,Rob Bresnahan,House,AOS,S,2025-02-25,2025-03-27
R,Rob Bresnahan,House,ABBV,P,2025-02-25,2025-03-27
R,Rob Bresnahan,House,ADBE,S,2025-02-25,2025-03-27
R,Rob Bresnahan,House,ABNB,P,2025-02-25,2025-03-27
R,Rob Bresnahan,House,ARE,P,2025-02-25,2025-03-27
R,Rob Bresnahan,House,BABA,P,2025-02-25,2025-03-27
R,Rob Bresnahan,House,BABA,P,2025-03-03,2025-03-27
R,Rob Bresnahan,House,BABA,S,2025-03-04,2025-03-27
R,Rob Bresnahan,House,ALGN,P,2025-02-25,2025-03-27
R,Rob Bresnahan,House,APP,S,2025-02-25,2025-03-27
R,Rob Bresnahan,House,APP,S,2025-02-26,2025-03-27
R,Rob Bresnahan,House,ACGL,S,2025-02-25,2025-03-27
R,Rob Bresnahan,House,ALAB,S,2025-02-27,2025-03-27
R,Rob Bresnahan,House,AVY,S,2025-02-25,2025-03-27
R,Rob Bresnahan,House,BIIB,P,2025-02-25,2025-03-27
R,Rob Bresnahan,House,TECH,P,2025-02-25,2025-03-27
R,Rob Bresnahan,House,CPB,P,2025-02-25,2025-03-27
R,Rob Bresnahan,House,CAT,S,2025-02-25,2025-03-27
R,Rob Bresnahan,House,CMCSA,P,2025-02-25,2025-03-27
R,Rob Bresnahan,House,CAG,S,2025-02-25,2025-03-27
R,Rob Bresnahan,House,COP,S,2025-02-25,2025-03-27
R,Rob Bresnahan,House,CRDO,S,2025-03-06,2025-03-27
R,Rob Bresnahan,House,CRDO,S,2025-03-04,2025-03-27
R,Rob Bresnahan,House,CVS,S,2025-02-25,2025-03-27
R,Rob Bresnahan,House,DHI,S,2025-02-25,2025-03-27
R,Rob Bresnahan,House,DHR,S,2025-02-25,2025-03-27
R,Rob Bresnahan,House,SRE,S,2025-02-25,2025-03-27
R,Rob Bresnahan,House,DE,P,2025-02-25,2025-03-27
R,Rob Bresnahan,House,DXCM,P,2025-02-25,2025-03-27
R,Rob Bresnahan,House,DG,P,2025-02-25,2025-03-27
R,Rob Bresnahan,House,ETN,S,2025-02-25,2025-03-27
R,Rob Bresnahan,House,EMR,P,2025-02-25,2025-03-27
R,Rob Bresnahan,House,EOG,P,2025-02-25,2025-03-27
R,Rob Bresnahan,House,EXR,S,2025-02-25,2025-03-27
R,Rob Bresnahan,House,XOM,S,2025-02-25,2025-03-27
R,Rob Bresnahan,House,FSLR,S,2025-02-25,2025-03-27
R,Rob Bresnahan,House,F,S,2025-02-25,2025-03-27
R,Rob Bresnahan,House,FCX,S,2025-02-25,2025-03-27
R,Rob Bresnahan,House,GEHC,P,2025-02-25,2025-03-27
R,Rob Bresnahan,House,HAL,P,2025-02-25,2025-03-27
R,Rob Bresnahan,House,HCA,S,2025-02-25,2025-03-27
R,Rob Bresnahan,House,HUM,P,2025-02-25,2025-03-27
R,Rob Bresnahan,House,IDXX,P,2025-02-25,2025-03-27
R,Rob Bresnahan,House,IR,S,2025-02-25,2025-03-27
R,Rob Bresnahan,House,INTC,P,2025-03-03,2025-03-27
R,Rob Bresnahan,House,INTC,P,2025-02-26,2025-03-27
R,Rob Bresnahan,House,INTU,P,2025-02-25,2025-03-27
R,Rob Bresnahan,House,INTU,P,2025-03-07,2025-03-27
R,Rob Bresnahan,House,IQV,S,2025-02-25,2025-03-27
R,Rob Bresnahan,House,LH,P,2025-02-25,2025-03-27
R,Rob Bresnahan,House,LIN,S,2025-02-25,2025-03-27
R,Rob Bresnahan,House,LMT,S,2025-02-25,2025-03-27
R,Rob Bresnahan,House,LULU,P,2025-02-25,2025-03-27
R,Rob Bresnahan,House,MDT,P,2025-02-25,2025-03-27
R,Rob Bresnahan,House,MRK,S,2025-02-25,2025-03-27
R,Rob Bresnahan,House,META,P,2025-03-04,2025-03-27
R,Rob Bresnahan,House,MSFT,S,2025-02-25,2025-03-27
R,Rob Bresnahan,House,MRNA,P,2025-02-25,2025-03-27
R,Rob Bresnahan,House,MDLZ,P,2025-02-25,2025-03-27
R,Rob Bresnahan,House,NDSN,S,2025-02-25,2025-03-27
R,Rob Bresnahan,House,NVDA,S,2025-02-25,2025-03-27
R,Rob Bresnahan,House,NVDA,S,2025-03-03,2025-03-27
R,Rob Bresnahan,House,NVDA,P,2025-02-26,2025-03-27
R,Rob Bresnahan,House,OXY,P,2025-02-25,2025-03-27
R,Rob Bresnahan,House,ODFL,S,2025-02-25,2025-03-27
R,Rob Bresnahan,House,ON,S,2025-02-25,2025-03-27
R,Rob Bresnahan,House,ORCL,S,2025-02-27,2025-03-27
R,Rob Bresnahan,House,PLTR,S,2025-02-26,2025-03-27
R,Rob Bresnahan,House,PLTR,S,2025-02-25,2025-03-27
R,Rob Bresnahan,House,PLTR,P,2025-02-25,2025-03-27
R,Rob Bresnahan,House,PFE,S,2025-02-25,2025-03-27
R,Rob Bresnahan,House,PWR,P,2025-02-25,2025-03-27
R,Rob Bresnahan,House,REGN,S,2025-02-25,2025-03-27
R,Rob Bresnahan,House,RVTY,P,2025-02-25,2025-03-27
R,Rob Bresnahan,House,ROK,P,2025-02-25,2025-03-27
R,Rob Bresnahan,House,SLB,P,2025-02-25,2025-03-27
R,Rob Bresnahan,House,SE,P,2025-03-05,2025-03-27
R,Rob Bresnahan,House,SNOW,P,2025-03-03,2025-03-27
R,Rob Bresnahan,House,SNOW,P,2025-02-26,2025-03-27
R,Rob Bresnahan,House,SMCI,P,2025-02-25,2025-03-27
R,Rob Bresnahan,House,TSM,S,2025-03-03,2025-03-27
R,Rob Bresnahan,House,TTWO,P,2025-03-03,2025-03-27
R,Rob Bresnahan,House,TFX,S,2025-02-25,2025-03-27
R,Rob Bresnahan,House,TSLA,S,2025-03-06,2025-03-27
R,Rob Bresnahan,House,TSLA,S,2025-02-27,2025-03-27
R,Rob Bresnahan,House,TXT,S,2025-02-25,2025-03-27
R,Rob Bresnahan,House,AES,P,2025-02-25,2025-03-27
R,Rob Bresnahan,House,CI,S,2025-02-25,2025-03-27
R,Rob Bresnahan,House,HSY,P,2025-02-25,2025-03-27
R,Rob Bresnahan,House,KHC,P,2025-02-25,2025-03-27
R,Rob Bresnahan,House,TTD,P,2025-02-26,2025-03-27
R,Rob Bresnahan,House,TMO,S,2025-02-25,2025-03-27
R,Rob Bresnahan,House,TWLO,P,2025-02-25,2025-03-27
R,Rob Bresnahan,House,TWLO,P,2025-03-04,2025-03-27
R,Rob Bresnahan,House,UBER,S,2025-02-25,2025-03-27
R,Rob Bresnahan,House,UPS,S,2025-02-25,2025-03-27
R,Rob Bresnahan,House,URI,S,2025-02-25,2025-03-27
R,Rob Bresnahan,House,UNH,S,2025-02-25,2025-03-27
R,Rob Bresnahan,House,VTRS,P,2025-02-25,2025-03-27
R,Rob Bresnahan,House,GWW,P,2025-02-25,2025-03-27
R,Rob Bresnahan,House,WAT,P,2025-02-25,2025-03-27
R,Rob Bresnahan,House,WST,P,2025-02-25,2025-03-27
R,Rob Bresnahan,House,WY,P,2025-02-25,2025-03-27
R,Rob Bresnahan,House,ZTS,S,2025-02-25,2025-03-27
R,Rob Bresnahan,House,ZM,P,2025-02-25,2025-03-27
R,Rob Bresnahan,House,ZM,P,2025-03-04,2025-03-27
R,Rob Bresnahan,House,AVGO,S,2025-03-11,2025-04-09
R,Rob Bresnahan,House,CDNS,P,2025-03-17,2025-04-09
R,Rob Bresnahan,House,INTC,P,2025-03-13,2025-04-09
R,Rob Bresnahan,House,IBM,P,2025-03-11,2025-04-09
R,Rob Bresnahan,House,IBM,P,2025-03-10,2025-04-09
R,Rob Bresnahan,House,MELI,P,2025-03-10,2025-04-09
R,Rob Bresnahan,House,NU,P,2025-03-10,2025-04-09
R,Rob Bresnahan,House,ORCL,S,2025-03-11,2025-04-09
R,Rob Bresnahan,House,RDDT,S,2025-03-11,2025-04-09
R,Rob Bresnahan,House,HOOD,S,2025-03-11,2025-04-09
R,Rob Bresnahan,House,SBAC,P,2025-03-11,2025-04-09
R,Rob Bresnahan,House,SE,P,2025-03-11,2025-04-09
R,Rob Bresnahan,House,NOW,P,2025-03-13,2025-04-09
R,Rob Bresnahan,House,TXN,P,2025-03-10,2025-04-09
R,Rob Bresnahan,House,UBER,P,2025-03-10,2025-04-09
R,Rob Bresnahan,House,AMZN,S,2025-04-03,2025-04-22
R,Rob Bresnahan,House,NET,S,2025-04-04,2025-04-22
R,Rob Bresnahan,House,IBM,P,2025-03-26,2025-04-22
R,Rob Bresnahan,House,INTU,P,2025-04-01,2025-04-22
R,Rob Bresnahan,House,META,S,2025-04-02,2025-04-22
R,Rob Bresnahan,House,MSFT,P,2025-04-03,2025-04-22
R,Rob Bresnahan,House,MNDY,P,2025-04-01,2025-04-22
R,Rob Bresnahan,House,OKTA,P,2025-04-04,2025-04-22
R,Rob Bresnahan,House,RDDT,S,2025-04-04,2025-04-22
R,Rob Bresnahan,House,HOOD,S,2025-04-03,2025-04-22
R,Rob Bresnahan,House,SNDK,S,2025-04-04,2025-04-22
R,Rob Bresnahan,House,SHOP,S,2025-04-03,2025-04-22
R,Rob Bresnahan,House,TSLA,S,2025-03-31,2025-04-22
R,Rob Bresnahan,House,TXN,P,2025-03-31,2025-04-22
R,Rob Bresnahan,House,TXN,P,2025-03-26,2025-04-22
R,Rob Bresnahan,House,ACN,S,2025-04-08,2025-04-28
R,Rob Bresnahan,House,AMD,S,2025-04-08,2025-04-28
R,Rob Bresnahan,House,A,S,2025-04-08,2025-04-28
R,Rob Bresnahan,House,ABNB,S,2025-04-08,2025-04-28
R,Rob Bresnahan,House,GOOGL,S,2025-04-08,2025-04-28
R,Rob Bresnahan,House,AMCR,S,2025-04-08,2025-04-28
R,Rob Bresnahan,House,AAPL,S,2025-04-08,2025-04-28
R,Rob Bresnahan,House,ANET,S,2025-04-08,2025-04-28
R,Rob Bresnahan,House,BDX,S,2025-04-08,2025-04-28
R,Rob Bresnahan,House,BBY,S,2025-04-08,2025-04-28
R,Rob Bresnahan,House,CSX,S,2025-04-08,2025-04-28
R,Rob Bresnahan,House,DE,S,2025-04-08,2025-04-28
R,Rob Bresnahan,House,DXCM,S,2025-04-08,2025-04-28
R,Rob Bresnahan,House,EIX,S,2025-04-08,2025-04-28
R,Rob Bresnahan,House,LLY,S,2025-04-08,2025-04-28
R,Rob Bresnahan,House,EMR,S,2025-04-08,2025-04-28
R,Rob Bresnahan,House,EOG,S,2025-04-08,2025-04-28
R,Rob Bresnahan,House,FDX,S,2025-04-08,2025-04-28
R,Rob Bresnahan,House,GEHC,S,2025-04-08,2025-04-28
R,Rob Bresnahan,House,GNRC,S,2025-04-08,2025-04-28
R,Rob Bresnahan,House,GIS,S,2025-04-08,2025-04-28
R,Rob Bresnahan,House,HPQ,S,2025-04-08,2025-04-28
R,Rob Bresnahan,House,IDXX,S,2025-04-08,2025-04-28
R,Rob Bresnahan,House,IVZ,S,2025-04-08,2025-04-28
R,Rob Bresnahan,House,JNJ,S,2025-04-08,2025-04-28
R,Rob Bresnahan,House,KMB,S,2025-04-08,2025-04-28
R,Rob Bresnahan,House,LEN,S,2025-04-08,2025-04-28
R,Rob Bresnahan,House,LULU,S,2025-04-08,2025-04-28
R,Rob Bresnahan,House,MA,S,2025-04-08,2025-04-28
R,Rob Bresnahan,House,MKC,S,2025-04-08,2025-04-28
R,Rob Bresnahan,House,MDT,S,2025-04-08,2025-04-28
R,Rob Bresnahan,House,MTD,S,2025-04-08,2025-04-28
R,Rob Bresnahan,House,NSC,S,2025-04-08,2025-04-28
R,Rob Bresnahan,House,OXY,S,2025-04-08,2025-04-28
R,Rob Bresnahan,House,PG,S,2025-04-08,2025-04-28
R,Rob Bresnahan,House,QCOM,S,2025-04-08,2025-04-28
R,Rob Bresnahan,House,ROK,S,2025-04-08,2025-04-28
R,Rob Bresnahan,House,SNPS,S,2025-04-08,2025-04-28
R,Rob Bresnahan,House,TGT,S,2025-04-08,2025-04-28
R,Rob Bresnahan,House,TXN,S,2025-04-08,2025-04-28
R,Rob Bresnahan,House,HSY,S,2025-04-08,2025-04-28
R,Rob Bresnahan,House,KHC,S,2025-04-08,2025-04-28
R,Rob Bresnahan,House,TMO,S,2025-04-08,2025-04-28
R,Rob Bresnahan,House,VLO,S,2025-04-08,2025-04-28
R,Rob Bresnahan,House,ZBRA,S,2025-04-08,2025-04-28
R,Rob Bresnahan,House,ZTS,S,2025-04-08,2025-04-28
R,Rob Bresnahan,House,ABBV,S,2025-04-08,2025-05-08
R,Rob Bresnahan,House,ADBE,P,2025-04-08,2025-05-08
R,Rob Bresnahan,House,ALGN,S,2025-04-08,2025-05-08
R,Rob Bresnahan,House,AMZN,P,2025-04-08,2025-05-08
R,Rob Bresnahan,House,AEE,P,2025-04-08,2025-05-08
R,Rob Bresnahan,House,AMT,P,2025-04-08,2025-05-08
R,Rob Bresnahan,House,AMGN,S,2025-04-08,2025-05-08
R,Rob Bresnahan,House,APH,P,2025-04-08,2025-05-08
R,Rob Bresnahan,House,ADI,P,2025-04-08,2025-05-08
R,Rob Bresnahan,House,AMAT,S,2025-04-08,2025-05-08
R,Rob Bresnahan,House,ADM,P,2025-04-08,2025-05-08
R,Rob Bresnahan,House,AVY,S,2025-04-08,2025-05-08
R,Rob Bresnahan,House,BAC,S,2025-04-08,2025-05-08
R,Rob Bresnahan,House,BIIB,S,2025-04-08,2025-05-08
R,Rob Bresnahan,House,TECH,S,2025-04-08,2025-05-08
R,Rob Bresnahan,House,BR,P,2025-04-08,2025-05-08
R,Rob Bresnahan,House,CAH,P,2025-04-08,2025-05-08
R,Rob Bresnahan,House,CAT,S,2025-04-08,2025-05-08
R,Rob Bresnahan,House,CDW,P,2025-04-08,2025-05-08
R,Rob Bresnahan,House,CNC,P,2025-04-08,2025-05-08
R,Rob Bresnahan,House,CRL,P,2025-04-08,2025-05-08
R,Rob Bresnahan,House,CHTR,P,2025-04-08,2025-05-08
R,Rob Bresnahan,House,CVX,S,2025-04-08,2025-05-08
R,Rob Bresnahan,House,NET,S,2025-04-08,2025-05-08
R,Rob Bresnahan,House,CME,P,2025-04-08,2025-05-08
R,Rob Bresnahan,House,CMCSA,P,2025-04-08,2025-05-08
R,Rob Bresnahan,House,CAG,S,2025-04-08,2025-05-08
R,Rob Bresnahan,House,COP,S,2025-04-08,2025-05-08
R,Rob Bresnahan,House,STZ,P,2025-04-08,2025-05-08
R,Rob Bresnahan,House,GLW,P,2025-04-08,2025-05-08
R,Rob Bresnahan,House,DHI,P,2025-04-08,2025-05-08
R,Rob Bresnahan,House,DHR,P,2025-04-08,2025-05-08
R,Rob Bresnahan,House,DRI,P,2025-04-08,2025-05-08
R,Rob Bresnahan,House,SRE,P,2025-04-08,2025-05-08
R,Rob Bresnahan,House,DELL,P,2025-04-08,2025-05-08
R,Rob Bresnahan,House,DAL,P,2025-04-08,2025-05-08
R,Rob Bresnahan,House,DVN,P,2025-04-08,2025-05-08
R,Rob Bresnahan,House,FANG,S,2025-04-08,2025-05-08
R,Rob Bresnahan,House,DASH,P,2025-04-08,2025-05-08
R,Rob Bresnahan,House,DOV,P,2025-04-08,2025-05-08
R,Rob Bresnahan,House,EW,P,2025-04-08,2025-05-08
R,Rob Bresnahan,House,EA,S,2025-04-08,2025-05-08
R,Rob Bresnahan,House,EQT,P,2025-04-08,2025-05-08
R,Rob Bresnahan,House,EFX,P,2025-04-08,2025-05-08
R,Rob Bresnahan,House,XOM,P,2025-04-08,2025-05-08
R,Rob Bresnahan,House,FSLR,S,2025-04-08,2025-05-08
R,Rob Bresnahan,House,F,P,2025-04-08,2025-05-08
R,Rob Bresnahan,House,FTV,P,2025-04-08,2025-05-08
R,Rob Bresnahan,House,GD,S,2025-04-08,2025-05-08
R,Rob Bresnahan,House,GM,P,2025-04-08,2025-05-08
R,Rob Bresnahan,House,GDDY,P,2025-04-08,2025-05-08
R,Rob Bresnahan,House,HSIC,P,2025-04-08,2025-05-08
R,Rob Bresnahan,House,HON,S,2025-04-08,2025-05-08
R,Rob Bresnahan,House,HBAN,S,2025-04-08,2025-05-08
R,Rob Bresnahan,House,IR,P,2025-04-08,2025-05-08
R,Rob Bresnahan,House,IQV,P,2025-04-08,2025-05-08
R,Rob Bresnahan,House,KEYS,P,2025-04-08,2025-05-08
R,Rob Bresnahan,House,KKR,S,2025-04-08,2025-05-08
R,Rob Bresnahan,House,LH,S,2025-04-08,2025-05-08
R,Rob Bresnahan,House,LRCX,S,2025-04-08,2025-05-08
R,Rob Bresnahan,House,LIN,S,2025-04-08,2025-05-08
R,Rob Bresnahan,House,LOW,S,2025-04-08,2025-05-08
R,Rob Bresnahan,House,MPC,S,2025-04-08,2025-05-08
R,Rob Bresnahan,House,MRK,P,2025-04-08,2025-05-08
R,Rob Bresnahan,House,META,S,2025-04-17,2025-05-08
R,Rob Bresnahan,House,MCHP,P,2025-04-08,2025-05-08
R,Rob Bresnahan,House,MU,S,2025-04-08,2025-05-08
R,Rob Bresnahan,House,MSFT,P,2025-04-08,2025-05-08
R,Rob Bresnahan,House,MRNA,S,2025-04-08,2025-05-08
R,Rob Bresnahan,House,MPWR,P,2025-04-08,2025-05-08
R,Rob Bresnahan,House,MSCI,P,2025-04-08,2025-05-08
R,Rob Bresnahan,House,NEE,P,2025-04-08,2025-05-08
R,Rob Bresnahan,House,NDSN,P,2025-04-08,2025-05-08
R,Rob Bresnahan,House,NXPI,P,2025-04-08,2025-05-08
R,Rob Bresnahan,House,OKTA,P,2025-04-08,2025-05-08
R,Rob Bresnahan,House,ODFL,P,2025-04-08,2025-05-08
R,Rob Bresnahan,House,OMC,S,2025-04-08,2025-05-08
R,Rob Bresnahan,House,ORCL,S,2025-04-08,2025-05-08
R,Rob Bresnahan,House,PCAR,P,2025-04-08,2025-05-08
R,Rob Bresnahan,House,PLTR,P,2025-04-08,2025-05-08
R,Rob Bresnahan,House,PYPL,P,2025-04-08,2025-05-08
R,Rob Bresnahan,House,PTC,P,2025-04-08,2025-05-08
R,Rob Bresnahan,House,RDDT,S,2025-04-08,2025-05-08
R,Rob Bresnahan,House,REGN,S,2025-04-08,2025-05-08
R,Rob Bresnahan,House,RVTY,S,2025-04-08,2025-05-08
R,Rob Bresnahan,House,RCL,P,2025-04-08,2025-05-08
R,Rob Bresnahan,House,SPGI,P,2025-04-08,2025-05-08
R,Rob Bresnahan,House,SNDK,S,2025-04-08,2025-05-08
R,Rob Bresnahan,House,STX,S,2025-04-08,2025-05-08
R,Rob Bresnahan,House,SYK,S,2025-04-08,2025-05-08
R,Rob Bresnahan,House,SMCI,S,2025-04-08,2025-05-08
R,Rob Bresnahan,House,TTWO,P,2025-04-08,2025-05-08
R,Rob Bresnahan,House,TEL,P,2025-04-08,2025-05-08
R,Rob Bresnahan,House,TDY,P,2025-04-08,2025-05-08
R,Rob Bresnahan,House,TSLA,P,2025-04-08,2025-05-08
R,Rob Bresnahan,House,TPL,P,2025-04-08,2025-05-08
R,Rob Bresnahan,House,TSCO,S,2025-04-08,2025-05-08
R,Rob Bresnahan,House,TFC,S,2025-04-08,2025-05-08
R,Rob Bresnahan,House,UNP,P,2025-04-08,2025-05-08
R,Rob Bresnahan,House,UPS,P,2025-04-08,2025-05-08
R,Rob Bresnahan,House,URI,P,2025-04-08,2025-05-08
R,Rob Bresnahan,House,UNH,P,2025-04-08,2025-05-08
R,Rob Bresnahan,House,VZ,P,2025-04-08,2025-05-08
R,Rob Bresnahan,House,VTRS,S,2025-04-08,2025-05-08
R,Rob Bresnahan,House,DIS,P,2025-04-08,2025-05-08
R,Rob Bresnahan,House,WAT,S,2025-04-08,2025-05-08
R,Rob Bresnahan,House,WEC,P,2025-04-08,2025-05-08
R,Rob Bresnahan,House,WST,S,2025-04-08,2025-05-08
R,Rob Bresnahan,House,WDC,S,2025-04-11,2025-05-08
R,Rob Bresnahan,House,WDAY,P,2025-04-08,2025-05-08
R,Rob Bresnahan,House,ZBH,P,2025-04-08,2025-05-08
R,Rob Bresnahan,House,GOOG,P,2025-04-11,2025-05-11
R,Rob Bresnahan,House,META,S,2025-04-17,2025-05-11
R,Rob Bresnahan,House,NVDA,P,2025-04-11,2025-05-11
R,Rob Bresnahan,House,TXN,P,2025-04-11,2025-05-11
R,Rob Bresnahan,House,NFLX,S,2025-04-17,2025-05-12
R,Rob Bresnahan,House,AMD,P,2025-05-15,2025-05-31
R,Rob Bresnahan,House,A,P,2025-05-15,2025-05-31
R,Rob Bresnahan,House,GOOG,S,2025-05-08,2025-05-31
R,Rob Bresnahan,House,GOOG,S,2025-05-07,2025-05-31
R,Rob Bresnahan,House,AMCR,P,2025-05-15,2025-05-31
R,Rob Bresnahan,House,CAT,S,2025-05-01,2025-05-31
R,Rob Bresnahan,House,CRL,S,2025-05-15,2025-05-31
R,Rob Bresnahan,House,COP,P,2025-05-15,2025-05-31
R,Rob Bresnahan,House,CSGP,S,2025-05-15,2025-05-31
R,Rob Bresnahan,House,CVS,S,2025-05-15,2025-05-31
R,Rob Bresnahan,House,DHR,S,2025-05-15,2025-05-31
R,Rob Bresnahan,House,ELV,S,2025-05-15,2025-05-31
R,Rob Bresnahan,House,XOM,S,2025-05-15,2025-05-31
R,Rob Bresnahan,House,GEHC,P,2025-05-15,2025-05-31
R,Rob Bresnahan,House,GIS,P,2025-05-15,2025-05-31
R,Rob Bresnahan,House,INCY,S,2025-05-15,2025-05-31
R,Rob Bresnahan,House,IFF,S,2025-05-15,2025-05-31
R,Rob Bresnahan,House,IQV,S,2025-05-15,2025-05-31
R,Rob Bresnahan,House,KMB,S,2025-05-15,2025-05-31
R,Rob Bresnahan,House,LH,P,2025-05-15,2025-05-31
R,Rob Bresnahan,House,MPC,P,2025-05-15,2025-05-31
R,Rob Bresnahan,House,MDT,P,2025-05-15,2025-05-31
R,Rob Bresnahan,House,MRK,S,2025-05-15,2025-05-31
R,Rob Bresnahan,House,MTD,P,2025-05-15,2025-05-31
R,Rob Bresnahan,House,NVDA,P,2025-05-09,2025-05-31
R,Rob Bresnahan,House,OXY,P,2025-05-15,2025-05-31
R,Rob Bresnahan,House,PFE,S,2025-05-15,2025-05-31
R,Rob Bresnahan,House,HOOD,P,2025-05-15,2025-05-31
R,Rob Bresnahan,House,SLB,S,2025-05-15,2025-05-31
R,Rob Bresnahan,House,TXN,P,2025-05-15,2025-05-31
R,Rob Bresnahan,House,HSY,P,2025-05-15,2025-05-31
R,Rob Bresnahan,House,KHC,P,2025-05-15,2025-05-31
R,Rob Bresnahan,House,TMO,P,2025-05-15,2025-05-31
R,Rob Bresnahan,House,UNH,S,2025-05-15,2025-05-31
R,Rob Bresnahan,House,WEC,S,2025-05-15,2025-05-31
R,Rob Bresnahan,House,ZBH,S,2025-05-15,2025-05-31
R,Rob Bresnahan,House,ZTS,P,2025-05-15,2025-05-31
R,Rob Bresnahan,House,ABBV,P,2025-05-15,2025-06-09
R,Rob Bresnahan,House,APD,P,2025-05-15,2025-06-09
R,Rob Bresnahan,House,ARE,S,2025-05-15,2025-06-09
R,Rob Bresnahan,House,AEE,S,2025-05-15,2025-06-09
R,Rob Bresnahan,House,BAX,P,2025-05-15,2025-06-09
R,Rob Bresnahan,House,BDX,P,2025-05-15,2025-06-09
R,Rob Bresnahan,House,BIIB,P,2025-05-15,2025-06-09
R,Rob Bresnahan,House,CNC,S,2025-05-15,2025-06-09
R,Rob Bresnahan,House,ED,S,2025-05-15,2025-06-09
R,Rob Bresnahan,House,DXCM,P,2025-05-15,2025-06-09
R,Rob Bresnahan,House,DD,P,2025-05-15,2025-06-09
R,Rob Bresnahan,House,EMN,S,2025-05-15,2025-06-09
R,Rob Bresnahan,House,EA,S,2025-05-15,2025-06-09
R,Rob Bresnahan,House,EOG,P,2025-05-15,2025-06-09
R,Rob Bresnahan,House,GE,S,2025-05-15,2025-06-09
R,Rob Bresnahan,House,GD,S,2025-05-15,2025-06-09
R,Rob Bresnahan,House,HAL,S,2025-05-15,2025-06-09
R,Rob Bresnahan,House,DOC,S,2025-05-15,2025-06-09
R,Rob Bresnahan,House,HST,S,2025-05-15,2025-06-09
R,Rob Bresnahan,House,HUM,S,2025-05-15,2025-06-09
R,Rob Bresnahan,House,IDXX,P,2025-05-15,2025-06-09
R,Rob Bresnahan,House,JPM,P,2025-05-15,2025-06-09
R,Rob Bresnahan,House,LMT,P,2025-05-15,2025-06-09
R,Rob Bresnahan,House,LYB,P,2025-05-15,2025-06-09
R,Rob Bresnahan,House,MMC,S,2025-05-15,2025-06-09
R,Rob Bresnahan,House,META,P,2025-05-13,2025-06-09
R,Rob Bresnahan,House,MSFT,P,2025-05-09,2025-06-09
R,Rob Bresnahan,House,MOH,P,2025-05-15,2025-06-09
R,Rob Bresnahan,House,NFLX,S,2025-05-13,2025-06-09
R,Rob Bresnahan,House,NOC,S,2025-05-15,2025-06-09
R,Rob Bresnahan,House,NUE,S,2025-05-15,2025-06-09
R,Rob Bresnahan,House,NVDA,P,2025-05-12,2025-06-09
R,Rob Bresnahan,House,NVDA,P,2025-05-16,2025-06-09
R,Rob Bresnahan,House,NVDA,P,2025-05-13,2025-06-09
R,Rob Bresnahan,House,OKTA,P,2025-05-09,2025-06-09
R,Rob Bresnahan,House,ONTO,S,2025-05-12,2025-06-09
R,Rob Bresnahan,House,PPG,S,2025-05-15,2025-06-09
R,Rob Bresnahan,House,REGN,P,2025-05-15,2025-06-09
R,Rob Bresnahan,House,HOOD,P,2025-05-13,2025-06-09
R,Rob Bresnahan,House,TEM,P,2025-05-09,2025-06-09
R,Rob Bresnahan,House,TSLA,P,2025-05-12,2025-06-09
R,Rob Bresnahan,House,TSLA,P,2025-05-16,2025-06-09
R,Rob Bresnahan,House,TXN,P,2025-05-12,2025-06-09
R,Rob Bresnahan,House,COO,S,2025-05-15,2025-06-09
R,Rob Bresnahan,House,TTD,P,2025-05-09,2025-06-09
R,Rob Bresnahan,House,VLO,P,2025-05-15,2025-06-09
R,Rob Bresnahan,House,VEEV,S,2025-05-16,2025-06-09
R,Rob Bresnahan,House,WM,S,2025-05-15,2025-06-09
R,Rob Bresnahan,House,WAT,P,2025-05-15,2025-06-09
R,Rob Bresnahan,House,WAB,S,2025-05-15,2025-06-09
R,Rob Bresnahan,House,WY,S,2025-05-15,2025-06-09
R,Rob Bresnahan,House,MMM,S,2025-05-23,2025-06-23
R,Rob Bresnahan,House,ANET,S,2025-05-29,2025-06-23
R,Rob Bresnahan,House,CB,S,2025-06-13,2025-06-23
R,Rob Bresnahan,House,ESTC,S,2025-05-23,2025-06-23
R,Rob Bresnahan,House,GWRE,S,2025-05-23,2025-06-23
R,Rob Bresnahan,House,MCD,S,2025-06-02,2025-06-23
R,Rob Bresnahan,House,NU,S,2025-05-23,2025-06-23
R,Rob Bresnahan,House,NVDA,P,2025-05-29,2025-06-23
R,Rob Bresnahan,House,NVDA,P,2025-05-23,2025-06-23
R,Rob Bresnahan,House,OKTA,S,2025-05-29,2025-06-23
R,Rob Bresnahan,House,SNOW,P,2025-05-23,2025-06-23
R,Rob Bresnahan,House,TSLA,P,2025-05-23,2025-06-23
R,Rob Bresnahan,House,VEEV,P,2025-05-29,2025-06-23
R,Rob Bresnahan,House,AMZN,S,2025-06-23,2025-07-08
R,Rob Bresnahan,House,APP,P,2025-06-06,2025-07-08
R,Rob Bresnahan,House,TEAM,S,2025-06-11,2025-07-08
R,Rob Bresnahan,House,AVGO,P,2025-06-11,2025-07-08
R,Rob Bresnahan,House,CRCL,S,2025-06-16,2025-07-08
R,Rob Bresnahan,House,COIN,P,2025-06-24,2025-07-08
R,Rob Bresnahan,House,CRDO,P,2025-06-03,2025-07-08
R,Rob Bresnahan,House,DDOG,S,2025-06-11,2025-07-08
R,Rob Bresnahan,House,GTLB,S,2025-06-11,2025-07-08
R,Rob Bresnahan,House,INTC,S,2025-06-11,2025-07-08
R,Rob Bresnahan,House,TTAN,S,2025-06-02,2025-07-08
R,Rob Bresnahan,House,SPOT,P,2025-06-05,2025-07-08
R,Rob Bresnahan,House,TSLA,P,2025-06-05,2025-07-08
R,Rob Bresnahan,House,ZM,S,2025-06-06,2025-07-08
R,Rob Bresnahan,House,ZM,S,2025-06-25,2025-07-08
R,Rob Bresnahan,House,BRK.B,S,2025-11-19,2025-12-19
R,Rob Bresnahan,House,K,P,2025-11-19,2025-12-19
D,Judy Chu,House,ASTH,P,2025-08-19,2025-08-30
D,Judy Chu,House,ASTH,S,2025-08-19,2025-08-30
D,Gilbert Cisneros,House,AGIO,P,2025-01-29,2025-02-11
D,Gilbert Cisneros,House,ABNB,S,2025-01-24,2025-02-11
D,Gilbert Cisneros,House,APG,P,2025-01-07,2025-02-11
D,Gilbert Cisneros,House,CACI,P,2025-01-31,2025-02-11
D,Gilbert Cisneros,House,CRNX,P,2025-01-29,2025-02-11
D,Gilbert Cisneros,House,CCI,P,2025-01-24,2025-02-11
D,Gilbert Cisneros,House,CVS,P,2025-01-24,2025-02-11
D,Gilbert Cisneros,House,XRAY,S,2025-01-08,2025-02-11
D,Gilbert Cisneros,House,DG,S,2025-01-24,2025-02-11
D,Gilbert Cisneros,House,D,S,2025-01-24,2025-02-11
D,Gilbert Cisneros,House,FERG,P,2025-01-07,2025-02-11
D,Gilbert Cisneros,House,F,P,2025-01-24,2025-02-11
D,Gilbert Cisneros,House,FTV,P,2025-01-07,2025-02-11
D,Gilbert Cisneros,House,HE,P,2025-01-31,2025-02-11
D,Gilbert Cisneros,House,ISRG,P,2025-01-30,2025-02-11
D,Gilbert Cisneros,House,KLAC,P,2025-01-24,2025-02-11
D,Gilbert Cisneros,House,LNTH,P,2025-01-28,2025-02-11
D,Gilbert Cisneros,House,LNTH,P,2025-01-13,2025-02-11
D,Gilbert Cisneros,House,LNTH,P,2025-01-07,2025-02-11
D,Gilbert Cisneros,House,LNTH,P,2025-01-08,2025-02-11
D,Gilbert Cisneros,House,MCK,S,2025-01-24,2025-02-11
D,Gilbert Cisneros,House,MRK,S,2025-01-24,2025-02-11
D,Gilbert Cisneros,House,MSFT,P,2025-01-24,2025-02-11
D,Gilbert Cisneros,House,PLTR,P,2025-01-24,2025-02-11
D,Gilbert Cisneros,House,PAR,P,2025-01-22,2025-02-11
D,Gilbert Cisneros,House,FNA,P,2025-01-29,2025-02-11
D,Gilbert Cisneros,House,LUV,P,2025-01-24,2025-02-11
D,Gilbert Cisneros,House,SWTX,P,2025-01-29,2025-02-11
D,Gilbert Cisneros,House,TCTZF,S,2025-01-09,2025-02-11
D,Gilbert Cisneros,House,SJM,S,2025-01-24,2025-02-11
D,Gilbert Cisneros,House,USPH,P,2025-01-29,2025-02-11
D,Gilbert Cisneros,House,UNH,S,2025-01-31,2025-02-11
D,Gilbert Cisneros,House,WBA,P,2025-01-24,2025-02-11
D,Gilbert Cisneros,House,WTW,P,2025-01-28,2025-02-11
D,Gilbert Cisneros,House,WTW,P,2025-01-13,2025-02-11
D,Gilbert Cisneros,House,AKAM,S,2025-02-26,2025-03-06
D,Gilbert Cisneros,House,ALGN,S,2025-02-26,2025-03-06
D,Gilbert Cisneros,House,DG,P,2025-02-26,2025-03-06
D,Gilbert Cisneros,House,EPAC,P,2025-02-26,2025-03-06
D,Gilbert Cisneros,House,HLMN,P,2025-03-03,2025-03-06
D,Gilbert Cisneros,House,HUM,P,2025-02-26,2025-03-06
D,Gilbert Cisneros,House,ICFI,S,2025-02-20,2025-03-06
D,Gilbert Cisneros,House,MRK,P,2025-02-26,2025-03-06
D,Gilbert Cisneros,House,MSFT,P,2025-02-26,2025-03-06
D,Gilbert Cisneros,House,PCG,S,2025-02-26,2025-03-06
D,Gilbert Cisneros,House,LUV,P,2025-02-26,2025-03-06
D,Gilbert Cisneros,House,STRL,P,2025-03-03,2025-03-06
D,Gilbert Cisneros,House,TSLA,P,2025-02-26,2025-03-06
D,Gilbert Cisneros,House,UBER,P,2025-02-26,2025-03-06
D,Gilbert Cisneros,House,WBA,S,2025-02-26,2025-03-06
D,Gilbert Cisneros,House,WTW,P,2025-02-24,2025-03-06
D,Gilbert Cisneros,House,WYNN,P,2025-02-26,2025-03-06
D,Gilbert Cisneros,House,ANCTF,S,2025-03-07,2025-04-07
D,Gilbert Cisneros,House,ASML,P,2025-03-17,2025-04-07
D,Gilbert Cisneros,House,BCLYF,P,2025-03-20,2025-04-07
D,Gilbert Cisneros,House,BSX,P,2025-03-31,2025-04-07
D,Gilbert Cisneros,House,CNC,P,2025-03-24,2025-04-07
D,Gilbert Cisneros,House,FERG,P,2025-03-17,2025-04-07
D,Gilbert Cisneros,House,F,P,2025-03-31,2025-04-07
D,Gilbert Cisneros,House,HSIC,S,2025-03-31,2025-04-07
D,Gilbert Cisneros,House,HOLX,S,2025-03-31,2025-04-07
D,Gilbert Cisneros,House,JNJ,P,2025-03-31,2025-04-07
D,Gilbert Cisneros,House,PLTR,P,2025-03-31,2025-04-07
D,Gilbert Cisneros,House,PAR,P,2025-03-13,2025-04-07
D,Gilbert Cisneros,House,FNA,S,2025-03-04,2025-04-07
D,Gilbert Cisneros,House,PTC,S,2025-03-31,2025-04-07
D,Gilbert Cisneros,House,PWR,P,2025-04-01,2025-04-07
D,Gilbert Cisneros,House,RBA,P,2025-03-17,2025-04-07
D,Gilbert Cisneros,House,SUPN,P,2025-03-24,2025-04-07
D,Gilbert Cisneros,House,TNDM,P,2025-03-04,2025-04-07
D,Gilbert Cisneros,House,TCTZF,P,2025-03-20,2025-04-07
D,Gilbert Cisneros,House,COCO,P,2025-03-04,2025-04-07
D,Gilbert Cisneros,House,UNH,P,2025-03-31,2025-04-07
D,Gilbert Cisneros,House,UTZ,P,2025-03-24,2025-04-07
D,Gilbert Cisneros,House,AGIO,P,2025-04-17,2025-05-06
D,Gilbert Cisneros,House,ALKT,P,2025-04-17,2025-05-06
D,Gilbert Cisneros,House,ALKT,P,2025-04-30,2025-05-06
D,Gilbert Cisneros,House,ARMK,P,2025-04-14,2025-05-06
D,Gilbert Cisneros,House,ARIS,P,2025-04-08,2025-05-06
D,Gilbert Cisneros,House,BDRFF,P,2025-05-02,2025-05-06
D,Gilbert Cisneros,House,CACI,S,2025-04-08,2025-05-06
D,Gilbert Cisneros,House,CPRI,S,2025-04-29,2025-05-06
D,Gilbert Cisneros,House,CNC,P,2025-04-29,2025-05-06
D,Gilbert Cisneros,House,CRNX,S,2025-04-09,2025-05-06
D,Gilbert Cisneros,House,DTM,S,2025-04-29,2025-05-06
D,Gilbert Cisneros,House,DXC,S,2025-04-29,2025-05-06
D,Gilbert Cisneros,House,ELV,P,2025-04-29,2025-05-06
D,Gilbert Cisneros,House,FERG,P,2025-04-14,2025-05-06
D,Gilbert Cisneros,House,FLYW,S,2025-04-17,2025-05-06
D,Gilbert Cisneros,House,IR,P,2025-04-14,2025-05-06
D,Gilbert Cisneros,House,ITCI,S,2025-04-03,2025-05-06
D,Gilbert Cisneros,House,KMI,P,2025-04-29,2025-05-06
D,Gilbert Cisneros,House,LMT,P,2025-04-29,2025-05-06
D,Gilbert Cisneros,House,MCK,P,2025-04-29,2025-05-06
D,Gilbert Cisneros,House,MRK,P,2025-04-29,2025-05-06
D,Gilbert Cisneros,House,MSFT,P,2025-04-29,2025-05-06
D,Gilbert Cisneros,House,MOH,P,2025-04-29,2025-05-06
D,Gilbert Cisneros,House,ORLY,P,2025-04-29,2025-05-06
D,Gilbert Cisneros,House,PTC,P,2025-04-29,2025-05-06
D,Gilbert Cisneros,House,RNMBF,P,2025-04-28,2025-05-06
D,Gilbert Cisneros,House,SRPT,S,2025-04-14,2025-05-06
D,Gilbert Cisneros,House,SPHR,P,2025-04-04,2025-05-06
D,Gilbert Cisneros,House,SPHR,P,2025-04-08,2025-05-06
D,Gilbert Cisneros,House,TME,S,2025-04-08,2025-05-06
D,Gilbert Cisneros,House,PCVX,P,2025-04-14,2025-05-06
D,Gilbert Cisneros,House,PCVX,P,2025-04-15,2025-05-06
D,Gilbert Cisneros,House,PCVX,P,2025-04-28,2025-05-06
D,Gilbert Cisneros,House,WTW,P,2025-04-07,2025-05-06
D,Gilbert Cisneros,House,ZION,P,2025-04-29,2025-05-06
D,Gilbert Cisneros,House,ATRC,P,2025-05-06,2025-06-06
D,Gilbert Cisneros,House,BSX,P,2025-05-30,2025-06-06
D,Gilbert Cisneros,House,CNC,S,2025-05-30,2025-06-06
D,Gilbert Cisneros,House,CAG,S,2025-05-30,2025-06-06
D,Gilbert Cisneros,House,DAY,P,2025-05-13,2025-06-06
D,Gilbert Cisneros,House,ELV,S,2025-05-30,2025-06-06
D,Gilbert Cisneros,House,DAVA,S,2025-05-16,2025-06-06
D,Gilbert Cisneros,House,FWRG,P,2025-05-09,2025-06-06
D,Gilbert Cisneros,House,HLT,S,2025-05-07,2025-06-06
D,Gilbert Cisneros,House,HUM,S,2025-05-30,2025-06-06
D,Gilbert Cisneros,House,IR,P,2025-05-13,2025-06-06
D,Gilbert Cisneros,House,JNJ,P,2025-05-30,2025-06-06
D,Gilbert Cisneros,House,KMI,P,2025-05-30,2025-06-06
D,Gilbert Cisneros,House,KKR,P,2025-05-07,2025-06-06
D,Gilbert Cisneros,House,LHX,P,2025-05-30,2025-06-06
D,Gilbert Cisneros,House,LEN,P,2025-05-30,2025-06-06
D,Gilbert Cisneros,House,LMT,S,2025-05-30,2025-06-06
D,Gilbert Cisneros,House,MRK,S,2025-05-30,2025-06-06
D,Gilbert Cisneros,House,MTX,P,2025-05-06,2025-06-06
D,Gilbert Cisneros,House,NEO,P,2025-05-07,2025-06-06
D,Gilbert Cisneros,House,NTDOF,P,2025-05-27,2025-06-06
D,Gilbert Cisneros,House,NOC,P,2025-05-30,2025-06-06
D,Gilbert Cisneros,House,OKTA,P,2025-05-29,2025-06-06
D,Gilbert Cisneros,House,PLD,P,2025-05-30,2025-06-06
D,Gilbert Cisneros,House,PTC,P,2025-05-28,2025-06-06
D,Gilbert Cisneros,House,RSNHF,P,2025-05-13,2025-06-06
D,Gilbert Cisneros,House,RVTY,P,2025-05-28,2025-06-06
D,Gilbert Cisneros,House,SLB,P,2025-05-30,2025-06-06
D,Gilbert Cisneros,House,SLAB,S,2025-05-06,2025-06-06
D,Gilbert Cisneros,House,SEI,P,2025-05-06,2025-06-06
D,Gilbert Cisneros,House,SMFNF,S,2025-05-27,2025-06-06
D,Gilbert Cisneros,House,USPH,P,2025-05-20,2025-06-06
D,Gilbert Cisneros,House,UNH,P,2025-05-30,2025-06-06
D,Gilbert Cisneros,House,UTZ,P,2025-05-15,2025-06-06
D,Gilbert Cisneros,House,APP,P,2025-07-01,2025-07-10
D,Gilbert Cisneros,House,ASML,S,2025-06-27,2025-07-10
D,Gilbert Cisneros,House,CDRE,P,2025-06-11,2025-07-10
D,Gilbert Cisneros,House,SKY,P,2025-06-16,2025-07-10
D,Gilbert Cisneros,House,CSGP,P,2025-06-27,2025-07-10
D,Gilbert Cisneros,House,CSGP,P,2025-06-30,2025-07-10
D,Gilbert Cisneros,House,CSGP,P,2025-06-25,2025-07-10
D,Gilbert Cisneros,House,DAY,P,2025-06-11,2025-07-10
D,Gilbert Cisneros,House,NXPI,P,2025-06-25,2025-07-10
D,Gilbert Cisneros,House,RBC,P,2025-06-11,2025-07-10
D,Gilbert Cisneros,House,RVTY,P,2025-06-11,2025-07-10
D,Gilbert Cisneros,House,SBCF,P,2025-06-16,2025-07-10
D,Gilbert Cisneros,House,SWTX,S,2025-07-01,2025-07-10
D,Gilbert Cisneros,House,VCYT,P,2025-06-16,2025-07-10
D,Gilbert Cisneros,House,ANSS,E,2025-07-21,2025-08-14
D,Gilbert Cisneros,House,CSGP,P,2025-07-31,2025-08-14
D,Gilbert Cisneros,House,CSGP,P,2025-07-09,2025-08-14
D,Gilbert Cisneros,House,DSKYF,S,2025-07-03,2025-08-14
D,Gilbert Cisneros,House,DAY,P,2025-07-31,2025-08-14
D,Gilbert Cisneros,House,GIS,P,2025-07-03,2025-08-14
D,Gilbert Cisneros,House,GPOR,P,2025-07-07,2025-08-14
D,Gilbert Cisneros,House,GPOR,P,2025-07-18,2025-08-14
D,Gilbert Cisneros,House,RAL,P,2025-07-09,2025-08-14
D,Gilbert Cisneros,House,RVTY,P,2025-07-23,2025-08-14
D,Gilbert Cisneros,House,RIO,S,2025-07-03,2025-08-14
D,Gilbert Cisneros,House,HOOD,P,2025-07-09,2025-08-14
D,Gilbert Cisneros,House,SMEGF,P,2025-07-03,2025-08-14
D,Gilbert Cisneros,House,LUV,P,2025-07-03,2025-08-14
D,Gilbert Cisneros,House,RARE,P,2025-07-15,2025-08-14
D,Gilbert Cisneros,House,APA,P,2025-08-05,2025-09-12
D,Gilbert Cisneros,House,APG,P,2025-08-26,2025-09-12
D,Gilbert Cisneros,House,AVTR,S,2025-08-13,2025-09-12
D,Gilbert Cisneros,House,AVNT,P,2025-09-02,2025-09-12
D,Gilbert Cisneros,House,BBIO,P,2025-08-08,2025-09-12
D,Gilbert Cisneros,House,CHRW,P,2025-08-05,2025-09-12
D,Gilbert Cisneros,House,CP,S,2025-08-06,2025-09-12
D,Gilbert Cisneros,House,CNC,P,2025-08-05,2025-09-12
D,Gilbert Cisneros,House,CVLT,P,2025-08-15,2025-09-12
D,Gilbert Cisneros,House,CAG,P,2025-08-05,2025-09-12
D,Gilbert Cisneros,House,ELV,P,2025-08-05,2025-09-12
D,Gilbert Cisneros,House,HAL,P,2025-08-05,2025-09-12
D,Gilbert Cisneros,House,HESAF,P,2025-08-07,2025-09-12
D,Gilbert Cisneros,House,HUM,P,2025-08-05,2025-09-12
D,Gilbert Cisneros,House,INTA,P,2025-08-15,2025-09-12
D,Gilbert Cisneros,House,INTA,P,2025-08-26,2025-09-12
D,Gilbert Cisneros,House,KMI,P,2025-08-05,2025-09-12
D,Gilbert Cisneros,House,LB,P,2025-08-06,2025-09-12
D,Gilbert Cisneros,House,LMT,P,2025-08-05,2025-09-12
D,Gilbert Cisneros,House,MCK,S,2025-08-05,2025-09-12
D,Gilbert Cisneros,House,MRK,P,2025-08-05,2025-09-12
D,Gilbert Cisneros,House,MSFT,P,2025-08-05,2025-09-12
D,Gilbert Cisneros,House,MBFJF,P,2025-08-08,2025-09-12
D,Gilbert Cisneros,House,MOH,P,2025-08-05,2025-09-12
D,Gilbert Cisneros,House,TAP,P,2025-08-05,2025-09-12
D,Gilbert Cisneros,House,OXY,P,2025-08-05,2025-09-12
D,Gilbert Cisneros,House,RAL,S,2025-07-08,2025-09-12
D,Gilbert Cisneros,House,O,P,2025-08-05,2025-09-12
D,Gilbert Cisneros,House,RVTY,P,2025-08-13,2025-09-12
D,Gilbert Cisneros,House,SLB,S,2025-08-05,2025-09-12
D,Gilbert Cisneros,House,SMTC,P,2025-09-02,2025-09-12
D,Gilbert Cisneros,House,SMTC,P,2025-08-26,2025-09-12
D,Gilbert Cisneros,House,SEI,P,2025-09-02,2025-09-12
D,Gilbert Cisneros,House,LUV,S,2025-08-05,2025-09-12
D,Gilbert Cisneros,House,STRC,P,2025-08-06,2025-09-12
D,Gilbert Cisneros,House,TSLA,P,2025-08-05,2025-09-12
D,Gilbert Cisneros,House,RARE,P,2025-08-08,2025-09-12
D,Gilbert Cisneros,House,UPS,S,2025-08-05,2025-09-12
D,Gilbert Cisneros,House,WAT,P,2025-08-26,2025-09-12
D,Gilbert Cisneros,House,WAT,P,2025-08-13,2025-09-12
D,Gilbert Cisneros,House,WAT,P,2025-08-12,2025-09-12
D,Gilbert Cisneros,House,DOX,P,2025-09-30,2025-10-10
D,Gilbert Cisneros,House,APG,P,2025-09-12,2025-10-10
D,Gilbert Cisneros,House,APG,P,2025-09-30,2025-10-10
D,Gilbert Cisneros,House,ARIS,S,2025-09-26,2025-10-10
D,Gilbert Cisneros,House,BE,P,2025-09-26,2025-10-10
D,Gilbert Cisneros,House,BBIO,P,2025-09-22,2025-10-10
D,Gilbert Cisneros,House,CMG,S,2025-09-30,2025-10-10
D,Gilbert Cisneros,House,NET,P,2025-09-12,2025-10-10
D,Gilbert Cisneros,House,CSGP,P,2025-09-30,2025-10-10
D,Gilbert Cisneros,House,CSGP,P,2025-09-22,2025-10-10
D,Gilbert Cisneros,House,FTV,S,2025-09-30,2025-10-10
D,Gilbert Cisneros,House,HAL,P,2025-09-05,2025-10-10
D,Gilbert Cisneros,House,INSM,P,2025-09-12,2025-10-10
D,Gilbert Cisneros,House,MHVYF,P,2025-09-30,2025-10-10
D,Gilbert Cisneros,House,TAP,S,2025-09-05,2025-10-10
D,Gilbert Cisneros,House,MDB,P,2025-09-12,2025-10-10
D,Gilbert Cisneros,House,NOC,S,2025-09-29,2025-10-10
D,Gilbert Cisneros,House,OKTA,S,2025-09-30,2025-10-10
D,Gilbert Cisneros,House,PPBI,E,2025-09-03,2025-10-10
D,Gilbert Cisneros,House,PWR,P,2025-09-12,2025-10-10
D,Gilbert Cisneros,House,RVTY,P,2025-09-12,2025-10-10
D,Gilbert Cisneros,House,LUV,P,2025-09-05,2025-10-10
D,Gilbert Cisneros,House,SARO,P,2025-10-01,2025-10-10
D,Gilbert Cisneros,House,SARO,P,2025-09-30,2025-10-10
D,Gilbert Cisneros,House,SMCI,P,2025-09-05,2025-10-10
D,Gilbert Cisneros,House,THR,P,2025-09-05,2025-10-10
D,Gilbert Cisneros,House,THR,P,2025-09-22,2025-10-10
D,Gilbert Cisneros,House,USB,S,2025-09-26,2025-10-10
D,Gilbert Cisneros,House,UNCFF,P,2025-09-18,2025-10-10
D,Gilbert Cisneros,House,UNH,P,2025-09-05,2025-10-10
D,Gilbert Cisneros,House,WAT,P,2025-09-30,2025-10-10
D,Gilbert Cisneros,House,WPM,P,2025-09-12,2025-10-10
D,Gilbert Cisneros,House,WDAY,P,2025-09-22,2025-10-10
D,Gilbert Cisneros,House,AVAV,P,2025-10-03,2025-11-18
D,Gilbert Cisneros,House,BABA,P,2025-10-21,2025-11-18
D,Gilbert Cisneros,House,BABA,P,2025-10-17,2025-11-18
D,Gilbert Cisneros,House,BABAF,P,2025-10-21,2025-11-18
D,Gilbert Cisneros,House,GOOGL,P,2025-10-21,2025-11-18
D,Gilbert Cisneros,House,AMZN,P,2025-10-17,2025-11-18
D,Gilbert Cisneros,House,APG,P,2025-10-07,2025-11-18
D,Gilbert Cisneros,House,APG,P,2025-10-15,2025-11-18
D,Gilbert Cisneros,House,AAPL,P,2025-10-17,2025-11-18
D,Gilbert Cisneros,House,APP,P,2025-10-17,2025-11-18
D,Gilbert Cisneros,House,APP,P,2025-10-09,2025-11-18
D,Gilbert Cisneros,House,ANET,P,2025-10-17,2025-11-18
D,Gilbert Cisneros,House,AZN,P,2025-10-21,2025-11-18
D,Gilbert Cisneros,House,AZTA,P,2025-10-09,2025-11-18
D,Gilbert Cisneros,House,BCLYF,P,2025-10-21,2025-11-18
D,Gilbert Cisneros,House,BRK.B,P,2025-10-17,2025-11-18
D,Gilbert Cisneros,House,BE,P,2025-10-17,2025-11-18
D,Gilbert Cisneros,House,BSX,P,2025-10-17,2025-11-18
D,Gilbert Cisneros,House,AVGO,P,2025-10-17,2025-11-18
D,Gilbert Cisneros,House,CCJ,P,2025-10-17,2025-11-18
D,Gilbert Cisneros,House,CAT,P,2025-10-17,2025-11-18
D,Gilbert Cisneros,House,CVX,P,2025-10-17,2025-11-18
D,Gilbert Cisneros,House,NET,P,2025-10-17,2025-11-18
D,Gilbert Cisneros,House,CNS,P,2025-10-30,2025-11-18
D,Gilbert Cisneros,House,COIN,P,2025-10-17,2025-11-18
D,Gilbert Cisneros,House,COIN,P,2025-10-09,2025-11-18
D,Gilbert Cisneros,House,COLB,P,2025-10-03,2025-11-18
D,Gilbert Cisneros,House,CVLT,P,2025-11-03,2025-11-18
D,Gilbert Cisneros,House,CVLT,P,2025-10-03,2025-11-18
D,Gilbert Cisneros,House,CSGP,P,2025-10-15,2025-11-18
D,Gilbert Cisneros,House,COST,P,2025-10-17,2025-11-18
D,Gilbert Cisneros,House,CRDO,P,2025-10-30,2025-11-18
D,Gilbert Cisneros,House,CYTK,P,2025-10-09,2025-11-18
D,Gilbert Cisneros,House,DBSDF,P,2025-10-22,2025-11-18
D,Gilbert Cisneros,House,ETN,P,2025-10-15,2025-11-18
D,Gilbert Cisneros,House,EIX,S,2025-10-09,2025-11-18
D,Gilbert Cisneros,House,EPAC,P,2025-10-30,2025-11-18
D,Gilbert Cisneros,House,RACE,P,2025-10-21,2025-11-18
D,Gilbert Cisneros,House,FCX,P,2025-10-17,2025-11-18
D,Gilbert Cisneros,House,GDDY,S,2025-10-16,2025-11-18
D,Gilbert Cisneros,House,HESAF,P,2025-10-21,2025-11-18
D,Gilbert Cisneros,House,IBDSF,P,2025-10-17,2025-11-18
D,Gilbert Cisneros,House,INSM,S,2025-10-03,2025-11-18
D,Gilbert Cisneros,House,JPM,P,2025-10-17,2025-11-18
D,Gilbert Cisneros,House,KKR,P,2025-10-17,2025-11-18
D,Gilbert Cisneros,House,MA,P,2025-10-17,2025-11-18
D,Gilbert Cisneros,House,MELI,P,2025-10-17,2025-11-18
D,Gilbert Cisneros,House,META,P,2025-10-17,2025-11-18
D,Gilbert Cisneros,House,MSFT,P,2025-10-09,2025-11-18
D,Gilbert Cisneros,House,MHVYF,P,2025-10-21,2025-11-18
D,Gilbert Cisneros,House,MBFJF,P,2025-10-21,2025-11-18
D,Gilbert Cisneros,House,MDB,P,2025-10-17,2025-11-18
D,Gilbert Cisneros,House,MS,P,2025-10-17,2025-11-18
D,Gilbert Cisneros,House,NFLX,P,2025-10-17,2025-11-18
D,Gilbert Cisneros,House,NTDOF,P,2025-10-21,2025-11-18
D,Gilbert Cisneros,House,NVDA,P,2025-10-17,2025-11-18
D,Gilbert Cisneros,House,NXPI,P,2025-10-17,2025-11-18
D,Gilbert Cisneros,House,ORCL,P,2025-10-17,2025-11-18
D,Gilbert Cisneros,House,PLTR,P,2025-10-09,2025-11-18
D,Gilbert Cisneros,House,PHR,P,2025-10-09,2025-11-18
D,Gilbert Cisneros,House,PWR,P,2025-10-17,2025-11-18
D,Gilbert Cisneros,House,RNMBF,P,2025-10-21,2025-11-18
D,Gilbert Cisneros,House,HOOD,P,2025-10-17,2025-11-18
D,Gilbert Cisneros,House,SBGSF,P,2025-10-21,2025-11-18
D,Gilbert Cisneros,House,NOW,P,2025-10-17,2025-11-18
D,Gilbert Cisneros,House,SMEGF,P,2025-10-21,2025-11-18
D,Gilbert Cisneros,House,SKWD,P,2025-10-03,2025-11-18
D,Gilbert Cisneros,House,SPOT,P,2025-10-17,2025-11-18
D,Gilbert Cisneros,House,SARO,P,2025-10-14,2025-11-18
D,Gilbert Cisneros,House,SARO,P,2025-10-02,2025-11-18
D,Gilbert Cisneros,House,SARO,P,2025-10-07,2025-11-18
D,Gilbert Cisneros,House,SYK,P,2025-10-17,2025-11-18
D,Gilbert Cisneros,House,TSM,P,2025-10-17,2025-11-18
D,Gilbert Cisneros,House,TCTZF,P,2025-10-21,2025-11-18
D,Gilbert Cisneros,House,TSLA,P,2025-10-17,2025-11-18
D,Gilbert Cisneros,House,BWIN,S,2025-10-03,2025-11-18
D,Gilbert Cisneros,House,TDG,P,2025-10-17,2025-11-18
D,Gilbert Cisneros,House,UBER,P,2025-10-17,2025-11-18
D,Gilbert Cisneros,House,UNCFF,P,2025-10-21,2025-11-18
D,Gilbert Cisneros,House,UNH,P,2025-10-09,2025-11-18
D,Gilbert Cisneros,House,VRT,P,2025-10-17,2025-11-18
D,Gilbert Cisneros,House,WMT,P,2025-10-17,2025-11-18
D,Gilbert Cisneros,House,WPM,P,2025-10-17,2025-11-18
D,Gilbert Cisneros,House,WDAY,P,2025-10-14,2025-11-18
D,Gilbert Cisneros,House,WDAY,P,2025-10-15,2025-11-18
D,Gilbert Cisneros,House,WDAY,P,2025-10-07,2025-11-18
D,Gilbert Cisneros,House,ABT,P,2025-11-18,2025-12-15
D,Gilbert Cisneros,House,AMD,P,2025-11-18,2025-12-15
D,Gilbert Cisneros,House,ARE,P,2025-11-18,2025-12-15
D,Gilbert Cisneros,House,BABA,P,2025-11-19,2025-12-15
D,Gilbert Cisneros,House,BABAF,P,2025-11-19,2025-12-15
D,Gilbert Cisneros,House,ALKT,P,2025-11-13,2025-12-15
D,Gilbert Cisneros,House,GOOGL,P,2025-11-19,2025-12-15
D,Gilbert Cisneros,House,AMZN,P,2025-11-18,2025-12-15
D,Gilbert Cisneros,House,AMCR,P,2025-11-18,2025-12-15
D,Gilbert Cisneros,House,APO,P,2025-11-18,2025-12-15
D,Gilbert Cisneros,House,AAPL,P,2025-11-18,2025-12-15
D,Gilbert Cisneros,House,APP,P,2025-11-18,2025-12-15
D,Gilbert Cisneros,House,ANET,P,2025-11-18,2025-12-15
D,Gilbert Cisneros,House,AZN,P,2025-11-19,2025-12-15
D,Gilbert Cisneros,House,AZO,P,2025-11-18,2025-12-15
D,Gilbert Cisneros,House,BCLYF,P,2025-11-19,2025-12-15
D,Gilbert Cisneros,House,BRK.B,P,2025-11-18,2025-12-15
D,Gilbert Cisneros,House,BCRX,P,2025-11-13,2025-12-15
D,Gilbert Cisneros,House,SQ,P,2025-11-18,2025-12-15
D,Gilbert Cisneros,House,BE,P,2025-11-18,2025-12-15
D,Gilbert Cisneros,House,BKNG,P,2025-11-18,2025-12-15
D,Gilbert Cisneros,House,BSX,P,2025-11-18,2025-12-15
D,Gilbert Cisneros,House,BMY,P,2025-11-12,2025-12-15
D,Gilbert Cisneros,House,AVGO,P,2025-11-18,2025-12-15
D,Gilbert Cisneros,House,BRO,P,2025-11-18,2025-12-15
D,Gilbert Cisneros,House,BYDDF,P,2025-11-18,2025-12-15
D,Gilbert Cisneros,House,CCJ,P,2025-11-18,2025-12-15
D,Gilbert Cisneros,House,CP,P,2025-11-12,2025-12-15
D,Gilbert Cisneros,House,CP,P,2025-11-17,2025-12-15
D,Gilbert Cisneros,House,CAT,P,2025-11-18,2025-12-15
D,Gilbert Cisneros,House,CBOE,P,2025-11-12,2025-12-15
D,Gilbert Cisneros,House,CVX,P,2025-11-18,2025-12-15
D,Gilbert Cisneros,House,CMG,P,2025-11-18,2025-12-15
D,Gilbert Cisneros,House,NET,S,2025-11-12,2025-12-15
D,Gilbert Cisneros,House,COIN,P,2025-11-18,2025-12-15
D,Gilbert Cisneros,House,CAG,P,2025-11-12,2025-12-15
D,Gilbert Cisneros,House,STZ,P,2025-11-18,2025-12-15
D,Gilbert Cisneros,House,CTRA,P,2025-11-18,2025-12-15
D,Gilbert Cisneros,House,CSW,P,2025-11-06,2025-12-15
D,Gilbert Cisneros,House,CSW,P,2025-11-18,2025-12-15
D,Gilbert Cisneros,House,DHI,P,2025-11-18,2025-12-15
D,Gilbert Cisneros,House,DBSDF,P,2025-11-20,2025-12-15
D,Gilbert Cisneros,House,DECK,P,2025-11-18,2025-12-15
D,Gilbert Cisneros,House,DASH,P,2025-11-18,2025-12-15
D,Gilbert Cisneros,House,DASH,P,2025-11-17,2025-12-15
D,Gilbert Cisneros,House,DD,P,2025-11-18,2025-12-15
D,Gilbert Cisneros,House,ETN,P,2025-11-18,2025-12-15
D,Gilbert Cisneros,House,LLY,P,2025-11-18,2025-12-15
D,Gilbert Cisneros,House,EG,P,2025-11-18,2025-12-15
D,Gilbert Cisneros,House,EXE,P,2025-11-18,2025-12-15
D,Gilbert Cisneros,House,FDS,P,2025-11-18,2025-12-15
D,Gilbert Cisneros,House,RACE,P,2025-11-19,2025-12-15
D,Gilbert Cisneros,House,FIS,P,2025-11-18,2025-12-15
D,Gilbert Cisneros,House,FWRG,P,2025-11-26,2025-12-15
D,Gilbert Cisneros,House,FISV,P,2025-11-18,2025-12-15
D,Gilbert Cisneros,House,FISV,P,2025-11-12,2025-12-15
D,Gilbert Cisneros,House,FCX,P,2025-11-18,2025-12-15
D,Gilbert Cisneros,House,GEV,P,2025-11-18,2025-12-15
D,Gilbert Cisneros,House,GPN,P,2025-11-18,2025-12-15
D,Gilbert Cisneros,House,HAL,P,2025-11-12,2025-12-15
D,Gilbert Cisneros,House,HD,P,2025-11-19,2025-12-15
D,Gilbert Cisneros,House,HON,P,2025-11-18,2025-12-15
D,Gilbert Cisneros,House,HUM,S,2025-11-12,2025-12-15
D,Gilbert Cisneros,House,IBDSF,P,2025-11-19,2025-12-15
D,Gilbert Cisneros,House,INTC,P,2025-11-18,2025-12-15
D,Gilbert Cisneros,House,IBM,P,2025-11-18,2025-12-15
D,Gilbert Cisneros,House,IBM,P,2025-11-12,2025-12-15
D,Gilbert Cisneros,House,IFF,P,2025-11-18,2025-12-15
D,Gilbert Cisneros,House,IP,P,2025-11-18,2025-12-15
D,Gilbert Cisneros,House,ISRG,P,2025-11-18,2025-12-15
D,Gilbert Cisneros,House,JKHY,P,2025-11-18,2025-12-15
D,Gilbert Cisneros,House,JKHY,P,2025-11-12,2025-12-15
D,Gilbert Cisneros,House,JPM,P,2025-11-18,2025-12-15
D,Gilbert Cisneros,House,KVUE,P,2025-11-12,2025-12-15
D,Gilbert Cisneros,House,KMB,S,2025-11-12,2025-12-15
D,Gilbert Cisneros,House,KKR,S,2025-11-07,2025-12-15
D,Gilbert Cisneros,House,LB,P,2025-11-20,2025-12-15
D,Gilbert Cisneros,House,LB,P,2025-11-21,2025-12-15
D,Gilbert Cisneros,House,LGN,P,2025-11-24,2025-12-15
D,Gilbert Cisneros,House,LEN,P,2025-11-18,2025-12-15
D,Gilbert Cisneros,House,LMT,P,2025-11-18,2025-12-15
D,Gilbert Cisneros,House,LULU,P,2025-11-12,2025-12-15
D,Gilbert Cisneros,House,MTB,P,2025-11-18,2025-12-15
D,Gilbert Cisneros,House,MA,P,2025-11-18,2025-12-15
D,Gilbert Cisneros,House,MCK,P,2025-11-18,2025-12-15
D,Gilbert Cisneros,House,MELI,P,2025-11-18,2025-12-15
D,Gilbert Cisneros,House,MRK,P,2025-11-18,2025-12-15
D,Gilbert Cisneros,House,FB,P,2025-11-18,2025-12-15
D,Gilbert Cisneros,House,MSFT,P,2025-11-12,2025-12-15
D,Gilbert Cisneros,House,MSFT,P,2025-11-18,2025-12-15
D,Gilbert Cisneros,House,MHVYF,P,2025-11-20,2025-12-15
D,Gilbert Cisneros,House,MBFJF,P,2025-11-20,2025-12-15
D,Gilbert Cisneros,House,TAP,P,2025-11-18,2025-12-15
D,Gilbert Cisneros,House,MDB,P,2025-11-18,2025-12-15
D,Gilbert Cisneros,House,MS,P,2025-11-18,2025-12-15
D,Gilbert Cisneros,House,NFLX,P,2025-11-18,2025-12-15
D,Gilbert Cisneros,House,NTDOF,P,2025-11-20,2025-12-15
D,Gilbert Cisneros,House,NOVT,P,2025-11-13,2025-12-15
D,Gilbert Cisneros,House,NVDA,P,2025-11-18,2025-12-15
D,Gilbert Cisneros,House,NXPI,P,2025-11-18,2025-12-15
D,Gilbert Cisneros,House,OKE,P,2025-11-18,2025-12-15
D,Gilbert Cisneros,House,ORCL,P,2025-11-18,2025-12-15
D,Gilbert Cisneros,House,PLTR,P,2025-11-07,2025-12-15
D,Gilbert Cisneros,House,PLTR,P,2025-11-18,2025-12-15
D,Gilbert Cisneros,House,Q,P,2025-11-18,2025-12-15
D,Gilbert Cisneros,House,PWR,P,2025-11-18,2025-12-15
D,Gilbert Cisneros,House,REGN,P,2025-11-18,2025-12-15
D,Gilbert Cisneros,House,RSNHF,P,2025-11-10,2025-12-15
D,Gilbert Cisneros,House,RNMBF,P,2025-11-19,2025-12-15
D,Gilbert Cisneros,House,HOOD,P,2025-11-18,2025-12-15
D,Gilbert Cisneros,House,RBLX,P,2025-11-18,2025-12-15
D,Gilbert Cisneros,House,RBLX,P,2025-11-07,2025-12-15
D,Gilbert Cisneros,House,SBAC,S,2025-11-07,2025-12-15
D,Gilbert Cisneros,House,SBGSF,P,2025-11-19,2025-12-15
D,Gilbert Cisneros,House,SMEGF,P,2025-11-19,2025-12-15
D,Gilbert Cisneros,House,SW,P,2025-11-18,2025-12-15
D,Gilbert Cisneros,House,SPOT,P,2025-11-18,2025-12-15
D,Gilbert Cisneros,House,SARO,P,2025-11-17,2025-12-15
D,Gilbert Cisneros,House,SYK,P,2025-11-18,2025-12-15
D,Gilbert Cisneros,House,TSM,P,2025-11-18,2025-12-15
D,Gilbert Cisneros,House,TRGP,P,2025-11-18,2025-12-15
D,Gilbert Cisneros,House,TRGP,P,2025-11-12,2025-12-15
D,Gilbert Cisneros,House,TCTZF,P,2025-11-20,2025-12-15
D,Gilbert Cisneros,House,TSLA,P,2025-11-18,2025-12-15
D,Gilbert Cisneros,House,CPB,P,2025-11-18,2025-12-15
D,Gilbert Cisneros,House,CI,S,2025-11-12,2025-12-15
D,Gilbert Cisneros,House,TKO,P,2025-11-26,2025-12-15
D,Gilbert Cisneros,House,TDG,P,2025-11-18,2025-12-15
D,Gilbert Cisneros,House,UBER,P,2025-11-18,2025-12-15
D,Gilbert Cisneros,House,UNCFF,P,2025-11-19,2025-12-15
D,Gilbert Cisneros,House,UPS,P,2025-11-18,2025-12-15
D,Gilbert Cisneros,House,VTR,P,2025-11-12,2025-12-15
D,Gilbert Cisneros,House,VRSK,P,2025-11-18,2025-12-15
D,Gilbert Cisneros,House,VRT,P,2025-11-18,2025-12-15
D,Gilbert Cisneros,House,VTRS,P,2025-11-18,2025-12-15
D,Gilbert Cisneros,House,WMT,P,2025-11-18,2025-12-15
D,Gilbert Cisneros,House,WBD,P,2025-11-18,2025-12-15
D,Gilbert Cisneros,House,WBI,P,2025-11-11,2025-12-15
D,Gilbert Cisneros,House,WBI,P,2025-11-12,2025-12-15
D,Gilbert Cisneros,House,WFC,P,2025-11-18,2025-12-15
D,Gilbert Cisneros,House,WPM,P,2025-11-18,2025-12-15
D,Gilbert Cisneros,House,ZTS,P,2025-11-19,2025-12-15
D,Katherine M. Clark,House,PG,S,2025-09-17,2025-10-03
D,Steve Cohen,House,EBS,S,2024-12-11,2025-01-10
D,Steve Cohen,House,HST,S,2024-12-11,2025-01-10
R,James Comer,House,GOOG,P,2025-01-02,2025-01-10
R,James Comer,House,AMZN,P,2025-01-02,2025-01-10
R,James Comer,House,APH,P,2025-01-02,2025-01-10
R,James Comer,House,AAPL,P,2025-01-02,2025-01-10
R,James Comer,House,ANET,P,2025-01-02,2025-01-10
R,James Comer,House,BLK,P,2025-01-02,2025-01-10
R,James Comer,House,AVGO,P,2025-01-02,2025-01-10
R,James Comer,House,CHDN,P,2025-01-02,2025-01-10
R,James Comer,House,COST,P,2025-01-02,2025-01-10
R,James Comer,House,DOV,P,2025-01-02,2025-01-10
R,James Comer,House,HD,P,2025-01-02,2025-01-10
R,James Comer,House,MSFT,P,2025-01-02,2025-01-10
R,James Comer,House,NFLX,P,2025-01-02,2025-01-10
R,James Comer,House,NVDA,P,2025-01-02,2025-01-10
R,James Comer,House,PYPL,P,2025-01-02,2025-01-10
R,James Comer,House,CRM,P,2025-01-02,2025-01-10
R,James Comer,House,SOFI,P,2025-01-02,2025-01-10
R,James Comer,House,LUV,S,2024-12-31,2025-01-10
R,James Comer,House,TTD,P,2025-01-02,2025-01-10
R,James Comer,House,UBER,P,2025-01-02,2025-01-10
R,James Comer,House,VRSN,P,2025-01-02,2025-01-10
R,James Comer,House,MRVL,P,2025-01-21,2025-02-11
R,James Comer,House,PLTR,P,2025-01-21,2025-02-11
R,James Comer,House,TTD,S,2025-02-04,2025-02-11
D,April McClain Delaney,House,CACI,P,2025-02-27,2025-03-20
D,April McClain Delaney,House,CDW,P,2025-02-06,2025-03-20
D,April McClain Delaney,House,CNM,P,2025-02-08,2025-03-20
D,April McClain Delaney,House,CPAY,P,2025-02-22,2025-03-20
D,April McClain Delaney,House,CPAY,P,2025-02-06,2025-03-20
D,April McClain Delaney,House,CPAY,P,2025-02-28,2025-03-20
D,April McClain Delaney,House,ENTG,P,2025-02-17,2025-03-20
D,April McClain Delaney,House,FBIN,P,2025-02-17,2025-03-20
D,April McClain Delaney,House,FBIN,P,2025-02-08,2025-03-20
D,April McClain Delaney,House,LH,P,2025-02-08,2025-03-20
D,April McClain Delaney,House,LH,P,2025-02-17,2025-03-20
D,April McClain Delaney,House,LH,P,2025-02-27,2025-03-20
D,April McClain Delaney,House,LH,P,2025-02-28,2025-03-20
D,April McClain Delaney,House,LH,P,2025-02-05,2025-03-20
D,April McClain Delaney,House,PAYX,P,2025-02-05,2025-03-20
D,April McClain Delaney,House,PAYX,P,2025-02-27,2025-03-20
D,April McClain Delaney,House,PAYX,P,2025-02-21,2025-03-20
D,April McClain Delaney,House,PAYX,P,2025-02-09,2025-03-20
D,April McClain Delaney,House,RVTY,S,2025-02-28,2025-03-20
D,April McClain Delaney,House,TSCO,P,2025-02-09,2025-03-20
D,April McClain Delaney,House,VIK,P,2025-02-17,2025-03-20
D,April McClain Delaney,House,BJ,P,2025-03-17,2025-04-02
D,April McClain Delaney,House,BJ,P,2025-03-14,2025-04-02
D,April McClain Delaney,House,CPAY,P,2025-03-13,2025-04-02
D,April McClain Delaney,House,IDXX,P,2025-03-14,2025-04-02
D,April McClain Delaney,House,JLL,P,2025-03-05,2025-04-02
D,April McClain Delaney,House,JLL,P,2025-03-07,2025-04-02
D,April McClain Delaney,House,JLL,P,2025-03-10,2025-04-02
D,April McClain Delaney,House,JLL,P,2025-03-14,2025-04-02
D,April McClain Delaney,House,MKL,P,2025-03-10,2025-04-02
D,April McClain Delaney,House,MKL,P,2025-03-07,2025-04-02
D,April McClain Delaney,House,MKL,P,2025-03-06,2025-04-02
D,April McClain Delaney,House,VIK,P,2025-03-05,2025-04-02
D,April McClain Delaney,House,AOS,S,2025-04-16,2025-05-02
D,April McClain Delaney,House,TECH,P,2025-04-09,2025-05-02
D,April McClain Delaney,House,TECH,P,2025-04-29,2025-05-02
D,April McClain Delaney,House,BJ,P,2025-04-09,2025-05-02
D,April McClain Delaney,House,BJ,P,2025-04-01,2025-05-02
D,April McClain Delaney,House,BJ,P,2025-04-04,2025-05-02
D,April McClain Delaney,House,CACI,S,2025-04-02,2025-05-02
D,April McClain Delaney,House,CNM,P,2025-04-07,2025-05-02
D,April McClain Delaney,House,IDXX,P,2025-04-07,2025-05-02
D,April McClain Delaney,House,IDXX,P,2025-04-04,2025-05-02
D,April McClain Delaney,House,IDXX,P,2025-04-01,2025-05-02
D,April McClain Delaney,House,IDXX,P,2025-04-09,2025-05-02
D,April McClain Delaney,House,MKL,P,2025-04-09,2025-05-02
D,April McClain Delaney,House,MKL,P,2025-04-24,2025-05-02
D,April McClain Delaney,House,PAYX,P,2025-04-09,2025-05-02
D,April McClain Delaney,House,MKL,P,2025-05-27,2025-06-02
D,April McClain Delaney,House,MKL,P,2025-05-07,2025-06-02
D,April McClain Delaney,House,MKL,P,2025-05-13,2025-06-02
D,April McClain Delaney,House,TSCO,S,2025-05-28,2025-06-02
D,April McClain Delaney,House,TSCO,P,2025-05-05,2025-06-02
D,April McClain Delaney,House,TSCO,P,2025-05-13,2025-06-02
D,April McClain Delaney,House,MKL,P,2025-06-06,2025-07-02
D,April McClain Delaney,House,PAYX,P,2025-06-26,2025-07-02
D,April McClain Delaney,House,TSCO,P,2025-06-06,2025-07-02
D,April McClain Delaney,House,BRO,P,2025-07-25,2025-08-05
D,April McClain Delaney,House,CDW,P,2025-07-09,2025-08-05
D,April McClain Delaney,House,MKL,P,2025-07-09,2025-08-05
D,April McClain Delaney,House,MKL,P,2025-07-25,2025-08-05
D,April McClain Delaney,House,PAYX,P,2025-07-23,2025-08-05
D,April McClain Delaney,House,BJ,P,2025-08-25,2025-09-02
D,April McClain Delaney,House,JLL,P,2025-08-07,2025-09-02
D,April McClain Delaney,House,MKL,P,2025-08-07,2025-09-02
D,April McClain Delaney,House,MKL,P,2025-08-01,2025-09-02
D,April McClain Delaney,House,MKL,P,2025-08-21,2025-09-02
D,April McClain Delaney,House,MORN,P,2025-08-02,2025-09-02
D,April McClain Delaney,House,VIK,P,2025-08-01,2025-09-02
D,April McClain Delaney,House,BRO,P,2025-09-18,2025-10-06
D,April McClain Delaney,House,DAY,S,2025-09-11,2025-10-06
D,April McClain Delaney,House,JLL,P,2025-09-18,2025-10-06
D,April McClain Delaney,House,NDAQ,P,2025-09-19,2025-10-06
D,April McClain Delaney,House,STE,P,2025-09-18,2025-10-06
D,April McClain Delaney,House,MIDD,P,2025-09-11,2025-10-06
D,April McClain Delaney,House,TECH,P,2025-10-22,2025-11-04
D,April McClain Delaney,House,BJ,P,2025-10-16,2025-11-04
D,April McClain Delaney,House,BJ,P,2025-10-15,2025-11-04
D,April McClain Delaney,House,BRO,P,2025-10-29,2025-11-04
D,April McClain Delaney,House,BRO,P,2025-10-31,2025-11-04
D,April McClain Delaney,House,LH,P,2025-10-29,2025-11-04
D,April McClain Delaney,House,LH,P,2025-10-31,2025-11-04
D,April McClain Delaney,House,NDAQ,P,2025-10-09,2025-11-04
D,April McClain Delaney,House,NDAQ,P,2025-10-22,2025-11-04
D,April McClain Delaney,House,PAYX,P,2025-10-01,2025-11-04
D,April McClain Delaney,House,TSCO,P,2025-10-31,2025-11-04
D,April McClain Delaney,House,BRO,P,2025-11-20,2025-12-08
D,April McClain Delaney,House,LH,P,2025-11-17,2025-12-08
D,April McClain Delaney,House,MKL,P,2025-11-03,2025-12-08
R,Scott DesJarlais,House,UPS,S,2025-10-28,2025-11-18
D,Debbie Dingell,House,WMT,P,2025-03-27,2025-04-02
D,Debbie Dingell,House,Q,E,2025-11-03,2025-12-06
D,Debbie Dingell,House,SOLS,E,2025-10-30,2025-12-06
D,Debbie Dingell,House,SOLS,S,2025-11-24,2025-12-06
D,Lloyd Doggett,House,HD,P,2024-12-16,2025-01-08
D,Lloyd Doggett,House,IBM,P,2024-12-12,2025-01-08
D,Lloyd Doggett,House,JNJ,P,2024-12-10,2025-01-08
D,Lloyd Doggett,House,PPG,P,2024-12-12,2025-01-08
D,Lloyd Doggett,House,IBM,P,2025-03-27,2025-04-07
D,Lloyd Doggett,House,JNJ,P,2025-03-04,2025-04-07
D,Lloyd Doggett,House,PPG,P,2025-03-12,2025-04-07
D,Lloyd Doggett,House,IBM,P,2025-06-18,2025-07-07
D,Lloyd Doggett,House,JNJ,P,2025-06-10,2025-07-07
D,Lloyd Doggett,House,PPG,P,2025-06-12,2025-07-07
R,Byron Donalds,House,FCNCA,P,2025-01-21,2025-02-10
R,Byron Donalds,House,FCNCA,P,2025-01-16,2025-02-10
R,Byron Donalds,House,GDDY,P,2025-01-16,2025-02-10
R,Byron Donalds,House,GDDY,P,2025-01-21,2025-02-10
R,Byron Donalds,House,MRK,S,2025-01-16,2025-02-10
R,Byron Donalds,House,RLI,S,2025-01-21,2025-02-10
R,Byron Donalds,House,DASH,P,2025-02-13,2025-03-25
R,Byron Donalds,House,FDS,S,2025-02-13,2025-03-25
R,Byron Donalds,House,FTNT,P,2025-02-13,2025-03-25
R,Byron Donalds,House,LMT,S,2025-02-13,2025-03-25
R,Byron Donalds,House,ABT,P,2025-03-20,2025-04-14
R,Byron Donalds,House,AMZN,P,2025-03-20,2025-04-14
R,Byron Donalds,House,ANET,P,2025-03-20,2025-04-14
R,Byron Donalds,House,ADSK,P,2025-03-20,2025-04-14
R,Byron Donalds,House,AVGO,P,2025-03-20,2025-04-14
R,Byron Donalds,House,BRO,P,2025-03-20,2025-04-14
R,Byron Donalds,House,CHE,S,2025-03-06,2025-04-14
R,Byron Donalds,House,CMG,S,2025-03-06,2025-04-14
R,Byron Donalds,House,CMG,P,2025-03-20,2025-04-14
R,Byron Donalds,House,DASH,S,2025-03-20,2025-04-14
R,Byron Donalds,House,EFX,S,2025-03-20,2025-04-14
R,Byron Donalds,House,FCNCA,S,2025-03-20,2025-04-14
R,Byron Donalds,House,FI,P,2025-03-20,2025-04-14
R,Byron Donalds,House,IT,P,2025-03-20,2025-04-14
R,Byron Donalds,House,IT,S,2025-03-20,2025-04-14
R,Byron Donalds,House,GDDY,S,2025-03-20,2025-04-14
R,Byron Donalds,House,JPM,S,2025-03-20,2025-04-14
R,Byron Donalds,House,MSCI,S,2025-03-20,2025-04-14
R,Byron Donalds,House,NVO,S,2025-03-20,2025-04-14
R,Byron Donalds,House,PYPL,P,2025-03-20,2025-04-14
R,Byron Donalds,House,PGR,P,2025-03-20,2025-04-14
R,Byron Donalds,House,HOOD,P,2025-03-20,2025-04-14
R,Byron Donalds,House,HOOD,P,2025-03-06,2025-04-14
R,Byron Donalds,House,HOOD,S,2025-03-20,2025-04-14
R,Byron Donalds,House,TTD,P,2025-03-06,2025-04-14
R,Byron Donalds,House,TW,P,2025-03-20,2025-04-14
R,Byron Donalds,House,VEEV,S,2025-03-20,2025-04-14
R,Byron Donalds,House,VRTX,S,2025-03-20,2025-04-14
R,Byron Donalds,House,APH,P,2025-04-10,2025-05-24
R,Byron Donalds,House,NU,S,2025-04-10,2025-05-24
R,Byron Donalds,House,REGN,S,2025-04-10,2025-05-24
R,Byron Donalds,House,V,P,2025-04-10,2025-05-24
R,Byron Donalds,House,DECK,S,2025-08-07,2025-09-05
R,Byron Donalds,House,LRCX,P,2025-08-07,2025-09-05
R,Byron Donalds,House,BRO,S,2025-09-04,2025-10-07
R,Byron Donalds,House,CMG,S,2025-09-04,2025-10-07
R,Byron Donalds,House,FI,S,2025-09-04,2025-10-07
R,Byron Donalds,House,FTNT,S,2025-09-04,2025-10-07
R,Byron Donalds,House,IDXX,P,2025-09-04,2025-10-07
R,Byron Donalds,House,MOH,S,2025-09-04,2025-10-07
R,Byron Donalds,House,PGR,S,2025-09-04,2025-10-07
R,Byron Donalds,House,TTD,S,2025-09-04,2025-10-07
R,Byron Donalds,House,TW,S,2025-09-04,2025-10-07
R,Byron Donalds,House,BRO,P,2025-10-09,2025-11-18
R,Byron Donalds,House,BRO,P,2025-10-24,2025-11-18
R,Byron Donalds,House,CCL,P,2025-10-09,2025-11-18
R,Byron Donalds,House,CMG,P,2025-10-09,2025-11-18
R,Byron Donalds,House,FTNT,P,2025-10-09,2025-11-18
R,Byron Donalds,House,PGR,P,2025-10-09,2025-11-18
R,Byron Donalds,House,TTD,P,2025-10-24,2025-11-18
R,Byron Donalds,House,TTD,P,2025-10-09,2025-11-18
R,Byron Donalds,House,TW,P,2025-10-09,2025-11-18
R,"Neal Patrick MD, Facs Dunn",House,MSTR,P,2024-12-24,2025-03-10
D,Dwight Evans,House,AMZN,S,2024-10-29,2025-04-02
D,Dwight Evans,House,TSLA,S,2024-10-29,2025-04-02
D,Dwight Evans,House,GOOGL,P,2025-04-03,2025-04-17
D,Dwight Evans,House,AMZN,P,2025-04-03,2025-04-17
D,Dwight Evans,House,INTC,P,2025-04-03,2025-04-17
D,Dwight Evans,House,IBM,P,2025-04-03,2025-04-17
D,Dwight Evans,House,NVDA,P,2025-04-03,2025-04-17
D,Dwight Evans,House,GOOGL,S,2025-10-10,2025-10-30
D,Dwight Evans,House,KD,S,2025-10-10,2025-10-30
D,Dwight Evans,House,BABAF,S,2025-11-21,2025-12-19
D,Dwight Evans,House,AWK,S,2025-11-21,2025-12-19
D,Dwight Evans,House,APO,S,2025-11-21,2025-12-19
D,Dwight Evans,House,CVS,S,2025-11-21,2025-12-19
D,Dwight Evans,House,NVDA,P,2025-11-21,2025-12-19
D,Cleo Fields,House,GOOG,P,2025-06-05,2025-07-01
D,Cleo Fields,House,GOOG,P,2025-06-25,2025-07-01
D,Cleo Fields,House,AMZN,P,2025-06-25,2025-07-01
D,Cleo Fields,House,AMZN,P,2025-06-09,2025-07-01
D,Cleo Fields,House,AMZN,P,2025-06-05,2025-07-01
D,Cleo Fields,House,AMZN,P,2025-06-30,2025-07-01
D,Cleo Fields,House,AAPL,P,2025-06-09,2025-07-01
D,Cleo Fields,House,AAPL,P,2025-06-03,2025-07-01
D,Cleo Fields,House,AAPL,P,2025-06-25,2025-07-01
D,Cleo Fields,House,AAPL,P,2025-06-30,2025-07-01
D,Cleo Fields,House,CMG,P,2025-06-30,2025-07-01
D,Cleo Fields,House,CSCO,P,2025-06-30,2025-07-01
D,Cleo Fields,House,INTC,S,2025-06-30,2025-07-01
D,Cleo Fields,House,JPM,P,2025-06-30,2025-07-01
D,Cleo Fields,House,MCD,P,2025-06-25,2025-07-01
D,Cleo Fields,House,META,P,2025-06-30,2025-07-01
D,Cleo Fields,House,MSFT,P,2025-06-03,2025-07-01
D,Cleo Fields,House,MSFT,P,2025-06-25,2025-07-01
D,Cleo Fields,House,NVDA,P,2025-06-30,2025-07-01
D,Cleo Fields,House,NVDA,P,2025-06-03,2025-07-01
D,Cleo Fields,House,NVDA,P,2025-06-05,2025-07-01
D,Cleo Fields,House,NVDA,P,2025-06-25,2025-07-01
D,Cleo Fields,House,NVDA,P,2025-06-09,2025-07-01
D,Cleo Fields,House,NVDA,P,2025-06-26,2025-07-01
D,Cleo Fields,House,PLTR,P,2025-06-25,2025-07-01
D,Cleo Fields,House,PLTR,P,2025-06-30,2025-07-01
D,Cleo Fields,House,TSM,P,2025-06-25,2025-07-01
D,Cleo Fields,House,AMD,P,2025-07-30,2025-08-06
D,Cleo Fields,House,GOOG,P,2025-07-30,2025-08-06
D,Cleo Fields,House,GOOG,P,2025-07-29,2025-08-06
D,Cleo Fields,House,GOOG,P,2025-07-17,2025-08-06
D,Cleo Fields,House,GOOG,P,2025-07-14,2025-08-06
D,Cleo Fields,House,AMZN,P,2025-07-16,2025-08-06
D,Cleo Fields,House,AMZN,P,2025-07-14,2025-08-06
D,Cleo Fields,House,AMZN,P,2025-07-29,2025-08-06
D,Cleo Fields,House,AAPL,P,2025-07-29,2025-08-06
D,Cleo Fields,House,ARM,P,2025-07-16,2025-08-06
D,Cleo Fields,House,BMNR,P,2025-07-16,2025-08-06
D,Cleo Fields,House,BMNR,S,2025-07-28,2025-08-06
D,Cleo Fields,House,AVGO,P,2025-07-18,2025-08-06
D,Cleo Fields,House,AVGO,P,2025-07-29,2025-08-06
D,Cleo Fields,House,IREN,P,2025-07-10,2025-08-06
D,Cleo Fields,House,MCD,P,2025-07-29,2025-08-06
D,Cleo Fields,House,META,P,2025-07-29,2025-08-06
D,Cleo Fields,House,META,P,2025-07-17,2025-08-06
D,Cleo Fields,House,META,P,2025-07-16,2025-08-06
D,Cleo Fields,House,MSFT,P,2025-07-16,2025-08-06
D,Cleo Fields,House,MSFT,P,2025-07-29,2025-08-06
D,Cleo Fields,House,MSFT,P,2025-07-28,2025-08-06
D,Cleo Fields,House,NVDA,P,2025-07-29,2025-08-06
D,Cleo Fields,House,NVDA,P,2025-07-16,2025-08-06
D,Cleo Fields,House,NVDA,P,2025-07-17,2025-08-06
D,Cleo Fields,House,NVDA,P,2025-07-14,2025-08-06
D,Cleo Fields,House,NVDA,P,2025-07-10,2025-08-06
D,Cleo Fields,House,OPEN,P,2025-07-21,2025-08-06
D,Cleo Fields,House,PLTR,P,2025-07-18,2025-08-06
D,Cleo Fields,House,PLTR,P,2025-07-28,2025-08-06
D,Cleo Fields,House,HOOD,P,2025-07-21,2025-08-06
D,Cleo Fields,House,HOOD,P,2025-07-17,2025-08-06
D,Cleo Fields,House,SOUN,P,2025-07-16,2025-08-06
D,Cleo Fields,House,TSM,P,2025-07-17,2025-08-06
D,Cleo Fields,House,UBER,P,2025-07-10,2025-08-06
D,Cleo Fields,House,AMD,P,2025-08-01,2025-09-03
D,Cleo Fields,House,AMD,P,2025-08-15,2025-09-03
D,Cleo Fields,House,GOOG,P,2025-08-01,2025-09-03
D,Cleo Fields,House,AMZN,P,2025-08-01,2025-09-03
D,Cleo Fields,House,AMZN,P,2025-08-15,2025-09-03
D,Cleo Fields,House,AAPL,P,2025-08-14,2025-09-03
D,Cleo Fields,House,AAPL,P,2025-08-01,2025-09-03
D,Cleo Fields,House,AVGO,P,2025-08-13,2025-09-03
D,Cleo Fields,House,AVGO,P,2025-08-15,2025-09-03
D,Cleo Fields,House,META,P,2025-08-01,2025-09-03
D,Cleo Fields,House,META,P,2025-08-13,2025-09-03
D,Cleo Fields,House,MSFT,P,2025-08-01,2025-09-03
D,Cleo Fields,House,NVDA,P,2025-08-06,2025-09-03
D,Cleo Fields,House,NVDA,P,2025-08-01,2025-09-03
D,Cleo Fields,House,NVDA,P,2025-08-13,2025-09-03
D,Cleo Fields,House,NVDA,P,2025-08-15,2025-09-03
D,Cleo Fields,House,NVDA,P,2025-08-20,2025-09-03
D,Cleo Fields,House,NVDA,P,2025-08-22,2025-09-03
D,Cleo Fields,House,PLTR,P,2025-08-13,2025-09-03
D,Cleo Fields,House,TSM,P,2025-08-13,2025-09-03
D,Cleo Fields,House,TSM,P,2025-08-01,2025-09-03
D,Cleo Fields,House,TSM,P,2025-08-15,2025-09-03
D,Cleo Fields,House,GOOG,P,2025-09-17,2025-09-30
D,Cleo Fields,House,GOOG,P,2025-09-03,2025-09-30
D,Cleo Fields,House,AMZN,P,2025-09-03,2025-09-30
D,Cleo Fields,House,AMZN,P,2025-09-10,2025-09-30
D,Cleo Fields,House,AMZN,P,2025-09-17,2025-09-30
D,Cleo Fields,House,AAPL,P,2025-09-10,2025-09-30
D,Cleo Fields,House,AAPL,P,2025-09-03,2025-09-30
D,Cleo Fields,House,AVGO,P,2025-09-17,2025-09-30
D,Cleo Fields,House,MCD,P,2025-09-10,2025-09-30
D,Cleo Fields,House,META,P,2025-09-10,2025-09-30
D,Cleo Fields,House,META,P,2025-09-17,2025-09-30
D,Cleo Fields,House,NVDA,P,2025-09-03,2025-09-30
D,Cleo Fields,House,OPEN,P,2025-09-19,2025-09-30
D,Cleo Fields,House,ORCL,P,2025-09-23,2025-09-30
D,Cleo Fields,House,ORCL,P,2025-09-18,2025-09-30
D,Cleo Fields,House,ORCL,P,2025-09-17,2025-09-30
D,Cleo Fields,House,QCOM,P,2025-09-10,2025-09-30
D,Cleo Fields,House,UBER,P,2025-09-10,2025-09-30
D,Cleo Fields,House,GOOGL,P,2025-10-10,2025-10-30
D,Cleo Fields,House,GOOG,P,2025-10-10,2025-10-30
D,Cleo Fields,House,CRWV,P,2025-10-10,2025-10-30
D,Cleo Fields,House,CRWV,P,2025-10-09,2025-10-30
D,Cleo Fields,House,IREN,P,2025-10-10,2025-10-30
D,Cleo Fields,House,PLTR,P,2025-10-10,2025-10-30
D,Cleo Fields,House,GOOGL,P,2025-10-23,2025-11-12
D,Cleo Fields,House,GOOG,P,2025-10-29,2025-11-12
D,Cleo Fields,House,AAPL,P,2025-10-30,2025-11-12
D,Cleo Fields,House,AAPL,P,2025-10-23,2025-11-12
D,Cleo Fields,House,CLS,P,2025-10-31,2025-11-12
D,Cleo Fields,House,CMG,S,2025-10-30,2025-11-12
D,Cleo Fields,House,NFLX,P,2025-10-31,2025-11-12
D,Cleo Fields,House,NVDA,P,2025-10-30,2025-11-12
D,Cleo Fields,House,TSM,P,2025-10-23,2025-11-12
D,Cleo Fields,House,AAPL,P,2025-11-13,2025-11-19
D,Cleo Fields,House,CLS,P,2025-11-03,2025-11-19
D,Cleo Fields,House,NFLX,P,2025-11-03,2025-11-19
D,Cleo Fields,House,NFLX,P,2025-11-20,2025-12-10
D,Cleo Fields,House,GOOGL,P,2025-12-15,2025-12-17
D,Cleo Fields,House,GOOGL,P,2025-12-11,2025-12-17
D,Cleo Fields,House,GOOGL,P,2025-12-09,2025-12-17
D,Cleo Fields,House,GOOGL,P,2025-12-01,2025-12-17
D,Cleo Fields,House,GOOG,P,2025-12-15,2025-12-17
D,Cleo Fields,House,ARM,S,2025-12-11,2025-12-17
D,Cleo Fields,House,CRWV,S,2025-12-11,2025-12-17
D,Cleo Fields,House,IREN,P,2025-12-09,2025-12-17
D,Cleo Fields,House,MSFT,P,2025-12-11,2025-12-17
D,Cleo Fields,House,NFLX,P,2025-12-03,2025-12-17
D,Cleo Fields,House,SOUN,S,2025-12-15,2025-12-17
D,Cleo Fields,House,UBER,S,2025-12-11,2025-12-17
R,Virginia Foxx,House,ABBV,P,2024-12-06,2025-01-06
R,Virginia Foxx,House,AEP,P,2024-12-06,2025-01-06
R,Virginia Foxx,House,AMGN,P,2024-12-06,2025-01-06
R,Virginia Foxx,House,BMY,P,2024-12-06,2025-01-06
R,Virginia Foxx,House,JNJ,P,2024-12-06,2025-01-06
R,Virginia Foxx,House,PSA,P,2024-12-06,2025-01-06
R,Virginia Foxx,House,VIASP,S,2024-12-06,2025-01-06
R,Virginia Foxx,House,ARLP,P,2025-02-14,2025-03-03
R,Virginia Foxx,House,ET,P,2025-02-19,2025-03-03
R,Virginia Foxx,House,EFC,P,2025-03-31,2025-04-04
R,Virginia Foxx,House,FLNG,S,2025-03-07,2025-04-04
R,Virginia Foxx,House,HTGC,P,2025-03-05,2025-04-04
R,Virginia Foxx,House,PBA,S,2025-03-07,2025-04-04
R,Virginia Foxx,House,ARLP,P,2025-05-15,2025-06-03
R,Virginia Foxx,House,HTGC,P,2025-05-20,2025-06-03
R,Virginia Foxx,House,BMY,S,2025-06-24,2025-07-03
R,Virginia Foxx,House,EFC,P,2025-06-30,2025-07-03
R,Virginia Foxx,House,ARLP,P,2025-08-14,2025-09-08
R,Virginia Foxx,House,HTGC,P,2025-08-19,2025-09-08
R,Virginia Foxx,House,ARLP,P,2025-11-14,2025-12-01
R,Virginia Foxx,House,ARLP,P,2025-11-17,2025-12-01
R,Virginia Foxx,House,HTGC,P,2025-11-19,2025-12-01
R,Scott Scott Franklin,House,AMZN,P,2025-02-26,2025-03-18
R,Scott Scott Franklin,House,COST,S,2025-01-28,2025-03-18
R,Scott Scott Franklin,House,LMT,P,2025-02-19,2025-03-18
R,Scott Scott Franklin,House,LMT,P,2025-02-18,2025-03-18
R,Scott Scott Franklin,House,NVO,P,2025-03-27,2025-04-11
R,Scott Scott Franklin,House,UNP,P,2025-04-21,2025-06-02
R,Scott Scott Franklin,House,ACN,P,2024-08-07,2025-07-03
R,Scott Scott Franklin,House,APD,P,2024-08-07,2025-07-03
R,Scott Scott Franklin,House,GOOG,P,2024-08-07,2025-07-03
R,Scott Scott Franklin,House,AMGN,P,2024-08-07,2025-07-03
R,Scott Scott Franklin,House,AAPL,P,2024-08-07,2025-07-03
R,Scott Scott Franklin,House,ADP,P,2024-09-25,2025-07-03
R,Scott Scott Franklin,House,BRK.B,P,2024-08-07,2025-07-03
R,Scott Scott Franklin,House,CB,P,2024-08-07,2025-07-03
R,Scott Scott Franklin,House,CMCSA,P,2024-08-07,2025-07-03
R,Scott Scott Franklin,House,COST,P,2024-08-07,2025-07-03
R,Scott Scott Franklin,House,GD,P,2024-08-07,2025-07-03
R,Scott Scott Franklin,House,ITW,P,2024-08-07,2025-07-03
R,Scott Scott Franklin,House,JNJ,P,2024-08-07,2025-07-03
R,Scott Scott Franklin,House,JPM,P,2024-08-07,2025-07-03
R,Scott Scott Franklin,House,LMT,P,2024-08-07,2025-07-03
R,Scott Scott Franklin,House,MCD,P,2024-08-07,2025-07-03
R,Scott Scott Franklin,House,MRK,P,2024-08-07,2025-07-03
R,Scott Scott Franklin,House,MSFT,P,2024-08-07,2025-07-03
R,Scott Scott Franklin,House,PG,P,2024-08-07,2025-07-03
R,Scott Scott Franklin,House,SBUX,P,2024-08-07,2025-07-03
R,Scott Scott Franklin,House,HSY,P,2024-08-07,2025-07-03
R,Scott Scott Franklin,House,UPS,P,2024-08-07,2025-07-03
R,Scott Scott Franklin,House,UNH,P,2024-08-07,2025-07-03
R,Scott Scott Franklin,House,WMT,P,2024-08-07,2025-07-03
R,Scott Scott Franklin,House,GOOG,S,2025-06-16,2025-07-14
R,Scott Scott Franklin,House,AAPL,S,2025-06-16,2025-07-14
R,Scott Scott Franklin,House,BRK.B,S,2025-06-16,2025-07-14
R,Scott Scott Franklin,House,CSCO,S,2025-06-16,2025-07-14
R,Scott Scott Franklin,House,JNJ,S,2025-06-16,2025-07-14
R,Scott Scott Franklin,House,JPM,S,2025-06-16,2025-07-14
R,Scott Scott Franklin,House,KVUE,S,2025-06-16,2025-07-14
R,Scott Scott Franklin,House,MCD,S,2025-06-16,2025-07-14
R,Scott Scott Franklin,House,MRK,S,2025-06-16,2025-07-14
R,Scott Scott Franklin,House,MSFT,S,2025-06-16,2025-07-14
R,Scott Scott Franklin,House,PG,S,2025-06-16,2025-07-14
R,Scott Scott Franklin,House,UPS,S,2025-06-16,2025-07-14
R,Scott Scott Franklin,House,WMT,S,2025-06-16,2025-07-14
R,Scott Scott Franklin,House,UPS,S,2025-07-22,2025-07-31
R,Scott Scott Franklin,House,CMCSA,S,2025-08-04,2025-08-14
R,Scott Scott Franklin,House,NVO,P,2025-08-04,2025-08-14
R,Scott Scott Franklin,House,UNP,P,2025-10-14,2025-10-22
D,Laura Friedman,House,PSKY,E,2025-08-07,2025-09-09
D,Laura Friedman,House,PSKY,S,2025-09-10,2025-10-08
R,Brandon Gill,House,IBIT,P,2025-10-20,2025-11-18
D,Daniel Goldman,House,SPGI,S,2025-02-11,2025-03-28
D,Josh Gottheimer,House,BABA,S,2024-12-16,2025-01-14
D,Josh Gottheimer,House,AAPL,P,2024-12-19,2025-01-14
D,Josh Gottheimer,House,SQ,P,2024-12-30,2025-01-14
D,Josh Gottheimer,House,CDRE,S,2024-12-27,2025-01-14
D,Josh Gottheimer,House,CDRE,P,2024-12-06,2025-01-14
D,Josh Gottheimer,House,CLPBY,S,2024-12-16,2025-01-14
D,Josh Gottheimer,House,GMAB,S,2024-12-16,2025-01-14
D,Josh Gottheimer,House,GBOOY,P,2024-12-30,2025-01-14
D,Josh Gottheimer,House,JNJ,P,2024-12-12,2025-01-14
D,Josh Gottheimer,House,PGNY,S,2024-12-06,2025-01-14
D,Josh Gottheimer,House,TLK,S,2024-12-16,2025-01-14
D,Josh Gottheimer,House,CRM,P,2024-12-13,2025-01-14
D,Josh Gottheimer,House,TSLA,P,2024-12-03,2025-01-14
D,Josh Gottheimer,House,THR,P,2024-12-06,2025-01-14
D,Josh Gottheimer,House,UNICY,S,2024-12-16,2025-01-14
D,Josh Gottheimer,House,UNP,P,2024-12-13,2025-01-14
D,Josh Gottheimer,House,WMT,P,2024-12-18,2025-01-14
D,Josh Gottheimer,House,WMT,P,2024-12-20,2025-01-14
D,Josh Gottheimer,House,WMT,P,2024-12-19,2025-01-14
D,Josh Gottheimer,House,MMM,P,2025-01-30,2025-02-10
D,Josh Gottheimer,House,MMM,P,2025-01-21,2025-02-10
D,Josh Gottheimer,House,ABT,P,2025-01-29,2025-02-10
D,Josh Gottheimer,House,ABT,P,2025-01-28,2025-02-10
D,Josh Gottheimer,House,BABA,P,2025-01-31,2025-02-10
D,Josh Gottheimer,House,BABA,P,2025-01-16,2025-02-10
D,Josh Gottheimer,House,ABEV,P,2025-01-27,2025-02-10
D,Josh Gottheimer,House,BRK.B,P,2025-01-16,2025-02-10
D,Josh Gottheimer,House,CDRE,P,2025-01-27,2025-02-10
D,Josh Gottheimer,House,KO,P,2025-01-16,2025-02-10
D,Josh Gottheimer,House,CLPBY,P,2025-01-21,2025-02-10
D,Josh Gottheimer,House,GLW,P,2025-01-30,2025-02-10
D,Josh Gottheimer,House,GLW,P,2025-01-27,2025-02-10
D,Josh Gottheimer,House,DHI,P,2025-01-16,2025-02-10
D,Josh Gottheimer,House,D,P,2025-01-16,2025-02-10
D,Josh Gottheimer,House,GMAB,P,2025-01-16,2025-02-10
D,Josh Gottheimer,House,GBOOY,P,2025-01-27,2025-02-10
D,Josh Gottheimer,House,JNJ,P,2025-01-16,2025-02-10
D,Josh Gottheimer,House,JNJ,P,2025-01-24,2025-02-10
D,Josh Gottheimer,House,JNJ,P,2025-01-21,2025-02-10
D,Josh Gottheimer,House,MA,P,2025-01-30,2025-02-10
D,Josh Gottheimer,House,MA,P,2025-01-31,2025-02-10
D,Josh Gottheimer,House,MRK,S,2025-01-27,2025-02-10
D,Josh Gottheimer,House,NFLX,P,2025-01-16,2025-02-10
D,Josh Gottheimer,House,PAR,P,2025-01-17,2025-02-10
D,Josh Gottheimer,House,TLK,P,2025-01-16,2025-02-10
D,Josh Gottheimer,House,REGN,S,2025-01-24,2025-02-10
D,Josh Gottheimer,House,CRM,P,2025-01-29,2025-02-10
D,Josh Gottheimer,House,SHEL,P,2025-01-16,2025-02-10
D,Josh Gottheimer,House,TEL,P,2025-01-23,2025-02-10
D,Josh Gottheimer,House,TSLA,P,2025-01-28,2025-02-10
D,Josh Gottheimer,House,TSLA,P,2025-01-31,2025-02-10
D,Josh Gottheimer,House,TSLA,P,2025-01-30,2025-02-10
D,Josh Gottheimer,House,TWLO,P,2025-01-31,2025-02-10
D,Josh Gottheimer,House,UNICY,P,2025-01-16,2025-02-10
D,Josh Gottheimer,House,UNP,P,2025-01-29,2025-02-10
D,Josh Gottheimer,House,V,P,2025-01-28,2025-02-10
D,Josh Gottheimer,House,V,P,2025-01-30,2025-02-10
D,Josh Gottheimer,House,V,P,2025-01-31,2025-02-10
D,Josh Gottheimer,House,V,P,2025-01-23,2025-02-10
D,Josh Gottheimer,House,WMT,P,2025-01-24,2025-02-10
D,Josh Gottheimer,House,ABT,P,2025-02-13,2025-03-06
D,Josh Gottheimer,House,BABA,P,2025-02-12,2025-03-06
D,Josh Gottheimer,House,ABEV,S,2025-02-07,2025-03-06
D,Josh Gottheimer,House,XYZ,S,2025-02-27,2025-03-06
D,Josh Gottheimer,House,XYZ,P,2025-02-03,2025-03-06
D,Josh Gottheimer,House,AVGO,P,2025-02-06,2025-03-06
D,Josh Gottheimer,House,DSCSY,P,2025-02-10,2025-03-06
D,Josh Gottheimer,House,DSCSY,P,2025-02-07,2025-03-06
D,Josh Gottheimer,House,FI,P,2025-02-26,2025-03-06
D,Josh Gottheimer,House,GS,P,2025-02-21,2025-03-06
D,Josh Gottheimer,House,ICFI,S,2025-02-19,2025-03-06
D,Josh Gottheimer,House,FNA,S,2025-02-27,2025-03-06
D,Josh Gottheimer,House,SHOP,P,2025-02-12,2025-03-06
D,Josh Gottheimer,House,SHOP,P,2025-02-03,2025-03-06
D,Josh Gottheimer,House,SNOW,P,2025-02-21,2025-03-06
D,Josh Gottheimer,House,SBUX,P,2025-02-03,2025-03-06
D,Josh Gottheimer,House,TSLA,P,2025-02-05,2025-03-06
D,Josh Gottheimer,House,TWLO,P,2025-02-06,2025-03-06
D,Josh Gottheimer,House,UNP,P,2025-02-03,2025-03-06
D,Josh Gottheimer,House,VRT,S,2025-02-25,2025-03-06
D,Josh Gottheimer,House,V,P,2025-02-28,2025-03-06
D,Josh Gottheimer,House,WMT,P,2025-02-13,2025-03-06
D,Josh Gottheimer,House,APP,P,2025-03-13,2025-04-10
D,Josh Gottheimer,House,ASML,P,2025-03-12,2025-04-10
D,Josh Gottheimer,House,AZTA,S,2025-03-19,2025-04-10
D,Josh Gottheimer,House,BKNG,P,2025-03-05,2025-04-10
D,Josh Gottheimer,House,BKNG,P,2025-03-04,2025-04-10
D,Josh Gottheimer,House,CRNX,S,2025-03-19,2025-04-10
D,Josh Gottheimer,House,DHI,S,2025-03-19,2025-04-10
D,Josh Gottheimer,House,DSCSY,S,2025-03-19,2025-04-10
D,Josh Gottheimer,House,DASH,P,2025-03-13,2025-04-10
D,Josh Gottheimer,House,DAVA,S,2025-03-19,2025-04-10
D,Josh Gottheimer,House,FLYW,P,2025-03-10,2025-04-10
D,Josh Gottheimer,House,GILD,P,2025-03-07,2025-04-10
D,Josh Gottheimer,House,IFNNY,S,2025-03-19,2025-04-10
D,Josh Gottheimer,House,ICE,P,2024-03-18,2025-04-10
D,Josh Gottheimer,House,IBM,P,2025-03-10,2025-04-10
D,Josh Gottheimer,House,META,P,2025-03-05,2025-04-10
D,Josh Gottheimer,House,PYPL,S,2025-03-03,2025-04-10
D,Josh Gottheimer,House,TLK,S,2025-03-19,2025-04-10
D,Josh Gottheimer,House,SNOW,S,2025-03-19,2025-04-10
D,Josh Gottheimer,House,TNDM,S,2025-03-19,2025-04-10
D,Josh Gottheimer,House,TTNDY,S,2025-03-19,2025-04-10
D,Josh Gottheimer,House,TPH,S,2025-03-19,2025-04-10
D,Josh Gottheimer,House,V,P,2025-03-03,2025-04-10
D,Josh Gottheimer,House,V,P,2025-03-05,2025-04-10
D,Josh Gottheimer,House,WMT,P,2025-03-24,2025-04-10
D,Josh Gottheimer,House,WMT,P,2025-03-17,2025-04-10
D,Josh Gottheimer,House,MMM,P,2025-04-05,2025-05-14
D,Josh Gottheimer,House,ABBV,P,2025-04-03,2025-05-14
D,Josh Gottheimer,House,ABBV,P,2025-04-01,2025-05-14
D,Josh Gottheimer,House,ABBV,S,2025-04-17,2025-05-14
D,Josh Gottheimer,House,AEIS,S,2025-04-17,2025-05-14
D,Josh Gottheimer,House,BABA,P,2025-04-04,2025-05-14
D,Josh Gottheimer,House,APP,S,2025-04-16,2025-05-14
D,Josh Gottheimer,House,APP,S,2025-04-14,2025-05-14
D,Josh Gottheimer,House,ASML,S,2025-04-17,2025-05-14
D,Josh Gottheimer,House,CDRE,S,2025-04-17,2025-05-14
D,Josh Gottheimer,House,SCHW,S,2025-04-07,2025-05-14
D,Josh Gottheimer,House,LNG,P,2025-04-22,2025-05-14
D,Josh Gottheimer,House,GLW,S,2025-04-09,2025-05-14
D,Josh Gottheimer,House,GLW,S,2025-04-17,2025-05-14
D,Josh Gottheimer,House,DHI,P,2025-04-21,2025-05-14
D,Josh Gottheimer,House,EPAC,S,2025-04-17,2025-05-14
D,Josh Gottheimer,House,FMX,P,2025-04-04,2025-05-14
D,Josh Gottheimer,House,HLMN,S,2025-04-17,2025-05-14
D,Josh Gottheimer,House,HMN,P,2025-04-21,2025-05-14
D,Josh Gottheimer,House,ITCI,S,2025-04-03,2025-05-14
D,Josh Gottheimer,House,PAR,S,2025-04-17,2025-05-14
D,Josh Gottheimer,House,TLK,P,2025-04-21,2025-05-14
D,Josh Gottheimer,House,RTX,P,2025-04-23,2025-05-14
D,Josh Gottheimer,House,CRM,S,2025-04-17,2025-05-14
D,Josh Gottheimer,House,SMNNY,S,2025-04-11,2025-05-14
D,Josh Gottheimer,House,TEL,S,2025-04-09,2025-05-14
D,Josh Gottheimer,House,TEL,S,2025-04-17,2025-05-14
D,Josh Gottheimer,House,TTNDY,P,2025-04-21,2025-05-14
D,Josh Gottheimer,House,THR,S,2025-04-17,2025-05-14
D,Josh Gottheimer,House,TPH,P,2025-04-21,2025-05-14
D,Josh Gottheimer,House,TWLO,S,2025-04-17,2025-05-14
D,Josh Gottheimer,House,USPH,S,2025-04-17,2025-05-14
D,Josh Gottheimer,House,ABBV,P,2025-05-22,2025-06-11
D,Josh Gottheimer,House,APP,P,2025-05-28,2025-06-11
D,Josh Gottheimer,House,ASML,P,2025-05-22,2025-06-11
D,Josh Gottheimer,House,CLPBY,S,2025-05-14,2025-06-11
D,Josh Gottheimer,House,GLW,P,2025-05-28,2025-06-11
D,Josh Gottheimer,House,GLW,P,2025-05-22,2025-06-11
D,Josh Gottheimer,House,LLY,P,2025-05-01,2025-06-11
D,Josh Gottheimer,House,GILD,S,2025-05-14,2025-06-11
D,Josh Gottheimer,House,MSFT,P,2025-05-21,2025-06-11
D,Josh Gottheimer,House,MSFT,P,2025-05-22,2025-06-11
D,Josh Gottheimer,House,CRM,P,2025-05-22,2025-06-11
D,Josh Gottheimer,House,SE,P,2025-05-23,2025-06-11
D,Josh Gottheimer,House,TEL,P,2025-05-22,2025-06-11
D,Josh Gottheimer,House,TSLA,P,2025-05-29,2025-06-11
D,Josh Gottheimer,House,TSLA,P,2025-05-27,2025-06-11
D,Josh Gottheimer,House,TSLA,P,2025-05-16,2025-06-11
D,Josh Gottheimer,House,TSLA,P,2025-05-15,2025-06-11
D,Josh Gottheimer,House,UBER,P,2025-05-15,2025-06-11
D,Josh Gottheimer,House,AKAM,S,2025-06-03,2025-07-16
D,Josh Gottheimer,House,AVGO,P,2025-06-25,2025-07-16
D,Josh Gottheimer,House,CVNA,P,2025-06-20,2025-07-16
D,Josh Gottheimer,House,CB,P,2025-06-13,2025-07-16
D,Josh Gottheimer,House,NET,P,2025-06-20,2025-07-16
D,Josh Gottheimer,House,FIS,S,2025-06-03,2025-07-16
D,Josh Gottheimer,House,INSM,P,2025-06-16,2025-07-16
D,Josh Gottheimer,House,NVDA,P,2025-06-24,2025-07-16
D,Josh Gottheimer,House,CRM,S,2025-06-03,2025-07-16
D,Josh Gottheimer,House,UNP,S,2025-06-04,2025-07-16
D,Josh Gottheimer,House,IRT,S,2025-07-16,2025-08-11
D,Josh Gottheimer,House,SWTX,S,2025-07-02,2025-08-11
D,Josh Gottheimer,House,NTRA,P,2025-08-22,2025-09-05
D,Josh Gottheimer,House,CVLT,P,2025-09-23,2025-10-15
D,Josh Gottheimer,House,IRT,S,2025-09-22,2025-10-15
D,Josh Gottheimer,House,NTRA,P,2025-09-30,2025-10-15
D,Josh Gottheimer,House,SSMXY,P,2025-09-22,2025-10-15
D,Josh Gottheimer,House,TNDM,P,2025-09-22,2025-10-15
D,Josh Gottheimer,House,BWIN,S,2025-09-23,2025-10-15
D,Josh Gottheimer,House,TTD,S,2025-09-11,2025-10-15
D,Josh Gottheimer,House,ICE,S,2025-10-16,2025-11-17
D,Josh Gottheimer,House,NTES,P,2025-10-17,2025-11-17
D,Josh Gottheimer,House,NICE,P,2025-10-17,2025-11-17
D,Josh Gottheimer,House,BHP,S,2025-11-19,2025-12-29
D,Josh Gottheimer,House,CSW,P,2025-11-17,2025-12-29
D,Josh Gottheimer,House,EW,S,2025-11-19,2025-12-29
D,Josh Gottheimer,House,FIS,S,2025-11-19,2025-12-29
D,Josh Gottheimer,House,HUBS,S,2025-11-19,2025-12-29
D,Josh Gottheimer,House,KKR,S,2025-11-19,2025-12-29
R,Mark Dr Green,House,NGL,S,2025-01-02,2025-01-13
R,Mark Dr Green,House,NGL,S,2025-01-28,2025-02-06
R,Mark Dr Green,House,NGL,S,2025-01-30,2025-02-06
R,Mark Dr Green,House,NGL,S,2025-02-03,2025-02-06
R,Mark Dr Green,House,NGL,S,2025-02-18,2025-02-28
R,Mark Dr Green,House,NGL,S,2025-02-28,2025-03-05
R,Marjorie Taylor Greene,House,AMD,P,2025-01-08,2025-01-27
R,Marjorie Taylor Greene,House,AMD,P,2025-01-21,2025-01-27
R,Marjorie Taylor Greene,House,GOOG,P,2025-01-08,2025-01-27
R,Marjorie Taylor Greene,House,AMZN,P,2025-01-08,2025-01-27
R,Marjorie Taylor Greene,House,AMZN,P,2025-01-21,2025-01-27
R,Marjorie Taylor Greene,House,ASML,P,2025-01-08,2025-01-27
R,Marjorie Taylor Greene,House,BRK.B,P,2025-01-08,2025-01-27
R,Marjorie Taylor Greene,House,CAH,P,2025-01-21,2025-01-27
R,Marjorie Taylor Greene,House,CAT,P,2025-01-08,2025-01-27
R,Marjorie Taylor Greene,House,DVN,P,2025-01-21,2025-01-27
R,Marjorie Taylor Greene,House,LLY,P,2025-01-21,2025-01-27
R,Marjorie Taylor Greene,House,INTC,P,2025-01-08,2025-01-27
R,Marjorie Taylor Greene,House,JNJ,P,2025-01-08,2025-01-27
R,Marjorie Taylor Greene,House,JPM,P,2025-01-08,2025-01-27
R,Marjorie Taylor Greene,House,KMI,P,2025-01-21,2025-01-27
R,Marjorie Taylor Greene,House,META,P,2025-01-21,2025-01-27
R,Marjorie Taylor Greene,House,NEE,P,2025-01-21,2025-01-27
R,Marjorie Taylor Greene,House,NSC,P,2025-01-21,2025-01-27
R,Marjorie Taylor Greene,House,NVDA,P,2025-01-21,2025-01-27
R,Marjorie Taylor Greene,House,NVDA,P,2025-01-08,2025-01-27
R,Marjorie Taylor Greene,House,OXY,P,2025-01-21,2025-01-27
R,Marjorie Taylor Greene,House,ODFL,P,2025-01-21,2025-01-27
R,Marjorie Taylor Greene,House,PANW,P,2025-01-21,2025-01-27
R,Marjorie Taylor Greene,House,PANW,P,2025-01-08,2025-01-27
R,Marjorie Taylor Greene,House,SCCO,P,2025-01-08,2025-01-27
R,Marjorie Taylor Greene,House,TSLA,P,2025-01-08,2025-01-27
R,Marjorie Taylor Greene,House,HSY,P,2025-01-08,2025-01-27
R,Marjorie Taylor Greene,House,UPS,P,2025-01-08,2025-01-27
R,Marjorie Taylor Greene,House,V,P,2025-01-21,2025-01-27
R,Marjorie Taylor Greene,House,ADBE,P,2025-02-12,2025-02-14
R,Marjorie Taylor Greene,House,AAPL,P,2025-02-12,2025-02-14
R,Marjorie Taylor Greene,House,DVN,P,2025-02-12,2025-02-14
R,Marjorie Taylor Greene,House,INTC,P,2025-02-12,2025-02-14
R,Marjorie Taylor Greene,House,META,P,2025-02-12,2025-02-14
R,Marjorie Taylor Greene,House,MSFT,P,2025-02-12,2025-02-14
R,Marjorie Taylor Greene,House,NSC,P,2025-02-12,2025-02-14
R,Marjorie Taylor Greene,House,PLTR,P,2025-02-12,2025-02-14
R,Marjorie Taylor Greene,House,UPS,P,2025-02-12,2025-02-14
R,Marjorie Taylor Greene,House,CRWD,P,2025-03-07,2025-03-09
R,Marjorie Taylor Greene,House,DG,P,2025-03-07,2025-03-09
R,Marjorie Taylor Greene,House,DG,P,2025-03-03,2025-03-09
R,Marjorie Taylor Greene,House,PI,P,2025-03-07,2025-03-09
R,Marjorie Taylor Greene,House,TSLA,P,2025-03-03,2025-03-09
R,Marjorie Taylor Greene,House,ABBV,P,2025-03-17,2025-03-19
R,Marjorie Taylor Greene,House,GOOG,P,2025-03-17,2025-03-19
R,Marjorie Taylor Greene,House,AAPL,P,2025-03-17,2025-03-19
R,Marjorie Taylor Greene,House,AMAT,P,2025-03-17,2025-03-19
R,Marjorie Taylor Greene,House,BX,P,2025-03-17,2025-03-19
R,Marjorie Taylor Greene,House,CAH,P,2025-03-17,2025-03-19
R,Marjorie Taylor Greene,House,CAT,P,2025-03-17,2025-03-19
R,Marjorie Taylor Greene,House,COST,P,2025-03-17,2025-03-19
R,Marjorie Taylor Greene,House,DLR,P,2025-03-17,2025-03-19
R,Marjorie Taylor Greene,House,KMI,P,2025-03-17,2025-03-19
R,Marjorie Taylor Greene,House,NVDA,P,2025-03-17,2025-03-19
R,Marjorie Taylor Greene,House,UPS,P,2025-03-17,2025-03-19
R,Marjorie Taylor Greene,House,AMZN,P,2025-04-04,2025-04-07
R,Marjorie Taylor Greene,House,AAPL,P,2025-04-03,2025-04-07
R,Marjorie Taylor Greene,House,BRK.B,P,2025-04-04,2025-04-07
R,Marjorie Taylor Greene,House,CAT,P,2025-04-04,2025-04-07
R,Marjorie Taylor Greene,House,DELL,P,2025-04-04,2025-04-07
R,Marjorie Taylor Greene,House,FDX,P,2025-04-04,2025-04-07
R,Marjorie Taylor Greene,House,FDX,P,2025-04-03,2025-04-07
R,Marjorie Taylor Greene,House,PI,P,2025-04-04,2025-04-07
R,Marjorie Taylor Greene,House,JPM,P,2025-04-04,2025-04-07
R,Marjorie Taylor Greene,House,LRCX,P,2025-04-04,2025-04-07
R,Marjorie Taylor Greene,House,LULU,P,2025-04-04,2025-04-07
R,Marjorie Taylor Greene,House,NSC,P,2025-04-04,2025-04-07
R,Marjorie Taylor Greene,House,ODFL,P,2025-04-04,2025-04-07
R,Marjorie Taylor Greene,House,ODFL,P,2025-04-03,2025-04-07
R,Marjorie Taylor Greene,House,QCOM,P,2025-04-04,2025-04-07
R,Marjorie Taylor Greene,House,SO,P,2025-04-04,2025-04-07
R,Marjorie Taylor Greene,House,UPS,P,2025-04-03,2025-04-07
R,Marjorie Taylor Greene,House,ADBE,P,2025-04-09,2025-04-11
R,Marjorie Taylor Greene,House,AMD,P,2025-04-09,2025-04-11
R,Marjorie Taylor Greene,House,AMD,P,2025-04-08,2025-04-11
R,Marjorie Taylor Greene,House,AMZN,P,2025-04-08,2025-04-11
R,Marjorie Taylor Greene,House,AAPL,P,2025-04-09,2025-04-11
R,Marjorie Taylor Greene,House,AMAT,P,2025-04-09,2025-04-11
R,Marjorie Taylor Greene,House,ASML,P,2025-04-09,2025-04-11
R,Marjorie Taylor Greene,House,BX,P,2025-04-08,2025-04-11
R,Marjorie Taylor Greene,House,CMI,P,2025-04-09,2025-04-11
R,Marjorie Taylor Greene,House,DVN,P,2025-04-09,2025-04-11
R,Marjorie Taylor Greene,House,FDX,P,2025-04-08,2025-04-11
R,Marjorie Taylor Greene,House,JPM,P,2025-04-08,2025-04-11
R,Marjorie Taylor Greene,House,LULU,P,2025-04-08,2025-04-11
R,Marjorie Taylor Greene,House,MRK,P,2025-04-09,2025-04-11
R,Marjorie Taylor Greene,House,NVDA,P,2025-04-08,2025-04-11
R,Marjorie Taylor Greene,House,PLTR,P,2025-04-09,2025-04-11
R,Marjorie Taylor Greene,House,PLTR,P,2025-04-08,2025-04-11
R,Marjorie Taylor Greene,House,QCOM,P,2025-04-08,2025-04-11
R,Marjorie Taylor Greene,House,SCCO,P,2025-04-08,2025-04-11
R,Marjorie Taylor Greene,House,TSLA,P,2025-04-08,2025-04-11
R,Marjorie Taylor Greene,House,ABBV,P,2025-05-05,2025-05-06
R,Marjorie Taylor Greene,House,ADBE,P,2025-05-05,2025-05-06
R,Marjorie Taylor Greene,House,AMD,P,2025-05-05,2025-05-06
R,Marjorie Taylor Greene,House,GOOG,P,2025-05-05,2025-05-06
R,Marjorie Taylor Greene,House,AMZN,P,2025-05-05,2025-05-06
R,Marjorie Taylor Greene,House,AXP,P,2025-05-05,2025-05-06
R,Marjorie Taylor Greene,House,AMGN,P,2025-05-05,2025-05-06
R,Marjorie Taylor Greene,House,AAPL,P,2025-05-05,2025-05-06
R,Marjorie Taylor Greene,House,AMAT,P,2025-05-05,2025-05-06
R,Marjorie Taylor Greene,House,BAC,P,2025-05-05,2025-05-06
R,Marjorie Taylor Greene,House,BRK.B,P,2025-05-05,2025-05-06
R,Marjorie Taylor Greene,House,BHP,P,2025-05-05,2025-05-06
R,Marjorie Taylor Greene,House,BX,P,2025-05-05,2025-05-06
R,Marjorie Taylor Greene,House,BP,P,2025-05-05,2025-05-06
R,Marjorie Taylor Greene,House,AVGO,P,2025-05-05,2025-05-06
R,Marjorie Taylor Greene,House,CAH,P,2025-05-05,2025-05-06
R,Marjorie Taylor Greene,House,CAT,P,2025-05-05,2025-05-06
R,Marjorie Taylor Greene,House,SCHW,P,2025-05-05,2025-05-06
R,Marjorie Taylor Greene,House,CVX,P,2025-05-05,2025-05-06
R,Marjorie Taylor Greene,House,GLW,P,2025-05-05,2025-05-06
R,Marjorie Taylor Greene,House,CMI,P,2025-05-05,2025-05-06
R,Marjorie Taylor Greene,House,DELL,P,2025-05-05,2025-05-06
R,Marjorie Taylor Greene,House,DVN,P,2025-05-05,2025-05-06
R,Marjorie Taylor Greene,House,DLR,P,2025-05-05,2025-05-06
R,Marjorie Taylor Greene,House,LLY,P,2025-05-05,2025-05-06
R,Marjorie Taylor Greene,House,FDX,P,2025-05-05,2025-05-06
R,Marjorie Taylor Greene,House,FRO,P,2025-05-05,2025-05-06
R,Marjorie Taylor Greene,House,GILD,P,2025-05-05,2025-05-06
R,Marjorie Taylor Greene,House,HD,P,2025-05-05,2025-05-06
R,Marjorie Taylor Greene,House,PI,P,2025-05-05,2025-05-06
R,Marjorie Taylor Greene,House,INTC,P,2025-05-05,2025-05-06
R,Marjorie Taylor Greene,House,JNJ,P,2025-05-05,2025-05-06
R,Marjorie Taylor Greene,House,JPM,P,2025-05-05,2025-05-06
R,Marjorie Taylor Greene,House,KMI,P,2025-05-05,2025-05-06
R,Marjorie Taylor Greene,House,MELI,P,2025-05-05,2025-05-06
R,Marjorie Taylor Greene,House,MRK,P,2025-05-05,2025-05-06
R,Marjorie Taylor Greene,House,META,P,2025-05-05,2025-05-06
R,Marjorie Taylor Greene,House,MSFT,P,2025-05-05,2025-05-06
R,Marjorie Taylor Greene,House,MS,P,2025-05-05,2025-05-06
R,Marjorie Taylor Greene,House,NEE,P,2025-05-05,2025-05-06
R,Marjorie Taylor Greene,House,NSC,P,2025-05-05,2025-05-06
R,Marjorie Taylor Greene,House,NVDA,P,2025-05-05,2025-05-06
R,Marjorie Taylor Greene,House,OXY,P,2025-05-05,2025-05-06
R,Marjorie Taylor Greene,House,ODFL,P,2025-05-05,2025-05-06
R,Marjorie Taylor Greene,House,PAYX,P,2025-05-05,2025-05-06
R,Marjorie Taylor Greene,House,QCOM,P,2025-05-05,2025-05-06
R,Marjorie Taylor Greene,House,NOW,P,2025-05-05,2025-05-06
R,Marjorie Taylor Greene,House,SBUX,P,2025-05-05,2025-05-06
R,Marjorie Taylor Greene,House,TSLA,P,2025-05-05,2025-05-06
R,Marjorie Taylor Greene,House,HSY,P,2025-05-05,2025-05-06
R,Marjorie Taylor Greene,House,UPS,P,2025-05-05,2025-05-06
R,Marjorie Taylor Greene,House,V,P,2025-05-05,2025-05-06
R,Marjorie Taylor Greene,House,WMT,P,2025-05-05,2025-05-06
R,Marjorie Taylor Greene,House,AMD,P,2025-05-14,2025-05-19
R,Marjorie Taylor Greene,House,GOOG,P,2025-05-14,2025-05-19
R,Marjorie Taylor Greene,House,AMGN,P,2025-05-14,2025-05-19
R,Marjorie Taylor Greene,House,BX,P,2025-05-14,2025-05-19
R,Marjorie Taylor Greene,House,CAH,P,2025-05-14,2025-05-19
R,Marjorie Taylor Greene,House,CVX,P,2025-05-14,2025-05-19
R,Marjorie Taylor Greene,House,GLW,P,2025-05-14,2025-05-19
R,Marjorie Taylor Greene,House,DG,P,2025-05-14,2025-05-19
R,Marjorie Taylor Greene,House,LLY,P,2025-05-14,2025-05-19
R,Marjorie Taylor Greene,House,PI,P,2025-05-14,2025-05-19
R,Marjorie Taylor Greene,House,MELI,P,2025-05-14,2025-05-19
R,Marjorie Taylor Greene,House,META,P,2025-05-14,2025-05-19
R,Marjorie Taylor Greene,House,MS,P,2025-05-14,2025-05-19
R,Marjorie Taylor Greene,House,NFLX,P,2025-05-14,2025-05-19
R,Marjorie Taylor Greene,House,NVDA,P,2025-05-14,2025-05-19
R,Marjorie Taylor Greene,House,NOW,P,2025-05-14,2025-05-19
R,Marjorie Taylor Greene,House,TSLA,P,2025-05-14,2025-05-19
R,Marjorie Taylor Greene,House,HSY,P,2025-05-14,2025-05-19
R,Marjorie Taylor Greene,House,UNH,P,2025-05-14,2025-05-19
R,Marjorie Taylor Greene,House,UNH,P,2025-05-16,2025-05-19
R,Marjorie Taylor Greene,House,ADBE,P,2025-06-06,2025-06-18
R,Marjorie Taylor Greene,House,AMAT,P,2025-06-06,2025-06-18
R,Marjorie Taylor Greene,House,GILD,P,2025-06-06,2025-06-18
R,Marjorie Taylor Greene,House,NFLX,P,2025-06-06,2025-06-18
R,Marjorie Taylor Greene,House,NEE,P,2025-06-06,2025-06-18
R,Marjorie Taylor Greene,House,NOW,P,2025-06-06,2025-06-18
R,Marjorie Taylor Greene,House,SNOW,P,2025-06-06,2025-06-18
R,Marjorie Taylor Greene,House,LULU,S,2025-06-17,2025-06-23
R,Marjorie Taylor Greene,House,SNOW,P,2025-06-17,2025-06-23
R,Marjorie Taylor Greene,House,TSCO,P,2025-06-17,2025-06-23
R,Marjorie Taylor Greene,House,PLTR,P,2025-07-15,2025-07-22
R,Marjorie Taylor Greene,House,ABBV,P,2025-08-04,2025-08-15
R,Marjorie Taylor Greene,House,UPS,P,2025-08-04,2025-08-15
R,Marjorie Taylor Greene,House,UNH,P,2025-08-04,2025-08-15
R,Marjorie Taylor Greene,House,NVO,P,2025-08-19,2025-08-20
R,Marjorie Taylor Greene,House,GOOG,P,2025-08-28,2025-08-29
R,Marjorie Taylor Greene,House,FDX,P,2025-08-28,2025-08-29
R,Marjorie Taylor Greene,House,MELI,P,2025-08-28,2025-08-29
R,Marjorie Taylor Greene,House,MRK,P,2025-08-28,2025-08-29
R,Marjorie Taylor Greene,House,MS,P,2025-08-28,2025-08-29
R,Marjorie Taylor Greene,House,NVO,P,2025-08-28,2025-08-29
R,Marjorie Taylor Greene,House,RHP,P,2025-08-28,2025-08-29
R,Marjorie Taylor Greene,House,UPS,P,2025-08-28,2025-08-29
R,Marjorie Taylor Greene,House,UNH,P,2025-08-28,2025-08-29
R,Marjorie Taylor Greene,House,ADBE,P,2025-09-11,2025-09-27
R,Marjorie Taylor Greene,House,GOOG,P,2025-09-11,2025-09-27
R,Marjorie Taylor Greene,House,AMGN,P,2025-09-11,2025-09-27
R,Marjorie Taylor Greene,House,ASML,P,2025-09-11,2025-09-27
R,Marjorie Taylor Greene,House,CRWD,P,2025-09-11,2025-09-27
R,Marjorie Taylor Greene,House,DLR,P,2025-09-11,2025-09-27
R,Marjorie Taylor Greene,House,GS,P,2025-09-11,2025-09-27
R,Marjorie Taylor Greene,House,IBIT,P,2025-09-11,2025-09-27
R,Marjorie Taylor Greene,House,MS,P,2025-09-11,2025-09-27
R,Marjorie Taylor Greene,House,ADBE,P,2025-10-15,2025-10-20
R,Marjorie Taylor Greene,House,AMZN,P,2025-10-15,2025-10-20
R,Marjorie Taylor Greene,House,AMZN,P,2025-10-09,2025-10-20
R,Marjorie Taylor Greene,House,IBIT,P,2025-10-15,2025-10-20
R,Marjorie Taylor Greene,House,IBIT,P,2025-10-09,2025-10-20
R,Marjorie Taylor Greene,House,NVO,P,2025-10-15,2025-10-20
R,Marjorie Taylor Greene,House,TSLA,P,2025-10-15,2025-10-20
R,Marjorie Taylor Greene,House,UPS,P,2025-10-09,2025-10-20
R,Marjorie Taylor Greene,House,XMEX,P,2025-10-15,2025-10-20
R,Marjorie Taylor Greene,House,AMZN,P,2025-10-24,2025-10-28
R,Marjorie Taylor Greene,House,AMGN,P,2025-10-24,2025-10-28
R,Marjorie Taylor Greene,House,BRK.B,P,2025-10-24,2025-10-28
R,Marjorie Taylor Greene,House,BX,P,2025-10-24,2025-10-28
R,Marjorie Taylor Greene,House,CAH,P,2025-10-24,2025-10-28
R,Marjorie Taylor Greene,House,CVX,P,2025-10-24,2025-10-28
R,Marjorie Taylor Greene,House,IBIT,P,2025-10-24,2025-10-28
R,Marjorie Taylor Greene,House,KMI,P,2025-10-24,2025-10-28
R,Marjorie Taylor Greene,House,MELI,P,2025-10-24,2025-10-28
R,Marjorie Taylor Greene,House,MSFT,P,2025-10-24,2025-10-28
R,Marjorie Taylor Greene,House,NFLX,P,2025-10-24,2025-10-28
R,Marjorie Taylor Greene,House,OXY,P,2025-10-24,2025-10-28
R,Marjorie Taylor Greene,House,ADP,P,2025-11-12,2025-11-13
R,Marjorie Taylor Greene,House,PAYX,P,2025-11-12,2025-11-13
R,Michael Patrick Guest,House,MPWR,P,2025-10-20,2025-11-19
R,Kevin Hern,House,AGCO,S,2024-12-31,2025-01-15
R,Kevin Hern,House,DVN,S,2024-12-03,2025-01-15
R,Kevin Hern,House,DXCM,S,2024-12-31,2025-01-15
R,Kevin Hern,House,EL,S,2024-12-31,2025-01-15
R,Kevin Hern,House,XOM,P,2024-12-10,2025-01-15
R,Kevin Hern,House,INTC,P,2024-12-12,2025-01-15
R,Kevin Hern,House,JNJ,S,2024-12-31,2025-01-15
R,Kevin Hern,House,MASI,S,2025-09-26,2025-10-16
R,Kevin Hern,House,ACN,S,2025-10-27,2025-11-16
R,Kevin Hern,House,BSX,S,2025-10-09,2025-11-16
R,Kevin Hern,House,MCD,S,2025-10-23,2025-11-16
R,Kevin Hern,House,STX,P,2025-10-10,2025-11-16
R,James French Hill,House,CVS,S,2025-01-31,2025-02-04
R,James French Hill,House,BX,S,2025-06-23,2025-07-24
R,James French Hill,House,FTRE,S,2025-06-23,2025-07-24
R,James French Hill,House,INTC,S,2025-06-23,2025-07-24
R,James French Hill,House,LAZ,S,2025-06-23,2025-07-24
R,James French Hill,House,L,P,2025-06-23,2025-07-24
R,James French Hill,House,MKL,P,2025-06-23,2025-07-24
R,James French Hill,House,RF,S,2025-06-23,2025-07-24
R,James French Hill,House,SFNC,S,2025-06-23,2025-07-24
R,James French Hill,House,SPB,S,2025-06-23,2025-07-24
R,James French Hill,House,VTS,S,2025-06-23,2025-07-24
R,James French Hill,House,WFC,S,2025-06-23,2025-07-24
R,James French Hill,House,WTM,P,2025-06-23,2025-07-24
D,Valerie Hoyle,House,MMM,S,2025-07-28,2025-09-12
D,Valerie Hoyle,House,GOOGL,P,2025-07-14,2025-09-12
D,Valerie Hoyle,House,GOOGL,P,2025-07-02,2025-09-12
D,Valerie Hoyle,House,GOOGL,P,2025-01-13,2025-09-12
D,Valerie Hoyle,House,GOOGL,P,2024-12-27,2025-09-12
D,Valerie Hoyle,House,GOOGL,P,2024-10-29,2025-09-12
D,Valerie Hoyle,House,GOOG,P,2024-10-29,2025-09-12
D,Valerie Hoyle,House,AMZN,P,2024-10-29,2025-09-12
D,Valerie Hoyle,House,AMZN,P,2025-01-13,2025-09-12
D,Valerie Hoyle,House,AMZN,P,2025-06-06,2025-09-12
D,Valerie Hoyle,House,AMZN,P,2025-07-02,2025-09-12
D,Valerie Hoyle,House,AMZN,P,2025-04-02,2025-09-12
D,Valerie Hoyle,House,DOX,P,2025-04-15,2025-09-12
D,Valerie Hoyle,House,AME,S,2025-01-24,2025-09-12
D,Valerie Hoyle,House,APH,P,2024-10-29,2025-09-12
D,Valerie Hoyle,House,APO,P,2024-10-29,2025-09-12
D,Valerie Hoyle,House,AAPL,P,2024-10-29,2025-09-12
D,Valerie Hoyle,House,AAPL,P,2025-06-06,2025-09-12
D,Valerie Hoyle,House,ARES,P,2024-10-29,2025-09-12
D,Valerie Hoyle,House,ANET,P,2024-10-29,2025-09-12
D,Valerie Hoyle,House,ANET,P,2024-12-04,2025-09-12
D,Valerie Hoyle,House,ANET,S,2025-04-29,2025-09-12
D,Valerie Hoyle,House,ANET,P,2025-07-14,2025-09-12
D,Valerie Hoyle,House,AJG,P,2024-10-29,2025-09-12
D,Valerie Hoyle,House,ASML,P,2024-12-27,2025-09-12
D,Valerie Hoyle,House,ASML,S,2025-01-24,2025-09-12
D,Valerie Hoyle,House,AZN,P,2024-10-29,2025-09-12
D,Valerie Hoyle,House,AZO,P,2024-10-29,2025-09-12
D,Valerie Hoyle,House,BAC,P,2024-10-29,2025-09-12
D,Valerie Hoyle,House,BAC,P,2025-06-06,2025-09-12
D,Valerie Hoyle,House,BRK.B,P,2024-10-29,2025-09-12
D,Valerie Hoyle,House,BNTX,S,2025-08-07,2025-09-12
D,Valerie Hoyle,House,BLK,P,2024-10-29,2025-09-12
D,Valerie Hoyle,House,BX,P,2025-04-15,2025-09-12
D,Valerie Hoyle,House,BX,S,2025-06-06,2025-09-12
D,Valerie Hoyle,House,BKNG,P,2024-10-29,2025-09-12
D,Valerie Hoyle,House,BSX,P,2024-10-29,2025-09-12
D,Valerie Hoyle,House,BMY,P,2024-10-29,2025-09-12
D,Valerie Hoyle,House,AVGO,P,2024-10-29,2025-09-12
D,Valerie Hoyle,House,AVGO,P,2025-06-06,2025-09-12
D,Valerie Hoyle,House,BRO,P,2025-06-26,2025-09-12
D,Valerie Hoyle,House,BF.B,P,2025-07-14,2025-09-12
D,Valerie Hoyle,House,CDNS,P,2024-10-29,2025-09-12
D,Valerie Hoyle,House,CNQ,P,2024-10-29,2025-09-12
D,Valerie Hoyle,House,CGEMY,P,2024-10-29,2025-09-12
D,Valerie Hoyle,House,COF,P,2025-06-06,2025-09-12
D,Valerie Hoyle,House,CNC,P,2024-10-29,2025-09-12
D,Valerie Hoyle,House,CF,P,2024-10-29,2025-09-12
D,Valerie Hoyle,House,CTAS,P,2024-10-29,2025-09-12
D,Valerie Hoyle,House,CSCO,P,2024-10-29,2025-09-12
D,Valerie Hoyle,House,CME,P,2025-05-21,2025-09-12
D,Valerie Hoyle,House,CCEP,P,2024-10-29,2025-09-12
D,Valerie Hoyle,House,CCEP,S,2025-06-26,2025-09-12
D,Valerie Hoyle,House,CMCSA,P,2024-10-29,2025-09-12
D,Valerie Hoyle,House,COP,P,2025-04-29,2025-09-12
D,Valerie Hoyle,House,CNSWF,P,2024-10-29,2025-09-12
D,Valerie Hoyle,House,CPRT,P,2024-10-29,2025-09-12
D,Valerie Hoyle,House,CPRT,S,2025-08-19,2025-09-12
D,Valerie Hoyle,House,CRWV,P,2025-06-06,2025-09-12
D,Valerie Hoyle,House,COST,P,2024-10-29,2025-09-12
D,Valerie Hoyle,House,CCI,P,2024-10-29,2025-09-12
D,Valerie Hoyle,House,CVS,P,2024-10-29,2025-09-12
D,Valerie Hoyle,House,DHR,P,2024-10-29,2025-09-12
D,Valerie Hoyle,House,SRE,P,2024-10-29,2025-09-12
D,Valerie Hoyle,House,SRE,S,2025-06-26,2025-09-12
D,Valerie Hoyle,House,DE,P,2024-10-29,2025-09-12
D,Valerie Hoyle,House,ETN,P,2024-10-29,2025-09-12
D,Valerie Hoyle,House,EIX,P,2024-10-29,2025-09-12
D,Valerie Hoyle,House,ELV,P,2024-10-29,2025-09-12
D,Valerie Hoyle,House,ELV,S,2025-01-13,2025-09-12
D,Valerie Hoyle,House,LLY,P,2024-10-29,2025-09-12
D,Valerie Hoyle,House,EMR,P,2025-07-14,2025-09-12
D,Valerie Hoyle,House,XOM,P,2024-10-29,2025-09-12
D,Valerie Hoyle,House,FDX,P,2024-10-29,2025-09-12
D,Valerie Hoyle,House,IT,P,2024-10-29,2025-09-12
D,Valerie Hoyle,House,GE,S,2025-06-26,2025-09-12
D,Valerie Hoyle,House,GEV,P,2024-10-29,2025-09-12
D,Valerie Hoyle,House,GEN,P,2024-10-29,2025-09-12
D,Valerie Hoyle,House,GILD,P,2024-10-29,2025-09-12
D,Valerie Hoyle,House,GSK,S,2025-07-28,2025-09-12
D,Valerie Hoyle,House,HRB,P,2024-10-29,2025-09-12
D,Valerie Hoyle,House,HLN,P,2024-10-29,2025-09-12
D,Valerie Hoyle,House,HCA,P,2024-10-29,2025-09-12
D,Valerie Hoyle,House,HCA,S,2024-12-27,2025-09-12
D,Valerie Hoyle,House,HEI.A,P,2024-10-29,2025-09-12
D,Valerie Hoyle,House,HLT,P,2024-10-29,2025-09-12
D,Valerie Hoyle,House,IMO,P,2024-10-29,2025-09-12
D,Valerie Hoyle,House,IR,P,2024-10-29,2025-09-12
D,Valerie Hoyle,House,IR,S,2025-05-21,2025-09-12
D,Valerie Hoyle,House,INTU,S,2025-02-04,2025-09-12
D,Valerie Hoyle,House,INTU,P,2024-10-29,2025-09-12
D,Valerie Hoyle,House,JNJ,P,2024-10-29,2025-09-12
D,Valerie Hoyle,House,JCI,P,2024-10-29,2025-09-12
D,Valerie Hoyle,House,JCI,S,2025-08-19,2025-09-12
D,Valerie Hoyle,House,JPM,P,2025-01-24,2025-09-12
D,Valerie Hoyle,House,JPM,P,2024-10-29,2025-09-12
D,Valerie Hoyle,House,KVUE,P,2024-10-29,2025-09-12
D,Valerie Hoyle,House,KKR,P,2024-10-29,2025-09-12
D,Valerie Hoyle,House,KKR,P,2025-04-02,2025-09-12
D,Valerie Hoyle,House,KLAC,P,2025-07-28,2025-09-12
D,Valerie Hoyle,House,KLAC,S,2025-04-29,2025-09-12
D,Valerie Hoyle,House,KLAC,P,2024-10-29,2025-09-12
D,Valerie Hoyle,House,KNX,P,2025-06-26,2025-09-12
D,Valerie Hoyle,House,LRCX,P,2025-07-28,2025-09-12
D,Valerie Hoyle,House,LRCX,P,2024-10-29,2025-09-12
D,Valerie Hoyle,House,LEN,P,2025-06-26,2025-09-12
D,Valerie Hoyle,House,LIN,P,2024-10-29,2025-09-12
D,Valerie Hoyle,House,LMT,P,2024-10-29,2025-09-12
D,Valerie Hoyle,House,LOW,P,2024-10-29,2025-09-12
D,Valerie Hoyle,House,LPLA,P,2025-03-03,2025-09-12
D,Valerie Hoyle,House,MTB,P,2024-10-29,2025-09-12
D,Valerie Hoyle,House,MAR,P,2024-10-29,2025-09-12
D,Valerie Hoyle,House,MMC,P,2024-10-29,2025-09-12
D,Valerie Hoyle,House,MLM,P,2024-10-29,2025-09-12
D,Valerie Hoyle,House,MRVL,P,2025-02-20,2025-09-12
D,Valerie Hoyle,House,MA,P,2024-10-29,2025-09-12
D,Valerie Hoyle,House,MELI,P,2025-03-13,2025-09-12
D,Valerie Hoyle,House,MRK,P,2024-10-29,2025-09-12
D,Valerie Hoyle,House,META,P,2024-10-29,2025-09-12
D,Valerie Hoyle,House,META,P,2025-06-06,2025-09-12
D,Valerie Hoyle,House,MU,P,2024-10-29,2025-09-12
D,Valerie Hoyle,House,MSFT,P,2024-10-29,2025-09-12
D,Valerie Hoyle,House,MSFT,P,2025-06-06,2025-09-12
D,Valerie Hoyle,House,MSFT,P,2025-06-09,2025-09-12
D,Valerie Hoyle,House,MSFT,P,2025-01-13,2025-09-12
D,Valerie Hoyle,House,MCO,P,2024-10-29,2025-09-12
D,Valerie Hoyle,House,MS,P,2025-01-24,2025-09-12
D,Valerie Hoyle,House,MSI,P,2024-10-29,2025-09-12
D,Valerie Hoyle,House,NGG,P,2024-10-29,2025-09-12
D,Valerie Hoyle,House,NFLX,P,2024-10-29,2025-09-12
D,Valerie Hoyle,House,NFLX,P,2025-02-04,2025-09-12
D,Valerie Hoyle,House,NTRS,P,2025-07-28,2025-09-12
D,Valerie Hoyle,House,NOC,P,2024-10-29,2025-09-12
D,Valerie Hoyle,House,NVO,P,2024-10-29,2025-09-12
D,Valerie Hoyle,House,NTR,P,2024-10-29,2025-09-12
D,Valerie Hoyle,House,NVDA,P,2024-10-29,2025-09-12
D,Valerie Hoyle,House,NVDA,P,2025-01-14,2025-09-12
D,Valerie Hoyle,House,NVDA,P,2025-01-13,2025-09-12
D,Valerie Hoyle,House,NVDA,P,2025-06-09,2025-09-12
D,Valerie Hoyle,House,NVDA,P,2025-06-06,2025-09-12
D,Valerie Hoyle,House,NXPI,P,2024-11-18,2025-09-12
D,Valerie Hoyle,House,ORCL,P,2024-10-29,2025-09-12
D,Valerie Hoyle,House,ORLY,P,2024-10-29,2025-09-12
D,Valerie Hoyle,House,PCG,P,2024-10-29,2025-09-12
D,Valerie Hoyle,House,PANW,P,2025-03-13,2025-09-12
D,Valerie Hoyle,House,PNR,S,2025-08-19,2025-09-12
D,Valerie Hoyle,House,PNC,P,2024-10-29,2025-09-12
D,Valerie Hoyle,House,PG,P,2024-10-29,2025-09-12
D,Valerie Hoyle,House,PGR,S,2025-07-02,2025-09-12
D,Valerie Hoyle,House,QCOM,P,2025-06-06,2025-09-12
D,Valerie Hoyle,House,QCOM,P,2024-10-29,2025-09-12
D,Valerie Hoyle,House,PWR,P,2024-10-29,2025-09-12
D,Valerie Hoyle,House,RRX,P,2024-10-29,2025-09-12
D,Valerie Hoyle,House,RSG,P,2025-06-06,2025-09-12
D,Valerie Hoyle,House,ROST,P,2024-10-29,2025-09-12
D,Valerie Hoyle,House,SPGI,P,2024-10-29,2025-09-12
D,Valerie Hoyle,House,CRM,P,2025-06-26,2025-09-12
D,Valerie Hoyle,House,NOW,P,2024-10-29,2025-09-12
D,Valerie Hoyle,House,NOW,S,2025-08-19,2025-09-12
D,Valerie Hoyle,House,SHEL,P,2024-10-29,2025-09-12
D,Valerie Hoyle,House,SHW,P,2024-10-29,2025-09-12
D,Valerie Hoyle,House,SHW,S,2025-07-14,2025-09-12
D,Valerie Hoyle,House,SIEGY,S,2025-02-20,2025-09-12
D,Valerie Hoyle,House,SIEGY,P,2024-10-29,2025-09-12
D,Valerie Hoyle,House,SNAP,P,2025-02-04,2025-09-12
D,Valerie Hoyle,House,SPOT,P,2024-10-29,2025-09-12
D,Valerie Hoyle,House,SNPS,P,2024-10-29,2025-09-12
D,Valerie Hoyle,House,TSM,P,2024-10-29,2025-09-12
D,Valerie Hoyle,House,TSM,P,2025-05-06,2025-09-12
D,Valerie Hoyle,House,TGT,P,2025-02-04,2025-09-12
D,Valerie Hoyle,House,BK,P,2025-06-06,2025-09-12
D,Valerie Hoyle,House,CI,P,2024-10-29,2025-09-12
D,Valerie Hoyle,House,HIG,P,2025-06-06,2025-09-12
D,Valerie Hoyle,House,TRV,P,2024-10-29,2025-09-12
D,Valerie Hoyle,House,TMO,P,2024-10-29,2025-09-12
D,Valerie Hoyle,House,TMO,P,2025-06-06,2025-09-12
D,Valerie Hoyle,House,TMO,S,2025-03-03,2025-09-12
D,Valerie Hoyle,House,TDG,P,2024-10-29,2025-09-12
D,Valerie Hoyle,House,TYL,P,2025-06-06,2025-09-12
D,Valerie Hoyle,House,TYL,P,2025-08-07,2025-09-12
D,Valerie Hoyle,House,TSN,P,2024-10-29,2025-09-12
D,Valerie Hoyle,House,USB,P,2024-10-29,2025-09-12
D,Valerie Hoyle,House,UBER,P,2024-10-29,2025-09-12
D,Valerie Hoyle,House,UBER,S,2024-11-18,2025-09-12
D,Valerie Hoyle,House,UBER,P,2025-08-19,2025-09-12
D,Valerie Hoyle,House,URI,P,2025-08-07,2025-09-12
D,Valerie Hoyle,House,URI,P,2024-10-29,2025-09-12
D,Valerie Hoyle,House,UNH,P,2024-10-29,2025-09-12
D,Valerie Hoyle,House,UNH,P,2025-04-29,2025-09-12
D,Valerie Hoyle,House,UNH,P,2025-04-15,2025-09-12
D,Valerie Hoyle,House,USFD,P,2024-10-29,2025-09-12
D,Valerie Hoyle,House,VRSK,P,2024-10-29,2025-09-12
D,Valerie Hoyle,House,VRT,P,2024-10-29,2025-09-12
D,Valerie Hoyle,House,VMC,P,2024-10-29,2025-09-12
D,Valerie Hoyle,House,VMC,S,2025-06-06,2025-09-12
D,Valerie Hoyle,House,WBA,S,2025-08-27,2025-09-12
D,Valerie Hoyle,House,WCN,P,2024-10-29,2025-09-12
D,Valerie Hoyle,House,WSO,P,2024-10-29,2025-09-12
D,Valerie Hoyle,House,WFC,P,2024-10-29,2025-09-12
D,Valerie Hoyle,House,WFC,P,2025-06-06,2025-09-12
D,Valerie Hoyle,House,WAB,P,2024-10-29,2025-09-12
D,Valerie Hoyle,House,WTW,P,2024-10-29,2025-09-12
D,Valerie Hoyle,House,GOOGL,S,2025-09-23,2025-10-10
D,Valerie Hoyle,House,GOOG,S,2025-09-23,2025-10-10
D,Valerie Hoyle,House,AMZN,S,2025-09-23,2025-10-10
D,Valerie Hoyle,House,AMZN,P,2025-09-10,2025-10-10
D,Valerie Hoyle,House,DOX,S,2025-09-23,2025-10-10
D,Valerie Hoyle,House,APH,S,2025-09-23,2025-10-10
D,Valerie Hoyle,House,APO,S,2025-09-23,2025-10-10
D,Valerie Hoyle,House,AAPL,S,2025-09-23,2025-10-10
D,Valerie Hoyle,House,APP,S,2025-09-23,2025-10-10
D,Valerie Hoyle,House,ARES,S,2025-09-23,2025-10-10
D,Valerie Hoyle,House,ANET,S,2025-09-23,2025-10-10
D,Valerie Hoyle,House,AJG,S,2025-09-23,2025-10-10
D,Valerie Hoyle,House,AZN,S,2025-09-23,2025-10-10
D,Valerie Hoyle,House,AZO,S,2025-09-23,2025-10-10
D,Valerie Hoyle,House,BAC,S,2025-09-23,2025-10-10
D,Valerie Hoyle,House,BRK.B,S,2025-09-23,2025-10-10
D,Valerie Hoyle,House,BLK,S,2025-09-23,2025-10-10
D,Valerie Hoyle,House,BKNG,S,2025-09-23,2025-10-10
D,Valerie Hoyle,House,BSX,S,2025-09-23,2025-10-10
D,Valerie Hoyle,House,AVGO,S,2025-09-23,2025-10-10
D,Valerie Hoyle,House,BRO,S,2025-09-23,2025-10-10
D,Valerie Hoyle,House,BF.B,S,2025-09-23,2025-10-10
D,Valerie Hoyle,House,CHRW,S,2025-09-23,2025-10-10
D,Valerie Hoyle,House,CDNS,S,2025-09-23,2025-10-10
D,Valerie Hoyle,House,CNQ,S,2025-09-23,2025-10-10
D,Valerie Hoyle,House,COF,S,2025-09-23,2025-10-10
D,Valerie Hoyle,House,CLS,S,2025-09-23,2025-10-10
D,Valerie Hoyle,House,SCHW,S,2025-09-23,2025-10-10
D,Valerie Hoyle,House,CTAS,S,2025-09-23,2025-10-10
D,Valerie Hoyle,House,CSCO,S,2025-09-23,2025-10-10
D,Valerie Hoyle,House,CME,S,2025-09-23,2025-10-10
D,Valerie Hoyle,House,CTSH,S,2025-09-23,2025-10-10
D,Valerie Hoyle,House,CMCSA,S,2025-09-23,2025-10-10
D,Valerie Hoyle,House,COP,S,2025-09-23,2025-10-10
D,Valerie Hoyle,House,CNSWF,S,2025-09-23,2025-10-10
D,Valerie Hoyle,House,COST,S,2025-09-23,2025-10-10
D,Valerie Hoyle,House,CCI,S,2025-09-23,2025-10-10
D,Valerie Hoyle,House,CSX,S,2025-09-23,2025-10-10
D,Valerie Hoyle,House,CVS,S,2025-09-23,2025-10-10
D,Valerie Hoyle,House,DE,S,2025-09-23,2025-10-10
D,Valerie Hoyle,House,ETN,S,2025-09-23,2025-10-10
D,Valerie Hoyle,House,ELAN,S,2025-09-23,2025-10-10
D,Valerie Hoyle,House,LLY,S,2025-09-23,2025-10-10
D,Valerie Hoyle,House,EMR,S,2025-09-23,2025-10-10
D,Valerie Hoyle,House,XOM,S,2025-09-23,2025-10-10
D,Valerie Hoyle,House,FDX,S,2025-09-23,2025-10-10
D,Valerie Hoyle,House,FERG,S,2025-09-23,2025-10-10
D,Valerie Hoyle,House,FQVLF,S,2025-09-23,2025-10-10
D,Valerie Hoyle,House,GE,S,2025-09-23,2025-10-10
D,Valerie Hoyle,House,GEV,S,2025-09-23,2025-10-10
D,Valerie Hoyle,House,GEN,S,2025-09-23,2025-10-10
D,Valerie Hoyle,House,GILD,S,2025-09-23,2025-10-10
D,Valerie Hoyle,House,GDDY,P,2025-09-10,2025-10-10
D,Valerie Hoyle,House,GSK,S,2025-09-23,2025-10-10
D,Valerie Hoyle,House,HRB,S,2025-09-23,2025-10-10
D,Valerie Hoyle,House,HLN,S,2025-09-23,2025-10-10
D,Valerie Hoyle,House,HEI.A,S,2025-09-23,2025-10-10
D,Valerie Hoyle,House,HLT,S,2025-09-23,2025-10-10
D,Valerie Hoyle,House,IMO,S,2025-09-23,2025-10-10
D,Valerie Hoyle,House,JNJ,S,2025-09-23,2025-10-10
D,Valerie Hoyle,House,JPM,S,2025-09-23,2025-10-10
D,Valerie Hoyle,House,KVUE,S,2025-09-23,2025-10-10
D,Valerie Hoyle,House,KKR,S,2025-09-23,2025-10-10
D,Valerie Hoyle,House,KLAC,S,2025-09-23,2025-10-10
D,Valerie Hoyle,House,LHX,S,2025-09-23,2025-10-10
D,Valerie Hoyle,House,LRCX,S,2025-09-23,2025-10-10
D,Valerie Hoyle,House,LEN,S,2025-09-23,2025-10-10
D,Valerie Hoyle,House,LIN,S,2025-09-23,2025-10-10
D,Valerie Hoyle,House,LMT,S,2025-09-23,2025-10-10
D,Valerie Hoyle,House,LOW,S,2025-09-23,2025-10-10
D,Valerie Hoyle,House,LULU,S,2025-09-23,2025-10-10
D,Valerie Hoyle,House,LVMUY,S,2025-09-23,2025-10-10
D,Valerie Hoyle,House,LVMUY,P,2025-09-10,2025-10-10
D,Valerie Hoyle,House,MTB,S,2025-09-23,2025-10-10
D,Valerie Hoyle,House,MAR,S,2025-09-23,2025-10-10
D,Valerie Hoyle,House,MMC,S,2025-09-23,2025-10-10
D,Valerie Hoyle,House,MLM,S,2025-09-23,2025-10-10
D,Valerie Hoyle,House,MRVL,S,2025-09-23,2025-10-10
D,Valerie Hoyle,House,MA,S,2025-09-23,2025-10-10
D,Valerie Hoyle,House,MCK,S,2025-09-23,2025-10-10
D,Valerie Hoyle,House,MCK,P,2025-09-10,2025-10-10
D,Valerie Hoyle,House,MELI,S,2025-09-23,2025-10-10
D,Valerie Hoyle,House,MRK,S,2025-09-23,2025-10-10
D,Valerie Hoyle,House,META,S,2025-09-23,2025-10-10
D,Valerie Hoyle,House,MU,S,2025-09-23,2025-10-10
D,Valerie Hoyle,House,MSFT,S,2025-09-23,2025-10-10
D,Valerie Hoyle,House,MDLZ,S,2025-09-23,2025-10-10
D,Valerie Hoyle,House,MCO,S,2025-09-23,2025-10-10
D,Valerie Hoyle,House,MS,S,2025-09-23,2025-10-10
D,Valerie Hoyle,House,MSI,S,2025-09-23,2025-10-10
D,Valerie Hoyle,House,NGG,S,2025-09-23,2025-10-10
D,Valerie Hoyle,House,NFLX,S,2025-09-23,2025-10-10
D,Valerie Hoyle,House,NKE,S,2025-09-23,2025-10-10
D,Valerie Hoyle,House,NSC,S,2025-09-23,2025-10-10
D,Valerie Hoyle,House,NTRS,S,2025-09-23,2025-10-10
D,Valerie Hoyle,House,NOC,S,2025-09-23,2025-10-10
D,Valerie Hoyle,House,NTR,S,2025-09-23,2025-10-10
D,Valerie Hoyle,House,NVDA,S,2025-09-23,2025-10-10
D,Valerie Hoyle,House,NXPI,S,2025-09-23,2025-10-10
D,Valerie Hoyle,House,ORCL,S,2025-09-23,2025-10-10
D,Valerie Hoyle,House,ORLY,S,2025-09-23,2025-10-10
D,Valerie Hoyle,House,PCG,S,2025-09-23,2025-10-10
D,Valerie Hoyle,House,PYPL,S,2025-09-23,2025-10-10
D,Valerie Hoyle,House,PNR,S,2025-09-23,2025-10-10
D,Valerie Hoyle,House,PNC,S,2025-09-23,2025-10-10
D,Valerie Hoyle,House,PGR,S,2025-09-23,2025-10-10
D,Valerie Hoyle,House,QCOM,S,2025-09-23,2025-10-10
D,Valerie Hoyle,House,PWR,S,2025-09-23,2025-10-10
D,Valerie Hoyle,House,RRX,S,2025-09-23,2025-10-10
D,Valerie Hoyle,House,RSG,S,2025-09-23,2025-10-10
D,Valerie Hoyle,House,RBLX,S,2025-09-23,2025-10-10
D,Valerie Hoyle,House,ROST,S,2025-09-23,2025-10-10
D,Valerie Hoyle,House,SPGI,S,2025-09-23,2025-10-10
D,Valerie Hoyle,House,CRM,S,2025-09-23,2025-10-10
D,Valerie Hoyle,House,SN,S,2025-09-23,2025-10-10
D,Valerie Hoyle,House,SHEL,S,2025-09-23,2025-10-10
D,Valerie Hoyle,House,SHW,S,2025-09-23,2025-10-10
D,Valerie Hoyle,House,SPG,S,2025-09-23,2025-10-10
D,Valerie Hoyle,House,SPOT,S,2025-09-23,2025-10-10
D,Valerie Hoyle,House,SBUX,S,2025-09-23,2025-10-10
D,Valerie Hoyle,House,SNPS,S,2025-09-23,2025-10-10
D,Valerie Hoyle,House,TSM,S,2025-09-23,2025-10-10
D,Valerie Hoyle,House,TGT,S,2025-09-23,2025-10-10
D,Valerie Hoyle,House,TSLA,S,2025-09-23,2025-10-10
D,Valerie Hoyle,House,BK,S,2025-09-23,2025-10-10
D,Valerie Hoyle,House,CI,S,2025-09-23,2025-10-10
D,Valerie Hoyle,House,HIG,S,2025-09-23,2025-10-10
D,Valerie Hoyle,House,TRV,S,2025-09-23,2025-10-10
D,Valerie Hoyle,House,TMO,S,2025-09-23,2025-10-10
D,Valerie Hoyle,House,TOL,S,2025-09-23,2025-10-10
D,Valerie Hoyle,House,TDG,S,2025-09-23,2025-10-10
D,Valerie Hoyle,House,TSN,S,2025-09-23,2025-10-10
D,Valerie Hoyle,House,USB,S,2025-09-23,2025-10-10
D,Valerie Hoyle,House,UBER,S,2025-09-23,2025-10-10
D,Valerie Hoyle,House,ULTA,S,2025-09-23,2025-10-10
D,Valerie Hoyle,House,UPS,S,2025-09-23,2025-10-10
D,Valerie Hoyle,House,URI,S,2025-09-23,2025-10-10
D,Valerie Hoyle,House,UNH,S,2025-09-23,2025-10-10
D,Valerie Hoyle,House,USFD,S,2025-09-23,2025-10-10
D,Valerie Hoyle,House,VRSK,S,2025-09-23,2025-10-10
D,Valerie Hoyle,House,DIS,S,2025-09-23,2025-10-10
D,Valerie Hoyle,House,WCN,S,2025-09-23,2025-10-10
D,Valerie Hoyle,House,WSO,S,2025-09-23,2025-10-10
D,Valerie Hoyle,House,WFC,S,2025-09-23,2025-10-10
D,Valerie Hoyle,House,WAB,S,2025-09-23,2025-10-10
D,Valerie Hoyle,House,WTW,S,2025-09-23,2025-10-10
D,Jonathan Jackson,House,GD,S,2024-12-16,2025-01-16
D,Jonathan Jackson,House,META,P,2024-12-09,2025-01-16
D,Jonathan Jackson,House,ORLY,P,2024-12-16,2025-01-16
D,Jonathan Jackson,House,TIMB,S,2024-12-09,2025-01-16
D,Jonathan Jackson,House,MCK,P,2025-03-04,2025-04-08
D,Jonathan Jackson,House,MSFT,S,2025-03-04,2025-04-08
D,Jonathan Jackson,House,CRM,S,2025-03-11,2025-04-08
D,Jonathan Jackson,House,GOOGL,S,2025-04-21,2025-05-13
D,Jonathan Jackson,House,AMZN,S,2025-04-16,2025-05-13
D,Jonathan Jackson,House,ARMK,S,2025-04-10,2025-05-13
D,Jonathan Jackson,House,LLY,P,2025-04-21,2025-05-13
D,Jonathan Jackson,House,META,S,2025-04-16,2025-05-13
D,Jonathan Jackson,House,NFLX,P,2025-04-16,2025-05-13
D,Jonathan Jackson,House,CHD,S,2025-05-14,2025-06-13
D,Jonathan Jackson,House,IBM,P,2025-05-14,2025-06-13
D,Jonathan Jackson,House,LIN,S,2025-05-07,2025-06-13
D,Jonathan Jackson,House,LLY,S,2025-06-03,2025-07-14
D,Jonathan Jackson,House,IBM,P,2025-06-03,2025-07-14
D,Jonathan Jackson,House,AMZN,P,2025-03-03,2025-08-25
D,Jonathan Jackson,House,AMZN,P,2025-03-24,2025-08-25
D,Jonathan Jackson,House,AMZN,P,2025-04-23,2025-08-25
D,Jonathan Jackson,House,ARM,P,2025-07-17,2025-08-25
D,Jonathan Jackson,House,CHD,P,2025-03-03,2025-08-25
D,Jonathan Jackson,House,CHD,P,2025-03-24,2025-08-25
D,Jonathan Jackson,House,CHD,P,2025-04-23,2025-08-25
D,Jonathan Jackson,House,CHD,S,2025-05-05,2025-08-25
D,Jonathan Jackson,House,LLY,S,2025-05-21,2025-08-25
D,Jonathan Jackson,House,LLY,P,2025-04-23,2025-08-25
D,Jonathan Jackson,House,FMX,P,2025-05-21,2025-08-25
D,Jonathan Jackson,House,FMX,S,2025-07-17,2025-08-25
D,Jonathan Jackson,House,GS,S,2025-04-07,2025-08-25
D,Jonathan Jackson,House,GS,P,2025-03-03,2025-08-25
D,Jonathan Jackson,House,IBM,P,2025-03-24,2025-08-25
D,Jonathan Jackson,House,KKR,P,2025-03-03,2025-08-25
D,Jonathan Jackson,House,KKR,P,2025-03-24,2025-08-25
D,Jonathan Jackson,House,KKR,S,2025-04-04,2025-08-25
D,Jonathan Jackson,House,MCK,P,2025-03-03,2025-08-25
D,Jonathan Jackson,House,MCK,P,2025-03-24,2025-08-25
D,Jonathan Jackson,House,MCK,P,2025-04-23,2025-08-25
D,Jonathan Jackson,House,META,P,2025-03-03,2025-08-25
D,Jonathan Jackson,House,META,P,2025-03-24,2025-08-25
D,Jonathan Jackson,House,META,P,2025-04-23,2025-08-25
D,Jonathan Jackson,House,PANW,P,2025-03-03,2025-08-25
D,Jonathan Jackson,House,PANW,S,2025-03-17,2025-08-25
D,Jonathan Jackson,House,TMUS,P,2025-03-03,2025-08-25
D,Jonathan Jackson,House,TMUS,P,2025-03-24,2025-08-25
D,Jonathan Jackson,House,WMB,P,2025-04-23,2025-08-25
D,Jonathan Jackson,House,WMB,P,2025-03-24,2025-08-25
D,Jonathan Jackson,House,DOCS,P,2025-08-25,2025-09-23
D,Jonathan Jackson,House,IBM,S,2025-08-13,2025-09-23
D,Jonathan Jackson,House,LRCX,P,2025-08-13,2025-09-23
D,Jonathan Jackson,House,ARM,S,2025-09-02,2025-10-15
D,Jonathan Jackson,House,LRCX,S,2025-09-03,2025-10-15
D,Jonathan Jackson,House,HOOD,P,2025-09-05,2025-10-15
D,Jonathan Jackson,House,THC,P,2025-09-03,2025-10-15
D,Jonathan Jackson,House,MCK,S,2025-10-08,2025-11-10
D,Jonathan Jackson,House,HOOD,P,2025-10-08,2025-11-10
D,Jonathan Jackson,House,SHOP,P,2025-10-08,2025-11-10
D,Jonathan Jackson,House,SHOP,P,2025-10-06,2025-11-10
D,Jonathan Jackson,House,DOCS,S,2025-11-06,2025-12-05
D,Jonathan Jackson,House,META,S,2025-11-11,2025-12-05
D,Jonathan Jackson,House,HOOD,P,2025-11-06,2025-12-05
D,Jonathan Jackson,House,STT,P,2025-11-11,2025-12-05
D,Julie Johnson,House,AMT,S,2025-01-28,2025-02-12
D,Julie Johnson,House,BMY,P,2025-01-15,2025-02-12
D,Julie Johnson,House,CRL,P,2025-01-15,2025-02-12
D,Julie Johnson,House,COP,P,2025-01-15,2025-02-12
D,Julie Johnson,House,CSGP,S,2025-01-15,2025-02-12
D,Julie Johnson,House,DHR,S,2025-01-15,2025-02-12
D,Julie Johnson,House,DELL,S,2025-01-28,2025-02-12
D,Julie Johnson,House,DG,P,2025-01-15,2025-02-12
D,Julie Johnson,House,DLTR,P,2025-01-15,2025-02-12
D,Julie Johnson,House,ENPH,P,2025-01-15,2025-02-12
D,Julie Johnson,House,EL,P,2025-01-15,2025-02-12
D,Julie Johnson,House,GS,P,2025-01-15,2025-02-12
D,Julie Johnson,House,HAS,P,2025-01-24,2025-02-12
D,Julie Johnson,House,INTU,S,2025-01-28,2025-02-12
D,Julie Johnson,House,JNPR,P,2025-01-15,2025-02-12
D,Julie Johnson,House,LW,S,2025-01-15,2025-02-12
D,Julie Johnson,House,MKTX,P,2025-01-15,2025-02-12
D,Julie Johnson,House,MRK,P,2025-01-17,2025-02-12
D,Julie Johnson,House,MRNA,S,2025-01-15,2025-02-12
D,Julie Johnson,House,MSCI,P,2025-01-15,2025-02-12
D,Julie Johnson,House,NEE,P,2025-01-15,2025-02-12
D,Julie Johnson,House,PLTR,S,2025-01-15,2025-02-12
D,Julie Johnson,House,PEP,P,2025-01-15,2025-02-12
D,Julie Johnson,House,PFE,S,2025-01-28,2025-02-12
D,Julie Johnson,House,PPG,S,2025-01-27,2025-02-12
D,Julie Johnson,House,QRVO,P,2025-01-24,2025-02-12
D,Julie Johnson,House,REGN,P,2025-01-15,2025-02-12
D,Julie Johnson,House,SBAC,P,2025-01-15,2025-02-12
D,Julie Johnson,House,SOLV,S,2025-01-15,2025-02-12
D,Julie Johnson,House,SMCI,P,2025-01-15,2025-02-12
D,Julie Johnson,House,CI,P,2025-01-15,2025-02-12
D,Julie Johnson,House,HSY,P,2025-01-15,2025-02-12
D,Julie Johnson,House,UBER,P,2025-01-15,2025-02-12
D,Julie Johnson,House,WBA,P,2025-01-15,2025-02-12
D,Julie Johnson,House,ALB,S,2025-02-12,2025-03-12
D,Julie Johnson,House,DOX,S,2025-02-11,2025-03-12
D,Julie Johnson,House,APTV,P,2025-02-12,2025-03-12
D,Julie Johnson,House,ANET,P,2025-02-12,2025-03-12
D,Julie Johnson,House,BWA,P,2025-02-12,2025-03-12
D,Julie Johnson,House,CACI,S,2025-02-11,2025-03-12
D,Julie Johnson,House,COF,P,2025-02-24,2025-03-12
D,Julie Johnson,House,COF,P,2025-02-14,2025-03-12
D,Julie Johnson,House,CB,S,2025-02-14,2025-03-12
D,Julie Johnson,House,CEG,P,2025-02-12,2025-03-12
D,Julie Johnson,House,ETN,P,2025-02-12,2025-03-12
D,Julie Johnson,House,ETN,P,2025-02-03,2025-03-12
D,Julie Johnson,House,EIX,P,2025-02-12,2025-03-12
D,Julie Johnson,House,ENPH,S,2025-02-12,2025-03-12
D,Julie Johnson,House,EL,S,2025-02-12,2025-03-12
D,Julie Johnson,House,F,P,2025-02-12,2025-03-12
D,Julie Johnson,House,FCX,P,2025-02-12,2025-03-12
D,Julie Johnson,House,HII,P,2025-02-24,2025-03-12
D,Julie Johnson,House,JNPR,S,2025-02-12,2025-03-12
D,Julie Johnson,House,MKTX,S,2025-02-12,2025-03-12
D,Julie Johnson,House,MCHP,S,2025-02-05,2025-03-12
D,Julie Johnson,House,NXPI,P,2025-02-05,2025-03-12
D,Julie Johnson,House,ON,P,2025-02-12,2025-03-12
D,Julie Johnson,House,PLTR,P,2025-02-12,2025-03-12
D,Julie Johnson,House,PYPL,P,2025-02-12,2025-03-12
D,Julie Johnson,House,PYPL,S,2025-02-11,2025-03-12
D,Julie Johnson,House,PNC,S,2025-02-12,2025-03-12
D,Julie Johnson,House,PGR,P,2025-02-14,2025-03-12
D,Julie Johnson,House,REGN,P,2025-02-24,2025-03-12
D,Julie Johnson,House,RTX,P,2025-02-14,2025-03-12
D,Julie Johnson,House,TSLA,P,2025-02-12,2025-03-12
D,Julie Johnson,House,TSLA,S,2025-02-12,2025-03-12
D,Julie Johnson,House,AES,S,2025-02-12,2025-03-12
D,Julie Johnson,House,BK,P,2025-02-24,2025-03-12
D,Julie Johnson,House,BK,P,2025-02-14,2025-03-12
D,Julie Johnson,House,TFC,S,2025-02-11,2025-03-12
D,Julie Johnson,House,UNP,P,2025-02-25,2025-03-12
D,Julie Johnson,House,VST,P,2025-02-12,2025-03-12
D,Julie Johnson,House,WBA,S,2025-02-12,2025-03-12
D,Julie Johnson,House,WFC,P,2025-02-12,2025-03-12
D,Julie Johnson,House,ZBH,S,2025-02-11,2025-03-12
D,Julie Johnson,House,MMM,P,2025-03-12,2025-04-14
D,Julie Johnson,House,MMM,P,2024-03-15,2025-04-14
D,Julie Johnson,House,ACN,S,2025-03-19,2025-04-14
D,Julie Johnson,House,ACN,S,2025-03-03,2025-04-14
D,Julie Johnson,House,A,S,2025-03-03,2025-04-14
D,Julie Johnson,House,ALC,S,2025-03-03,2025-04-14
D,Julie Johnson,House,GOOGL,S,2025-03-03,2025-04-14
D,Julie Johnson,House,COF,P,2025-03-21,2025-04-14
D,Julie Johnson,House,PNC,S,2025-03-03,2025-04-14
D,Julie Johnson,House,SONO,S,2025-03-11,2025-04-14
D,Julie Johnson,House,TSM,S,2025-03-11,2025-04-14
D,Julie Johnson,House,CI,S,2025-03-03,2025-04-14
D,Julie Johnson,House,CI,P,2025-03-19,2025-04-14
D,Julie Johnson,House,PRKS,S,2025-03-03,2025-04-14
D,Julie Johnson,House,WBS,S,2025-03-11,2025-04-14
D,Julie Johnson,House,ZTS,S,2025-03-03,2025-04-14
D,Julie Johnson,House,MMM,P,2025-04-01,2025-05-14
D,Julie Johnson,House,MMM,P,2025-04-11,2025-05-14
D,Julie Johnson,House,ADBE,S,2025-04-07,2025-05-14
D,Julie Johnson,House,GOOG,S,2025-04-07,2025-05-14
D,Julie Johnson,House,AMZN,S,2025-04-07,2025-05-14
D,Julie Johnson,House,AAPL,S,2025-04-07,2025-05-14
D,Julie Johnson,House,AAPL,S,2025-03-31,2025-05-14
D,Julie Johnson,House,APTV,S,2025-04-01,2025-05-14
D,Julie Johnson,House,ANET,S,2025-04-01,2025-05-14
D,Julie Johnson,House,ASML,S,2025-04-07,2025-05-14
D,Julie Johnson,House,AZO,S,2025-04-07,2025-05-14
D,Julie Johnson,House,BALL,S,2025-04-01,2025-05-14
D,Julie Johnson,House,TECH,S,2025-04-01,2025-05-14
D,Julie Johnson,House,BLBD,S,2025-04-07,2025-05-14
D,Julie Johnson,House,BWA,S,2025-04-01,2025-05-14
D,Julie Johnson,House,BMY,S,2025-04-01,2025-05-14
D,Julie Johnson,House,CPT,S,2025-04-01,2025-05-14
D,Julie Johnson,House,COF,P,2025-04-01,2025-05-14
D,Julie Johnson,House,CSL,S,2025-04-07,2025-05-14
D,Julie Johnson,House,CVX,S,2025-04-07,2025-05-14
D,Julie Johnson,House,CVX,S,2025-04-01,2025-05-14
D,Julie Johnson,House,CB,S,2025-04-07,2025-05-14
D,Julie Johnson,House,CMCSA,S,2025-04-01,2025-05-14
D,Julie Johnson,House,CAG,S,2025-04-01,2025-05-14
D,Julie Johnson,House,COP,S,2025-04-01,2025-05-14
D,Julie Johnson,House,STZ,S,2025-04-01,2025-05-14
D,Julie Johnson,House,CEG,S,2025-04-01,2025-05-14
D,Julie Johnson,House,CCI,S,2025-04-01,2025-05-14
D,Julie Johnson,House,CVS,S,2025-04-01,2025-05-14
D,Julie Johnson,House,DAL,S,2025-04-01,2025-05-14
D,Julie Johnson,House,DFS,S,2025-04-07,2025-05-14
D,Julie Johnson,House,DLTR,S,2025-04-01,2025-05-14
D,Julie Johnson,House,DTM,S,2025-04-07,2025-05-14
D,Julie Johnson,House,ETN,S,2025-04-07,2025-05-14
D,Julie Johnson,House,ETN,S,2025-04-01,2025-05-14
D,Julie Johnson,House,EIX,S,2025-04-01,2025-05-14
D,Julie Johnson,House,EA,S,2025-04-01,2025-05-14
D,Julie Johnson,House,LLY,S,2025-04-07,2025-05-14
D,Julie Johnson,House,EQIX,S,2025-04-07,2025-05-14
D,Julie Johnson,House,XOM,S,2025-04-01,2025-05-14
D,Julie Johnson,House,FDS,S,2025-04-01,2025-05-14
D,Julie Johnson,House,FDX,S,2025-04-01,2025-05-14
D,Julie Johnson,House,FIS,P,2025-04-22,2025-05-14
D,Julie Johnson,House,FIS,P,2025-04-30,2025-05-14
D,Julie Johnson,House,F,S,2025-04-07,2025-05-14
D,Julie Johnson,House,FCX,S,2025-04-01,2025-05-14
D,Julie Johnson,House,GNRC,S,2025-04-01,2025-05-14
D,Julie Johnson,House,GPN,S,2025-04-01,2025-05-14
D,Julie Johnson,House,HAS,S,2025-04-01,2025-05-14
D,Julie Johnson,House,HCA,S,2025-04-07,2025-05-14
D,Julie Johnson,House,DOC,S,2025-04-01,2025-05-14
D,Julie Johnson,House,HSIC,S,2025-04-01,2025-05-14
D,Julie Johnson,House,HON,S,2025-04-07,2025-05-14
D,Julie Johnson,House,HWM,S,2025-04-07,2025-05-14
D,Julie Johnson,House,ISRG,S,2025-04-07,2025-05-14
D,Julie Johnson,House,JBHT,S,2025-04-01,2025-05-14
D,Julie Johnson,House,JBTM,S,2025-04-07,2025-05-14
D,Julie Johnson,House,JNJ,S,2025-04-01,2025-05-14
D,Julie Johnson,House,JPM,S,2025-04-07,2025-05-14
D,Julie Johnson,House,KMB,S,2025-04-01,2025-05-14
D,Julie Johnson,House,LHX,S,2025-04-01,2025-05-14
D,Julie Johnson,House,LHX,S,2025-04-07,2025-05-14
D,Julie Johnson,House,LRCX,S,2025-04-07,2025-05-14
D,Julie Johnson,House,LVS,S,2025-04-01,2025-05-14
D,Julie Johnson,House,MPC,S,2025-04-01,2025-05-14
D,Julie Johnson,House,MMC,S,2025-04-07,2025-05-14
D,Julie Johnson,House,MAS,S,2025-04-07,2025-05-14
D,Julie Johnson,House,META,S,2025-04-07,2025-05-14
D,Julie Johnson,House,MTD,S,2025-04-01,2025-05-14
D,Julie Johnson,House,MU,S,2025-04-07,2025-05-14
D,Julie Johnson,House,MSFT,S,2025-04-07,2025-05-14
D,Julie Johnson,House,MSFT,S,2025-04-01,2025-05-14
D,Julie Johnson,House,MDLZ,S,2025-04-07,2025-05-14
D,Julie Johnson,House,MS,S,2025-04-07,2025-05-14
D,Julie Johnson,House,MSCI,S,2025-04-01,2025-05-14
D,Julie Johnson,House,NFLX,S,2025-04-07,2025-05-14
D,Julie Johnson,House,NVDA,S,2025-04-07,2025-05-14
D,Julie Johnson,House,ON,S,2025-04-01,2025-05-14
D,Julie Johnson,House,ORCL,S,2025-04-07,2025-05-14
D,Julie Johnson,House,PYPL,S,2025-04-07,2025-05-14
D,Julie Johnson,House,PNR,S,2025-04-07,2025-05-14
D,Julie Johnson,House,PLD,S,2025-04-07,2025-05-14
D,Julie Johnson,House,RJF,S,2025-04-01,2025-05-14
D,Julie Johnson,House,O,S,2025-04-01,2025-05-14
D,Julie Johnson,House,REGN,S,2025-04-01,2025-05-14
D,Julie Johnson,House,RS,S,2025-04-07,2025-05-14
D,Julie Johnson,House,RTX,S,2025-04-07,2025-05-14
D,Julie Johnson,House,SPGI,S,2025-04-07,2025-05-14
D,Julie Johnson,House,CRM,S,2025-04-07,2025-05-14
D,Julie Johnson,House,SBAC,S,2025-04-01,2025-05-14
D,Julie Johnson,House,SHW,S,2025-04-07,2025-05-14
D,Julie Johnson,House,SW,S,2025-04-01,2025-05-14
D,Julie Johnson,House,SBUX,S,2025-04-01,2025-05-14
D,Julie Johnson,House,SYK,S,2025-04-07,2025-05-14
D,Julie Johnson,House,SMCI,S,2025-04-01,2025-05-14
D,Julie Johnson,House,SYY,S,2025-04-01,2025-05-14
D,Julie Johnson,House,TROW,S,2025-04-01,2025-05-14
D,Julie Johnson,House,TGT,S,2025-04-01,2025-05-14
D,Julie Johnson,House,HSY,S,2025-04-01,2025-05-14
D,Julie Johnson,House,SJM,S,2025-04-01,2025-05-14
D,Julie Johnson,House,KHC,S,2025-04-01,2025-05-14
D,Julie Johnson,House,TMO,S,2025-04-07,2025-05-14
D,Julie Johnson,House,TRMB,S,2025-04-01,2025-05-14
D,Julie Johnson,House,TXNM,S,2025-04-07,2025-05-14
D,Julie Johnson,House,UBER,S,2025-04-07,2025-05-14
D,Julie Johnson,House,UBER,S,2025-04-01,2025-05-14
D,Julie Johnson,House,UPS,S,2025-04-01,2025-05-14
D,Julie Johnson,House,UPS,S,2025-04-15,2025-05-14
D,Julie Johnson,House,UNH,S,2025-04-07,2025-05-14
D,Julie Johnson,House,VZ,S,2025-04-01,2025-05-14
D,Julie Johnson,House,VICI,S,2025-04-07,2025-05-14
D,Julie Johnson,House,VST,S,2025-04-07,2025-05-14
D,Julie Johnson,House,GWW,S,2025-04-07,2025-05-14
D,Julie Johnson,House,WM,S,2025-04-01,2025-05-14
D,Julie Johnson,House,WTW,S,2025-04-07,2025-05-14
D,Julie Johnson,House,WDAY,S,2025-04-07,2025-05-14
D,Julie Johnson,House,ZTS,S,2025-04-01,2025-05-14
D,Julie Johnson,House,COF,E,2025-05-19,2025-06-13
D,Julie Johnson,House,FIS,P,2025-05-15,2025-06-13
D,Julie Johnson,House,GD,P,2025-05-02,2025-06-13
D,Julie Johnson,House,BK,P,2025-05-15,2025-06-13
D,Julie Johnson,House,MMM,P,2025-06-18,2025-07-14
D,Julie Johnson,House,MRK,P,2025-06-13,2025-07-14
D,Julie Johnson,House,PLTR,S,2025-06-30,2025-07-14
D,Julie Johnson,House,CVX,P,2025-07-25,2025-08-14
D,Julie Johnson,House,CVX,E,2025-07-21,2025-08-14
D,Julie Johnson,House,CME,P,2025-07-22,2025-08-14
D,Julie Johnson,House,PKG,P,2025-07-22,2025-08-14
D,Julie Johnson,House,PKG,P,2025-07-25,2025-08-14
D,Julie Johnson,House,SNPS,E,2025-07-18,2025-08-14
D,Julie Johnson,House,BK,P,2025-07-18,2025-08-14
D,Julie Johnson,House,BLK,S,2025-08-11,2025-09-11
D,Julie Johnson,House,CME,P,2025-08-11,2025-09-11
D,Julie Johnson,House,PKG,P,2025-08-04,2025-09-11
D,Julie Johnson,House,AOS,S,2025-09-25,2025-10-07
D,Julie Johnson,House,AEE,S,2025-09-25,2025-10-07
D,Julie Johnson,House,CL,S,2025-09-25,2025-10-07
D,Julie Johnson,House,DVA,S,2025-09-25,2025-10-07
D,Julie Johnson,House,SRE,S,2025-09-25,2025-10-07
D,Julie Johnson,House,EQIX,S,2025-09-25,2025-10-07
D,Julie Johnson,House,XOM,S,2025-09-16,2025-10-07
D,Julie Johnson,House,HON,S,2025-09-25,2025-10-07
D,Julie Johnson,House,LYB,S,2025-09-25,2025-10-07
D,Julie Johnson,House,MKC,S,2025-09-25,2025-10-07
D,Julie Johnson,House,TAP,S,2025-09-25,2025-10-07
D,Julie Johnson,House,MNST,S,2025-09-25,2025-10-07
D,Julie Johnson,House,PAYX,S,2025-09-25,2025-10-07
D,Julie Johnson,House,PAYC,S,2025-09-25,2025-10-07
D,Julie Johnson,House,ROL,S,2025-09-25,2025-10-07
D,Julie Johnson,House,CI,S,2025-09-25,2025-10-07
D,Julie Johnson,House,WEC,S,2025-09-25,2025-10-07
D,Julie Johnson,House,ALK,S,2025-10-22,2025-11-14
D,Julie Johnson,House,GOOG,P,2025-10-21,2025-11-14
D,Julie Johnson,House,GOOG,P,2025-10-27,2025-11-14
D,Julie Johnson,House,GOOG,P,2025-10-31,2025-11-14
D,Julie Johnson,House,CARR,S,2025-10-06,2025-11-14
D,Julie Johnson,House,CARR,P,2025-10-07,2025-11-14
D,Julie Johnson,House,DHR,P,2025-10-07,2025-11-14
D,Julie Johnson,House,DE,S,2025-10-22,2025-11-14
D,Julie Johnson,House,FI,S,2025-10-22,2025-11-14
D,Julie Johnson,House,GEN,S,2025-10-06,2025-11-14
D,Julie Johnson,House,PH,S,2025-10-06,2025-11-14
D,Julie Johnson,House,PH,S,2025-10-31,2025-11-14
D,Julie Johnson,House,PNC,S,2025-10-21,2025-11-14
D,Julie Johnson,House,VRSN,S,2025-10-06,2025-11-14
D,Julie Johnson,House,WY,S,2025-10-22,2025-11-14
D,Julie Johnson,House,ADBE,S,2025-11-03,2025-12-11
D,Julie Johnson,House,IP,S,2025-11-03,2025-12-11
D,Julie Johnson,House,MDLZ,S,2025-11-03,2025-12-11
D,Julie Johnson,House,DGX,S,2025-11-03,2025-12-11
D,Julie Johnson,House,VRSK,S,2025-11-03,2025-12-11
R,Thomas H. Kean,House,ABT,P,2024-12-16,2025-01-22
R,Thomas H. Kean,House,GOOG,S,2024-12-19,2025-01-22
R,Thomas H. Kean,House,ADI,P,2024-12-13,2025-01-22
R,Thomas H. Kean,House,CP,P,2024-12-27,2025-01-22
R,Thomas H. Kean,House,PRNDY,P,2024-12-27,2025-01-22
R,Thomas H. Kean,House,PLD,P,2024-12-16,2025-01-22
R,Thomas H. Kean,House,AMZN,P,2025-01-16,2025-02-19
R,Thomas H. Kean,House,MSFT,P,2025-01-07,2025-02-19
R,Thomas H. Kean,House,AMZN,P,2025-02-26,2025-03-14
R,Thomas H. Kean,House,MAGN,S,2025-02-12,2025-03-14
R,Thomas H. Kean,House,MDLZ,P,2025-02-07,2025-03-14
R,Thomas H. Kean,House,PRNDY,S,2025-02-07,2025-03-14
R,Thomas H. Kean,House,ILMN,P,2025-04-01,2025-04-18
R,Thomas H. Kean,House,NVT,P,2025-03-07,2025-04-18
R,Thomas H. Kean,House,NVT,P,2025-04-01,2025-04-18
R,Thomas H. Kean,House,AMZN,P,2025-04-24,2025-05-15
R,Thomas H. Kean,House,ADI,P,2025-04-24,2025-05-15
R,Thomas H. Kean,House,CP,P,2025-04-10,2025-05-15
R,Thomas H. Kean,House,FCNCA,P,2025-04-10,2025-05-15
R,Thomas H. Kean,House,FCNCA,P,2025-04-11,2025-05-15
R,Thomas H. Kean,House,FTV,P,2025-04-24,2025-05-15
R,Thomas H. Kean,House,ILMN,P,2025-04-01,2025-05-15
R,Thomas H. Kean,House,NVT,P,2025-04-01,2025-05-15
R,Thomas H. Kean,House,PLD,P,2025-04-24,2025-05-15
R,Thomas H. Kean,House,AMZN,P,2025-05-08,2025-06-17
R,Thomas H. Kean,House,AON,P,2025-05-27,2025-06-17
R,Thomas H. Kean,House,BDX,P,2025-05-13,2025-06-17
R,Thomas H. Kean,House,TMO,P,2025-05-05,2025-06-17
R,Thomas H. Kean,House,DHR,P,2025-06-11,2025-07-16
R,Thomas H. Kean,House,PLD,P,2025-06-30,2025-07-16
R,Thomas H. Kean,House,WCC,S,2025-06-23,2025-07-16
R,Thomas H. Kean,House,ABT,P,2025-07-21,2025-08-20
R,Thomas H. Kean,House,ADBE,S,2025-07-29,2025-08-20
R,Thomas H. Kean,House,CHKP,P,2025-07-29,2025-08-20
R,Thomas H. Kean,House,LBRDK,E,2025-07-15,2025-08-20
R,Thomas H. Kean,House,AMCR,P,2025-08-15,2025-09-18
R,Thomas H. Kean,House,CP,P,2025-08-22,2025-09-18
R,Thomas H. Kean,House,CHKP,P,2025-08-04,2025-09-18
R,Thomas H. Kean,House,DHR,P,2025-09-03,2025-10-14
R,Thomas H. Kean,House,FNV,P,2025-09-03,2025-10-14
R,Thomas H. Kean,House,BEN,S,2025-09-03,2025-10-14
R,Thomas H. Kean,House,ICE,P,2025-09-25,2025-10-14
R,Thomas H. Kean,House,TXN,P,2025-11-26,2025-12-19
D,William R. Keating,House,ABNB,S,2025-01-07,2025-01-15
D,William R. Keating,House,AMZN,P,2025-01-07,2025-01-15
D,William R. Keating,House,ACN,P,2025-02-05,2025-02-25
D,William R. Keating,House,ARMK,P,2025-02-05,2025-02-25
D,William R. Keating,House,CSGP,P,2025-01-21,2025-02-25
D,William R. Keating,House,KLAC,P,2025-01-24,2025-02-25
D,William R. Keating,House,LRCX,S,2025-01-24,2025-02-25
D,William R. Keating,House,MSFT,P,2025-02-05,2025-02-25
D,William R. Keating,House,BJ,S,2025-03-03,2025-03-21
R,Mike Kelly,House,X,P,2025-06-03,2025-07-09
R,Mike Kelly,House,X,S,2025-06-20,2025-07-09
R,Mike Kennedy,House,BRK.B,P,2025-05-09,2025-06-20
R,Brad Knott,House,CMPO,P,2025-01-10,2025-02-25
R,Brad Knott,House,CMPO,P,2025-01-14,2025-02-25
R,Brad Knott,House,ORMP,S,2025-01-10,2025-02-25
D,Greg Landsman,House,BLK,P,2024-12-19,2025-01-15
D,Greg Landsman,House,URI,S,2024-12-19,2025-01-15
D,Greg Landsman,House,AMZN,P,2025-02-20,2025-03-05
D,Greg Landsman,House,AMP,P,2025-02-26,2025-03-05
D,Greg Landsman,House,ARINA,S,2025-02-20,2025-03-05
D,Greg Landsman,House,BLK,S,2025-02-18,2025-03-05
D,Greg Landsman,House,CRWD,P,2025-02-18,2025-03-05
D,Greg Landsman,House,CRWD,P,2025-02-26,2025-03-05
D,Greg Landsman,House,ACN,S,2025-03-27,2025-04-08
D,Greg Landsman,House,GOOGL,S,2025-03-27,2025-04-08
D,Greg Landsman,House,AMZN,S,2025-03-27,2025-04-08
D,Greg Landsman,House,AMP,S,2025-03-27,2025-04-08
D,Greg Landsman,House,AAPL,S,2025-03-27,2025-04-08
D,Greg Landsman,House,ANET,S,2025-03-27,2025-04-08
D,Greg Landsman,House,BLK,S,2025-03-27,2025-04-08
D,Greg Landsman,House,BMY,S,2025-03-27,2025-04-08
D,Greg Landsman,House,CDNS,S,2025-03-27,2025-04-08
D,Greg Landsman,House,COR,S,2025-03-27,2025-04-08
D,Greg Landsman,House,COST,S,2025-03-27,2025-04-08
D,Greg Landsman,House,CRWD,S,2025-03-27,2025-04-08
D,Greg Landsman,House,DHR,S,2025-03-27,2025-04-08
D,Greg Landsman,House,DG,S,2025-03-27,2025-04-08
D,Greg Landsman,House,EQIX,S,2025-03-27,2025-04-08
D,Greg Landsman,House,FITB,S,2025-03-27,2025-04-08
D,Greg Landsman,House,HON,S,2025-03-27,2025-04-08
D,Greg Landsman,House,JPM,S,2025-03-27,2025-04-08
D,Greg Landsman,House,LHX,S,2025-03-27,2025-04-08
D,Greg Landsman,House,MSFT,S,2025-03-27,2025-04-08
D,Greg Landsman,House,NVDA,S,2025-03-27,2025-04-08
D,Greg Landsman,House,ORLY,S,2025-03-27,2025-04-08
D,Greg Landsman,House,PH,S,2025-03-27,2025-04-08
D,Greg Landsman,House,PM,S,2025-03-27,2025-04-08
D,Greg Landsman,House,CRM,S,2025-03-27,2025-04-08
D,Greg Landsman,House,SPG,S,2025-03-27,2025-04-08
D,Greg Landsman,House,TEL,S,2025-03-25,2025-04-08
D,Greg Landsman,House,TMO,S,2025-03-27,2025-04-08
D,Greg Landsman,House,UBER,S,2025-03-27,2025-04-08
D,Greg Landsman,House,URI,S,2025-03-27,2025-04-08
D,Greg Landsman,House,UNH,S,2025-03-27,2025-04-08
D,Greg Landsman,House,DIS,S,2025-03-27,2025-04-08
D,Greg Landsman,House,ZTS,S,2025-03-27,2025-04-08
D,Greg Landsman,House,XOM,E,2024-05-06,2025-05-13
D,Rick Larsen,House,GOOGL,P,2025-01-07,2025-01-14
D,Rick Larsen,House,BAH,S,2025-01-07,2025-01-14
D,Rick Larsen,House,BR,P,2025-01-07,2025-01-14
D,Rick Larsen,House,CTAS,P,2025-01-07,2025-01-14
D,Rick Larsen,House,CMCSA,S,2025-01-07,2025-01-14
D,Rick Larsen,House,GD,S,2025-01-07,2025-01-14
D,Rick Larsen,House,UNH,S,2025-01-07,2025-01-14
D,Rick Larsen,House,VRSK,P,2025-01-07,2025-01-14
D,Rick Larsen,House,AXP,P,2025-04-09,2025-04-15
D,Rick Larsen,House,NEE,S,2025-04-09,2025-04-15
D,Rick Larsen,House,ABT,P,2025-10-06,2025-10-16
D,Rick Larsen,House,AEP,P,2025-10-06,2025-10-16
D,Rick Larsen,House,CL,S,2025-10-06,2025-10-16
D,Rick Larsen,House,ODFL,S,2025-10-06,2025-10-16
D,Rick Larsen,House,WMT,P,2025-10-06,2025-10-16
D,Rick Larsen,House,ZTS,S,2025-10-06,2025-10-16
R,Robert E. Latta,House,FMAO,P,2025-01-20,2025-01-24
R,Robert E. Latta,House,FMAO,P,2025-04-20,2025-04-27
R,Robert E. Latta,House,FMAO,P,2025-06-05,2025-06-08
R,Robert E. Latta,House,FMAO,P,2025-07-20,2025-07-25
R,Robert E. Latta,House,FMAO,P,2025-10-20,2025-10-27
R,Laurel Lee,House,HURA,P,2024-11-25,2025-01-07
R,Laurel Lee,House,HURA,P,2025-07-13,2025-08-09
R,Laurel Lee,House,WBD,S,2024-11-29,2025-08-11
D,Susie Lee,House,CCL,S,2025-03-14,2025-04-11
D,Susie Lee,House,CNTY,S,2025-03-14,2025-04-11
D,Susie Lee,House,GDEN,S,2025-03-14,2025-04-11
D,Susie Lee,House,MAR,S,2025-03-14,2025-04-11
D,Susie Lee,House,MGM,S,2025-03-14,2025-04-11
D,Susie Lee,House,SONY,S,2025-03-14,2025-04-11
D,Susie Lee,House,SBUX,S,2025-03-14,2025-04-11
D,Susie Lee,House,TNC,S,2025-03-14,2025-04-11
D,Susie Lee,House,WYNN,S,2025-03-14,2025-04-11
D,Susie Lee,House,FLL,S,2025-07-23,2025-08-22
R,Lisa McClain,House,ABT,S,2025-07-10,2025-08-13
R,Lisa McClain,House,ABT,P,2025-06-24,2025-08-13
R,Lisa McClain,House,ABBV,P,2025-06-17,2025-08-13
R,Lisa McClain,House,ABBV,P,2025-07-22,2025-08-13
R,Lisa McClain,House,ACN,S,2025-07-10,2025-08-13
R,Lisa McClain,House,ACN,P,2025-06-24,2025-08-13
R,Lisa McClain,House,ADBE,P,2025-06-23,2025-08-13
R,Lisa McClain,House,ADBE,S,2025-07-10,2025-08-13
R,Lisa McClain,House,WMS,P,2025-06-17,2025-08-13
R,Lisa McClain,House,WMS,S,2025-07-16,2025-08-13
R,Lisa McClain,House,AMD,P,2025-06-17,2025-08-13
R,Lisa McClain,House,AMD,S,2024-10-23,2025-08-13
R,Lisa McClain,House,AGCO,S,2025-06-24,2025-08-13
R,Lisa McClain,House,AGCO,P,2025-06-11,2025-08-13
R,Lisa McClain,House,A,S,2025-07-16,2025-08-13
R,Lisa McClain,House,A,P,2025-06-17,2025-08-13
R,Lisa McClain,House,ADC,P,2025-06-11,2025-08-13
R,Lisa McClain,House,ADC,S,2025-06-17,2025-08-13
R,Lisa McClain,House,ALK,S,2025-06-17,2025-08-13
R,Lisa McClain,House,ALK,P,2025-06-11,2025-08-13
R,Lisa McClain,House,ACI,S,2025-07-22,2025-08-13
R,Lisa McClain,House,ACI,P,2025-07-16,2025-08-13
R,Lisa McClain,House,ALEX,P,2025-07-16,2025-08-13
R,Lisa McClain,House,BABA,P,2025-07-22,2025-08-13
R,Lisa McClain,House,BABA,P,2025-06-09,2025-08-13
R,Lisa McClain,House,ALLE,P,2025-06-17,2025-08-13
R,Lisa McClain,House,GOOGL,P,2025-06-24,2025-08-13
R,Lisa McClain,House,GOOGL,P,2024-12-11,2025-08-13
R,Lisa McClain,House,GOOG,P,2025-06-09,2025-08-13
R,Lisa McClain,House,GOOG,P,2025-06-11,2025-08-13
R,Lisa McClain,House,AMZN,P,2025-06-17,2025-08-13
R,Lisa McClain,House,AMZN,P,2025-06-09,2025-08-13
R,Lisa McClain,House,AMZN,P,2024-12-11,2025-08-13
R,Lisa McClain,House,AMED,P,2025-06-09,2025-08-13
R,Lisa McClain,House,AAL,P,2025-06-09,2025-08-13
R,Lisa McClain,House,AAL,S,2025-06-11,2025-08-13
R,Lisa McClain,House,AXP,P,2025-06-17,2025-08-13
R,Lisa McClain,House,AIG,P,2025-06-17,2025-08-13
R,Lisa McClain,House,AIG,S,2025-07-10,2025-08-13
R,Lisa McClain,House,AMGN,P,2025-06-24,2025-08-13
R,Lisa McClain,House,BUD,P,2025-06-09,2025-08-13
R,Lisa McClain,House,BUD,P,2025-07-16,2025-08-13
R,Lisa McClain,House,AR,P,2025-07-10,2025-08-13
R,Lisa McClain,House,AR,S,2025-07-22,2025-08-13
R,Lisa McClain,House,AAPL,P,2025-06-09,2025-08-13
R,Lisa McClain,House,AAPL,P,2024-12-11,2025-08-13
R,Lisa McClain,House,AAPL,P,2025-06-17,2025-08-13
R,Lisa McClain,House,AMAT,P,2025-07-22,2025-08-13
R,Lisa McClain,House,ATR,P,2025-06-24,2025-08-13
R,Lisa McClain,House,ARMK,S,2025-06-17,2025-08-13
R,Lisa McClain,House,ARMK,P,2025-06-11,2025-08-13
R,Lisa McClain,House,MT,P,2025-06-24,2025-08-13
R,Lisa McClain,House,ANET,P,2024-12-11,2025-08-13
R,Lisa McClain,House,ANET,S,2025-03-20,2025-08-13
R,Lisa McClain,House,AWI,P,2025-06-11,2025-08-13
R,Lisa McClain,House,AWI,S,2025-06-17,2025-08-13
R,Lisa McClain,House,AJG,S,2025-08-04,2025-08-13
R,Lisa McClain,House,AJG,P,2024-12-11,2025-08-13
R,Lisa McClain,House,ASML,P,2025-06-09,2025-08-13
R,Lisa McClain,House,ASML,P,2025-06-17,2025-08-13
R,Lisa McClain,House,AZN,P,2025-06-09,2025-08-13
R,Lisa McClain,House,AZN,P,2025-07-22,2025-08-13
R,Lisa McClain,House,T,S,2025-07-10,2025-08-13
R,Lisa McClain,House,ADSK,P,2025-06-17,2025-08-13
R,Lisa McClain,House,ADSK,S,2025-07-10,2025-08-13
R,Lisa McClain,House,ALV,P,2025-07-22,2025-08-13
R,Lisa McClain,House,ADP,P,2025-07-10,2025-08-13
R,Lisa McClain,House,ADP,S,2025-07-16,2025-08-13
R,Lisa McClain,House,AVTR,P,2025-06-11,2025-08-13
R,Lisa McClain,House,AVNT,P,2025-06-11,2025-08-13
R,Lisa McClain,House,AVNT,S,2025-06-17,2025-08-13
R,Lisa McClain,House,BKR,S,2025-06-10,2025-08-13
R,Lisa McClain,House,BKR,P,2024-12-11,2025-08-13
R,Lisa McClain,House,BAC,P,2025-06-17,2025-08-13
R,Lisa McClain,House,BCS,P,2025-06-17,2025-08-13
R,Lisa McClain,House,BAX,P,2025-07-22,2025-08-13
R,Lisa McClain,House,BDX,P,2025-06-17,2025-08-13
R,Lisa McClain,House,BDX,S,2025-06-24,2025-08-13
R,Lisa McClain,House,BRK.B,P,2025-06-09,2025-08-13
R,Lisa McClain,House,BRK.B,P,2025-07-16,2025-08-13
R,Lisa McClain,House,BHP,P,2025-07-22,2025-08-13
R,Lisa McClain,House,BHP,P,2025-06-11,2025-08-13
R,Lisa McClain,House,BILL,P,2025-06-17,2025-08-13
R,Lisa McClain,House,BJ,S,2025-07-10,2025-08-13
R,Lisa McClain,House,BJ,P,2025-06-11,2025-08-13
R,Lisa McClain,House,BKH,S,2025-06-17,2025-08-13
R,Lisa McClain,House,BKH,P,2025-06-11,2025-08-13
R,Lisa McClain,House,BLK,P,2025-07-16,2025-08-13
R,Lisa McClain,House,BSX,P,2024-12-11,2025-08-13
R,Lisa McClain,House,BCO,P,2025-06-24,2025-08-13
R,Lisa McClain,House,BTI,P,2025-06-11,2025-08-13
R,Lisa McClain,House,BTI,P,2025-06-17,2025-08-13
R,Lisa McClain,House,AVGO,P,2025-06-17,2025-08-13
R,Lisa McClain,House,AVGO,P,2025-06-11,2025-08-13
R,Lisa McClain,House,AVGO,P,2025-01-22,2025-08-13
R,Lisa McClain,House,BR,S,2025-07-10,2025-08-13
R,Lisa McClain,House,BR,P,2025-06-17,2025-08-13
R,Lisa McClain,House,BRKL,S,2025-06-17,2025-08-13
R,Lisa McClain,House,BRKL,P,2025-06-09,2025-08-13
R,Lisa McClain,House,BF.B,S,2025-06-17,2025-08-13
R,Lisa McClain,House,BF.B,P,2025-06-11,2025-08-13
R,Lisa McClain,House,BC,S,2025-06-17,2025-08-13
R,Lisa McClain,House,BC,P,2025-06-11,2025-08-13
R,Lisa McClain,House,BURL,P,2025-06-11,2025-08-13
R,Lisa McClain,House,BURL,S,2025-06-17,2025-08-13
R,Lisa McClain,House,BWXT,P,2025-06-11,2025-08-13
R,Lisa McClain,House,CPB,S,2025-06-17,2025-08-13
R,Lisa McClain,House,CPRI,S,2025-06-17,2025-08-13
R,Lisa McClain,House,CPRI,P,2025-06-11,2025-08-13
R,Lisa McClain,House,CSL,P,2025-06-17,2025-08-13
R,Lisa McClain,House,CASY,P,2025-06-11,2025-08-13
R,Lisa McClain,House,CHX,S,2025-06-24,2025-08-13
R,Lisa McClain,House,SCHW,P,2025-06-11,2025-08-13
R,Lisa McClain,House,SCHW,P,2025-07-10,2025-08-13
R,Lisa McClain,House,CVX,P,2025-06-24,2025-08-13
R,Lisa McClain,House,CVX,P,2025-06-17,2025-08-13
R,Lisa McClain,House,CMG,S,2025-03-20,2025-08-13
R,Lisa McClain,House,CMG,P,2024-12-11,2025-08-13
R,Lisa McClain,House,CHRD,P,2025-06-24,2025-08-13
R,Lisa McClain,House,CHD,P,2025-06-17,2025-08-13
R,Lisa McClain,House,CHD,S,2025-06-24,2025-08-13
R,Lisa McClain,House,CTAS,P,2025-06-17,2025-08-13
R,Lisa McClain,House,CSCO,P,2025-07-22,2025-08-13
R,Lisa McClain,House,CNH,P,2025-06-24,2025-08-13
R,Lisa McClain,House,CNH,P,2025-07-22,2025-08-13
R,Lisa McClain,House,CNO,S,2025-06-11,2025-08-13
R,Lisa McClain,House,CNO,P,2025-06-09,2025-08-13
R,Lisa McClain,House,KO,S,2025-07-10,2025-08-13
R,Lisa McClain,House,CTSH,P,2025-06-24,2025-08-13
R,Lisa McClain,House,CTSH,P,2025-07-10,2025-08-13
R,Lisa McClain,House,CL,P,2025-06-17,2025-08-13
R,Lisa McClain,House,CL,S,2025-06-24,2025-08-13
R,Lisa McClain,House,CBU,P,2025-06-11,2025-08-13
R,Lisa McClain,House,CBU,S,2025-06-17,2025-08-13
R,Lisa McClain,House,CAG,P,2025-07-22,2025-08-13
R,Lisa McClain,House,COP,P,2025-06-24,2025-08-13
R,Lisa McClain,House,STZ,P,2025-06-17,2025-08-13
R,Lisa McClain,House,CDP,S,2025-07-16,2025-08-13
R,Lisa McClain,House,CDP,P,2025-06-11,2025-08-13
R,Lisa McClain,House,CNM,P,2025-06-11,2025-08-13
R,Lisa McClain,House,CNM,S,2025-06-17,2025-08-13
R,Lisa McClain,House,COST,S,2025-07-10,2025-08-13
R,Lisa McClain,House,COST,P,2024-12-11,2025-08-13
R,Lisa McClain,House,COST,P,2025-06-17,2025-08-13
R,Lisa McClain,House,CTRA,P,2025-06-17,2025-08-13
R,Lisa McClain,House,CUZ,S,2025-07-16,2025-08-13
R,Lisa McClain,House,CUZ,P,2025-07-10,2025-08-13
R,Lisa McClain,House,CRGY,P,2025-06-09,2025-08-13
R,Lisa McClain,House,CRGY,S,2025-06-24,2025-08-13
R,Lisa McClain,House,CRWD,P,2025-07-16,2025-08-13
R,Lisa McClain,House,CMI,P,2025-06-24,2025-08-13
R,Lisa McClain,House,CW,S,2025-07-22,2025-08-13
R,Lisa McClain,House,CW,P,2025-07-10,2025-08-13
R,Lisa McClain,House,CYTK,S,2025-06-17,2025-08-13
R,Lisa McClain,House,CYTK,P,2025-06-11,2025-08-13
R,Lisa McClain,House,DHI,P,2025-06-17,2025-08-13
R,Lisa McClain,House,DHR,P,2025-07-22,2025-08-13
R,Lisa McClain,House,DRI,P,2025-07-16,2025-08-13
R,Lisa McClain,House,DRI,S,2025-07-22,2025-08-13
R,Lisa McClain,House,SRE,P,2025-06-17,2025-08-13
R,Lisa McClain,House,DE,S,2025-07-16,2025-08-13
R,Lisa McClain,House,DE,P,2025-06-24,2025-08-13
R,Lisa McClain,House,DELL,P,2025-01-15,2025-08-13
R,Lisa McClain,House,DAL,P,2025-06-17,2025-08-13
R,Lisa McClain,House,FANG,P,2025-06-24,2025-08-13
R,Lisa McClain,House,FANG,S,2025-07-16,2025-08-13
R,Lisa McClain,House,DKS,P,2025-06-17,2025-08-13
R,Lisa McClain,House,DOCU,P,2025-06-17,2025-08-13
R,Lisa McClain,House,DLB,P,2025-06-24,2025-08-13
R,Lisa McClain,House,DG,S,2025-06-11,2025-08-13
R,Lisa McClain,House,DG,P,2025-06-09,2025-08-13
R,Lisa McClain,House,DBX,P,2025-06-24,2025-08-13
R,Lisa McClain,House,DUOL,P,2025-06-17,2025-08-13
R,Lisa McClain,House,DT,S,2025-07-10,2025-08-13
R,Lisa McClain,House,DT,P,2025-06-17,2025-08-13
R,Lisa McClain,House,DT,S,2025-03-12,2025-08-13
R,Lisa McClain,House,DT,P,2025-02-05,2025-08-13
R,Lisa McClain,House,EMN,P,2025-06-17,2025-08-13
R,Lisa McClain,House,ETN,S,2025-02-05,2025-08-13
R,Lisa McClain,House,ETN,P,2025-03-13,2025-08-13
R,Lisa McClain,House,ETN,P,2024-12-11,2025-08-13
R,Lisa McClain,House,EBAY,S,2025-06-24,2025-08-13
R,Lisa McClain,House,EBAY,P,2025-06-17,2025-08-13
R,Lisa McClain,House,ECL,P,2024-12-11,2025-08-13
R,Lisa McClain,House,EC,P,2025-06-09,2025-08-13
R,Lisa McClain,House,EC,S,2025-07-10,2025-08-13
R,Lisa McClain,House,ELV,P,2025-06-24,2025-08-13
R,Lisa McClain,House,ELV,P,2025-07-10,2025-08-13
R,Lisa McClain,House,LLY,P,2025-07-10,2025-08-13
R,Lisa McClain,House,LLY,S,2025-07-16,2025-08-13
R,Lisa McClain,House,LLY,P,2024-12-11,2025-08-13
R,Lisa McClain,House,EME,P,2025-06-17,2025-08-13
R,Lisa McClain,House,EMR,S,2025-03-12,2025-08-13
R,Lisa McClain,House,EMR,P,2025-02-05,2025-08-13
R,Lisa McClain,House,EIG,P,2025-06-17,2025-08-13
R,Lisa McClain,House,EIG,S,2025-07-10,2025-08-13
R,Lisa McClain,House,EHC,P,2025-07-22,2025-08-13
R,Lisa McClain,House,EPAM,P,2025-07-22,2025-08-13
R,Lisa McClain,House,EQNR,S,2025-06-24,2025-08-13
R,Lisa McClain,House,EQH,P,2025-06-11,2025-08-13
R,Lisa McClain,House,EQH,P,2025-06-17,2025-08-13
R,Lisa McClain,House,ELS,S,2025-07-10,2025-08-13
R,Lisa McClain,House,ELS,P,2025-06-17,2025-08-13
R,Lisa McClain,House,ESNT,S,2025-06-17,2025-08-13
R,Lisa McClain,House,ESNT,P,2025-06-11,2025-08-13
R,Lisa McClain,House,EG,S,2025-07-16,2025-08-13
R,Lisa McClain,House,EG,P,2025-06-17,2025-08-13
R,Lisa McClain,House,EVTC,S,2025-06-17,2025-08-13
R,Lisa McClain,House,EVTC,P,2025-06-11,2025-08-13
R,Lisa McClain,House,XOM,P,2025-06-17,2025-08-13
R,Lisa McClain,House,XOM,P,2025-07-22,2025-08-13
R,Lisa McClain,House,FNB,S,2025-06-11,2025-08-13
R,Lisa McClain,House,FNB,P,2025-06-09,2025-08-13
R,Lisa McClain,House,FFIN,P,2025-06-11,2025-08-13
R,Lisa McClain,House,FFIN,S,2025-06-17,2025-08-13
R,Lisa McClain,House,FHB,S,2025-06-17,2025-08-13
R,Lisa McClain,House,FHB,P,2025-06-11,2025-08-13
R,Lisa McClain,House,FR,P,2025-06-17,2025-08-13
R,Lisa McClain,House,FIVE,P,2025-07-22,2025-08-13
R,Lisa McClain,House,FLO,P,2025-06-09,2025-08-13
R,Lisa McClain,House,FLO,S,2025-06-11,2025-08-13
R,Lisa McClain,House,FTV,S,2025-07-10,2025-08-13
R,Lisa McClain,House,FTV,P,2025-06-17,2025-08-13
R,Lisa McClain,House,FCPT,P,2025-06-09,2025-08-13
R,Lisa McClain,House,FCPT,P,2025-07-16,2025-08-13
R,Lisa McClain,House,FBRT,P,2025-06-09,2025-08-13
R,Lisa McClain,House,FBRT,S,2025-06-11,2025-08-13
R,Lisa McClain,House,GME,P,2025-06-11,2025-08-13
R,Lisa McClain,House,IT,S,2025-07-22,2025-08-13
R,Lisa McClain,House,GATX,P,2025-07-16,2025-08-13
R,Lisa McClain,House,GATX,P,2025-06-11,2025-08-13
R,Lisa McClain,House,GIS,S,2025-07-16,2025-08-13
R,Lisa McClain,House,GIS,P,2025-06-17,2025-08-13
R,Lisa McClain,House,GIS,P,2025-07-10,2025-08-13
R,Lisa McClain,House,GNW,S,2025-06-17,2025-08-13
R,Lisa McClain,House,GNW,P,2025-06-11,2025-08-13
R,Lisa McClain,House,GTY,P,2025-06-09,2025-08-13
R,Lisa McClain,House,GTY,S,2025-06-11,2025-08-13
R,Lisa McClain,House,GL,S,2025-07-10,2025-08-13
R,Lisa McClain,House,GL,P,2025-06-17,2025-08-13
R,Lisa McClain,House,GMED,S,2025-07-10,2025-08-13
R,Lisa McClain,House,GMED,P,2025-06-17,2025-08-13
R,Lisa McClain,House,GFI,S,2025-06-24,2025-08-13
R,Lisa McClain,House,GFI,P,2025-06-11,2025-08-13
R,Lisa McClain,House,GGG,P,2024-12-11,2025-08-13
R,Lisa McClain,House,GPK,P,2025-06-17,2025-08-13
R,Lisa McClain,House,GPI,P,2025-07-22,2025-08-13
R,Lisa McClain,House,GSK,S,2025-06-24,2025-08-13
R,Lisa McClain,House,GSK,P,2025-06-17,2025-08-13
R,Lisa McClain,House,GWRE,P,2025-06-17,2025-08-13
R,Lisa McClain,House,GWRE,S,2025-06-24,2025-08-13
R,Lisa McClain,House,HLN,S,2025-07-10,2025-08-13
R,Lisa McClain,House,HLN,P,2025-06-24,2025-08-13
R,Lisa McClain,House,HAL,S,2025-06-24,2025-08-13
R,Lisa McClain,House,HAL,P,2025-06-17,2025-08-13
R,Lisa McClain,House,HAS,P,2025-06-17,2025-08-13
R,Lisa McClain,House,HDB,P,2025-06-11,2025-08-13
R,Lisa McClain,House,HDB,P,2025-06-09,2025-08-13
R,Lisa McClain,House,HDB,P,2025-07-22,2025-08-13
R,Lisa McClain,House,HQY,P,2025-06-11,2025-08-13
R,Lisa McClain,House,HQY,S,2025-06-17,2025-08-13
R,Lisa McClain,House,DOC,P,2025-06-17,2025-08-13
R,Lisa McClain,House,HPE,P,2025-06-17,2025-08-13
R,Lisa McClain,House,HTH,S,2025-06-17,2025-08-13
R,Lisa McClain,House,HOMB,P,2025-06-11,2025-08-13
R,Lisa McClain,House,HD,S,2025-07-16,2025-08-13
R,Lisa McClain,House,HD,P,2024-12-11,2025-08-13
R,Lisa McClain,House,HMC,P,2025-07-10,2025-08-13
R,Lisa McClain,House,HON,P,2025-06-17,2025-08-13
R,Lisa McClain,House,HMN,S,2025-06-11,2025-08-13
R,Lisa McClain,House,HMN,P,2025-06-09,2025-08-13
R,Lisa McClain,House,HRL,S,2025-07-22,2025-08-13
R,Lisa McClain,House,HRL,P,2025-07-16,2025-08-13
R,Lisa McClain,House,HWM,P,2024-12-11,2025-08-13
R,Lisa McClain,House,HSBC,P,2025-06-17,2025-08-13
R,Lisa McClain,House,HUBS,S,2025-03-28,2025-08-13
R,Lisa McClain,House,HUBS,P,2025-02-21,2025-08-13
R,Lisa McClain,House,HUM,P,2025-06-24,2025-08-13
R,Lisa McClain,House,H,P,2025-06-17,2025-08-13
R,Lisa McClain,House,IBN,P,2025-06-24,2025-08-13
R,Lisa McClain,House,ITW,P,2025-06-17,2025-08-13
R,Lisa McClain,House,ILMN,P,2025-06-09,2025-08-13
R,Lisa McClain,House,IRT,P,2025-06-11,2025-08-13
R,Lisa McClain,House,IRT,S,2025-06-17,2025-08-13
R,Lisa McClain,House,INFY,S,2025-06-24,2025-08-13
R,Lisa McClain,House,INFY,P,2025-06-17,2025-08-13
R,Lisa McClain,House,ING,P,2025-06-24,2025-08-13
R,Lisa McClain,House,INGR,S,2025-07-10,2025-08-13
R,Lisa McClain,House,INGR,P,2025-06-24,2025-08-13
R,Lisa McClain,House,IBKR,S,2025-06-24,2025-08-13
R,Lisa McClain,House,IBKR,P,2025-06-17,2025-08-13
R,Lisa McClain,House,IBM,P,2025-06-17,2025-08-13
R,Lisa McClain,House,IBM,S,2025-07-16,2025-08-13
R,Lisa McClain,House,INTU,S,2025-06-24,2025-08-13
R,Lisa McClain,House,INTU,P,2025-06-17,2025-08-13
R,Lisa McClain,House,INTU,S,2025-02-14,2025-08-13
R,Lisa McClain,House,INTU,P,2024-12-11,2025-08-13
R,Lisa McClain,House,ISRG,P,2024-12-11,2025-08-13
R,Lisa McClain,House,ISRG,S,2025-07-16,2025-08-13
R,Lisa McClain,House,ISRG,P,2025-07-10,2025-08-13
R,Lisa McClain,House,JKHY,P,2025-06-17,2025-08-13
R,Lisa McClain,House,JKHY,P,2025-07-10,2025-08-13
R,Lisa McClain,House,JD,S,2025-06-24,2025-08-13
R,Lisa McClain,House,JD,P,2025-06-17,2025-08-13
R,Lisa McClain,House,JNJ,P,2025-06-17,2025-08-13
R,Lisa McClain,House,JNJ,S,2025-06-24,2025-08-13
R,Lisa McClain,House,JPM,P,2025-06-17,2025-08-13
R,Lisa McClain,House,JPM,P,2025-06-09,2025-08-13
R,Lisa McClain,House,JPM,P,2025-06-11,2025-08-13
R,Lisa McClain,House,KBH,P,2025-06-09,2025-08-13
R,Lisa McClain,House,KDP,S,2025-06-17,2025-08-13
R,Lisa McClain,House,KMB,P,2025-06-17,2025-08-13
R,Lisa McClain,House,KMB,P,2025-07-10,2025-08-13
R,Lisa McClain,House,KMI,P,2025-07-10,2025-08-13
R,Lisa McClain,House,KMI,S,2025-07-22,2025-08-13
R,Lisa McClain,House,KRG,S,2025-06-17,2025-08-13
R,Lisa McClain,House,KRG,P,2025-06-11,2025-08-13
R,Lisa McClain,House,LSTR,S,2025-07-16,2025-08-13
R,Lisa McClain,House,LSTR,P,2025-06-17,2025-08-13
R,Lisa McClain,House,LI,P,2025-06-11,2025-08-13
R,Lisa McClain,House,LNC,P,2025-06-11,2025-08-13
R,Lisa McClain,House,LNC,S,2025-06-17,2025-08-13
R,Lisa McClain,House,LIN,S,2025-07-16,2025-08-13
R,Lisa McClain,House,LIN,P,2025-06-24,2025-08-13
R,Lisa McClain,House,LAD,P,2025-07-22,2025-08-13
R,Lisa McClain,House,LYG,P,2025-06-17,2025-08-13
R,Lisa McClain,House,L,P,2025-06-17,2025-08-13
R,Lisa McClain,House,LPX,S,2025-06-17,2025-08-13
R,Lisa McClain,House,LPX,P,2025-06-11,2025-08-13
R,Lisa McClain,House,LULU,S,2025-07-22,2025-08-13
R,Lisa McClain,House,LULU,P,2025-07-16,2025-08-13
R,Lisa McClain,House,LXP,S,2025-06-10,2025-08-13
R,Lisa McClain,House,LXP,P,2025-06-09,2025-08-13
R,Lisa McClain,House,LYB,P,2025-06-09,2025-08-13
R,Lisa McClain,House,LYB,S,2025-06-24,2025-08-13
R,Lisa McClain,House,MGY,P,2025-06-11,2025-08-13
R,Lisa McClain,House,MGY,S,2025-06-24,2025-08-13
R,Lisa McClain,House,MLM,S,2025-06-10,2025-08-13
R,Lisa McClain,House,MLM,P,2024-12-11,2025-08-13
R,Lisa McClain,House,MTZ,P,2025-06-11,2025-08-13
R,Lisa McClain,House,MA,S,2025-06-24,2025-08-13
R,Lisa McClain,House,MA,P,2025-06-17,2025-08-13
R,Lisa McClain,House,MKC,P,2025-07-22,2025-08-13
R,Lisa McClain,House,MCD,P,2025-06-24,2025-08-13
R,Lisa McClain,House,MEDP,P,2025-07-22,2025-08-13
R,Lisa McClain,House,MRK,P,2025-06-24,2025-08-13
R,Lisa McClain,House,MMSI,P,2025-07-22,2025-08-13
R,Lisa McClain,House,META,P,2025-07-16,2025-08-13
R,Lisa McClain,House,META,P,2025-07-22,2025-08-13
R,Lisa McClain,House,META,P,2024-12-11,2025-08-13
R,Lisa McClain,House,MTG,P,2025-06-11,2025-08-13
R,Lisa McClain,House,MTG,S,2025-06-17,2025-08-13
R,Lisa McClain,House,MU,P,2025-07-22,2025-08-13
R,Lisa McClain,House,MSFT,P,2025-07-16,2025-08-13
R,Lisa McClain,House,MSFT,P,2024-12-11,2025-08-13
R,Lisa McClain,House,MSFT,P,2025-06-09,2025-08-13
R,Lisa McClain,House,MUFG,S,2025-07-16,2025-08-13
R,Lisa McClain,House,MUFG,P,2025-06-17,2025-08-13
R,Lisa McClain,House,MNST,S,2025-07-10,2025-08-13
R,Lisa McClain,House,MNST,P,2025-06-17,2025-08-13
R,Lisa McClain,House,MCO,S,2025-06-11,2025-08-13
R,Lisa McClain,House,MCO,P,2024-12-11,2025-08-13
R,Lisa McClain,House,MORN,P,2025-07-22,2025-08-13
R,Lisa McClain,House,FIZZ,P,2025-06-11,2025-08-13
R,Lisa McClain,House,FIZZ,S,2025-06-17,2025-08-13
R,Lisa McClain,House,NGG,S,2025-07-10,2025-08-13
R,Lisa McClain,House,NGG,P,2025-06-24,2025-08-13
R,Lisa McClain,House,NWG,S,2025-06-24,2025-08-13
R,Lisa McClain,House,NWG,P,2025-06-17,2025-08-13
R,Lisa McClain,House,NTES,P,2025-06-11,2025-08-13
R,Lisa McClain,House,NTES,P,2025-07-22,2025-08-13
R,Lisa McClain,House,NFLX,P,2024-12-11,2025-08-13
R,Lisa McClain,House,NBIX,P,2025-06-11,2025-08-13
R,Lisa McClain,House,NJR,P,2025-07-22,2025-08-13
R,Lisa McClain,House,NJR,P,2025-06-09,2025-08-13
R,Lisa McClain,House,NICE,P,2025-06-17,2025-08-13
R,Lisa McClain,House,NNN,P,2025-06-17,2025-08-13
R,Lisa McClain,House,NOK,P,2025-06-11,2025-08-13
R,Lisa McClain,House,NOG,P,2025-07-16,2025-08-13
R,Lisa McClain,House,NTRS,P,2025-06-17,2025-08-13
R,Lisa McClain,House,NOC,P,2025-06-17,2025-08-13
R,Lisa McClain,House,NOC,S,2025-06-24,2025-08-13
R,Lisa McClain,House,NWE,S,2025-06-17,2025-08-13
R,Lisa McClain,House,NWE,P,2025-06-09,2025-08-13
R,Lisa McClain,House,NCLH,P,2025-06-17,2025-08-13
R,Lisa McClain,House,NOV,S,2025-07-16,2025-08-13
R,Lisa McClain,House,NOVT,P,2025-06-24,2025-08-13
R,Lisa McClain,House,NVS,P,2025-06-17,2025-08-13
R,Lisa McClain,House,NVS,P,2025-06-11,2025-08-13
R,Lisa McClain,House,NVS,P,2025-06-09,2025-08-13
R,Lisa McClain,House,NVO,P,2025-06-09,2025-08-13
R,Lisa McClain,House,SMR,P,2024-11-08,2025-08-13
R,Lisa McClain,House,NVDA,P,2024-11-07,2025-08-13
R,Lisa McClain,House,NVDA,P,2024-12-11,2025-08-13
R,Lisa McClain,House,NVDA,P,2025-06-09,2025-08-13
R,Lisa McClain,House,NVDA,P,2025-06-11,2025-08-13
R,Lisa McClain,House,NVDA,P,2025-06-17,2025-08-13
R,Lisa McClain,House,NXPI,P,2024-12-11,2025-08-13
R,Lisa McClain,House,NXPI,S,2025-01-22,2025-08-13
R,Lisa McClain,House,OKTA,S,2025-07-10,2025-08-13
R,Lisa McClain,House,OKTA,P,2025-06-17,2025-08-13
R,Lisa McClain,House,ORCL,P,2025-06-17,2025-08-13
R,Lisa McClain,House,ORLY,P,2024-12-11,2025-08-13
R,Lisa McClain,House,PLTR,P,2025-06-24,2025-08-13
R,Lisa McClain,House,PLTR,P,2024-08-14,2025-08-13
R,Lisa McClain,House,PLTR,P,2024-11-07,2025-08-13
R,Lisa McClain,House,PANW,P,2024-12-11,2025-08-13
R,Lisa McClain,House,PANW,S,2025-07-16,2025-08-13
R,Lisa McClain,House,PK,P,2025-07-10,2025-08-13
R,Lisa McClain,House,PK,P,2025-06-09,2025-08-13
R,Lisa McClain,House,PH,P,2024-12-11,2025-08-13
R,Lisa McClain,House,PH,S,2025-06-11,2025-08-13
R,Lisa McClain,House,PATK,S,2025-06-17,2025-08-13
R,Lisa McClain,House,PATK,P,2025-06-11,2025-08-13
R,Lisa McClain,House,PAYX,P,2025-07-16,2025-08-13
R,Lisa McClain,House,PDD,P,2025-07-16,2025-08-13
R,Lisa McClain,House,PDD,P,2025-06-09,2025-08-13
R,Lisa McClain,House,PEN,S,2025-07-10,2025-08-13
R,Lisa McClain,House,PFE,P,2025-06-24,2025-08-13
R,Lisa McClain,House,PM,P,2025-07-16,2025-08-13
R,Lisa McClain,House,PM,P,2025-06-24,2025-08-13
R,Lisa McClain,House,PECO,P,2025-07-16,2025-08-13
R,Lisa McClain,House,PHI,S,2025-06-10,2025-08-13
R,Lisa McClain,House,PII,P,2025-06-09,2025-08-13
R,Lisa McClain,House,PFG,P,2025-06-17,2025-08-13
R,Lisa McClain,House,PG,S,2025-07-10,2025-08-13
R,Lisa McClain,House,PRGS,P,2025-06-24,2025-08-13
R,Lisa McClain,House,PRGS,P,2025-07-10,2025-08-13
R,Lisa McClain,House,PGR,P,2025-07-10,2025-08-13
R,Lisa McClain,House,PSTG,S,2025-07-16,2025-08-13
R,Lisa McClain,House,PWR,P,2025-07-10,2025-08-13
R,Lisa McClain,House,RRC,P,2025-07-22,2025-08-13
R,Lisa McClain,House,RBA,P,2025-06-24,2025-08-13
R,Lisa McClain,House,RF,P,2025-06-17,2025-08-13
R,Lisa McClain,House,RS,P,2025-06-17,2025-08-13
R,Lisa McClain,House,RS,S,2025-06-24,2025-08-13
R,Lisa McClain,House,RGEN,P,2025-07-22,2025-08-13
R,Lisa McClain,House,RGEN,P,2025-06-11,2025-08-13
R,Lisa McClain,House,RVTY,P,2025-06-17,2025-08-13
R,Lisa McClain,House,RIO,P,2025-06-24,2025-08-13
R,Lisa McClain,House,RLI,P,2025-06-11,2025-08-13
R,Lisa McClain,House,ROIV,S,2025-06-17,2025-08-13
R,Lisa McClain,House,ROST,P,2025-07-22,2025-08-13
R,Lisa McClain,House,ROST,P,2025-06-17,2025-08-13
R,Lisa McClain,House,RGLD,P,2025-06-09,2025-08-13
R,Lisa McClain,House,RGLD,P,2025-07-22,2025-08-13
R,Lisa McClain,House,CRM,S,2025-03-21,2025-08-13
R,Lisa McClain,House,CRM,P,2024-12-11,2025-08-13
R,Lisa McClain,House,CRM,S,2025-07-16,2025-08-13
R,Lisa McClain,House,CRM,P,2025-06-17,2025-08-13
R,Lisa McClain,House,SNY,P,2025-06-17,2025-08-13
R,Lisa McClain,House,SNY,S,2025-07-22,2025-08-13
R,Lisa McClain,House,SAP,S,2025-07-22,2025-08-13
R,Lisa McClain,House,SAP,P,2025-07-16,2025-08-13
R,Lisa McClain,House,SLB,P,2025-06-09,2025-08-13
R,Lisa McClain,House,SLB,S,2025-07-22,2025-08-13
R,Lisa McClain,House,SAIC,P,2025-06-11,2025-08-13
R,Lisa McClain,House,SE,P,2025-06-17,2025-08-13
R,Lisa McClain,House,SE,S,2025-07-10,2025-08-13
R,Lisa McClain,House,SBCF,P,2025-06-17,2025-08-13
R,Lisa McClain,House,SEE,S,2025-06-17,2025-08-13
R,Lisa McClain,House,SIGI,S,2025-06-17,2025-08-13
R,Lisa McClain,House,SIGI,P,2025-06-11,2025-08-13
R,Lisa McClain,House,SCI,P,2025-06-24,2025-08-13
R,Lisa McClain,House,SCI,S,2025-07-16,2025-08-13
R,Lisa McClain,House,NOW,P,2025-06-17,2025-08-13
R,Lisa McClain,House,NOW,S,2025-02-05,2025-08-13
R,Lisa McClain,House,NOW,P,2025-03-12,2025-08-13
R,Lisa McClain,House,NOW,P,2024-12-11,2025-08-13
R,Lisa McClain,House,SHEL,P,2025-06-09,2025-08-13
R,Lisa McClain,House,SHW,S,2025-02-21,2025-08-13
R,Lisa McClain,House,SHW,P,2024-12-11,2025-08-13
R,Lisa McClain,House,SHW,P,2025-06-17,2025-08-13
R,Lisa McClain,House,SHOP,P,2024-12-11,2025-08-13
R,Lisa McClain,House,SHOP,S,2025-06-09,2025-08-13
R,Lisa McClain,House,FUN,P,2025-07-16,2025-08-13
R,Lisa McClain,House,SNN,S,2025-06-17,2025-08-13
R,Lisa McClain,House,SNN,P,2025-06-09,2025-08-13
R,Lisa McClain,House,SGI,P,2025-06-24,2025-08-13
R,Lisa McClain,House,SONY,P,2025-06-17,2025-08-13
R,Lisa McClain,House,SONY,S,2025-06-24,2025-08-13
R,Lisa McClain,House,SBSI,S,2025-06-17,2025-08-13
R,Lisa McClain,House,SBSI,P,2025-06-09,2025-08-13
R,Lisa McClain,House,SFM,P,2025-06-17,2025-08-13
R,Lisa McClain,House,SFM,S,2025-07-10,2025-08-13
R,Lisa McClain,House,SBUX,P,2025-07-22,2025-08-13
R,Lisa McClain,House,SBUX,P,2025-06-17,2025-08-13
R,Lisa McClain,House,STWD,P,2025-06-11,2025-08-13
R,Lisa McClain,House,STWD,S,2025-06-17,2025-08-13
R,Lisa McClain,House,SF,P,2025-06-17,2025-08-13
R,Lisa McClain,House,SNPS,P,2024-12-11,2025-08-13
R,Lisa McClain,House,SNPS,S,2025-06-09,2025-08-13
R,Lisa McClain,House,SYY,P,2025-03-20,2025-08-13
R,Lisa McClain,House,TSM,P,2025-06-09,2025-08-13
R,Lisa McClain,House,TSM,P,2024-11-07,2025-08-13
R,Lisa McClain,House,TSM,P,2025-06-17,2025-08-13
R,Lisa McClain,House,TRGP,P,2025-07-22,2025-08-13
R,Lisa McClain,House,TMHC,P,2025-06-17,2025-08-13
R,Lisa McClain,House,TFX,P,2025-07-16,2025-08-13
R,Lisa McClain,House,TFX,S,2025-07-22,2025-08-13
R,Lisa McClain,House,THC,P,2025-06-11,2025-08-13
R,Lisa McClain,House,TSLA,P,2025-06-17,2025-08-13
R,Lisa McClain,House,TSLA,P,2024-11-08,2025-08-13
R,Lisa McClain,House,TSLA,P,2025-06-09,2025-08-13
R,Lisa McClain,House,TXN,P,2025-06-17,2025-08-13
R,Lisa McClain,House,TPL,P,2025-07-22,2025-08-13
R,Lisa McClain,House,TXRH,S,2025-06-24,2025-08-13
R,Lisa McClain,House,TXRH,P,2025-06-17,2025-08-13
R,Lisa McClain,House,BK,P,2025-06-17,2025-08-13
R,Lisa McClain,House,CPB,P,2025-06-11,2025-08-13
R,Lisa McClain,House,SJM,P,2025-06-24,2025-08-13
R,Lisa McClain,House,MIDD,S,2025-06-17,2025-08-13
R,Lisa McClain,House,MIDD,P,2025-06-11,2025-08-13
R,Lisa McClain,House,TTD,P,2025-03-28,2025-08-13
R,Lisa McClain,House,TTD,S,2025-02-21,2025-08-13
R,Lisa McClain,House,TTD,P,2024-12-11,2025-08-13
R,Lisa McClain,House,TMO,P,2024-12-11,2025-08-13
R,Lisa McClain,House,TMO,P,2025-07-22,2025-08-13
R,Lisa McClain,House,TKR,S,2025-06-17,2025-08-13
R,Lisa McClain,House,TJX,P,2025-06-11,2025-08-13
R,Lisa McClain,House,TJX,P,2024-12-11,2025-08-13
R,Lisa McClain,House,TMUS,S,2025-06-11,2025-08-13
R,Lisa McClain,House,TTC,P,2025-06-17,2025-08-13
R,Lisa McClain,House,TTC,P,2025-06-09,2025-08-13
R,Lisa McClain,House,TTE,S,2025-06-11,2025-08-13
R,Lisa McClain,House,TTE,S,2025-06-24,2025-08-13
R,Lisa McClain,House,TM,P,2025-06-17,2025-08-13
R,Lisa McClain,House,TM,S,2025-06-24,2025-08-13
R,Lisa McClain,House,TNL,S,2025-06-17,2025-08-13
R,Lisa McClain,House,TNL,P,2025-06-11,2025-08-13
R,Lisa McClain,House,TRN,P,2025-06-11,2025-08-13
R,Lisa McClain,House,TRN,S,2025-06-17,2025-08-13
R,Lisa McClain,House,TCOM,P,2025-06-24,2025-08-13
R,Lisa McClain,House,UBER,P,2025-02-21,2025-08-13
R,Lisa McClain,House,UL,P,2025-06-09,2025-08-13
R,Lisa McClain,House,UL,P,2025-07-22,2025-08-13
R,Lisa McClain,House,UNP,P,2025-07-22,2025-08-13
R,Lisa McClain,House,UBSI,S,2025-06-11,2025-08-13
R,Lisa McClain,House,UBSI,P,2025-06-09,2025-08-13
R,Lisa McClain,House,UPS,P,2025-06-17,2025-08-13
R,Lisa McClain,House,UPS,S,2025-07-16,2025-08-13
R,Lisa McClain,House,X,S,2025-06-20,2025-08-13
R,Lisa McClain,House,X,P,2025-06-11,2025-08-13
R,Lisa McClain,House,UTHR,P,2025-06-11,2025-08-13
R,Lisa McClain,House,UNH,P,2025-06-17,2025-08-13
R,Lisa McClain,House,UNH,S,2025-06-24,2025-08-13
R,Lisa McClain,House,UNM,S,2025-06-17,2025-08-13
R,Lisa McClain,House,UNM,P,2025-06-11,2025-08-13
R,Lisa McClain,House,UE,P,2025-06-17,2025-08-13
R,Lisa McClain,House,USFD,P,2025-07-10,2025-08-13
R,Lisa McClain,House,VALE,P,2025-06-24,2025-08-13
R,Lisa McClain,House,VRE,S,2025-06-17,2025-08-13
R,Lisa McClain,House,VRE,P,2025-06-11,2025-08-13
R,Lisa McClain,House,VRSN,P,2025-06-17,2025-08-13
R,Lisa McClain,House,VRSN,S,2025-06-24,2025-08-13
R,Lisa McClain,House,VZ,S,2025-07-10,2025-08-13
R,Lisa McClain,House,VZ,P,2025-06-24,2025-08-13
R,Lisa McClain,House,VRTX,P,2024-12-11,2025-08-13
R,Lisa McClain,House,VRTX,S,2025-06-11,2025-08-13
R,Lisa McClain,House,VRT,P,2025-03-20,2025-08-13
R,Lisa McClain,House,VNOM,P,2025-06-24,2025-08-13
R,Lisa McClain,House,VNOM,S,2025-07-10,2025-08-13
R,Lisa McClain,House,VST,P,2024-12-11,2025-08-13
R,Lisa McClain,House,VNT,P,2025-06-09,2025-08-13
R,Lisa McClain,House,VNT,S,2025-06-10,2025-08-13
R,Lisa McClain,House,VOYA,S,2025-06-17,2025-08-13
R,Lisa McClain,House,VOYA,P,2025-06-11,2025-08-13
R,Lisa McClain,House,WPC,S,2025-07-16,2025-08-13
R,Lisa McClain,House,WRB,P,2025-07-10,2025-08-13
R,Lisa McClain,House,WMT,P,2025-06-17,2025-08-13
R,Lisa McClain,House,WM,P,2025-06-17,2025-08-13
R,Lisa McClain,House,WM,S,2025-06-24,2025-08-13
R,Lisa McClain,House,WAT,S,2025-07-22,2025-08-13
R,Lisa McClain,House,WAT,P,2025-07-16,2025-08-13
R,Lisa McClain,House,WSO,P,2025-06-17,2025-08-13
R,Lisa McClain,House,WDFC,S,2025-07-22,2025-08-13
R,Lisa McClain,House,WDFC,P,2025-07-16,2025-08-13
R,Lisa McClain,House,WST,S,2025-07-22,2025-08-13
R,Lisa McClain,House,WST,P,2025-06-17,2025-08-13
R,Lisa McClain,House,WAL,P,2025-07-16,2025-08-13
R,Lisa McClain,House,WAL,S,2025-07-22,2025-08-13
R,Lisa McClain,House,WHR,P,2025-07-22,2025-08-13
R,Lisa McClain,House,WMB,S,2025-07-10,2025-08-13
R,Lisa McClain,House,WMB,P,2025-02-24,2025-08-13
R,Lisa McClain,House,WDAY,P,2025-03-21,2025-08-13
R,Lisa McClain,House,WSFS,P,2025-06-17,2025-08-13
R,Lisa McClain,House,WYNN,P,2025-06-09,2025-08-13
R,Lisa McClain,House,YUM,P,2025-07-22,2025-08-13
R,Lisa McClain,House,ZTS,P,2025-06-24,2025-08-13
R,Lisa McClain,House,ZTS,P,2024-12-11,2025-08-13
R,Lisa McClain,House,ZTS,P,2025-07-22,2025-08-13
R,Lisa McClain,House,ACIW,P,2025-08-19,2025-09-12
R,Lisa McClain,House,ADC,P,2025-08-13,2025-09-12
R,Lisa McClain,House,APD,P,2025-08-04,2025-09-12
R,Lisa McClain,House,AKAM,P,2025-08-13,2025-09-12
R,Lisa McClain,House,ALGN,P,2025-08-04,2025-09-12
R,Lisa McClain,House,LNT,S,2025-08-13,2025-09-12
R,Lisa McClain,House,LNT,P,2025-08-04,2025-09-12
R,Lisa McClain,House,AMED,S,2025-08-18,2025-09-12
R,Lisa McClain,House,BUD,S,2025-08-04,2025-09-12
R,Lisa McClain,House,APPF,P,2025-08-13,2025-09-12
R,Lisa McClain,House,MT,S,2025-08-04,2025-09-12
R,Lisa McClain,House,ANET,P,2025-08-13,2025-09-12
R,Lisa McClain,House,AVB,P,2025-08-04,2025-09-12
R,Lisa McClain,House,BAX,S,2025-08-04,2025-09-12
R,Lisa McClain,House,BHLB,P,2025-08-04,2025-09-12
R,Lisa McClain,House,BHP,S,2025-08-04,2025-09-12
R,Lisa McClain,House,BBAI,P,2025-08-07,2025-09-12
R,Lisa McClain,House,BILL,S,2025-08-13,2025-09-12
R,Lisa McClain,House,BL,P,2025-08-13,2025-09-12
R,Lisa McClain,House,BCC,P,2025-08-04,2025-09-12
R,Lisa McClain,House,BTI,P,2025-08-04,2025-09-12
R,Lisa McClain,House,BRO,P,2025-08-04,2025-09-12
R,Lisa McClain,House,BURL,P,2025-08-13,2025-09-12
R,Lisa McClain,House,CSL,S,2025-08-04,2025-09-12
R,Lisa McClain,House,CARR,P,2025-08-04,2025-09-12
R,Lisa McClain,House,CHD,P,2025-08-04,2025-09-12
R,Lisa McClain,House,CSCO,S,2025-08-04,2025-09-12
R,Lisa McClain,House,CNH,S,2025-08-04,2025-09-12
R,Lisa McClain,House,CL,P,2025-08-13,2025-09-12
R,Lisa McClain,House,CVLT,P,2025-08-13,2025-09-12
R,Lisa McClain,House,CAG,S,2025-08-04,2025-09-12
R,Lisa McClain,House,CSGP,P,2025-08-13,2025-09-12
R,Lisa McClain,House,CRWD,S,2025-08-04,2025-09-12
R,Lisa McClain,House,CUBE,P,2025-08-04,2025-09-12
R,Lisa McClain,House,CUBE,S,2025-08-13,2025-09-12
R,Lisa McClain,House,DDOG,P,2025-08-13,2025-09-12
R,Lisa McClain,House,DOCU,S,2025-08-04,2025-09-12
R,Lisa McClain,House,DLB,S,2025-08-04,2025-09-12
R,Lisa McClain,House,DPZ,P,2025-08-13,2025-09-12
R,Lisa McClain,House,DBX,S,2025-08-04,2025-09-12
R,Lisa McClain,House,DUOL,P,2025-08-04,2025-09-12
R,Lisa McClain,House,DUOL,S,2025-08-13,2025-09-12
R,Lisa McClain,House,EMN,S,2025-08-04,2025-09-12
R,Lisa McClain,House,ELV,S,2025-08-13,2025-09-12
R,Lisa McClain,House,ENTG,P,2025-08-04,2025-09-12
R,Lisa McClain,House,EPAM,S,2025-08-04,2025-09-12
R,Lisa McClain,House,EQNR,P,2025-08-04,2025-09-12
R,Lisa McClain,House,EXPO,S,2025-08-13,2025-09-12
R,Lisa McClain,House,FR,S,2025-08-04,2025-09-12
R,Lisa McClain,House,FLEX,P,2025-08-04,2025-09-12
R,Lisa McClain,House,FLO,P,2025-08-04,2025-09-12
R,Lisa McClain,House,FTNT,P,2025-08-13,2025-09-12
R,Lisa McClain,House,FCPT,S,2025-08-04,2025-09-12
R,Lisa McClain,House,FCX,P,2025-08-13,2025-09-12
R,Lisa McClain,House,FCN,P,2025-08-13,2025-09-12
R,Lisa McClain,House,GPI,S,2025-08-04,2025-09-12
R,Lisa McClain,House,GSK,P,2025-08-04,2025-09-12
R,Lisa McClain,House,GWRE,P,2025-08-04,2025-09-12
R,Lisa McClain,House,GWRE,S,2025-08-13,2025-09-12
R,Lisa McClain,House,HCA,P,2025-08-19,2025-09-12
R,Lisa McClain,House,HDB,S,2025-08-04,2025-09-12
R,Lisa McClain,House,DOC,S,2025-08-04,2025-09-12
R,Lisa McClain,House,HIMS,P,2025-08-04,2025-09-12
R,Lisa McClain,House,HON,S,2025-08-04,2025-09-12
R,Lisa McClain,House,IBN,S,2025-08-13,2025-09-12
R,Lisa McClain,House,IEX,P,2025-08-04,2025-09-12
R,Lisa McClain,House,INFY,P,2025-08-04,2025-09-12
R,Lisa McClain,House,INFY,S,2025-08-13,2025-09-12
R,Lisa McClain,House,IBKR,P,2025-08-13,2025-09-12
R,Lisa McClain,House,INTU,P,2025-08-13,2025-09-12
R,Lisa McClain,House,JD,P,2025-08-13,2025-09-12
R,Lisa McClain,House,JNJ,P,2025-08-04,2025-09-12
R,Lisa McClain,House,KRG,P,2025-08-13,2025-09-12
R,Lisa McClain,House,LI,P,2025-08-13,2025-09-12
R,Lisa McClain,House,LAD,S,2025-08-04,2025-09-12
R,Lisa McClain,House,MGY,P,2025-08-04,2025-09-12
R,Lisa McClain,House,CART,P,2025-08-13,2025-09-12
R,Lisa McClain,House,MKC,S,2025-08-04,2025-09-12
R,Lisa McClain,House,MEDP,S,2025-08-04,2025-09-12
R,Lisa McClain,House,MRK,S,2025-08-04,2025-09-12
R,Lisa McClain,House,MU,S,2025-08-04,2025-09-12
R,Lisa McClain,House,MKSI,P,2025-08-04,2025-09-12
R,Lisa McClain,House,MORN,S,2025-08-04,2025-09-12
R,Lisa McClain,House,NWG,P,2025-08-13,2025-09-12
R,Lisa McClain,House,NTES,S,2025-08-04,2025-09-12
R,Lisa McClain,House,NNN,S,2025-08-04,2025-09-12
R,Lisa McClain,House,NOG,S,2025-08-04,2025-09-12
R,Lisa McClain,House,NOVT,S,2025-08-04,2025-09-12
R,Lisa McClain,House,OGE,P,2025-08-13,2025-09-12
R,Lisa McClain,House,OTIS,P,2025-08-04,2025-09-12
R,Lisa McClain,House,PAYX,S,2025-08-04,2025-09-12
R,Lisa McClain,House,PYPL,P,2025-08-04,2025-09-12
R,Lisa McClain,House,PFGC,P,2025-08-13,2025-09-12
R,Lisa McClain,House,PECO,S,2025-08-04,2025-09-12
R,Lisa McClain,House,RRC,S,2025-08-04,2025-09-12
R,Lisa McClain,House,RS,P,2025-08-04,2025-09-12
R,Lisa McClain,House,RGLD,S,2025-08-04,2025-09-12
R,Lisa McClain,House,RHP,P,2025-08-04,2025-09-12
R,Lisa McClain,House,SNY,P,2025-08-04,2025-09-12
R,Lisa McClain,House,SAP,P,2025-08-04,2025-09-12
R,Lisa McClain,House,NOW,S,2025-08-13,2025-09-12
R,Lisa McClain,House,NOW,P,2025-08-04,2025-09-12
R,Lisa McClain,House,FUN,S,2025-08-13,2025-09-12
R,Lisa McClain,House,SONY,P,2025-08-04,2025-09-12
R,Lisa McClain,House,SNPS,P,2025-08-13,2025-09-12
R,Lisa McClain,House,THC,S,2025-08-04,2025-09-12
R,Lisa McClain,House,TXN,S,2025-08-04,2025-09-12
R,Lisa McClain,House,TPL,S,2025-08-13,2025-09-12
R,Lisa McClain,House,TXRH,P,2025-08-13,2025-09-12
R,Lisa McClain,House,TXT,P,2025-08-04,2025-09-12
R,Lisa McClain,House,TTD,S,2025-08-13,2025-09-12
R,Lisa McClain,House,TM,P,2025-08-13,2025-09-12
R,Lisa McClain,House,TYL,P,2025-08-13,2025-09-12
R,Lisa McClain,House,UL,S,2025-08-04,2025-09-12
R,Lisa McClain,House,UNP,S,2025-08-04,2025-09-12
R,Lisa McClain,House,UPS,P,2025-08-04,2025-09-12
R,Lisa McClain,House,UNH,P,2025-08-13,2025-09-12
R,Lisa McClain,House,UNM,P,2025-08-04,2025-09-12
R,Lisa McClain,House,USFD,S,2025-08-13,2025-09-12
R,Lisa McClain,House,VRSK,S,2025-08-13,2025-09-12
R,Lisa McClain,House,VRSK,P,2025-08-04,2025-09-12
R,Lisa McClain,House,WSO,S,2025-08-13,2025-09-12
R,Lisa McClain,House,WHR,S,2025-08-04,2025-09-12
R,Lisa McClain,House,WDAY,S,2025-08-04,2025-09-12
R,Lisa McClain,House,YUM,S,2025-08-04,2025-09-12
R,Lisa McClain,House,ZTS,S,2025-08-13,2025-09-12
R,Lisa McClain,House,ADC,S,2025-09-25,2025-10-22
R,Lisa McClain,House,APD,S,2025-09-25,2025-10-22
R,Lisa McClain,House,ACI,P,2025-09-11,2025-10-22
R,Lisa McClain,House,ALGN,S,2025-09-11,2025-10-22
R,Lisa McClain,House,AMZN,P,2025-09-11,2025-10-22
R,Lisa McClain,House,AMH,P,2025-09-25,2025-10-22
R,Lisa McClain,House,AMGN,S,2025-09-25,2025-10-22
R,Lisa McClain,House,AAPL,P,2025-09-11,2025-10-22
R,Lisa McClain,House,ASML,P,2025-09-25,2025-10-22
R,Lisa McClain,House,BAX,P,2025-09-25,2025-10-22
R,Lisa McClain,House,BBT,S,2025-09-25,2025-10-22
R,Lisa McClain,House,BHP,P,2025-09-11,2025-10-22
R,Lisa McClain,House,BCC,S,2025-09-25,2025-10-22
R,Lisa McClain,House,BTI,S,2025-09-25,2025-10-22
R,Lisa McClain,House,BURL,S,2025-09-11,2025-10-22
R,Lisa McClain,House,CARR,S,2025-09-11,2025-10-22
R,Lisa McClain,House,CHD,S,2025-09-25,2025-10-22
R,Lisa McClain,House,CTAS,S,2025-09-11,2025-10-22
R,Lisa McClain,House,CL,P,2025-09-25,2025-10-22
R,Lisa McClain,House,CVLT,S,2025-09-11,2025-10-22
R,Lisa McClain,House,CON,P,2025-09-11,2025-10-22
R,Lisa McClain,House,CON,S,2025-09-25,2025-10-22
R,Lisa McClain,House,STZ,S,2025-09-11,2025-10-22
R,Lisa McClain,House,CNM,P,2025-09-11,2025-10-22
R,Lisa McClain,House,CSGP,S,2025-09-25,2025-10-22
R,Lisa McClain,House,DHR,S,2025-09-25,2025-10-22
R,Lisa McClain,House,DRI,P,2025-09-25,2025-10-22
R,Lisa McClain,House,DEO,S,2025-09-25,2025-10-22
R,Lisa McClain,House,DLB,P,2025-09-11,2025-10-22
R,Lisa McClain,House,DPZ,S,2025-09-25,2025-10-22
R,Lisa McClain,House,DT,S,2025-09-25,2025-10-22
R,Lisa McClain,House,DT,P,2025-09-11,2025-10-22
R,Lisa McClain,House,WTRG,P,2025-09-25,2025-10-22
R,Lisa McClain,House,EXPO,S,2025-09-11,2025-10-22
R,Lisa McClain,House,FLO,S,2025-09-11,2025-10-22
R,Lisa McClain,House,FMC,P,2025-09-25,2025-10-22
R,Lisa McClain,House,FCX,S,2025-09-25,2025-10-22
R,Lisa McClain,House,FCN,S,2025-09-11,2025-10-22
R,Lisa McClain,House,GTY,P,2025-09-11,2025-10-22
R,Lisa McClain,House,GPK,S,2025-09-11,2025-10-22
R,Lisa McClain,House,HCA,S,2025-09-11,2025-10-22
R,Lisa McClain,House,HDB,P,2025-09-11,2025-10-22
R,Lisa McClain,House,HDB,P,2025-09-25,2025-10-22
R,Lisa McClain,House,HRL,S,2025-09-25,2025-10-22
R,Lisa McClain,House,HRL,P,2025-09-11,2025-10-22
R,Lisa McClain,House,HUM,P,2025-09-25,2025-10-22
R,Lisa McClain,House,INGR,P,2025-09-25,2025-10-22
R,Lisa McClain,House,INTU,S,2025-09-11,2025-10-22
R,Lisa McClain,House,KVUE,P,2025-09-25,2025-10-22
R,Lisa McClain,House,LI,S,2025-09-11,2025-10-22
R,Lisa McClain,House,LPX,P,2025-09-25,2025-10-22
R,Lisa McClain,House,MAN,S,2025-09-25,2025-10-22
R,Lisa McClain,House,MAN,P,2025-09-11,2025-10-22
R,Lisa McClain,House,CART,S,2025-09-25,2025-10-22
R,Lisa McClain,House,MMSI,S,2025-09-25,2025-10-22
R,Lisa McClain,House,MGPI,P,2025-09-25,2025-10-22
R,Lisa McClain,House,NWG,S,2025-09-11,2025-10-22
R,Lisa McClain,House,NTES,P,2025-09-25,2025-10-22
R,Lisa McClain,House,NVS,P,2025-09-11,2025-10-22
R,Lisa McClain,House,NVO,P,2025-09-11,2025-10-22
R,Lisa McClain,House,OGE,S,2025-09-11,2025-10-22
R,Lisa McClain,House,OPCH,P,2025-09-25,2025-10-22
R,Lisa McClain,House,PYPL,S,2025-09-11,2025-10-22
R,Lisa McClain,House,QLYS,P,2025-09-11,2025-10-22
R,Lisa McClain,House,RS,S,2025-09-25,2025-10-22
R,Lisa McClain,House,ROL,P,2025-09-25,2025-10-22
R,Lisa McClain,House,RHP,S,2025-09-25,2025-10-22
R,Lisa McClain,House,SNY,S,2025-09-11,2025-10-22
R,Lisa McClain,House,SBAC,P,2025-09-25,2025-10-22
R,Lisa McClain,House,SBAC,P,2025-09-11,2025-10-22
R,Lisa McClain,House,SLB,P,2025-09-25,2025-10-22
R,Lisa McClain,House,SNDR,P,2025-09-25,2025-10-22
R,Lisa McClain,House,SAIC,P,2025-09-11,2025-10-22
R,Lisa McClain,House,STX,P,2025-09-08,2025-10-22
R,Lisa McClain,House,SFM,P,2025-09-12,2025-10-22
R,Lisa McClain,House,SNPS,S,2025-09-11,2025-10-22
R,Lisa McClain,House,TSLA,P,2025-09-11,2025-10-22
R,Lisa McClain,House,TXRH,S,2025-09-11,2025-10-22
R,Lisa McClain,House,TYL,S,2025-09-11,2025-10-22
R,Lisa McClain,House,UL,P,2025-09-11,2025-10-22
R,Lisa McClain,House,UL,S,2025-09-25,2025-10-22
R,Lisa McClain,House,UPS,S,2025-09-11,2025-10-22
R,Lisa McClain,House,ABBV,S,2025-10-30,2025-11-21
R,Lisa McClain,House,ABBV,P,2025-10-30,2025-11-21
R,Lisa McClain,House,ABBV,S,2025-10-31,2025-11-21
R,Lisa McClain,House,ACIW,S,2025-10-31,2025-11-21
R,Lisa McClain,House,ACIW,P,2025-10-30,2025-11-21
R,Lisa McClain,House,ACIW,S,2025-10-30,2025-11-21
R,Lisa McClain,House,AMD,S,2025-10-30,2025-11-21
R,Lisa McClain,House,AMD,P,2025-10-30,2025-11-21
R,Lisa McClain,House,AMD,S,2025-10-31,2025-11-21
R,Lisa McClain,House,AKAM,S,2025-10-31,2025-11-21
R,Lisa McClain,House,AKAM,P,2025-10-30,2025-11-21
R,Lisa McClain,House,AKAM,S,2025-10-30,2025-11-21
R,Lisa McClain,House,ALEX,S,2025-10-30,2025-11-21
R,Lisa McClain,House,ALEX,P,2025-10-30,2025-11-21
R,Lisa McClain,House,ALEX,S,2025-10-31,2025-11-21
R,Lisa McClain,House,BABA,S,2025-10-31,2025-11-21
R,Lisa McClain,House,BABA,P,2025-10-30,2025-11-21
R,Lisa McClain,House,BABA,S,2025-10-30,2025-11-21
R,Lisa McClain,House,ALLE,S,2025-10-30,2025-11-21
R,Lisa McClain,House,ALLE,P,2025-10-30,2025-11-21
R,Lisa McClain,House,ALLE,S,2025-10-31,2025-11-21
R,Lisa McClain,House,GOOGL,S,2025-10-31,2025-11-21
R,Lisa McClain,House,GOOGL,P,2025-10-30,2025-11-21
R,Lisa McClain,House,GOOGL,S,2025-10-30,2025-11-21
R,Lisa McClain,House,GOOG,S,2025-10-30,2025-11-21
R,Lisa McClain,House,GOOG,P,2025-10-30,2025-11-21
R,Lisa McClain,House,GOOG,S,2025-10-31,2025-11-21
R,Lisa McClain,House,AMZN,S,2025-10-14,2025-11-21
R,Lisa McClain,House,AXP,S,2025-10-30,2025-11-21
R,Lisa McClain,House,AXP,P,2025-10-30,2025-11-21
R,Lisa McClain,House,AXP,S,2025-10-31,2025-11-21
R,Lisa McClain,House,AMH,S,2025-10-31,2025-11-21
R,Lisa McClain,House,AMH,P,2025-10-30,2025-11-21
R,Lisa McClain,House,AMH,S,2025-10-30,2025-11-21
R,Lisa McClain,House,APPF,S,2025-10-30,2025-11-21
R,Lisa McClain,House,APPF,P,2025-10-30,2025-11-21
R,Lisa McClain,House,APPF,S,2025-10-31,2025-11-21
R,Lisa McClain,House,AAPL,S,2025-10-31,2025-11-21
R,Lisa McClain,House,AAPL,P,2025-10-30,2025-11-21
R,Lisa McClain,House,AAPL,S,2025-10-30,2025-11-21
R,Lisa McClain,House,ANET,S,2025-10-14,2025-11-21
R,Lisa McClain,House,ASML,S,2025-10-30,2025-11-21
R,Lisa McClain,House,ASML,P,2025-10-30,2025-11-21
R,Lisa McClain,House,ASML,S,2025-10-31,2025-11-21
R,Lisa McClain,House,AZN,S,2025-10-31,2025-11-21
R,Lisa McClain,House,AZN,P,2025-10-30,2025-11-21
R,Lisa McClain,House,AZN,S,2025-10-30,2025-11-21
R,Lisa McClain,House,AVB,S,2025-10-30,2025-11-21
R,Lisa McClain,House,AVB,P,2025-10-30,2025-11-21
R,Lisa McClain,House,AVB,S,2025-10-31,2025-11-21
R,Lisa McClain,House,BAC,P,2025-10-30,2025-11-21
R,Lisa McClain,House,BAC,S,2025-10-30,2025-11-21
R,Lisa McClain,House,BAC,S,2025-10-31,2025-11-21
R,Lisa McClain,House,BCS,S,2025-10-31,2025-11-21
R,Lisa McClain,House,BCS,S,2025-10-30,2025-11-21
R,Lisa McClain,House,BCS,P,2025-10-30,2025-11-21
R,Lisa McClain,House,BAX,P,2025-10-30,2025-11-21
R,Lisa McClain,House,BAX,S,2025-10-30,2025-11-21
R,Lisa McClain,House,BAX,S,2025-10-31,2025-11-21
R,Lisa McClain,House,BRK.B,S,2025-10-31,2025-11-21
R,Lisa McClain,House,BRK.B,S,2025-10-30,2025-11-21
R,Lisa McClain,House,BRK.B,P,2025-10-30,2025-11-21
R,Lisa McClain,House,BHP,P,2025-10-30,2025-11-21
R,Lisa McClain,House,BHP,S,2025-10-30,2025-11-21
R,Lisa McClain,House,BHP,S,2025-10-31,2025-11-21
R,Lisa McClain,House,BL,S,2025-10-31,2025-11-21
R,Lisa McClain,House,BL,S,2025-10-30,2025-11-21
R,Lisa McClain,House,BL,P,2025-10-30,2025-11-21
R,Lisa McClain,House,BLK,S,2025-10-14,2025-11-21
R,Lisa McClain,House,BSX,S,2025-10-30,2025-11-21
R,Lisa McClain,House,BSX,P,2025-10-30,2025-11-21
R,Lisa McClain,House,BSX,S,2025-10-31,2025-11-21
R,Lisa McClain,House,BP,S,2025-10-31,2025-11-21
R,Lisa McClain,House,BP,P,2025-10-30,2025-11-21
R,Lisa McClain,House,BCO,S,2025-10-30,2025-11-21
R,Lisa McClain,House,BCO,P,2025-10-30,2025-11-21
R,Lisa McClain,House,AVGO,S,2025-10-31,2025-11-21
R,Lisa McClain,House,AVGO,P,2025-10-30,2025-11-21
R,Lisa McClain,House,AVGO,S,2025-10-30,2025-11-21
R,Lisa McClain,House,BRO,S,2025-10-30,2025-11-21
R,Lisa McClain,House,BRO,P,2025-10-30,2025-11-21
R,Lisa McClain,House,BRO,S,2025-10-31,2025-11-21
R,Lisa McClain,House,BWXT,S,2025-10-31,2025-11-21
R,Lisa McClain,House,BWXT,P,2025-10-30,2025-11-21
R,Lisa McClain,House,BWXT,S,2025-10-30,2025-11-21
R,Lisa McClain,House,CACI,S,2025-10-30,2025-11-21
R,Lisa McClain,House,CACI,P,2025-10-30,2025-11-21
R,Lisa McClain,House,CACI,S,2025-10-31,2025-11-21
R,Lisa McClain,House,CASY,S,2025-10-31,2025-11-21
R,Lisa McClain,House,CASY,P,2025-10-30,2025-11-21
R,Lisa McClain,House,CASY,S,2025-10-30,2025-11-21
R,Lisa McClain,House,CHRD,S,2025-10-30,2025-11-21
R,Lisa McClain,House,CHRD,P,2025-10-30,2025-11-21
R,Lisa McClain,House,CHRD,S,2025-10-31,2025-11-21
R,Lisa McClain,House,CIEN,S,2025-10-31,2025-11-21
R,Lisa McClain,House,CIEN,S,2025-10-15,2025-11-21
R,Lisa McClain,House,CIEN,P,2025-10-30,2025-11-21
R,Lisa McClain,House,CLX,S,2025-10-30,2025-11-21
R,Lisa McClain,House,CLX,P,2025-10-30,2025-11-21
R,Lisa McClain,House,KO,S,2025-10-31,2025-11-21
R,Lisa McClain,House,KO,S,2025-10-30,2025-11-21
R,Lisa McClain,House,COHR,P,2025-10-30,2025-11-21
R,Lisa McClain,House,COHR,S,2025-10-30,2025-11-21
R,Lisa McClain,House,COP,S,2025-10-31,2025-11-21
R,Lisa McClain,House,COP,S,2025-10-30,2025-11-21
R,Lisa McClain,House,COP,P,2025-10-30,2025-11-21
R,Lisa McClain,House,CEG,P,2025-10-30,2025-11-21
R,Lisa McClain,House,CEG,S,2025-10-30,2025-11-21
R,Lisa McClain,House,CEG,S,2025-10-31,2025-11-21
R,Lisa McClain,House,CNM,S,2025-10-31,2025-11-21
R,Lisa McClain,House,CNM,S,2025-10-30,2025-11-21
R,Lisa McClain,House,CNM,P,2025-10-30,2025-11-21
R,Lisa McClain,House,CMI,P,2025-10-30,2025-11-21
R,Lisa McClain,House,CMI,S,2025-10-30,2025-11-21
R,Lisa McClain,House,CMI,S,2025-10-31,2025-11-21
R,Lisa McClain,House,CVS,S,2025-10-31,2025-11-21
R,Lisa McClain,House,CVS,S,2025-10-30,2025-11-21
R,Lisa McClain,House,CVS,P,2025-10-30,2025-11-21
R,Lisa McClain,House,DHI,P,2025-10-30,2025-11-21
R,Lisa McClain,House,DHI,S,2025-10-30,2025-11-21
R,Lisa McClain,House,DHI,S,2025-10-31,2025-11-21
R,Lisa McClain,House,DRI,S,2025-10-31,2025-11-21
R,Lisa McClain,House,DRI,S,2025-10-30,2025-11-21
R,Lisa McClain,House,DRI,P,2025-10-30,2025-11-21
R,Lisa McClain,House,DDOG,P,2025-10-30,2025-11-21
R,Lisa McClain,House,DDOG,S,2025-10-30,2025-11-21
R,Lisa McClain,House,DDOG,S,2025-10-31,2025-11-21
R,Lisa McClain,House,SRE,S,2025-10-31,2025-11-21
R,Lisa McClain,House,SRE,S,2025-10-30,2025-11-21
R,Lisa McClain,House,SRE,P,2025-10-30,2025-11-21
R,Lisa McClain,House,DELL,P,2025-10-30,2025-11-21
R,Lisa McClain,House,DELL,S,2025-10-30,2025-11-21
R,Lisa McClain,House,DELL,S,2025-10-31,2025-11-21
R,Lisa McClain,House,DAL,S,2025-10-31,2025-11-21
R,Lisa McClain,House,DAL,S,2025-10-30,2025-11-21
R,Lisa McClain,House,DAL,P,2025-10-30,2025-11-21
R,Lisa McClain,House,DKS,P,2025-10-30,2025-11-21
R,Lisa McClain,House,DKS,S,2025-10-30,2025-11-21
R,Lisa McClain,House,DKS,S,2025-10-31,2025-11-21
R,Lisa McClain,House,DUK,S,2025-10-31,2025-11-21
R,Lisa McClain,House,DUK,S,2025-10-30,2025-11-21
R,Lisa McClain,House,ETN,P,2025-10-30,2025-11-21
R,Lisa McClain,House,ETN,S,2025-10-30,2025-11-21
R,Lisa McClain,House,ETN,S,2025-10-31,2025-11-21
R,Lisa McClain,House,SATS,S,2025-10-31,2025-11-21
R,Lisa McClain,House,SATS,S,2025-10-30,2025-11-21
R,Lisa McClain,House,SATS,P,2025-10-30,2025-11-21
R,Lisa McClain,House,ECL,P,2025-10-30,2025-11-21
R,Lisa McClain,House,ECL,S,2025-10-30,2025-11-21
R,Lisa McClain,House,ECL,S,2025-10-31,2025-11-21
R,Lisa McClain,House,EME,S,2025-10-31,2025-11-21
R,Lisa McClain,House,EME,S,2025-10-30,2025-11-21
R,Lisa McClain,House,EME,P,2025-10-30,2025-11-21
R,Lisa McClain,House,EHC,P,2025-10-30,2025-11-21
R,Lisa McClain,House,EHC,S,2025-10-30,2025-11-21
R,Lisa McClain,House,EHC,S,2025-10-31,2025-11-21
R,Lisa McClain,House,ENTG,S,2025-10-31,2025-11-21
R,Lisa McClain,House,ENTG,S,2025-10-30,2025-11-21
R,Lisa McClain,House,ENTG,P,2025-10-30,2025-11-21
R,Lisa McClain,House,WTRG,P,2025-10-30,2025-11-21
R,Lisa McClain,House,WTRG,S,2025-10-30,2025-11-21
R,Lisa McClain,House,WTRG,S,2025-10-31,2025-11-21
R,Lisa McClain,House,EXC,S,2025-10-31,2025-11-21
R,Lisa McClain,House,EXC,S,2025-10-30,2025-11-21
R,Lisa McClain,House,XOM,P,2025-10-30,2025-11-21
R,Lisa McClain,House,XOM,S,2025-10-30,2025-11-21
R,Lisa McClain,House,XOM,S,2025-10-31,2025-11-21
R,Lisa McClain,House,FN,S,2025-10-31,2025-11-21
R,Lisa McClain,House,FN,S,2025-10-30,2025-11-21
R,Lisa McClain,House,FIVE,P,2025-10-30,2025-11-21
R,Lisa McClain,House,FIVE,S,2025-10-30,2025-11-21
R,Lisa McClain,House,FIVE,S,2025-10-31,2025-11-21
R,Lisa McClain,House,FLEX,S,2025-10-14,2025-11-21
R,Lisa McClain,House,FMC,S,2025-10-30,2025-11-21
R,Lisa McClain,House,FMC,P,2025-10-30,2025-11-21
R,Lisa McClain,House,FMC,S,2025-10-31,2025-11-21
R,Lisa McClain,House,FTNT,S,2025-10-31,2025-11-21
R,Lisa McClain,House,FTNT,P,2025-10-30,2025-11-21
R,Lisa McClain,House,FTNT,S,2025-10-30,2025-11-21
R,Lisa McClain,House,IT,S,2025-10-30,2025-11-21
R,Lisa McClain,House,IT,P,2025-10-30,2025-11-21
R,Lisa McClain,House,GTY,S,2025-10-31,2025-11-21
R,Lisa McClain,House,GTY,P,2025-10-30,2025-11-21
R,Lisa McClain,House,GTY,S,2025-10-30,2025-11-21
R,Lisa McClain,House,GS,S,2025-10-30,2025-11-21
R,Lisa McClain,House,GS,P,2025-10-30,2025-11-21
R,Lisa McClain,House,GSK,S,2025-10-31,2025-11-21
R,Lisa McClain,House,GSK,P,2025-10-30,2025-11-21
R,Lisa McClain,House,GSK,S,2025-10-30,2025-11-21
R,Lisa McClain,House,HAS,S,2025-10-30,2025-11-21
R,Lisa McClain,House,HAS,P,2025-10-30,2025-11-21
R,Lisa McClain,House,HAS,S,2025-10-31,2025-11-21
R,Lisa McClain,House,HDB,S,2025-10-31,2025-11-21
R,Lisa McClain,House,HDB,P,2025-10-30,2025-11-21
R,Lisa McClain,House,HDB,S,2025-10-30,2025-11-21
R,Lisa McClain,House,HPE,S,2025-10-30,2025-11-21
R,Lisa McClain,House,HPE,P,2025-10-30,2025-11-21
R,Lisa McClain,House,HPE,S,2025-10-31,2025-11-21
R,Lisa McClain,House,HOMB,S,2025-10-31,2025-11-21
R,Lisa McClain,House,HOMB,P,2025-10-30,2025-11-21
R,Lisa McClain,House,HOMB,S,2025-10-30,2025-11-21
R,Lisa McClain,House,HMC,S,2025-10-30,2025-11-21
R,Lisa McClain,House,HMC,P,2025-10-30,2025-11-21
R,Lisa McClain,House,HMC,S,2025-10-31,2025-11-21
R,Lisa McClain,House,HWM,S,2025-10-31,2025-11-21
R,Lisa McClain,House,HWM,P,2025-10-30,2025-11-21
R,Lisa McClain,House,HWM,S,2025-10-30,2025-11-21
R,Lisa McClain,House,HSBC,S,2025-10-14,2025-11-21
R,Lisa McClain,House,HUM,S,2025-10-30,2025-11-21
R,Lisa McClain,House,HUM,P,2025-10-30,2025-11-21
R,Lisa McClain,House,HUM,S,2025-10-31,2025-11-21
R,Lisa McClain,House,H,S,2025-10-14,2025-11-21
R,Lisa McClain,House,IEX,S,2025-10-30,2025-11-21
R,Lisa McClain,House,IEX,P,2025-10-30,2025-11-21
R,Lisa McClain,House,IEX,S,2025-10-31,2025-11-21
R,Lisa McClain,House,ITW,S,2025-10-31,2025-11-21
R,Lisa McClain,House,ITW,P,2025-10-30,2025-11-21
R,Lisa McClain,House,ITW,S,2025-10-30,2025-11-21
R,Lisa McClain,House,ILMN,S,2025-10-30,2025-11-21
R,Lisa McClain,House,ILMN,P,2025-10-30,2025-11-21
R,Lisa McClain,House,ILMN,S,2025-10-31,2025-11-21
R,Lisa McClain,House,ING,S,2025-10-31,2025-11-21
R,Lisa McClain,House,ING,P,2025-10-30,2025-11-21
R,Lisa McClain,House,ING,S,2025-10-30,2025-11-21
R,Lisa McClain,House,INGR,S,2025-10-14,2025-11-21
R,Lisa McClain,House,IBKR,S,2025-10-14,2025-11-21
R,Lisa McClain,House,ITT,S,2025-10-30,2025-11-21
R,Lisa McClain,House,ITT,P,2025-10-30,2025-11-21
R,Lisa McClain,House,JD,S,2025-10-31,2025-11-21
R,Lisa McClain,House,JD,P,2025-10-30,2025-11-21
R,Lisa McClain,House,JD,S,2025-10-30,2025-11-21
R,Lisa McClain,House,JNJ,S,2025-10-30,2025-11-21
R,Lisa McClain,House,JNJ,P,2025-10-30,2025-11-21
R,Lisa McClain,House,JNJ,S,2025-10-31,2025-11-21
R,Lisa McClain,House,JPM,S,2025-10-31,2025-11-21
R,Lisa McClain,House,JPM,P,2025-10-30,2025-11-21
R,Lisa McClain,House,JPM,S,2025-10-30,2025-11-21
R,Lisa McClain,House,KVUE,S,2025-10-30,2025-11-21
R,Lisa McClain,House,KVUE,P,2025-10-30,2025-11-21
R,Lisa McClain,House,KVUE,S,2025-10-31,2025-11-21
R,Lisa McClain,House,KRG,S,2025-10-31,2025-11-21
R,Lisa McClain,House,KRG,P,2025-10-30,2025-11-21
R,Lisa McClain,House,KRG,S,2025-10-30,2025-11-21
R,Lisa McClain,House,LYG,S,2025-10-14,2025-11-21
R,Lisa McClain,House,L,S,2025-10-30,2025-11-21
R,Lisa McClain,House,L,P,2025-10-30,2025-11-21
R,Lisa McClain,House,L,S,2025-10-31,2025-11-21
R,Lisa McClain,House,LPX,S,2025-10-31,2025-11-21
R,Lisa McClain,House,LPX,P,2025-10-30,2025-11-21
R,Lisa McClain,House,LPX,S,2025-10-30,2025-11-21
R,Lisa McClain,House,MGY,S,2025-10-30,2025-11-21
R,Lisa McClain,House,MGY,P,2025-10-30,2025-11-21
R,Lisa McClain,House,MGY,S,2025-10-31,2025-11-21
R,Lisa McClain,House,MTZ,S,2025-10-31,2025-11-21
R,Lisa McClain,House,MTZ,P,2025-10-30,2025-11-21
R,Lisa McClain,House,MTZ,S,2025-10-30,2025-11-21
R,Lisa McClain,House,MCD,S,2025-10-30,2025-11-21
R,Lisa McClain,House,MCD,P,2025-10-30,2025-11-21
R,Lisa McClain,House,MCD,S,2025-10-31,2025-11-21
R,Lisa McClain,House,META,S,2025-10-31,2025-11-21
R,Lisa McClain,House,META,P,2025-10-30,2025-11-21
R,Lisa McClain,House,META,S,2025-10-30,2025-11-21
R,Lisa McClain,House,MGPI,S,2025-10-30,2025-11-21
R,Lisa McClain,House,MGPI,P,2025-10-30,2025-11-21
R,Lisa McClain,House,MGPI,S,2025-10-31,2025-11-21
R,Lisa McClain,House,MSFT,S,2025-10-31,2025-11-21
R,Lisa McClain,House,MSFT,P,2025-10-30,2025-11-21
R,Lisa McClain,House,MSFT,S,2025-10-30,2025-11-21
R,Lisa McClain,House,MKSI,S,2025-10-30,2025-11-21
R,Lisa McClain,House,MKSI,P,2025-10-30,2025-11-21
R,Lisa McClain,House,MKSI,S,2025-10-31,2025-11-21
R,Lisa McClain,House,NTES,S,2025-10-14,2025-11-21
R,Lisa McClain,House,NFLX,S,2025-10-30,2025-11-21
R,Lisa McClain,House,NFLX,P,2025-10-30,2025-11-21
R,Lisa McClain,House,NFLX,S,2025-10-31,2025-11-21
R,Lisa McClain,House,NTRS,S,2025-10-31,2025-11-21
R,Lisa McClain,House,NTRS,P,2025-10-30,2025-11-21
R,Lisa McClain,House,NTRS,S,2025-10-30,2025-11-21
R,Lisa McClain,House,NCLH,S,2025-10-30,2025-11-21
R,Lisa McClain,House,NCLH,P,2025-10-30,2025-11-21
R,Lisa McClain,House,NCLH,S,2025-10-31,2025-11-21
R,Lisa McClain,House,NVS,S,2025-10-31,2025-11-21
R,Lisa McClain,House,NVS,P,2025-10-30,2025-11-21
R,Lisa McClain,House,NVS,S,2025-10-30,2025-11-21
R,Lisa McClain,House,NVO,S,2025-10-30,2025-11-21
R,Lisa McClain,House,NVO,P,2025-10-30,2025-11-21
R,Lisa McClain,House,NVO,S,2025-10-31,2025-11-21
R,Lisa McClain,House,NVDA,S,2025-10-31,2025-11-21
R,Lisa McClain,House,NVDA,P,2025-10-30,2025-11-21
R,Lisa McClain,House,NVDA,S,2025-10-30,2025-11-21
R,Lisa McClain,House,OPCH,S,2025-10-30,2025-11-21
R,Lisa McClain,House,OPCH,P,2025-10-30,2025-11-21
R,Lisa McClain,House,OPCH,S,2025-10-31,2025-11-21
R,Lisa McClain,House,ORCL,S,2025-10-31,2025-11-21
R,Lisa McClain,House,ORCL,P,2025-10-30,2025-11-21
R,Lisa McClain,House,ORCL,S,2025-10-30,2025-11-21
R,Lisa McClain,House,ORLY,S,2025-10-30,2025-11-21
R,Lisa McClain,House,ORLY,P,2025-10-30,2025-11-21
R,Lisa McClain,House,ORLY,S,2025-10-31,2025-11-21
R,Lisa McClain,House,OSK,S,2025-10-31,2025-11-21
R,Lisa McClain,House,OSK,P,2025-10-30,2025-11-21
R,Lisa McClain,House,OTIS,S,2025-10-30,2025-11-21
R,Lisa McClain,House,OTIS,P,2025-10-30,2025-11-21
R,Lisa McClain,House,OTIS,S,2025-10-31,2025-11-21
R,Lisa McClain,House,PLTR,S,2025-10-31,2025-11-21
R,Lisa McClain,House,PLTR,P,2025-10-30,2025-11-21
R,Lisa McClain,House,PLTR,S,2025-10-30,2025-11-21
R,Lisa McClain,House,PDD,S,2025-10-30,2025-11-21
R,Lisa McClain,House,PDD,P,2025-10-30,2025-11-21
R,Lisa McClain,House,PDD,S,2025-10-31,2025-11-21
R,Lisa McClain,House,PEP,S,2025-10-31,2025-11-21
R,Lisa McClain,House,PEP,P,2025-10-30,2025-11-21
R,Lisa McClain,House,PFGC,S,2025-10-30,2025-11-21
R,Lisa McClain,House,PFGC,P,2025-10-30,2025-11-21
R,Lisa McClain,House,PFGC,S,2025-10-31,2025-11-21
R,Lisa McClain,House,PII,S,2025-10-31,2025-11-21
R,Lisa McClain,House,PII,P,2025-10-30,2025-11-21
R,Lisa McClain,House,PFG,S,2025-10-30,2025-11-21
R,Lisa McClain,House,PFG,P,2025-10-30,2025-11-21
R,Lisa McClain,House,PFG,S,2025-10-31,2025-11-21
R,Lisa McClain,House,PSTG,S,2025-10-31,2025-11-21
R,Lisa McClain,House,PSTG,P,2025-10-30,2025-11-21
R,Lisa McClain,House,PSTG,S,2025-10-30,2025-11-21
R,Lisa McClain,House,QLYS,S,2025-10-30,2025-11-21
R,Lisa McClain,House,QLYS,P,2025-10-30,2025-11-21
R,Lisa McClain,House,QLYS,S,2025-10-31,2025-11-21
R,Lisa McClain,House,PWR,S,2025-10-31,2025-11-21
R,Lisa McClain,House,PWR,P,2025-10-30,2025-11-21
R,Lisa McClain,House,PWR,S,2025-10-30,2025-11-21
R,Lisa McClain,House,RBA,S,2025-10-30,2025-11-21
R,Lisa McClain,House,RBA,P,2025-10-30,2025-11-21
R,Lisa McClain,House,RBA,S,2025-10-31,2025-11-21
R,Lisa McClain,House,RF,S,2025-10-31,2025-11-21
R,Lisa McClain,House,RF,P,2025-10-30,2025-11-21
R,Lisa McClain,House,RF,S,2025-10-30,2025-11-21
R,Lisa McClain,House,RGEN,S,2025-10-30,2025-11-21
R,Lisa McClain,House,RGEN,P,2025-10-30,2025-11-21
R,Lisa McClain,House,RGEN,S,2025-10-31,2025-11-21
R,Lisa McClain,House,RIO,S,2025-10-31,2025-11-21
R,Lisa McClain,House,RIO,P,2025-10-30,2025-11-21
R,Lisa McClain,House,RIO,S,2025-10-30,2025-11-21
R,Lisa McClain,House,ROIV,S,2025-10-30,2025-11-21
R,Lisa McClain,House,ROIV,P,2025-10-30,2025-11-21
R,Lisa McClain,House,ROIV,S,2025-10-31,2025-11-21
R,Lisa McClain,House,ROL,S,2025-10-14,2025-11-21
R,Lisa McClain,House,SNDK,S,2025-10-30,2025-11-21
R,Lisa McClain,House,SNDK,P,2025-10-30,2025-11-21
R,Lisa McClain,House,SNDK,S,2025-10-31,2025-11-21
R,Lisa McClain,House,SAP,S,2025-10-31,2025-11-21
R,Lisa McClain,House,SAP,P,2025-10-30,2025-11-21
R,Lisa McClain,House,SAP,S,2025-10-30,2025-11-21
R,Lisa McClain,House,SNDR,S,2025-10-14,2025-11-21
R,Lisa McClain,House,SAIC,S,2025-10-30,2025-11-21
R,Lisa McClain,House,SAIC,P,2025-10-30,2025-11-21
R,Lisa McClain,House,SAIC,S,2025-10-31,2025-11-21
R,Lisa McClain,House,SBCF,S,2025-10-31,2025-11-21
R,Lisa McClain,House,SBCF,P,2025-10-30,2025-11-21
R,Lisa McClain,House,SBCF,S,2025-10-30,2025-11-21
R,Lisa McClain,House,SHEL,S,2025-10-14,2025-11-21
R,Lisa McClain,House,SHW,S,2025-10-30,2025-11-21
R,Lisa McClain,House,SHW,P,2025-10-30,2025-11-21
R,Lisa McClain,House,SHW,S,2025-10-31,2025-11-21
R,Lisa McClain,House,SLB,S,2025-10-31,2025-11-21
R,Lisa McClain,House,SLB,P,2025-10-30,2025-11-21
R,Lisa McClain,House,SLB,S,2025-10-30,2025-11-21
R,Lisa McClain,House,SGI,S,2025-10-30,2025-11-21
R,Lisa McClain,House,SGI,P,2025-10-30,2025-11-21
R,Lisa McClain,House,SGI,S,2025-10-31,2025-11-21
R,Lisa McClain,House,SONY,S,2025-10-31,2025-11-21
R,Lisa McClain,House,SONY,P,2025-10-30,2025-11-21
R,Lisa McClain,House,SONY,S,2025-10-30,2025-11-21
R,Lisa McClain,House,SR,S,2025-10-30,2025-11-21
R,Lisa McClain,House,SR,P,2025-10-30,2025-11-21
R,Lisa McClain,House,SFM,S,2025-10-31,2025-11-21
R,Lisa McClain,House,SFM,P,2025-10-30,2025-11-21
R,Lisa McClain,House,SFM,S,2025-10-30,2025-11-21
R,Lisa McClain,House,SF,S,2025-10-30,2025-11-21
R,Lisa McClain,House,SF,P,2025-10-30,2025-11-21
R,Lisa McClain,House,SF,S,2025-10-31,2025-11-21
R,Lisa McClain,House,SYY,S,2025-10-31,2025-11-21
R,Lisa McClain,House,SYY,P,2025-10-30,2025-11-21
R,Lisa McClain,House,SYY,S,2025-10-30,2025-11-21
R,Lisa McClain,House,TSM,S,2025-10-30,2025-11-21
R,Lisa McClain,House,TSM,P,2025-10-30,2025-11-21
R,Lisa McClain,House,TSM,S,2025-10-31,2025-11-21
R,Lisa McClain,House,TMHC,S,2025-10-31,2025-11-21
R,Lisa McClain,House,TMHC,P,2025-10-30,2025-11-21
R,Lisa McClain,House,TMHC,S,2025-10-30,2025-11-21
R,Lisa McClain,House,TER,S,2025-10-30,2025-11-21
R,Lisa McClain,House,TER,P,2025-10-30,2025-11-21
R,Lisa McClain,House,TSLA,S,2025-10-31,2025-11-21
R,Lisa McClain,House,TSLA,P,2025-10-30,2025-11-21
R,Lisa McClain,House,TSLA,S,2025-10-30,2025-11-21
R,Lisa McClain,House,TXT,S,2025-10-30,2025-11-21
R,Lisa McClain,House,TXT,P,2025-10-30,2025-11-21
R,Lisa McClain,House,TXT,S,2025-10-31,2025-11-21
R,Lisa McClain,House,BK,S,2025-10-31,2025-11-21
R,Lisa McClain,House,BK,P,2025-10-30,2025-11-21
R,Lisa McClain,House,BK,S,2025-10-30,2025-11-21
R,Lisa McClain,House,SJM,S,2025-10-30,2025-11-21
R,Lisa McClain,House,SJM,P,2025-10-30,2025-11-21
R,Lisa McClain,House,SJM,S,2025-10-31,2025-11-21
R,Lisa McClain,House,TMO,S,2025-10-31,2025-11-21
R,Lisa McClain,House,TMO,S,2025-10-30,2025-11-21
R,Lisa McClain,House,TMO,P,2025-10-30,2025-11-21
R,Lisa McClain,House,TMUS,P,2025-10-30,2025-11-21
R,Lisa McClain,House,TMUS,S,2025-10-30,2025-11-21
R,Lisa McClain,House,TM,S,2025-10-31,2025-11-21
R,Lisa McClain,House,TCOM,P,2025-10-30,2025-11-21
R,Lisa McClain,House,TCOM,S,2025-10-30,2025-11-21
R,Lisa McClain,House,TCOM,S,2025-10-31,2025-11-21
R,Lisa McClain,House,UBER,S,2025-10-31,2025-11-21
R,Lisa McClain,House,UBER,S,2025-10-30,2025-11-21
R,Lisa McClain,House,UBER,P,2025-10-30,2025-11-21
R,Lisa McClain,House,UTHR,P,2025-10-30,2025-11-21
R,Lisa McClain,House,UTHR,S,2025-10-30,2025-11-21
R,Lisa McClain,House,UTHR,S,2025-10-31,2025-11-21
R,Lisa McClain,House,UNH,S,2025-10-31,2025-11-21
R,Lisa McClain,House,UNH,S,2025-10-30,2025-11-21
R,Lisa McClain,House,UNH,P,2025-10-30,2025-11-21
R,Lisa McClain,House,UNM,P,2025-10-30,2025-11-21
R,Lisa McClain,House,UNM,S,2025-10-30,2025-11-21
R,Lisa McClain,House,UNM,S,2025-10-31,2025-11-21
R,Lisa McClain,House,UE,S,2025-10-31,2025-11-21
R,Lisa McClain,House,UE,S,2025-10-30,2025-11-21
R,Lisa McClain,House,UE,P,2025-10-30,2025-11-21
R,Lisa McClain,House,VALE,P,2025-10-30,2025-11-21
R,Lisa McClain,House,VALE,S,2025-10-30,2025-11-21
R,Lisa McClain,House,VALE,S,2025-10-31,2025-11-21
R,Lisa McClain,House,VRT,S,2025-10-31,2025-11-21
R,Lisa McClain,House,VRT,S,2025-10-30,2025-11-21
R,Lisa McClain,House,VRT,P,2025-10-30,2025-11-21
R,Lisa McClain,House,V,P,2025-10-30,2025-11-21
R,Lisa McClain,House,V,S,2025-10-30,2025-11-21
R,Lisa McClain,House,VST,S,2025-10-31,2025-11-21
R,Lisa McClain,House,VST,S,2025-10-30,2025-11-21
R,Lisa McClain,House,VST,P,2025-10-30,2025-11-21
R,Lisa McClain,House,WRB,P,2025-10-30,2025-11-21
R,Lisa McClain,House,WRB,S,2025-10-30,2025-11-21
R,Lisa McClain,House,WRB,S,2025-10-31,2025-11-21
R,Lisa McClain,House,WMT,S,2025-10-31,2025-11-21
R,Lisa McClain,House,WMT,S,2025-10-30,2025-11-21
R,Lisa McClain,House,WMT,P,2025-10-30,2025-11-21
R,Lisa McClain,House,WSFS,P,2025-10-30,2025-11-21
R,Lisa McClain,House,WSFS,S,2025-10-30,2025-11-21
R,Lisa McClain,House,WSFS,S,2025-10-31,2025-11-21
R,Lisa McClain,House,WYNN,S,2025-10-31,2025-11-21
R,Lisa McClain,House,WYNN,S,2025-10-30,2025-11-21
R,Lisa McClain,House,WYNN,P,2025-10-30,2025-11-21
D,Richard Dean Dr McCormick,House,ABT,P,2025-11-05,2025-12-09
D,Richard Dean Dr McCormick,House,APD,P,2025-11-05,2025-12-09
D,Richard Dean Dr McCormick,House,AWK,P,2025-11-05,2025-12-09
D,Richard Dean Dr McCormick,House,ADI,P,2025-11-05,2025-12-09
D,Richard Dean Dr McCormick,House,AAPL,P,2025-11-05,2025-12-09
D,Richard Dean Dr McCormick,House,ADP,P,2025-11-05,2025-12-09
D,Richard Dean Dr McCormick,House,BRK.B,P,2025-11-05,2025-12-09
D,Richard Dean Dr McCormick,House,BLK,P,2025-11-05,2025-12-09
D,Richard Dean Dr McCormick,House,CSCO,P,2025-11-05,2025-12-09
D,Richard Dean Dr McCormick,House,COST,P,2025-11-05,2025-12-09
D,Richard Dean Dr McCormick,House,EMR,P,2025-11-05,2025-12-09
D,Richard Dean Dr McCormick,House,ITW,P,2025-11-05,2025-12-09
D,Richard Dean Dr McCormick,House,ICE,P,2025-11-05,2025-12-09
D,Richard Dean Dr McCormick,House,JNJ,P,2025-11-05,2025-12-09
D,Richard Dean Dr McCormick,House,LHX,P,2025-11-05,2025-12-09
D,Richard Dean Dr McCormick,House,MCD,P,2025-11-05,2025-12-09
D,Richard Dean Dr McCormick,House,MDT,P,2025-11-05,2025-12-09
D,Richard Dean Dr McCormick,House,MSFT,P,2025-11-05,2025-12-09
D,Richard Dean Dr McCormick,House,NEE,P,2025-11-05,2025-12-09
D,Richard Dean Dr McCormick,House,PG,P,2025-11-05,2025-12-09
D,Richard Dean Dr McCormick,House,O,P,2025-11-05,2025-12-09
D,Richard Dean Dr McCormick,House,UNH,P,2025-11-05,2025-12-09
D,Richard Dean Dr McCormick,House,WMT,P,2025-11-05,2025-12-09
R,John McGuire,House,UNH,P,2025-04-10,2025-05-16
R,John McGuire,House,NOW,P,2025-05-16,2025-06-12
R,John McGuire,House,META,P,2025-06-30,2025-07-10
R,John McGuire,House,NFLX,P,2025-06-16,2025-07-10
R,Daniel Meuser,House,GOOGL,S,2025-02-11,2025-08-20
R,Daniel Meuser,House,AMGN,S,2025-02-11,2025-08-20
R,Daniel Meuser,House,AAPL,S,2025-02-11,2025-08-20
R,Daniel Meuser,House,APTV,S,2025-02-11,2025-08-20
R,Daniel Meuser,House,MSFT,S,2025-02-11,2025-08-20
R,Daniel Meuser,House,MDLZ,S,2025-02-11,2025-08-20
R,Daniel Meuser,House,QCOM,S,2025-02-11,2025-08-20
R,Carol Devine Miller,House,AFL,P,2025-03-10,2025-04-11
R,Carol Devine Miller,House,AWK,P,2025-03-10,2025-04-11
R,Carol Devine Miller,House,CME,P,2025-03-10,2025-04-11
R,Carol Devine Miller,House,GILD,P,2025-03-10,2025-04-11
R,Carol Devine Miller,House,HON,P,2025-03-10,2025-04-11
R,Carol Devine Miller,House,ITW,P,2025-03-10,2025-04-11
R,Carol Devine Miller,House,LMT,P,2025-03-10,2025-04-11
R,Carol Devine Miller,House,PEP,P,2025-03-10,2025-04-11
R,Carol Devine Miller,House,DGX,S,2025-03-10,2025-04-11
R,Carol Devine Miller,House,TGT,S,2025-03-10,2025-04-11
R,Carol Devine Miller,House,HSY,P,2025-03-10,2025-04-11
R,Carol Devine Miller,House,USB,S,2025-03-10,2025-04-11
R,Carol Devine Miller,House,UPS,S,2025-03-10,2025-04-11
D,Dave Min,House,FSLR,S,2025-03-19,2025-04-14
D,Dave Min,House,ZOOM,S,2025-03-19,2025-04-14
R,Tim Moore,House,F,P,2025-01-13,2025-02-15
R,Tim Moore,House,F,P,2025-01-08,2025-02-15
R,Tim Moore,House,F,P,2025-01-06,2025-02-15
R,Tim Moore,House,F,S,2025-01-07,2025-02-15
R,Tim Moore,House,F,P,2025-01-03,2025-02-15
R,Tim Moore,House,F,S,2025-01-21,2025-02-15
R,Tim Moore,House,HOG,S,2025-01-24,2025-02-15
R,Tim Moore,House,HOG,P,2025-01-24,2025-02-15
R,Tim Moore,House,HOG,P,2025-01-29,2025-02-15
R,Tim Moore,House,HOG,P,2025-01-30,2025-02-15
R,Tim Moore,House,HOG,P,2025-01-03,2025-02-15
R,Tim Moore,House,HOG,S,2025-01-07,2025-02-15
R,Tim Moore,House,HOG,P,2025-01-09,2025-02-15
R,Tim Moore,House,HOG,P,2025-01-13,2025-02-15
R,Tim Moore,House,HOG,S,2025-01-16,2025-02-15
R,Tim Moore,House,F,P,2025-02-07,2025-03-11
R,Tim Moore,House,F,P,2025-02-10,2025-03-11
R,Tim Moore,House,F,P,2025-02-04,2025-03-11
R,Tim Moore,House,F,S,2025-02-05,2025-03-11
R,Tim Moore,House,F,P,2025-02-06,2025-03-11
R,Tim Moore,House,F,P,2025-02-13,2025-03-11
R,Tim Moore,House,GD,S,2025-02-20,2025-03-11
R,Tim Moore,House,HOG,P,2025-02-04,2025-03-11
R,Tim Moore,House,HOG,P,2025-02-06,2025-03-11
R,Tim Moore,House,HOG,S,2025-02-05,2025-03-11
R,Tim Moore,House,HOG,S,2025-02-12,2025-03-11
R,Tim Moore,House,HOG,P,2025-02-12,2025-03-11
R,Tim Moore,House,HOG,S,2025-02-10,2025-03-11
R,Tim Moore,House,ROK,S,2025-02-21,2025-03-11
R,Tim Moore,House,SMCYY,P,2025-02-04,2025-03-11
R,Tim Moore,House,SMCYY,S,2025-02-06,2025-03-11
R,Tim Moore,House,AAL,P,2025-03-12,2025-04-14
R,Tim Moore,House,AAL,P,2025-03-13,2025-04-14
R,Tim Moore,House,AAL,P,2025-03-14,2025-04-14
R,Tim Moore,House,AAL,S,2025-03-20,2025-04-14
R,Tim Moore,House,AAL,P,2025-03-31,2025-04-14
R,Tim Moore,House,BKR,P,2025-03-04,2025-04-14
R,Tim Moore,House,BLK,P,2025-03-04,2025-04-14
R,Tim Moore,House,DASH,P,2025-03-04,2025-04-14
R,Tim Moore,House,F,P,2025-03-05,2025-04-14
R,Tim Moore,House,F,S,2025-03-10,2025-04-14
R,Tim Moore,House,F,P,2025-03-31,2025-04-14
R,Tim Moore,House,F,S,2025-03-03,2025-04-14
R,Tim Moore,House,HOG,S,2025-03-25,2025-04-14
R,Tim Moore,House,HOG,P,2025-03-14,2025-04-14
R,Tim Moore,House,HOG,S,2025-03-10,2025-04-14
R,Tim Moore,House,HOG,P,2025-03-07,2025-04-14
R,Tim Moore,House,HOG,P,2025-03-06,2025-04-14
R,Tim Moore,House,HOG,P,2025-03-04,2025-04-14
R,Tim Moore,House,USFD,P,2025-03-04,2025-04-14
R,Tim Moore,House,AAL,S,2025-05-02,2025-06-13
R,Tim Moore,House,HOG,S,2025-05-14,2025-06-13
R,Tim Moore,House,HOG,P,2025-05-01,2025-06-13
R,Tim Moore,House,SMCI,S,2025-05-02,2025-06-13
R,Tim Moore,House,AAL,P,2025-04-01,2025-06-13
R,Tim Moore,House,AAL,P,2025-04-02,2025-06-13
R,Tim Moore,House,AAL,P,2025-04-04,2025-06-13
R,Tim Moore,House,AAL,P,2025-04-07,2025-06-13
R,Tim Moore,House,AAL,P,2025-04-18,2025-06-13
R,Tim Moore,House,AAL,P,2025-04-22,2025-06-13
R,Tim Moore,House,F,P,2025-04-07,2025-06-13
R,Tim Moore,House,F,P,2025-04-08,2025-06-13
R,Tim Moore,House,F,P,2025-04-09,2025-06-13
R,Tim Moore,House,F,P,2025-04-10,2025-06-13
R,Tim Moore,House,F,S,2025-04-15,2025-06-13
R,Tim Moore,House,HOG,P,2025-04-04,2025-06-13
R,Tim Moore,House,SMCI,P,2025-04-30,2025-06-13
R,Tim Moore,House,AAL,S,2025-06-17,2025-07-09
R,Tim Moore,House,AAL,P,2025-06-16,2025-07-09
R,Tim Moore,House,AAPL,S,2025-06-02,2025-07-09
R,Tim Moore,House,AAPL,P,2025-06-02,2025-07-09
R,Tim Moore,House,CNC,P,2025-07-14,2025-08-05
R,Tim Moore,House,CNC,P,2025-07-18,2025-08-05
R,Tim Moore,House,CNC,P,2025-07-21,2025-08-05
R,Tim Moore,House,CNC,P,2025-07-22,2025-08-05
R,Tim Moore,House,CNC,P,2025-07-29,2025-08-05
R,Tim Moore,House,CNC,P,2025-07-30,2025-08-05
R,Tim Moore,House,HOG,P,2025-07-30,2025-08-05
R,Tim Moore,House,INTC,P,2025-07-29,2025-08-05
R,Tim Moore,House,DNUT,P,2025-07-29,2025-08-05
R,Tim Moore,House,DNUT,P,2025-07-30,2025-08-05
R,Tim Moore,House,UNH,P,2025-07-21,2025-08-05
R,Tim Moore,House,UNH,P,2025-07-16,2025-08-05
R,Tim Moore,House,VZ,P,2025-07-29,2025-08-05
R,Tim Moore,House,CNC,P,2025-08-07,2025-09-03
R,Tim Moore,House,CNC,P,2025-08-08,2025-09-03
R,Tim Moore,House,CNC,S,2025-08-18,2025-09-03
R,Tim Moore,House,HY,P,2025-08-12,2025-09-03
R,Tim Moore,House,HY,S,2025-08-13,2025-09-03
R,Tim Moore,House,HY,P,2025-08-07,2025-09-03
R,Tim Moore,House,INTC,P,2025-08-08,2025-09-03
R,Tim Moore,House,INTC,P,2025-08-01,2025-09-03
R,Tim Moore,House,INTC,S,2025-08-13,2025-09-03
R,Tim Moore,House,INTC,P,2025-08-11,2025-09-03
R,Tim Moore,House,DNUT,P,2025-08-01,2025-09-03
R,Tim Moore,House,DNUT,P,2025-08-04,2025-09-03
R,Tim Moore,House,UNH,P,2025-08-01,2025-09-03
R,Tim Moore,House,UNH,P,2025-08-08,2025-09-03
R,Tim Moore,House,UNH,S,2025-08-15,2025-09-03
R,Tim Moore,House,VZ,S,2025-08-01,2025-09-03
R,Tim Moore,House,COIN,P,2025-09-11,2025-10-10
R,Tim Moore,House,CL,S,2025-09-10,2025-10-10
R,Tim Moore,House,HY,P,2025-09-11,2025-10-10
R,Tim Moore,House,HY,S,2025-09-19,2025-10-10
R,Tim Moore,House,GNPX,P,2025-10-29,2025-11-12
R,Tim Moore,House,HY,S,2025-10-24,2025-11-12
R,Tim Moore,House,HY,P,2025-10-08,2025-11-12
R,Tim Moore,House,HY,P,2025-10-10,2025-11-12
R,Tim Moore,House,HY,P,2025-10-14,2025-11-12
R,Tim Moore,House,DNUT,S,2025-10-22,2025-11-12
R,Tim Moore,House,LGIH,P,2025-10-30,2025-11-12
R,Tim Moore,House,VZ,P,2025-10-31,2025-11-12
R,Tim Moore,House,VZ,P,2025-10-07,2025-11-12
R,Tim Moore,House,VZ,P,2025-10-10,2025-11-12
R,Tim Moore,House,CBRL,P,2025-11-20,2025-12-02
R,Tim Moore,House,CBRL,S,2025-11-28,2025-12-02
R,Tim Moore,House,GNPX,P,2025-11-07,2025-12-02
R,Tim Moore,House,HOG,S,2025-11-28,2025-12-02
R,Tim Moore,House,HOG,P,2025-11-21,2025-12-02
R,Tim Moore,House,HY,P,2025-11-20,2025-12-02
R,Tim Moore,House,HY,P,2025-11-12,2025-12-02
R,Tim Moore,House,HY,P,2025-11-14,2025-12-02
R,Tim Moore,House,HY,P,2025-11-03,2025-12-02
R,Tim Moore,House,HY,P,2025-11-05,2025-12-02
R,Tim Moore,House,LGIH,P,2025-11-04,2025-12-02
R,Tim Moore,House,LGIH,S,2025-11-05,2025-12-02
R,Tim Moore,House,VZ,P,2025-11-05,2025-12-02
R,Tim Moore,House,VZ,S,2025-11-19,2025-12-02
R,Tim Moore,House,CBRL,P,2025-12-09,2025-12-19
R,Tim Moore,House,CBRL,P,2025-12-16,2025-12-19
R,Tim Moore,House,CBRL,S,2025-12-10,2025-12-19
R,Tim Moore,House,HOG,P,2025-12-09,2025-12-19
R,Tim Moore,House,HY,S,2025-12-03,2025-12-19
R,Tim Moore,House,VZ,P,2025-12-10,2025-12-19
D,Kelly Louise Morrison,House,TGT,P,2025-03-10,2025-04-04
D,Kelly Louise Morrison,House,TGT,S,2025-03-21,2025-04-04
D,Kelly Louise Morrison,House,TGT,P,2025-03-03,2025-04-04
D,Kelly Louise Morrison,House,AVGO,P,2025-03-21,2025-04-11
D,Kelly Louise Morrison,House,CACI,S,2025-03-20,2025-04-11
D,Kelly Louise Morrison,House,DEO,S,2025-03-20,2025-04-11
D,Kelly Louise Morrison,House,META,P,2025-03-24,2025-04-11
D,Kelly Louise Morrison,House,AVGO,P,2025-04-11,2025-05-13
D,Kelly Louise Morrison,House,META,P,2025-04-11,2025-05-13
D,Kelly Louise Morrison,House,RMD,S,2025-04-28,2025-05-13
D,Kelly Louise Morrison,House,HLI,S,2025-06-04,2025-06-18
D,Kelly Louise Morrison,House,NKE,S,2025-06-04,2025-06-18
D,Kelly Louise Morrison,House,RMD,S,2025-06-04,2025-06-18
D,Kelly Louise Morrison,House,UPS,S,2025-06-04,2025-06-18
D,Kelly Louise Morrison,House,WEX,S,2025-06-04,2025-06-18
D,Kelly Louise Morrison,House,ZBRA,S,2025-06-04,2025-06-18
D,Kelly Louise Morrison,House,VZ,S,2025-08-19,2025-09-11
D,Jared Moskowitz,House,ABT,S,2025-01-15,2025-02-10
D,Jared Moskowitz,House,ABBV,P,2025-01-15,2025-02-10
D,Jared Moskowitz,House,CNI,S,2025-01-15,2025-02-10
D,Jared Moskowitz,House,GS,P,2025-01-15,2025-02-10
D,Jared Moskowitz,House,MCK,P,2025-01-15,2025-02-10
D,Jared Moskowitz,House,MRK,S,2025-01-15,2025-02-10
D,Jared Moskowitz,House,SYK,P,2025-01-15,2025-02-10
D,Jared Moskowitz,House,WST,S,2025-02-13,2025-03-06
D,Jared Moskowitz,House,AVGO,S,2025-03-10,2025-04-08
D,Jared Moskowitz,House,AVGO,S,2025-03-11,2025-04-08
D,Jared Moskowitz,House,ELV,S,2025-03-10,2025-04-08
D,Jared Moskowitz,House,NVDA,P,2025-03-11,2025-04-08
D,Jared Moskowitz,House,NVDA,P,2025-03-10,2025-04-08
D,Jared Moskowitz,House,TJX,P,2025-03-10,2025-04-08
D,Jared Moskowitz,House,ABBV,P,2025-04-07,2025-05-09
D,Jared Moskowitz,House,ACN,P,2025-04-07,2025-05-09
D,Jared Moskowitz,House,AMZN,P,2025-04-07,2025-05-09
D,Jared Moskowitz,House,AMGN,P,2025-04-16,2025-05-09
D,Jared Moskowitz,House,ADI,P,2025-04-07,2025-05-09
D,Jared Moskowitz,House,CARR,P,2025-04-07,2025-05-09
D,Jared Moskowitz,House,CAT,P,2025-04-07,2025-05-09
D,Jared Moskowitz,House,GS,S,2025-04-10,2025-05-09
D,Jared Moskowitz,House,HON,P,2025-04-07,2025-05-09
D,Jared Moskowitz,House,ITW,P,2025-04-07,2025-05-09
D,Jared Moskowitz,House,LECO,S,2025-04-07,2025-05-09
D,Jared Moskowitz,House,LIN,P,2025-04-07,2025-05-09
D,Jared Moskowitz,House,LMT,P,2025-04-07,2025-05-09
D,Jared Moskowitz,House,NEE,S,2025-04-07,2025-05-09
D,Jared Moskowitz,House,NVDA,P,2025-04-07,2025-05-09
D,Jared Moskowitz,House,NVDA,P,2025-04-16,2025-05-09
D,Jared Moskowitz,House,ORCL,P,2025-04-07,2025-05-09
D,Jared Moskowitz,House,QCOM,P,2025-04-07,2025-05-09
D,Jared Moskowitz,House,RPM,P,2025-04-07,2025-05-09
D,Jared Moskowitz,House,SHW,P,2025-04-07,2025-05-09
D,Jared Moskowitz,House,SBUX,P,2025-04-07,2025-05-09
D,Jared Moskowitz,House,SBUX,S,2025-04-10,2025-05-09
D,Jared Moskowitz,House,SYK,P,2025-04-07,2025-05-09
D,Jared Moskowitz,House,TXN,P,2025-04-07,2025-05-09
D,Jared Moskowitz,House,TSCO,P,2025-04-07,2025-05-09
D,Jared Moskowitz,House,HCA,P,2025-05-15,2025-06-27
D,Jared Moskowitz,House,CI,P,2025-05-15,2025-06-27
D,Jared Moskowitz,House,UNH,S,2025-05-15,2025-06-27
D,Jared Moskowitz,House,AXP,P,2025-10-10,2025-11-22
D,Jared Moskowitz,House,AVGO,P,2025-10-10,2025-11-22
D,Jared Moskowitz,House,CARR,S,2025-10-10,2025-11-22
D,Jared Moskowitz,House,CSCO,P,2025-10-10,2025-11-22
D,Jared Moskowitz,House,DELL,P,2025-10-10,2025-11-22
D,Jared Moskowitz,House,GS,P,2025-10-10,2025-11-22
D,Jared Moskowitz,House,JNJ,P,2025-10-10,2025-11-22
D,Jared Moskowitz,House,MCK,P,2025-10-10,2025-11-22
D,Jared Moskowitz,House,SHW,S,2025-10-10,2025-11-22
D,Jared Moskowitz,House,TSM,P,2025-10-10,2025-11-22
D,Jared Moskowitz,House,TXN,S,2025-10-10,2025-11-22
R,Dan Newhouse,House,GOOGL,P,2025-04-11,2025-05-16
R,Dan Newhouse,House,BLK,P,2025-04-11,2025-05-16
R,Dan Newhouse,House,BKNG,S,2025-04-11,2025-05-16
R,Dan Newhouse,House,LIN,P,2025-04-11,2025-05-16
R,Dan Newhouse,House,PYPL,S,2025-04-11,2025-05-16
R,Dan Newhouse,House,AMD,P,2025-08-18,2025-09-17
R,Dan Newhouse,House,AMAT,P,2025-08-18,2025-09-17
R,Dan Newhouse,House,ADP,P,2025-08-18,2025-09-17
R,Dan Newhouse,House,BRO,P,2025-08-18,2025-09-17
R,Dan Newhouse,House,COP,P,2025-08-18,2025-09-17
R,Dan Newhouse,House,XOM,P,2025-08-18,2025-09-17
R,Dan Newhouse,House,GIS,P,2025-08-18,2025-09-17
R,Dan Newhouse,House,OKE,P,2025-08-18,2025-09-17
R,Dan Newhouse,House,PLD,P,2025-08-18,2025-09-17
R,Dan Newhouse,House,ROST,P,2025-08-18,2025-09-17
R,Dan Newhouse,House,SPGI,P,2025-08-18,2025-09-17
R,Dan Newhouse,House,TGT,P,2025-08-18,2025-09-17
R,Dan Newhouse,House,UPS,P,2025-08-18,2025-09-17
D,Nancy Pelosi,House,NVDA,P,2024-12-20,2025-01-17
D,Nancy Pelosi,House,PANW,P,2024-12-20,2025-01-17
D,Nancy Pelosi,House,AVGO,P,2025-06-20,2025-07-09
R,August Lee Pfluger,House,WBD,S,2025-01-13,2025-02-15
R,August Lee Pfluger,House,LLYVK,S,2025-07-01,2025-07-23
R,August Lee Pfluger,House,SIRI,S,2025-07-01,2025-07-23
R,August Lee Pfluger,House,SIRI,E,2024-09-10,2025-08-13
D,Emily Randall,House,ABT,S,2025-01-06,2025-02-11
D,Emily Randall,House,AMGN,S,2025-01-06,2025-02-11
D,Emily Randall,House,XOM,S,2025-01-06,2025-02-11
D,Emily Randall,House,FTV,S,2025-01-06,2025-02-11
D,Emily Randall,House,MDT,S,2025-01-06,2025-02-11
D,Emily Randall,House,MDLZ,S,2025-01-06,2025-02-11
D,Emily Randall,House,PG,S,2025-01-06,2025-02-11
D,Emily Randall,House,VZ,S,2025-01-06,2025-02-11
D,Emily Randall,House,WFC,S,2025-01-06,2025-02-11
R,John W. Rose,House,GOOGL,S,2025-06-03,2025-07-04
R,John W. Rose,House,GOOG,S,2025-06-03,2025-07-04
R,John W. Rose,House,MSFT,S,2025-06-03,2025-07-04
R,Austin Scott,House,BLDP,S,2024-07-31,2025-08-13
R,Austin Scott,House,BE,S,2024-07-15,2025-08-13
R,Austin Scott,House,CLNE,S,2024-07-15,2025-08-13
R,Austin Scott,House,F,S,2024-10-02,2025-08-13
R,Austin Scott,House,F,S,2025-03-04,2025-08-13
R,Austin Scott,House,GE,S,2025-05-23,2025-08-13
R,Austin Scott,House,GE,S,2025-06-16,2025-08-13
R,Austin Scott,House,GE,S,2024-12-13,2025-08-13
R,Austin Scott,House,GE,S,2025-01-13,2025-08-13
R,Austin Scott,House,GE,S,2025-03-04,2025-08-13
R,Austin Scott,House,GEHC,S,2025-03-27,2025-08-13
R,Austin Scott,House,GEV,S,2025-05-14,2025-08-13
R,Austin Scott,House,GEV,S,2024-10-02,2025-08-13
R,Austin Scott,House,GEV,S,2025-06-16,2025-08-13
R,Austin Scott,House,GEV,S,2025-05-23,2025-08-13
R,Austin Scott,House,KPLT,S,2024-07-31,2025-08-13
R,Austin Scott,House,PLUG,S,2024-07-31,2025-08-13
R,Pete Sessions,House,DHR,S,2025-06-12,2025-06-21
R,Pete Sessions,House,JNJ,S,2025-06-12,2025-06-21
D,Terri A. Sewell,House,AAPL,P,2025-04-10,2025-05-12
D,Terri A. Sewell,House,NVDA,P,2025-04-10,2025-05-12
R,Jefferson Shreve,House,ABBV,P,2025-02-24,2025-03-09
R,Jefferson Shreve,House,ADBE,P,2025-02-24,2025-03-09
R,Jefferson Shreve,House,APD,P,2025-02-24,2025-03-09
R,Jefferson Shreve,House,AKAM,S,2025-02-24,2025-03-09
R,Jefferson Shreve,House,ALB,S,2025-02-24,2025-03-09
R,Jefferson Shreve,House,AMGN,P,2025-02-24,2025-03-09
R,Jefferson Shreve,House,APP,P,2025-02-24,2025-03-09
R,Jefferson Shreve,House,ACGL,P,2025-02-24,2025-03-09
R,Jefferson Shreve,House,BLK,S,2025-02-24,2025-03-09
R,Jefferson Shreve,House,XYZ,S,2025-02-24,2025-03-09
R,Jefferson Shreve,House,AVGO,P,2025-02-24,2025-03-09
R,Jefferson Shreve,House,BC,P,2025-02-24,2025-03-09
R,Jefferson Shreve,House,CMCSA,S,2025-02-24,2025-03-09
R,Jefferson Shreve,House,CSGP,P,2025-02-24,2025-03-09
R,Jefferson Shreve,House,DVN,P,2025-02-24,2025-03-09
R,Jefferson Shreve,House,ELV,P,2025-02-24,2025-03-09
R,Jefferson Shreve,House,EPAM,S,2025-02-24,2025-03-09
R,Jefferson Shreve,House,EXPO,P,2025-02-24,2025-03-09
R,Jefferson Shreve,House,XOM,P,2025-02-24,2025-03-09
R,Jefferson Shreve,House,FIS,P,2025-02-24,2025-03-09
R,Jefferson Shreve,House,BUSE,P,2025-02-24,2025-03-09
R,Jefferson Shreve,House,GE,P,2025-02-24,2025-03-09
R,Jefferson Shreve,House,HOG,S,2025-02-24,2025-03-09
R,Jefferson Shreve,House,HOPE,P,2025-02-24,2025-03-09
R,Jefferson Shreve,House,HUBB,S,2025-02-24,2025-03-09
R,Jefferson Shreve,House,JNJ,P,2025-02-24,2025-03-09
R,Jefferson Shreve,House,LIN,S,2025-02-24,2025-03-09
R,Jefferson Shreve,House,LOW,P,2025-02-24,2025-03-09
R,Jefferson Shreve,House,MRK,P,2025-02-24,2025-03-09
R,Jefferson Shreve,House,MSTR,P,2025-02-24,2025-03-09
R,Jefferson Shreve,House,MRP,E,2025-02-24,2025-03-09
R,Jefferson Shreve,House,MRP,S,2025-02-24,2025-03-09
R,Jefferson Shreve,House,NSC,S,2025-02-24,2025-03-09
R,Jefferson Shreve,House,NVT,P,2025-02-24,2025-03-09
R,Jefferson Shreve,House,NVDA,P,2025-02-24,2025-03-09
R,Jefferson Shreve,House,OXY,P,2025-02-24,2025-03-09
R,Jefferson Shreve,House,ORCL,P,2025-02-24,2025-03-09
R,Jefferson Shreve,House,PRI,P,2025-02-24,2025-03-09
R,Jefferson Shreve,House,PLD,P,2025-02-24,2025-03-09
R,Jefferson Shreve,House,PHM,P,2025-02-24,2025-03-09
R,Jefferson Shreve,House,QCOM,P,2025-02-24,2025-03-09
R,Jefferson Shreve,House,PWR,S,2025-02-24,2025-03-09
R,Jefferson Shreve,House,RPD,S,2025-02-24,2025-03-09
R,Jefferson Shreve,House,RGLD,P,2025-02-24,2025-03-09
R,Jefferson Shreve,House,RTX,P,2025-02-24,2025-03-09
R,Jefferson Shreve,House,SNDK,E,2025-02-24,2025-03-09
R,Jefferson Shreve,House,SHW,P,2025-02-24,2025-03-09
R,Jefferson Shreve,House,CI,P,2025-02-24,2025-03-09
R,Jefferson Shreve,House,TTD,S,2025-02-24,2025-03-09
R,Jefferson Shreve,House,UNP,P,2025-02-24,2025-03-09
R,Jefferson Shreve,House,UPS,S,2025-02-24,2025-03-09
R,Jefferson Shreve,House,UNH,S,2025-02-24,2025-03-09
R,Jefferson Shreve,House,VRTX,P,2025-02-24,2025-03-09
R,Jefferson Shreve,House,ACN,S,2025-03-31,2025-04-11
R,Jefferson Shreve,House,AMD,P,2025-03-31,2025-04-11
R,Jefferson Shreve,House,AMD,P,2025-03-05,2025-04-11
R,Jefferson Shreve,House,A,S,2025-03-13,2025-04-11
R,Jefferson Shreve,House,APD,S,2025-03-31,2025-04-11
R,Jefferson Shreve,House,AKAM,P,2025-03-31,2025-04-11
R,Jefferson Shreve,House,AIG,P,2025-03-13,2025-04-11
R,Jefferson Shreve,House,ADI,P,2025-03-31,2025-04-11
R,Jefferson Shreve,House,AON,P,2025-03-13,2025-04-11
R,Jefferson Shreve,House,AAPL,P,2025-03-31,2025-04-11
R,Jefferson Shreve,House,AMAT,P,2025-03-13,2025-04-11
R,Jefferson Shreve,House,APP,S,2025-03-05,2025-04-11
R,Jefferson Shreve,House,ARES,S,2025-03-13,2025-04-11
R,Jefferson Shreve,House,ANET,S,2025-03-05,2025-04-11
R,Jefferson Shreve,House,ADSK,S,2025-03-13,2025-04-11
R,Jefferson Shreve,House,AXON,P,2025-03-05,2025-04-11
R,Jefferson Shreve,House,BALL,P,2025-03-05,2025-04-11
R,Jefferson Shreve,House,BDX,S,2025-03-05,2025-04-11
R,Jefferson Shreve,House,BLK,P,2025-03-31,2025-04-11
R,Jefferson Shreve,House,XYZ,P,2025-03-31,2025-04-11
R,Jefferson Shreve,House,AVGO,P,2025-03-13,2025-04-11
R,Jefferson Shreve,House,CZR,S,2025-03-05,2025-04-11
R,Jefferson Shreve,House,CZR,S,2025-03-31,2025-04-11
R,Jefferson Shreve,House,CAT,S,2025-03-13,2025-04-11
R,Jefferson Shreve,House,CBOE,P,2025-03-13,2025-04-11
R,Jefferson Shreve,House,CBOE,P,2025-03-05,2025-04-11
R,Jefferson Shreve,House,CNC,P,2025-03-05,2025-04-11
R,Jefferson Shreve,House,CMG,S,2025-03-13,2025-04-11
R,Jefferson Shreve,House,COIN,S,2025-03-31,2025-04-11
R,Jefferson Shreve,House,CMCSA,P,2025-03-31,2025-04-11
R,Jefferson Shreve,House,COP,S,2025-03-05,2025-04-11
R,Jefferson Shreve,House,CEG,S,2025-03-31,2025-04-11
R,Jefferson Shreve,House,DAL,S,2025-03-13,2025-04-11
R,Jefferson Shreve,House,DG,P,2025-03-05,2025-04-11
R,Jefferson Shreve,House,DD,S,2025-03-31,2025-04-11
R,Jefferson Shreve,House,EPAM,P,2025-03-31,2025-04-11
R,Jefferson Shreve,House,EXPO,P,2025-03-13,2025-04-11
R,Jefferson Shreve,House,BUSE,P,2025-03-13,2025-04-11
R,Jefferson Shreve,House,FBIN,P,2025-03-13,2025-04-11
R,Jefferson Shreve,House,GILD,P,2025-03-31,2025-04-11
R,Jefferson Shreve,House,HAL,P,2025-03-05,2025-04-11
R,Jefferson Shreve,House,HOG,P,2025-03-31,2025-04-11
R,Jefferson Shreve,House,HEI.A,P,2025-03-13,2025-04-11
R,Jefferson Shreve,House,HRI,S,2025-03-05,2025-04-11
R,Jefferson Shreve,House,HIW,P,2025-03-13,2025-04-11
R,Jefferson Shreve,House,HIW,P,2025-03-05,2025-04-11
R,Jefferson Shreve,House,HNI,P,2025-03-31,2025-04-11
R,Jefferson Shreve,House,HUBB,P,2025-03-31,2025-04-11
R,Jefferson Shreve,House,IEX,S,2025-03-31,2025-04-11
R,Jefferson Shreve,House,IDXX,P,2025-03-13,2025-04-11
R,Jefferson Shreve,House,INTC,P,2025-03-13,2025-04-11
R,Jefferson Shreve,House,JNJ,S,2025-03-31,2025-04-11
R,Jefferson Shreve,House,LRCX,P,2025-03-31,2025-04-11
R,Jefferson Shreve,House,LAZ,S,2025-03-31,2025-04-11
R,Jefferson Shreve,House,LEN,S,2025-03-31,2025-04-11
R,Jefferson Shreve,House,LGIH,P,2025-03-05,2025-04-11
R,Jefferson Shreve,House,LFUS,S,2025-03-13,2025-04-11
R,Jefferson Shreve,House,MPC,P,2025-03-05,2025-04-11
R,Jefferson Shreve,House,MRVL,S,2025-03-05,2025-04-11
R,Jefferson Shreve,House,MCD,P,2025-03-05,2025-04-11
R,Jefferson Shreve,House,NKE,P,2025-03-13,2025-04-11
R,Jefferson Shreve,House,NSC,S,2025-03-31,2025-04-11
R,Jefferson Shreve,House,NUE,S,2025-03-31,2025-04-11
R,Jefferson Shreve,House,NUE,P,2025-03-05,2025-04-11
R,Jefferson Shreve,House,NVT,S,2025-03-05,2025-04-11
R,Jefferson Shreve,House,ORCL,P,2025-03-05,2025-04-11
R,Jefferson Shreve,House,PYPL,S,2025-03-05,2025-04-11
R,Jefferson Shreve,House,PRU,P,2025-03-13,2025-04-11
R,Jefferson Shreve,House,PWR,P,2025-03-31,2025-04-11
R,Jefferson Shreve,House,RPD,P,2025-03-31,2025-04-11
R,Jefferson Shreve,House,ROST,S,2025-03-13,2025-04-11
R,Jefferson Shreve,House,SLB,P,2025-03-13,2025-04-11
R,Jefferson Shreve,House,SNDR,S,2025-03-05,2025-04-11
R,Jefferson Shreve,House,NOW,S,2025-03-31,2025-04-11
R,Jefferson Shreve,House,SPG,S,2025-03-31,2025-04-11
R,Jefferson Shreve,House,SNPS,S,2025-03-13,2025-04-11
R,Jefferson Shreve,House,TGT,P,2025-03-05,2025-04-11
R,Jefferson Shreve,House,TXN,P,2025-03-13,2025-04-11
R,Jefferson Shreve,House,TXN,P,2025-03-31,2025-04-11
R,Jefferson Shreve,House,CG,S,2025-03-05,2025-04-11
R,Jefferson Shreve,House,TTD,P,2025-03-31,2025-04-11
R,Jefferson Shreve,House,TDG,S,2025-03-05,2025-04-11
R,Jefferson Shreve,House,UCB,P,2025-03-31,2025-04-11
R,Jefferson Shreve,House,UNH,P,2025-03-31,2025-04-11
R,Jefferson Shreve,House,VLO,P,2025-03-13,2025-04-11
R,Jefferson Shreve,House,PCVX,S,2025-03-05,2025-04-11
R,Jefferson Shreve,House,VRTX,P,2025-03-13,2025-04-11
R,Jefferson Shreve,House,VICR,P,2025-03-05,2025-04-11
R,Jefferson Shreve,House,VICR,S,2025-03-31,2025-04-11
R,Jefferson Shreve,House,VSH,S,2025-03-05,2025-04-11
R,Jefferson Shreve,House,VST,P,2025-03-05,2025-04-11
R,Jefferson Shreve,House,WFC,P,2025-03-13,2025-04-11
R,Jefferson Shreve,House,WDC,S,2025-03-13,2025-04-11
R,Jefferson Shreve,House,WY,P,2025-03-13,2025-04-11
R,Jefferson Shreve,House,ZTS,P,2025-03-05,2025-04-11
R,Jefferson Shreve,House,ABBV,S,2025-04-17,2025-05-08
R,Jefferson Shreve,House,ADBE,S,2025-04-07,2025-05-08
R,Jefferson Shreve,House,A,P,2025-04-17,2025-05-08
R,Jefferson Shreve,House,AKAM,P,2025-04-07,2025-05-08
R,Jefferson Shreve,House,ALB,P,2025-04-07,2025-05-08
R,Jefferson Shreve,House,AXP,S,2025-04-07,2025-05-08
R,Jefferson Shreve,House,AWK,P,2025-04-07,2025-05-08
R,Jefferson Shreve,House,AMGN,P,2025-04-11,2025-05-08
R,Jefferson Shreve,House,AAPL,P,2025-04-07,2025-05-08
R,Jefferson Shreve,House,AMAT,P,2025-04-11,2025-05-08
R,Jefferson Shreve,House,AMAT,P,2025-04-17,2025-05-08
R,Jefferson Shreve,House,APP,P,2025-04-07,2025-05-08
R,Jefferson Shreve,House,APTV,P,2025-04-07,2025-05-08
R,Jefferson Shreve,House,ARES,P,2025-04-17,2025-05-08
R,Jefferson Shreve,House,ANET,P,2025-04-07,2025-05-08
R,Jefferson Shreve,House,ADSK,P,2025-04-17,2025-05-08
R,Jefferson Shreve,House,AVB,S,2025-04-07,2025-05-08
R,Jefferson Shreve,House,BALL,P,2025-04-07,2025-05-08
R,Jefferson Shreve,House,BAC,S,2025-04-07,2025-05-08
R,Jefferson Shreve,House,BLK,P,2025-04-07,2025-05-08
R,Jefferson Shreve,House,BKNG,P,2025-04-07,2025-05-08
R,Jefferson Shreve,House,BC,S,2025-04-07,2025-05-08
R,Jefferson Shreve,House,CCL,P,2025-04-07,2025-05-08
R,Jefferson Shreve,House,CAT,P,2025-04-17,2025-05-08
R,Jefferson Shreve,House,CBOE,P,2025-04-07,2025-05-08
R,Jefferson Shreve,House,CVX,P,2025-04-07,2025-05-08
R,Jefferson Shreve,House,CMG,P,2025-04-17,2025-05-08
R,Jefferson Shreve,House,CTAS,P,2025-04-07,2025-05-08
R,Jefferson Shreve,House,CFG,S,2025-04-07,2025-05-08
R,Jefferson Shreve,House,COP,P,2025-04-07,2025-05-08
R,Jefferson Shreve,House,COP,P,2025-04-11,2025-05-08
R,Jefferson Shreve,House,CCI,P,2025-04-11,2025-05-08
R,Jefferson Shreve,House,DHR,P,2025-04-17,2025-05-08
R,Jefferson Shreve,House,DVN,S,2025-04-07,2025-05-08
R,Jefferson Shreve,House,DXCM,S,2025-04-07,2025-05-08
R,Jefferson Shreve,House,EW,P,2025-04-07,2025-05-08
R,Jefferson Shreve,House,XOM,P,2025-04-07,2025-05-08
R,Jefferson Shreve,House,FIS,P,2025-04-07,2025-05-08
R,Jefferson Shreve,House,FBIN,S,2025-04-17,2025-05-08
R,Jefferson Shreve,House,FCX,S,2025-04-07,2025-05-08
R,Jefferson Shreve,House,GE,S,2025-04-07,2025-05-08
R,Jefferson Shreve,House,GEN,S,2025-04-07,2025-05-08
R,Jefferson Shreve,House,HAL,S,2025-04-07,2025-05-08
R,Jefferson Shreve,House,HOG,S,2025-04-07,2025-05-08
R,Jefferson Shreve,House,HRI,S,2025-04-11,2025-05-08
R,Jefferson Shreve,House,HRI,P,2025-04-07,2025-05-08
R,Jefferson Shreve,House,HLT,S,2025-04-07,2025-05-08
R,Jefferson Shreve,House,HOMB,P,2025-04-07,2025-05-08
R,Jefferson Shreve,House,HON,P,2025-04-07,2025-05-08
R,Jefferson Shreve,House,IDXX,P,2025-04-07,2025-05-08
R,Jefferson Shreve,House,INTC,S,2025-04-07,2025-05-08
R,Jefferson Shreve,House,IFF,S,2025-04-07,2025-05-08
R,Jefferson Shreve,House,INTU,P,2025-04-07,2025-05-08
R,Jefferson Shreve,House,ISRG,S,2025-04-07,2025-05-08
R,Jefferson Shreve,House,LGIH,S,2025-04-11,2025-05-08
R,Jefferson Shreve,House,LECO,S,2025-04-07,2025-05-08
R,Jefferson Shreve,House,LIN,P,2025-04-07,2025-05-08
R,Jefferson Shreve,House,LFUS,P,2025-04-17,2025-05-08
R,Jefferson Shreve,House,LMT,P,2025-04-11,2025-05-08
R,Jefferson Shreve,House,LOW,P,2025-04-11,2025-05-08
R,Jefferson Shreve,House,LULU,P,2025-04-07,2025-05-08
R,Jefferson Shreve,House,MRVL,P,2025-04-07,2025-05-08
R,Jefferson Shreve,House,MTCH,P,2025-04-07,2025-05-08
R,Jefferson Shreve,House,MCD,P,2025-04-11,2025-05-08
R,Jefferson Shreve,House,MRK,S,2025-04-17,2025-05-08
R,Jefferson Shreve,House,MCHP,S,2025-04-07,2025-05-08
R,Jefferson Shreve,House,MU,S,2025-04-07,2025-05-08
R,Jefferson Shreve,House,MSFT,S,2025-04-07,2025-05-08
R,Jefferson Shreve,House,MS,S,2025-04-07,2025-05-08
R,Jefferson Shreve,House,NFLX,P,2025-04-11,2025-05-08
R,Jefferson Shreve,House,NEE,P,2025-04-17,2025-05-08
R,Jefferson Shreve,House,NSC,S,2025-04-11,2025-05-08
R,Jefferson Shreve,House,OXY,S,2025-04-07,2025-05-08
R,Jefferson Shreve,House,ORCL,S,2025-04-07,2025-05-08
R,Jefferson Shreve,House,PYPL,S,2025-04-07,2025-05-08
R,Jefferson Shreve,House,PFE,P,2025-04-07,2025-05-08
R,Jefferson Shreve,House,PSX,S,2025-04-11,2025-05-08
R,Jefferson Shreve,House,PLD,P,2025-04-07,2025-05-08
R,Jefferson Shreve,House,QCOM,S,2025-04-07,2025-05-08
R,Jefferson Shreve,House,RPD,P,2025-04-07,2025-05-08
R,Jefferson Shreve,House,REGN,S,2025-04-07,2025-05-08
R,Jefferson Shreve,House,RGEN,S,2025-04-07,2025-05-08
R,Jefferson Shreve,House,ROST,P,2025-04-17,2025-05-08
R,Jefferson Shreve,House,RGLD,P,2025-04-07,2025-05-08
R,Jefferson Shreve,House,SPGI,P,2025-04-17,2025-05-08
R,Jefferson Shreve,House,CRM,S,2025-04-07,2025-05-08
R,Jefferson Shreve,House,SNDK,S,2025-04-07,2025-05-08
R,Jefferson Shreve,House,SLB,S,2025-04-11,2025-05-08
R,Jefferson Shreve,House,SNDR,P,2025-04-07,2025-05-08
R,Jefferson Shreve,House,SPOT,P,2025-04-11,2025-05-08
R,Jefferson Shreve,House,STAG,P,2025-04-07,2025-05-08
R,Jefferson Shreve,House,STAG,S,2025-04-17,2025-05-08
R,Jefferson Shreve,House,SBUX,S,2025-04-07,2025-05-08
R,Jefferson Shreve,House,SYK,P,2025-04-17,2025-05-08
R,Jefferson Shreve,House,SNPS,P,2025-04-17,2025-05-08
R,Jefferson Shreve,House,TGT,S,2025-04-07,2025-05-08
R,Jefferson Shreve,House,TXN,P,2025-04-07,2025-05-08
R,Jefferson Shreve,House,CG,P,2025-04-07,2025-05-08
R,Jefferson Shreve,House,TTD,S,2025-04-07,2025-05-08
R,Jefferson Shreve,House,TMO,S,2025-04-07,2025-05-08
R,Jefferson Shreve,House,TT,P,2025-04-07,2025-05-08
R,Jefferson Shreve,House,TDG,P,2025-04-07,2025-05-08
R,Jefferson Shreve,House,UBER,P,2025-04-07,2025-05-08
R,Jefferson Shreve,House,UPS,P,2025-04-07,2025-05-08
R,Jefferson Shreve,House,UNH,P,2025-04-07,2025-05-08
R,Jefferson Shreve,House,VLO,S,2025-04-07,2025-05-08
R,Jefferson Shreve,House,VST,S,2025-04-07,2025-05-08
R,Jefferson Shreve,House,WMT,P,2025-04-11,2025-05-08
R,Jefferson Shreve,House,WDC,P,2025-04-17,2025-05-08
R,Jefferson Shreve,House,WY,S,2025-04-11,2025-05-08
R,Jefferson Shreve,House,WDAY,P,2025-04-07,2025-05-08
R,Jefferson Shreve,House,ZTS,P,2025-04-07,2025-05-08
R,Jefferson Shreve,House,MMM,S,2025-05-12,2025-06-22
R,Jefferson Shreve,House,ABT,S,2025-05-12,2025-06-22
R,Jefferson Shreve,House,ADBE,S,2025-05-12,2025-06-22
R,Jefferson Shreve,House,ADBE,P,2025-05-08,2025-06-22
R,Jefferson Shreve,House,AMD,S,2025-05-12,2025-06-22
R,Jefferson Shreve,House,AMD,P,2025-05-08,2025-06-22
R,Jefferson Shreve,House,A,S,2025-05-12,2025-06-22
R,Jefferson Shreve,House,AKAM,S,2025-05-12,2025-06-22
R,Jefferson Shreve,House,ALB,S,2025-05-12,2025-06-22
R,Jefferson Shreve,House,ALNY,S,2025-05-12,2025-06-22
R,Jefferson Shreve,House,GOOGL,S,2025-05-12,2025-06-22
R,Jefferson Shreve,House,GOOG,S,2025-05-12,2025-06-22
R,Jefferson Shreve,House,AMZN,S,2025-05-12,2025-06-22
R,Jefferson Shreve,House,AEO,P,2025-05-08,2025-06-22
R,Jefferson Shreve,House,AEO,S,2025-05-12,2025-06-22
R,Jefferson Shreve,House,AXP,S,2025-05-12,2025-06-22
R,Jefferson Shreve,House,AXP,P,2025-05-08,2025-06-22
R,Jefferson Shreve,House,AIG,S,2025-05-12,2025-06-22
R,Jefferson Shreve,House,AMT,S,2025-05-12,2025-06-22
R,Jefferson Shreve,House,AWK,S,2025-05-12,2025-06-22
R,Jefferson Shreve,House,AMGN,S,2025-05-12,2025-06-22
R,Jefferson Shreve,House,ADI,S,2025-05-12,2025-06-22
R,Jefferson Shreve,House,AON,S,2025-05-08,2025-06-22
R,Jefferson Shreve,House,AAPL,S,2025-05-12,2025-06-22
R,Jefferson Shreve,House,AMAT,S,2025-05-12,2025-06-22
R,Jefferson Shreve,House,APP,S,2025-05-12,2025-06-22
R,Jefferson Shreve,House,APTV,S,2025-05-12,2025-06-22
R,Jefferson Shreve,House,ACGL,S,2025-05-12,2025-06-22
R,Jefferson Shreve,House,ARES,S,2025-05-12,2025-06-22
R,Jefferson Shreve,House,ANET,S,2025-05-12,2025-06-22
R,Jefferson Shreve,House,ADSK,S,2025-05-12,2025-06-22
R,Jefferson Shreve,House,ADP,S,2025-05-12,2025-06-22
R,Jefferson Shreve,House,AZO,S,2025-05-12,2025-06-22
R,Jefferson Shreve,House,AXON,S,2025-05-12,2025-06-22
R,Jefferson Shreve,House,BALL,S,2025-05-12,2025-06-22
R,Jefferson Shreve,House,BAC,P,2025-05-08,2025-06-22
R,Jefferson Shreve,House,BAC,S,2025-05-12,2025-06-22
R,Jefferson Shreve,House,BRK.B,S,2025-05-12,2025-06-22
R,Jefferson Shreve,House,BLK,S,2025-05-12,2025-06-22
R,Jefferson Shreve,House,XYZ,S,2025-05-08,2025-06-22
R,Jefferson Shreve,House,BKNG,S,2025-05-12,2025-06-22
R,Jefferson Shreve,House,BSX,S,2025-05-12,2025-06-22
R,Jefferson Shreve,House,BMY,S,2025-05-12,2025-06-22
R,Jefferson Shreve,House,AVGO,S,2025-05-12,2025-06-22
R,Jefferson Shreve,House,CDNS,S,2025-05-12,2025-06-22
R,Jefferson Shreve,House,CCL,P,2025-05-08,2025-06-22
R,Jefferson Shreve,House,CCL,S,2025-05-12,2025-06-22
R,Jefferson Shreve,House,CWST,S,2025-05-12,2025-06-22
R,Jefferson Shreve,House,CAT,S,2025-05-12,2025-06-22
R,Jefferson Shreve,House,CBOE,S,2025-05-12,2025-06-22
R,Jefferson Shreve,House,COR,S,2025-05-12,2025-06-22
R,Jefferson Shreve,House,CNC,S,2025-05-12,2025-06-22
R,Jefferson Shreve,House,CRL,S,2025-05-12,2025-06-22
R,Jefferson Shreve,House,CRL,P,2025-05-08,2025-06-22
R,Jefferson Shreve,House,SCHW,S,2025-05-12,2025-06-22
R,Jefferson Shreve,House,CHTR,S,2025-05-12,2025-06-22
R,Jefferson Shreve,House,LNG,S,2025-05-12,2025-06-22
R,Jefferson Shreve,House,CVX,S,2025-05-12,2025-06-22
R,Jefferson Shreve,House,CMG,S,2025-05-12,2025-06-22
R,Jefferson Shreve,House,CB,S,2025-05-12,2025-06-22
R,Jefferson Shreve,House,CTAS,S,2025-05-12,2025-06-22
R,Jefferson Shreve,House,CSCO,S,2025-05-12,2025-06-22
R,Jefferson Shreve,House,NET,S,2025-05-13,2025-06-22
R,Jefferson Shreve,House,CME,S,2025-05-12,2025-06-22
R,Jefferson Shreve,House,CNO,S,2025-05-12,2025-06-22
R,Jefferson Shreve,House,COIN,S,2025-05-12,2025-06-22
R,Jefferson Shreve,House,CMCSA,S,2025-05-12,2025-06-22
R,Jefferson Shreve,House,COP,S,2025-05-12,2025-06-22
R,Jefferson Shreve,House,CEG,P,2025-05-08,2025-06-22
R,Jefferson Shreve,House,CEG,S,2025-05-12,2025-06-22
R,Jefferson Shreve,House,CPRT,S,2025-05-12,2025-06-22
R,Jefferson Shreve,House,CSGP,S,2025-05-12,2025-06-22
R,Jefferson Shreve,House,COST,S,2025-05-12,2025-06-22
R,Jefferson Shreve,House,CTRA,S,2025-05-12,2025-06-22
R,Jefferson Shreve,House,CRWD,S,2025-05-12,2025-06-22
R,Jefferson Shreve,House,CCI,S,2025-05-12,2025-06-22
R,Jefferson Shreve,House,CVS,S,2025-05-12,2025-06-22
R,Jefferson Shreve,House,DHR,S,2025-05-12,2025-06-22
R,Jefferson Shreve,House,DE,S,2025-05-12,2025-06-22
R,Jefferson Shreve,House,DAL,S,2025-05-12,2025-06-22
R,Jefferson Shreve,House,DVN,S,2025-05-12,2025-06-22
R,Jefferson Shreve,House,DVN,P,2025-05-08,2025-06-22
R,Jefferson Shreve,House,DXCM,P,2025-05-08,2025-06-22
R,Jefferson Shreve,House,DXCM,S,2025-05-12,2025-06-22
R,Jefferson Shreve,House,DFS,S,2025-05-12,2025-06-22
R,Jefferson Shreve,House,DG,S,2025-05-12,2025-06-22
R,Jefferson Shreve,House,DASH,S,2025-05-12,2025-06-22
R,Jefferson Shreve,House,ECL,S,2025-05-08,2025-06-22
R,Jefferson Shreve,House,EW,S,2025-05-12,2025-06-22
R,Jefferson Shreve,House,ELV,S,2025-05-12,2025-06-22
R,Jefferson Shreve,House,LLY,S,2025-05-12,2025-06-22
R,Jefferson Shreve,House,EPAM,S,2025-05-12,2025-06-22
R,Jefferson Shreve,House,EXPO,S,2025-05-12,2025-06-22
R,Jefferson Shreve,House,XOM,S,2025-05-12,2025-06-22
R,Jefferson Shreve,House,FIS,S,2025-05-12,2025-06-22
R,Jefferson Shreve,House,BUSE,S,2025-05-12,2025-06-22
R,Jefferson Shreve,House,FTNT,S,2025-05-12,2025-06-22
R,Jefferson Shreve,House,GE,S,2025-05-12,2025-06-22
R,Jefferson Shreve,House,GE,P,2025-05-08,2025-06-22
R,Jefferson Shreve,House,GEV,S,2025-05-12,2025-06-22
R,Jefferson Shreve,House,GM,S,2025-05-12,2025-06-22
R,Jefferson Shreve,House,GILD,S,2025-05-12,2025-06-22
R,Jefferson Shreve,House,GS,P,2025-05-08,2025-06-22
R,Jefferson Shreve,House,HAL,S,2025-05-12,2025-06-22
R,Jefferson Shreve,House,HAL,P,2025-05-08,2025-06-22
R,Jefferson Shreve,House,THG,S,2025-05-12,2025-06-22
R,Jefferson Shreve,House,HIW,S,2025-05-12,2025-06-22
R,Jefferson Shreve,House,HNI,S,2025-05-08,2025-06-22
R,Jefferson Shreve,House,HOMB,S,2025-05-12,2025-06-22
R,Jefferson Shreve,House,HUBB,S,2025-05-12,2025-06-22
R,Jefferson Shreve,House,IDA,S,2025-05-12,2025-06-22
R,Jefferson Shreve,House,IDXX,S,2025-05-12,2025-06-22
R,Jefferson Shreve,House,IBM,S,2025-05-12,2025-06-22
R,Jefferson Shreve,House,INTU,S,2025-05-12,2025-06-22
R,Jefferson Shreve,House,ISRG,S,2025-05-12,2025-06-22
R,Jefferson Shreve,House,ISRG,P,2025-05-08,2025-06-22
R,Jefferson Shreve,House,JNJ,S,2025-05-12,2025-06-22
R,Jefferson Shreve,House,JPM,S,2025-05-12,2025-06-22
R,Jefferson Shreve,House,LRCX,S,2025-05-12,2025-06-22
R,Jefferson Shreve,House,LEN,P,2025-05-08,2025-06-22
R,Jefferson Shreve,House,LEN,S,2025-05-12,2025-06-22
R,Jefferson Shreve,House,LIN,S,2025-05-12,2025-06-22
R,Jefferson Shreve,House,LFUS,S,2025-05-12,2025-06-22
R,Jefferson Shreve,House,LMT,S,2025-05-12,2025-06-22
R,Jefferson Shreve,House,LOW,S,2025-05-12,2025-06-22
R,Jefferson Shreve,House,LULU,S,2025-05-12,2025-06-22
R,Jefferson Shreve,House,MPC,S,2025-05-12,2025-06-22
R,Jefferson Shreve,House,MRVL,S,2025-05-12,2025-06-22
R,Jefferson Shreve,House,MA,S,2025-05-12,2025-06-22
R,Jefferson Shreve,House,MTCH,S,2025-05-12,2025-06-22
R,Jefferson Shreve,House,MCD,S,2025-05-12,2025-06-22
R,Jefferson Shreve,House,MCK,S,2025-05-12,2025-06-22
R,Jefferson Shreve,House,MDT,S,2025-05-08,2025-06-22
R,Jefferson Shreve,House,META,S,2025-05-12,2025-06-22
R,Jefferson Shreve,House,MSFT,S,2025-05-12,2025-06-22
R,Jefferson Shreve,House,MSFT,P,2025-05-08,2025-06-22
R,Jefferson Shreve,House,MSTR,S,2025-05-12,2025-06-22
R,Jefferson Shreve,House,NDAQ,S,2025-05-12,2025-06-22
R,Jefferson Shreve,House,NFLX,S,2025-05-12,2025-06-22
R,Jefferson Shreve,House,NEE,S,2025-05-12,2025-06-22
R,Jefferson Shreve,House,NI,S,2025-05-12,2025-06-22
R,Jefferson Shreve,House,NVDA,S,2025-05-12,2025-06-22
R,Jefferson Shreve,House,NVDA,P,2025-05-08,2025-06-22
R,Jefferson Shreve,House,OXY,P,2025-05-08,2025-06-22
R,Jefferson Shreve,House,OXY,S,2025-05-12,2025-06-22
R,Jefferson Shreve,House,OGE,S,2025-05-12,2025-06-22
R,Jefferson Shreve,House,ORI,S,2025-05-12,2025-06-22
R,Jefferson Shreve,House,ORCL,S,2025-05-12,2025-06-22
R,Jefferson Shreve,House,ORCL,P,2025-05-08,2025-06-22
R,Jefferson Shreve,House,PLTR,S,2025-05-12,2025-06-22
R,Jefferson Shreve,House,PANW,P,2025-05-08,2025-06-22
R,Jefferson Shreve,House,PYPL,S,2025-05-12,2025-06-22
R,Jefferson Shreve,House,PM,S,2025-05-12,2025-06-22
R,Jefferson Shreve,House,PRI,S,2025-05-12,2025-06-22
R,Jefferson Shreve,House,PGR,S,2025-05-12,2025-06-22
R,Jefferson Shreve,House,PRU,S,2025-05-12,2025-06-22
R,Jefferson Shreve,House,PHM,S,2025-05-12,2025-06-22
R,Jefferson Shreve,House,PWR,S,2025-05-12,2025-06-22
R,Jefferson Shreve,House,RPD,S,2025-05-12,2025-06-22
R,Jefferson Shreve,House,O,S,2025-05-12,2025-06-22
R,Jefferson Shreve,House,ROST,S,2025-05-12,2025-06-22
R,Jefferson Shreve,House,RCL,S,2025-05-12,2025-06-22
R,Jefferson Shreve,House,RGLD,S,2025-05-12,2025-06-22
R,Jefferson Shreve,House,RTX,S,2025-05-12,2025-06-22
R,Jefferson Shreve,House,RUSHB,S,2025-05-12,2025-06-22
R,Jefferson Shreve,House,SPGI,S,2025-05-12,2025-06-22
R,Jefferson Shreve,House,CRM,S,2025-05-12,2025-06-22
R,Jefferson Shreve,House,CRM,P,2025-05-08,2025-06-22
R,Jefferson Shreve,House,SBAC,S,2025-05-12,2025-06-22
R,Jefferson Shreve,House,SNDR,S,2025-05-12,2025-06-22
R,Jefferson Shreve,House,SHW,S,2025-05-12,2025-06-22
R,Jefferson Shreve,House,SNOW,S,2025-05-12,2025-06-22
R,Jefferson Shreve,House,SPOT,S,2025-05-12,2025-06-22
R,Jefferson Shreve,House,SYK,S,2025-05-12,2025-06-22
R,Jefferson Shreve,House,SNPS,S,2025-05-12,2025-06-22
R,Jefferson Shreve,House,SYY,S,2025-05-12,2025-06-22
R,Jefferson Shreve,House,TTWO,S,2025-05-12,2025-06-22
R,Jefferson Shreve,House,TSLA,S,2025-05-12,2025-06-22
R,Jefferson Shreve,House,TXN,S,2025-05-12,2025-06-22
R,Jefferson Shreve,House,CG,S,2025-05-12,2025-06-22
R,Jefferson Shreve,House,CI,S,2025-05-12,2025-06-22
R,Jefferson Shreve,House,SJM,S,2025-05-12,2025-06-22
R,Jefferson Shreve,House,TTD,P,2025-05-08,2025-06-22
R,Jefferson Shreve,House,TTD,S,2025-05-12,2025-06-22
R,Jefferson Shreve,House,TT,S,2025-05-12,2025-06-22
R,Jefferson Shreve,House,TDG,S,2025-05-12,2025-06-22
R,Jefferson Shreve,House,UBER,S,2025-05-12,2025-06-22
R,Jefferson Shreve,House,UNP,S,2025-05-12,2025-06-22
R,Jefferson Shreve,House,UCB,S,2025-05-12,2025-06-22
R,Jefferson Shreve,House,UPS,S,2025-05-08,2025-06-22
R,Jefferson Shreve,House,UNH,S,2025-05-08,2025-06-22
R,Jefferson Shreve,House,UVSP,S,2025-05-12,2025-06-22
R,Jefferson Shreve,House,VZ,S,2025-05-12,2025-06-22
R,Jefferson Shreve,House,VRTX,S,2025-05-12,2025-06-22
R,Jefferson Shreve,House,WMT,S,2025-05-12,2025-06-22
R,Jefferson Shreve,House,DIS,S,2025-05-12,2025-06-22
R,Jefferson Shreve,House,WBD,P,2025-05-08,2025-06-22
R,Jefferson Shreve,House,WFC,S,2025-05-12,2025-06-22
R,Jefferson Shreve,House,WELL,S,2025-05-12,2025-06-22
R,Jefferson Shreve,House,WDC,S,2025-05-12,2025-06-22
R,Jefferson Shreve,House,WMB,S,2025-05-12,2025-06-22
R,Jefferson Shreve,House,WDAY,S,2025-05-12,2025-06-22
R,Jefferson Shreve,House,ZTS,S,2025-05-12,2025-06-22
R,Jefferson Shreve,House,ZM,S,2025-05-12,2025-06-22
D,Adam Smith,House,ALK,S,2025-08-08,2025-08-08
D,Adam Smith,House,GOOG,S,2025-08-08,2025-08-08
D,Adam Smith,House,AAPL,S,2025-08-08,2025-08-08
D,Adam Smith,House,BRK.B,S,2025-08-08,2025-08-08
D,Adam Smith,House,C,S,2025-08-08,2025-08-08
D,Adam Smith,House,CVS,S,2025-08-08,2025-08-08
D,Adam Smith,House,DE,S,2025-08-08,2025-08-08
D,Adam Smith,House,MSFT,S,2025-08-08,2025-08-08
D,Adam Smith,House,PCAR,S,2025-08-08,2025-08-08
D,Adam Smith,House,RSG,S,2025-08-08,2025-08-08
D,Adam Smith,House,TSLA,S,2025-08-08,2025-08-08
D,Adam Smith,House,UNP,S,2025-08-08,2025-08-08
D,Adam Smith,House,UPS,S,2025-08-08,2025-08-08
D,Adam Smith,House,WY,S,2025-08-08,2025-08-08
R,Victoria Spartz,House,SPG,P,2025-02-03,2025-02-10
R,Victoria Spartz,House,SPG,P,2025-04-03,2025-04-26
R,Greg Steube,House,SNV,S,2025-02-19,2025-04-04
D,Thomas Suozzi,House,GIC,S,2025-03-31,2025-04-21
D,Thomas Suozzi,House,NEE,S,2025-10-14,2025-10-21
D,Thomas Suozzi,House,WMT,P,2025-10-02,2025-10-21
D,Thomas Suozzi,House,WY,S,2025-10-14,2025-10-21
R,David J. Taylor,House,AMZN,P,2025-03-27,2025-04-03
R,David J. Taylor,House,AEP,S,2025-03-10,2025-04-03
R,David J. Taylor,House,ETN,S,2025-03-10,2025-04-03
R,David J. Taylor,House,JPM,P,2025-03-10,2025-04-03
R,David J. Taylor,House,PH,P,2025-03-10,2025-04-03
R,David J. Taylor,House,IBP,P,2025-02-05,2025-04-03
R,David J. Taylor,House,JPM,S,2025-01-30,2025-04-03
R,David J. Taylor,House,PG,P,2025-02-20,2025-04-03
R,David J. Taylor,House,SJM,P,2025-02-10,2025-04-03
R,David J. Taylor,House,SJM,S,2025-02-20,2025-04-03
R,David J. Taylor,House,AVGO,P,2025-05-14,2025-06-02
R,David J. Taylor,House,FITB,P,2025-05-14,2025-06-02
R,David J. Taylor,House,IBP,P,2025-05-15,2025-06-02
R,David J. Taylor,House,MSFT,S,2025-05-12,2025-06-02
R,David J. Taylor,House,MSFT,S,2025-05-13,2025-06-02
R,David J. Taylor,House,CRM,P,2025-05-12,2025-06-02
R,David J. Taylor,House,UNH,S,2025-05-14,2025-06-02
R,David J. Taylor,House,JPM,S,2025-06-11,2025-06-26
R,David J. Taylor,House,CRM,P,2025-06-11,2025-06-26
R,David J. Taylor,House,T,P,2025-07-18,2025-09-02
R,David J. Taylor,House,LLY,P,2025-07-18,2025-09-02
R,David J. Taylor,House,LLY,P,2025-08-14,2025-09-02
R,David J. Taylor,House,IBP,S,2025-08-13,2025-09-02
R,David J. Taylor,House,IBP,S,2025-08-07,2025-09-02
R,David J. Taylor,House,LRCX,S,2025-07-18,2025-09-02
R,David J. Taylor,House,MPC,S,2025-07-18,2025-09-02
R,David J. Taylor,House,MPC,P,2025-08-14,2025-09-02
R,David J. Taylor,House,MEDP,S,2025-07-23,2025-09-02
R,David J. Taylor,House,PG,P,2025-08-13,2025-09-02
R,David J. Taylor,House,PGR,P,2025-08-07,2025-09-02
R,David J. Taylor,House,PLD,P,2025-07-18,2025-09-02
R,David J. Taylor,House,PLD,P,2025-08-07,2025-09-02
R,David J. Taylor,House,CRM,P,2025-08-07,2025-09-02
R,David J. Taylor,House,VRTX,P,2025-08-07,2025-09-02
R,David J. Taylor,House,V,P,2025-08-13,2025-09-02
R,David J. Taylor,House,GOOGL,S,2025-09-03,2025-09-16
R,David J. Taylor,House,CRM,P,2025-09-03,2025-09-16
R,David J. Taylor,House,AEP,P,2025-09-22,2025-10-07
R,David J. Taylor,House,KR,P,2025-09-22,2025-10-07
R,David J. Taylor,House,LRCX,P,2025-09-22,2025-10-07
R,David J. Taylor,House,LRCX,S,2025-09-22,2025-10-07
R,David J. Taylor,House,PG,P,2025-09-22,2025-10-07
R,David J. Taylor,House,AAPL,S,2025-10-30,2025-11-03
R,David J. Taylor,House,T,P,2025-10-30,2025-11-03
R,David J. Taylor,House,GOOGL,S,2025-11-03,2025-11-18
R,David J. Taylor,House,AEP,S,2025-11-03,2025-11-18
R,David J. Taylor,House,IBP,P,2025-11-11,2025-11-18
R,David J. Taylor,House,IBP,P,2025-11-03,2025-11-18
R,David J. Taylor,House,PGR,P,2025-11-03,2025-11-18
R,David J. Taylor,House,RPM,P,2025-11-03,2025-11-18
R,David J. Taylor,House,AMGN,S,2025-12-03,2025-12-05
R,David J. Taylor,House,ETN,P,2025-12-10,2025-12-19
R,David J. Taylor,House,LLY,S,2025-12-10,2025-12-19
D,Ritchie John Torres,House,ABBV,P,2024-09-26,2025-08-20
D,Ritchie John Torres,House,ABBV,S,2025-07-11,2025-08-20
D,Ritchie John Torres,House,ARE,P,2024-09-26,2025-08-20
D,Ritchie John Torres,House,GOOGL,P,2024-09-26,2025-08-20
D,Ritchie John Torres,House,GOOGL,S,2025-07-11,2025-08-20
D,Ritchie John Torres,House,AMH,S,2025-07-11,2025-08-20
D,Ritchie John Torres,House,AMH,P,2024-09-26,2025-08-20
D,Ritchie John Torres,House,AMT,P,2024-09-26,2025-08-20
D,Ritchie John Torres,House,AMT,S,2025-07-11,2025-08-20
D,Ritchie John Torres,House,APO,P,2024-09-26,2025-08-20
D,Ritchie John Torres,House,APO,S,2025-07-11,2025-08-20
D,Ritchie John Torres,House,AAPL,P,2024-09-26,2025-08-20
D,Ritchie John Torres,House,ARES,S,2025-07-11,2025-08-20
D,Ritchie John Torres,House,ARES,P,2024-10-09,2025-08-20
D,Ritchie John Torres,House,ASML,P,2024-09-26,2025-08-20
D,Ritchie John Torres,House,ASML,S,2025-07-11,2025-08-20
D,Ritchie John Torres,House,BAC,S,2025-07-11,2025-08-20
D,Ritchie John Torres,House,BLK,S,2025-07-11,2025-08-20
D,Ritchie John Torres,House,BLK,P,2024-09-26,2025-08-20
D,Ritchie John Torres,House,BX,P,2024-09-26,2025-08-20
D,Ritchie John Torres,House,BX,S,2025-07-11,2025-08-20
D,Ritchie John Torres,House,OWL,S,2025-07-11,2025-08-20
D,Ritchie John Torres,House,OWL,P,2024-09-26,2025-08-20
D,Ritchie John Torres,House,AVGO,P,2024-09-26,2025-08-20
D,Ritchie John Torres,House,AVGO,S,2025-07-11,2025-08-20
D,Ritchie John Torres,House,C,S,2025-07-11,2025-08-20
D,Ritchie John Torres,House,KO,S,2025-07-11,2025-08-20
D,Ritchie John Torres,House,CL,P,2024-09-26,2025-08-20
D,Ritchie John Torres,House,CMCSA,P,2024-09-26,2025-08-20
D,Ritchie John Torres,House,SRE,P,2024-09-26,2025-08-20
D,Ritchie John Torres,House,ETN,S,2025-07-11,2025-08-20
D,Ritchie John Torres,House,EIX,P,2024-09-26,2025-08-20
D,Ritchie John Torres,House,EMR,S,2025-07-11,2025-08-20
D,Ritchie John Torres,House,ENB,P,2024-09-26,2025-08-20
D,Ritchie John Torres,House,EQT,P,2024-09-26,2025-08-20
D,Ritchie John Torres,House,EQT,S,2025-07-11,2025-08-20
D,Ritchie John Torres,House,EQIX,S,2025-07-11,2025-08-20
D,Ritchie John Torres,House,EQIX,P,2024-09-26,2025-08-20
D,Ritchie John Torres,House,ELS,P,2024-09-26,2025-08-20
D,Ritchie John Torres,House,ELS,S,2025-07-11,2025-08-20
D,Ritchie John Torres,House,EQR,P,2024-09-26,2025-08-20
D,Ritchie John Torres,House,EQR,S,2025-07-11,2025-08-20
D,Ritchie John Torres,House,FCX,S,2025-07-11,2025-08-20
D,Ritchie John Torres,House,GLPI,P,2024-09-26,2025-08-20
D,Ritchie John Torres,House,HPE,S,2025-07-11,2025-08-20
D,Ritchie John Torres,House,HD,S,2025-07-11,2025-08-20
D,Ritchie John Torres,House,HON,P,2024-09-26,2025-08-20
D,Ritchie John Torres,House,ICE,S,2024-09-26,2025-08-20
D,Ritchie John Torres,House,ICE,P,2024-09-26,2025-08-20
D,Ritchie John Torres,House,JNJ,P,2024-09-26,2025-08-20
D,Ritchie John Torres,House,JPM,P,2024-09-26,2025-08-20
D,Ritchie John Torres,House,JPM,S,2025-07-11,2025-08-20
D,Ritchie John Torres,House,KMI,S,2025-07-11,2025-08-20
D,Ritchie John Torres,House,KMI,P,2024-09-26,2025-08-20
D,Ritchie John Torres,House,LHX,P,2024-09-26,2025-08-20
D,Ritchie John Torres,House,LHX,S,2025-07-11,2025-08-20
D,Ritchie John Torres,House,LEN,S,2024-09-26,2025-08-20
D,Ritchie John Torres,House,LEN,P,2024-09-26,2025-08-20
D,Ritchie John Torres,House,LINE,P,2024-09-26,2025-08-20
D,Ritchie John Torres,House,LMT,P,2024-09-26,2025-08-20
D,Ritchie John Torres,House,MRVL,P,2025-06-06,2025-08-20
D,Ritchie John Torres,House,MRVL,S,2025-07-11,2025-08-20
D,Ritchie John Torres,House,MKC,S,2025-07-11,2025-08-20
D,Ritchie John Torres,House,MKC,P,2025-01-07,2025-08-20
D,Ritchie John Torres,House,MKC,P,2024-09-26,2025-08-20
D,Ritchie John Torres,House,MCK,S,2025-07-11,2025-08-20
D,Ritchie John Torres,House,MRK,S,2025-07-11,2025-08-20
D,Ritchie John Torres,House,MRK,P,2024-09-26,2025-08-20
D,Ritchie John Torres,House,META,P,2024-09-26,2025-08-20
D,Ritchie John Torres,House,META,S,2025-07-11,2025-08-20
D,Ritchie John Torres,House,MET,S,2025-07-11,2025-08-20
D,Ritchie John Torres,House,MSFT,S,2025-07-11,2025-08-20
D,Ritchie John Torres,House,MSFT,P,2024-09-26,2025-08-20
D,Ritchie John Torres,House,MS,P,2024-09-26,2025-08-20
D,Ritchie John Torres,House,MS,S,2025-07-11,2025-08-20
D,Ritchie John Torres,House,NEE,P,2024-09-26,2025-08-20
D,Ritchie John Torres,House,NEE,S,2025-07-11,2025-08-20
D,Ritchie John Torres,House,NOC,S,2025-07-11,2025-08-20
D,Ritchie John Torres,House,NOC,P,2024-09-26,2025-08-20
D,Ritchie John Torres,House,NVDA,P,2024-09-26,2025-08-20
D,Ritchie John Torres,House,NXPI,P,2024-09-26,2025-08-20
D,Ritchie John Torres,House,ODFL,P,2024-09-26,2025-08-20
D,Ritchie John Torres,House,OKE,P,2024-09-26,2025-08-20
D,Ritchie John Torres,House,OKE,S,2025-07-11,2025-08-20
D,Ritchie John Torres,House,ORCL,S,2025-07-11,2025-08-20
D,Ritchie John Torres,House,ORCL,P,2024-09-26,2025-08-20
D,Ritchie John Torres,House,OTIS,P,2024-09-26,2025-08-20
D,Ritchie John Torres,House,OTIS,S,2025-07-11,2025-08-20
D,Ritchie John Torres,House,PAGP,S,2025-07-11,2025-08-20
D,Ritchie John Torres,House,PPL,P,2024-09-26,2025-08-20
D,Ritchie John Torres,House,PPL,S,2025-07-11,2025-08-20
D,Ritchie John Torres,House,PG,S,2025-07-11,2025-08-20
D,Ritchie John Torres,House,PLD,P,2024-09-26,2025-08-20
D,Ritchie John Torres,House,PEG,P,2024-09-26,2025-08-20
D,Ritchie John Torres,House,QCOM,P,2024-09-26,2025-08-20
D,Ritchie John Torres,House,QCOM,S,2025-07-11,2025-08-20
D,Ritchie John Torres,House,RHHBY,S,2025-07-11,2025-08-20
D,Ritchie John Torres,House,CRM,S,2025-07-11,2025-08-20
D,Ritchie John Torres,House,CRM,P,2024-09-26,2025-08-20
D,Ritchie John Torres,House,SHW,P,2024-09-26,2025-08-20
D,Ritchie John Torres,House,SHW,S,2025-07-11,2025-08-20
D,Ritchie John Torres,House,TRP,S,2025-07-11,2025-08-20
D,Ritchie John Torres,House,TRP,P,2025-04-09,2025-08-20
D,Ritchie John Torres,House,TXN,P,2024-09-26,2025-08-20
D,Ritchie John Torres,House,TMUS,P,2024-09-26,2025-08-20
D,Ritchie John Torres,House,USB,S,2025-07-11,2025-08-20
D,Ritchie John Torres,House,UNP,P,2024-09-26,2025-08-20
D,Ritchie John Torres,House,UNP,S,2025-07-11,2025-08-20
D,Ritchie John Torres,House,UNH,P,2024-09-26,2025-08-20
D,Ritchie John Torres,House,VZ,S,2025-07-11,2025-08-20
D,Ritchie John Torres,House,VICI,S,2025-07-11,2025-08-20
D,Ritchie John Torres,House,WMT,S,2025-07-11,2025-08-20
D,Ritchie John Torres,House,WCN,S,2025-07-11,2025-08-20
D,Ritchie John Torres,House,WMB,S,2025-07-11,2025-08-20
D,Debbie Wasserman Schultz,House,HURC,S,2025-02-06,2025-03-06
D,Debbie Wasserman Schultz,House,ANGO,P,2025-06-27,2025-07-25
D,Debbie Wasserman Schultz,House,ANGO,S,2025-07-16,2025-07-25
D,Debbie Wasserman Schultz,House,VSAT,S,2025-07-18,2025-07-25
D,Debbie Wasserman Schultz,House,ICHR,P,2025-08-05,2025-08-06
D,Debbie Wasserman Schultz,House,SSYS,P,2025-08-15,2025-08-18
D,Debbie Wasserman Schultz,House,VLRS,S,2025-09-15,2025-10-06
D,Debbie Wasserman Schultz,House,ANGO,S,2025-10-20,2025-10-24
D,Debbie Wasserman Schultz,House,INVX,S,2025-11-25,2025-12-08
R,Bruce Westerman,House,ABT,P,2025-03-03,2025-04-16
R,Bruce Westerman,House,ADDYY,P,2025-03-04,2025-04-16
R,Bruce Westerman,House,ADBE,P,2025-03-03,2025-04-16
R,Bruce Westerman,House,GOOGL,P,2025-03-03,2025-04-16
R,Bruce Westerman,House,AMZN,P,2025-03-03,2025-04-16
R,Bruce Westerman,House,AXP,P,2025-03-03,2025-04-16
R,Bruce Westerman,House,BUD,P,2025-03-04,2025-04-16
R,Bruce Westerman,House,AAPL,P,2025-03-03,2025-04-16
R,Bruce Westerman,House,ASML,P,2025-03-20,2025-04-16
R,Bruce Westerman,House,ASML,P,2025-03-03,2025-04-16
R,Bruce Westerman,House,AZN,P,2025-03-03,2025-04-16
R,Bruce Westerman,House,BAC,P,2025-03-03,2025-04-16
R,Bruce Westerman,House,BCS,P,2025-03-03,2025-04-16
R,Bruce Westerman,House,BHP,P,2025-03-03,2025-04-16
R,Bruce Westerman,House,BSX,P,2025-03-03,2025-04-16
R,Bruce Westerman,House,BP,P,2025-03-03,2025-04-16
R,Bruce Westerman,House,AVGO,P,2025-03-21,2025-04-16
R,Bruce Westerman,House,AVGO,P,2025-03-03,2025-04-16
R,Bruce Westerman,House,CNQ,P,2025-03-03,2025-04-16
R,Bruce Westerman,House,CAT,P,2025-03-03,2025-04-16
R,Bruce Westerman,House,SCHW,P,2025-03-03,2025-04-16
R,Bruce Westerman,House,CVX,P,2025-03-03,2025-04-16
R,Bruce Westerman,House,C,P,2025-03-03,2025-04-16
R,Bruce Westerman,House,CFRUY,P,2025-03-04,2025-04-16
R,Bruce Westerman,House,COP,P,2025-03-03,2025-04-16
R,Bruce Westerman,House,COST,P,2025-03-03,2025-04-16
R,Bruce Westerman,House,CRARY,P,2025-03-03,2025-04-16
R,Bruce Westerman,House,CCI,P,2025-03-03,2025-04-16
R,Bruce Westerman,House,CMI,P,2025-03-03,2025-04-16
R,Bruce Westerman,House,DHR,P,2025-03-04,2025-04-16
R,Bruce Westerman,House,DE,P,2025-03-03,2025-04-16
R,Bruce Westerman,House,DB,P,2025-03-03,2025-04-16
R,Bruce Westerman,House,DSDVY,P,2025-03-03,2025-04-16
R,Bruce Westerman,House,EW,P,2025-03-03,2025-04-16
R,Bruce Westerman,House,LLY,P,2025-03-03,2025-04-16
R,Bruce Westerman,House,EMR,P,2025-03-03,2025-04-16
R,Bruce Westerman,House,XOM,P,2025-03-03,2025-04-16
R,Bruce Westerman,House,FANUY,P,2025-03-03,2025-04-16
R,Bruce Westerman,House,FCX,P,2025-03-03,2025-04-16
R,Bruce Westerman,House,GSK,P,2025-03-03,2025-04-16
R,Bruce Westerman,House,HKXCY,P,2025-03-03,2025-04-16
R,Bruce Westerman,House,HSBC,P,2025-03-03,2025-04-16
R,Bruce Westerman,House,ISNPY,P,2025-03-03,2025-04-16
R,Bruce Westerman,House,ISRG,P,2025-03-03,2025-04-16
R,Bruce Westerman,House,JNJ,P,2025-03-03,2025-04-16
R,Bruce Westerman,House,JCI,P,2025-03-03,2025-04-16
R,Bruce Westerman,House,JPM,P,2025-03-03,2025-04-16
R,Bruce Westerman,House,LVMUY,P,2025-04-02,2025-04-16
R,Bruce Westerman,House,MA,P,2025-03-03,2025-04-16
R,Bruce Westerman,House,MDT,P,2025-03-04,2025-04-16
R,Bruce Westerman,House,MDT,S,2025-03-20,2025-04-16
R,Bruce Westerman,House,MRK,P,2025-03-03,2025-04-16
R,Bruce Westerman,House,META,P,2025-03-03,2025-04-16
R,Bruce Westerman,House,MSFT,P,2025-03-03,2025-04-16
R,Bruce Westerman,House,MHVIY,P,2025-03-21,2025-04-16
R,Bruce Westerman,House,MUFG,P,2025-03-21,2025-04-16
R,Bruce Westerman,House,MS,P,2025-03-03,2025-04-16
R,Bruce Westerman,House,MRAAY,P,2025-03-03,2025-04-16
R,Bruce Westerman,House,NWG,P,2025-03-03,2025-04-16
R,Bruce Westerman,House,NSRGY,P,2025-03-03,2025-04-16
R,Bruce Westerman,House,NSRGY,P,2025-03-20,2025-04-16
R,Bruce Westerman,House,NFLX,P,2025-03-03,2025-04-16
R,Bruce Westerman,House,NKE,P,2025-03-03,2025-04-16
R,Bruce Westerman,House,NRDBY,S,2025-03-20,2025-04-16
R,Bruce Westerman,House,NVDA,P,2025-03-03,2025-04-16
R,Bruce Westerman,House,ORCL,P,2025-03-03,2025-04-16
R,Bruce Westerman,House,PFE,P,2025-03-03,2025-04-16
R,Bruce Westerman,House,PG,P,2025-03-03,2025-04-16
R,Bruce Westerman,House,RIO,P,2025-03-03,2025-04-16
R,Bruce Westerman,House,RHHBY,P,2025-03-03,2025-04-16
R,Bruce Westerman,House,RTX,P,2025-03-03,2025-04-16
R,Bruce Westerman,House,SAFRY,P,2025-03-03,2025-04-16
R,Bruce Westerman,House,CRM,P,2025-03-03,2025-04-16
R,Bruce Westerman,House,SAP,P,2025-03-03,2025-04-16
R,Bruce Westerman,House,NOW,P,2025-03-20,2025-04-16
R,Bruce Westerman,House,SHEL,P,2025-03-03,2025-04-16
R,Bruce Westerman,House,SIEGY,P,2025-03-20,2025-04-16
R,Bruce Westerman,House,SCGLY,P,2025-03-03,2025-04-16
R,Bruce Westerman,House,SONY,P,2025-03-03,2025-04-16
R,Bruce Westerman,House,SONY,P,2025-03-24,2025-04-16
R,Bruce Westerman,House,SPOT,P,2025-03-20,2025-04-16
R,Bruce Westerman,House,SBUX,P,2025-03-03,2025-04-16
R,Bruce Westerman,House,SU,P,2025-03-03,2025-04-16
R,Bruce Westerman,House,TSM,P,2025-03-03,2025-04-16
R,Bruce Westerman,House,TMO,P,2025-03-03,2025-04-16
R,Bruce Westerman,House,TOELY,P,2025-03-04,2025-04-16
R,Bruce Westerman,House,TM,P,2025-03-03,2025-04-16
R,Bruce Westerman,House,UBS,P,2025-03-03,2025-04-16
R,Bruce Westerman,House,UNCRY,P,2025-03-03,2025-04-16
R,Bruce Westerman,House,UL,P,2025-03-03,2025-04-16
R,Bruce Westerman,House,UNP,P,2025-03-04,2025-04-16
R,Bruce Westerman,House,UNH,P,2025-03-03,2025-04-16
R,Bruce Westerman,House,V,P,2025-03-03,2025-04-16
R,Bruce Westerman,House,WMT,P,2025-03-03,2025-04-16
R,Bruce Westerman,House,ABT,S,2025-04-21,2025-05-12
R,Bruce Westerman,House,ADDYY,S,2025-04-21,2025-05-12
R,Bruce Westerman,House,ADBE,S,2025-04-21,2025-05-12
R,Bruce Westerman,House,GOOGL,S,2025-04-21,2025-05-12
R,Bruce Westerman,House,AMZN,S,2025-04-21,2025-05-12
R,Bruce Westerman,House,AXP,S,2025-04-21,2025-05-12
R,Bruce Westerman,House,BUD,S,2025-04-21,2025-05-12
R,Bruce Westerman,House,AAPL,S,2025-04-21,2025-05-12
R,Bruce Westerman,House,ASML,S,2025-04-21,2025-05-12
R,Bruce Westerman,House,ASAZY,P,2025-04-08,2025-05-12
R,Bruce Westerman,House,ASAZY,S,2025-04-21,2025-05-12
R,Bruce Westerman,House,AZN,S,2025-04-21,2025-05-12
R,Bruce Westerman,House,BAC,S,2025-04-21,2025-05-12
R,Bruce Westerman,House,BCS,S,2025-04-21,2025-05-12
R,Bruce Westerman,House,BHP,S,2025-04-21,2025-05-12
R,Bruce Westerman,House,BA,P,2025-04-08,2025-05-12
R,Bruce Westerman,House,BSX,S,2025-04-21,2025-05-12
R,Bruce Westerman,House,AVGO,S,2025-04-21,2025-05-12
R,Bruce Westerman,House,CNQ,S,2025-04-21,2025-05-12
R,Bruce Westerman,House,CAT,S,2025-04-21,2025-05-12
R,Bruce Westerman,House,CAT,P,2025-04-08,2025-05-12
R,Bruce Westerman,House,SCHW,S,2025-04-21,2025-05-12
R,Bruce Westerman,House,CVX,S,2025-04-21,2025-05-12
R,Bruce Westerman,House,C,S,2025-04-21,2025-05-12
R,Bruce Westerman,House,CFRUY,S,2025-04-21,2025-05-12
R,Bruce Westerman,House,COP,S,2025-04-21,2025-05-12
R,Bruce Westerman,House,COST,S,2025-04-21,2025-05-12
R,Bruce Westerman,House,CRARY,S,2025-04-21,2025-05-12
R,Bruce Westerman,House,CCI,S,2025-04-21,2025-05-12
R,Bruce Westerman,House,CSX,P,2025-04-08,2025-05-12
R,Bruce Westerman,House,CMI,S,2025-04-21,2025-05-12
R,Bruce Westerman,House,DHR,S,2025-04-21,2025-05-12
R,Bruce Westerman,House,DE,S,2025-04-21,2025-05-12
R,Bruce Westerman,House,DE,P,2025-04-08,2025-05-12
R,Bruce Westerman,House,DB,S,2025-04-21,2025-05-12
R,Bruce Westerman,House,DSDVY,S,2025-04-21,2025-05-12
R,Bruce Westerman,House,EW,S,2025-04-21,2025-05-12
R,Bruce Westerman,House,LLY,S,2025-04-21,2025-05-12
R,Bruce Westerman,House,EMR,S,2025-04-21,2025-05-12
R,Bruce Westerman,House,XOM,S,2025-04-21,2025-05-12
R,Bruce Westerman,House,FANUY,S,2025-04-21,2025-05-12
R,Bruce Westerman,House,FCX,S,2025-04-21,2025-05-12
R,Bruce Westerman,House,GSK,S,2025-04-21,2025-05-12
R,Bruce Westerman,House,HKXCY,S,2025-04-21,2025-05-12
R,Bruce Westerman,House,HSBC,S,2025-04-21,2025-05-12
R,Bruce Westerman,House,ITW,S,2025-04-21,2025-05-12
R,Bruce Westerman,House,ITW,P,2025-04-08,2025-05-12
R,Bruce Westerman,House,ISNPY,S,2025-04-21,2025-05-12
R,Bruce Westerman,House,ISRG,S,2025-04-21,2025-05-12
R,Bruce Westerman,House,JNJ,S,2025-04-21,2025-05-12
R,Bruce Westerman,House,JCI,S,2025-04-21,2025-05-12
R,Bruce Westerman,House,JPM,S,2025-04-21,2025-05-12
R,Bruce Westerman,House,LVMUY,S,2025-04-21,2025-05-12
R,Bruce Westerman,House,MA,S,2025-04-21,2025-05-12
R,Bruce Westerman,House,MRK,S,2025-04-21,2025-05-12
R,Bruce Westerman,House,META,S,2025-04-21,2025-05-12
R,Bruce Westerman,House,MSFT,S,2025-04-21,2025-05-12
R,Bruce Westerman,House,MHVIY,S,2025-04-21,2025-05-12
R,Bruce Westerman,House,MUFG,S,2025-04-21,2025-05-12
R,Bruce Westerman,House,MS,S,2025-04-21,2025-05-12
R,Bruce Westerman,House,MRAAY,S,2025-04-21,2025-05-12
R,Bruce Westerman,House,NWG,S,2025-04-21,2025-05-12
R,Bruce Westerman,House,NSRGY,S,2025-04-21,2025-05-12
R,Bruce Westerman,House,NFLX,S,2025-04-21,2025-05-12
R,Bruce Westerman,House,NRDBY,S,2025-04-21,2025-05-12
R,Bruce Westerman,House,NVDA,S,2025-04-21,2025-05-12
R,Bruce Westerman,House,ORCL,S,2025-04-21,2025-05-12
R,Bruce Westerman,House,PFE,S,2025-04-21,2025-05-12
R,Bruce Westerman,House,PG,S,2025-04-21,2025-05-12
R,Bruce Westerman,House,RIO,S,2025-04-21,2025-05-12
R,Bruce Westerman,House,RHHBY,S,2025-04-21,2025-05-12
R,Bruce Westerman,House,RTX,S,2025-04-21,2025-05-12
R,Bruce Westerman,House,RTX,P,2025-04-08,2025-05-12
R,Bruce Westerman,House,SAFRY,S,2025-04-21,2025-05-12
R,Bruce Westerman,House,CRM,S,2025-04-21,2025-05-12
R,Bruce Westerman,House,NOW,S,2025-04-21,2025-05-12
R,Bruce Westerman,House,SHEL,S,2025-04-21,2025-05-12
R,Bruce Westerman,House,SIEGY,S,2025-04-21,2025-05-12
R,Bruce Westerman,House,SCGLY,S,2025-04-21,2025-05-12
R,Bruce Westerman,House,SONY,S,2025-04-21,2025-05-12
R,Bruce Westerman,House,SPOT,S,2025-04-21,2025-05-12
R,Bruce Westerman,House,SBUX,S,2025-04-21,2025-05-12
R,Bruce Westerman,House,SU,S,2025-04-21,2025-05-12
R,Bruce Westerman,House,TSM,S,2025-04-21,2025-05-12
R,Bruce Westerman,House,TMO,S,2025-04-21,2025-05-12
R,Bruce Westerman,House,TOELY,S,2025-04-21,2025-05-12
R,Bruce Westerman,House,TM,S,2025-04-21,2025-05-12
R,Bruce Westerman,House,UBS,S,2025-04-21,2025-05-12
R,Bruce Westerman,House,UNCRY,S,2025-04-21,2025-05-12
R,Bruce Westerman,House,UL,S,2025-04-21,2025-05-12
R,Bruce Westerman,House,UNP,S,2025-04-21,2025-05-12
R,Bruce Westerman,House,UNH,S,2025-04-21,2025-05-12
R,Bruce Westerman,House,V,S,2025-04-21,2025-05-12
R,Bruce Westerman,House,WMT,S,2025-04-21,2025-05-12
D,George Whitesides,House,AEP,S,2025-03-24,2025-04-23
D,George Whitesides,House,BAC,S,2025-03-24,2025-04-23
D,George Whitesides,House,CB,S,2025-03-24,2025-04-23
D,George Whitesides,House,C,S,2025-03-24,2025-04-23
D,George Whitesides,House,CMCSA,S,2025-03-24,2025-04-23
D,George Whitesides,House,DEO,S,2025-03-24,2025-04-23
D,George Whitesides,House,INVA,S,2025-03-24,2025-04-23
D,George Whitesides,House,INVA,S,2025-03-25,2025-04-23
D,George Whitesides,House,INTC,S,2025-03-24,2025-04-23
D,George Whitesides,House,JNJ,S,2025-03-24,2025-04-23
D,George Whitesides,House,JPM,S,2025-03-24,2025-04-23
D,George Whitesides,House,LIN,S,2025-03-24,2025-04-23
D,George Whitesides,House,LMT,S,2025-03-24,2025-04-23
D,George Whitesides,House,MMC,S,2025-03-24,2025-04-23
D,George Whitesides,House,MCD,S,2025-03-24,2025-04-23
D,George Whitesides,House,MDT,S,2025-03-24,2025-04-23
D,George Whitesides,House,MSFT,S,2025-03-24,2025-04-23
D,George Whitesides,House,NFLX,S,2025-03-27,2025-04-23
D,George Whitesides,House,NEE,S,2025-03-24,2025-04-23
D,George Whitesides,House,NVS,S,2025-03-24,2025-04-23
D,George Whitesides,House,RSG,S,2025-03-24,2025-04-23
D,George Whitesides,House,ROK,S,2025-03-24,2025-04-23
D,George Whitesides,House,RCL,S,2025-03-24,2025-04-23
D,George Whitesides,House,RTX,S,2025-03-24,2025-04-23
D,George Whitesides,House,SDZNY,S,2025-03-24,2025-04-23
D,George Whitesides,House,TXN,S,2025-03-24,2025-04-23
D,George Whitesides,House,TBPH,S,2025-03-24,2025-04-23
D,George Whitesides,House,UNP,S,2025-03-24,2025-04-23
D,George Whitesides,House,SPCE,S,2025-03-24,2025-04-23
D,George Whitesides,House,DIS,S,2025-03-24,2025-04-23
D,George Whitesides,House,PL,S,2025-03-27,2025-08-13
R,Richard W. Allen,House,FERG,P,2025-12-12,2026-01-15
R,Richard W. Allen,House,NFLX,S,2025-12-12,2026-01-15
R,Richard W. Allen,House,AWK,S,2026-01-14,2026-02-17
R,Richard W. Allen,House,PAYX,S,2026-01-14,2026-02-17
R,Richard W. Allen,House,SPGI,P,2026-01-14,2026-02-17
R,Richard W. Allen,House,INTU,S,2026-02-19,2026-03-11
R,Richard W. Allen,House,INTU,S,2026-02-18,2026-03-11
R,Richard W. Allen,House,KMI,P,2026-02-19,2026-03-11
R,Richard W. Allen,House,TSM,P,2026-02-19,2026-03-11
R,Brian Babin,House,CODI,S,2026-05-05,2026-05-18
R,Brian Babin,House,ENB,S,2026-05-05,2026-05-18
R,Brian Babin,House,FIP,S,2026-05-05,2026-05-18
R,Brian Babin,House,IAG,S,2026-05-05,2026-05-18
R,Brian Babin,House,RRC,S,2026-05-05,2026-05-18
R,Brian Babin,House,SOUHY,S,2026-05-05,2026-05-18
R,Brian Babin,House,WTSHF,S,2026-05-05,2026-05-18
R,Brian Babin,House,WDS,S,2026-05-05,2026-05-18
R,Cliff Bentz,House,INTC,S,2026-04-09,2026-05-09
D,Ed Case,House,AAPL,P,2026-02-12,2026-03-14
D,Ed Case,House,AAPL,P,2025-05-15,2026-04-06
D,Ed Case,House,AAPL,P,2025-08-14,2026-04-06
D,Ed Case,House,AAPL,P,2025-11-13,2026-04-06
D,Gilbert Cisneros,House,ACN,P,2025-12-19,2026-01-12
D,Gilbert Cisneros,House,AVAV,P,2025-12-15,2026-01-12
D,Gilbert Cisneros,House,AGIO,P,2025-12-11,2026-01-12
D,Gilbert Cisneros,House,ARE,S,2025-12-26,2026-01-12
D,Gilbert Cisneros,House,APP,P,2025-12-19,2026-01-12
D,Gilbert Cisneros,House,ARQT,P,2025-12-10,2026-01-12
D,Gilbert Cisneros,House,AJG,P,2025-12-19,2026-01-12
D,Gilbert Cisneros,House,AZN,P,2025-12-18,2026-01-12
D,Gilbert Cisneros,House,BKR,P,2025-12-19,2026-01-12
D,Gilbert Cisneros,House,SQ,P,2025-12-19,2026-01-12
D,Gilbert Cisneros,House,BKNG,P,2025-12-19,2026-01-12
D,Gilbert Cisneros,House,BMY,P,2025-12-19,2026-01-12
D,Gilbert Cisneros,House,AVGO,P,2025-12-17,2026-01-12
D,Gilbert Cisneros,House,CP,P,2025-12-10,2026-01-12
D,Gilbert Cisneros,House,NET,P,2025-12-19,2026-01-12
D,Gilbert Cisneros,House,COIN,S,2025-12-24,2026-01-12
D,Gilbert Cisneros,House,STZ,P,2025-12-19,2026-01-12
D,Gilbert Cisneros,House,CSGP,P,2025-12-10,2026-01-12
D,Gilbert Cisneros,House,DASH,P,2025-12-10,2026-01-12
D,Gilbert Cisneros,House,DASH,P,2025-12-19,2026-01-12
D,Gilbert Cisneros,House,ERIE,P,2025-12-19,2026-01-12
D,Gilbert Cisneros,House,EXE,S,2025-12-19,2026-01-12
D,Gilbert Cisneros,House,FICO,P,2025-12-19,2026-01-12
D,Gilbert Cisneros,House,RACE,S,2025-12-18,2026-01-12
D,Gilbert Cisneros,House,FIS,P,2025-12-19,2026-01-12
D,Gilbert Cisneros,House,FISV,P,2025-12-19,2026-01-12
D,Gilbert Cisneros,House,GEV,P,2025-12-19,2026-01-12
D,Gilbert Cisneros,House,GIS,P,2025-12-19,2026-01-12
D,Gilbert Cisneros,House,GPN,S,2025-12-19,2026-01-12
D,Gilbert Cisneros,House,IBM,P,2025-12-19,2026-01-12
D,Gilbert Cisneros,House,ISRG,P,2025-12-10,2026-01-12
D,Gilbert Cisneros,House,INVH,P,2025-12-19,2026-01-12
D,Gilbert Cisneros,House,K,P,2025-12-11,2026-01-12
D,Gilbert Cisneros,House,LEN,S,2025-12-11,2026-01-12
D,Gilbert Cisneros,House,LIN,P,2025-12-19,2026-01-12
D,Gilbert Cisneros,House,LPLA,P,2025-12-10,2026-01-12
D,Gilbert Cisneros,House,MCK,S,2025-12-19,2026-01-12
D,Gilbert Cisneros,House,MRK,P,2025-12-19,2026-01-12
D,Gilbert Cisneros,House,MHVYF,S,2025-12-26,2026-01-12
D,Gilbert Cisneros,House,MBFJF,P,2025-12-19,2026-01-12
D,Gilbert Cisneros,House,NTDOF,S,2025-12-26,2026-01-12
D,Gilbert Cisneros,House,O,P,2025-12-19,2026-01-12
D,Gilbert Cisneros,House,RBLX,S,2025-12-24,2026-01-12
D,Gilbert Cisneros,House,SARO,P,2025-12-10,2026-01-12
D,Gilbert Cisneros,House,SYK,P,2025-12-10,2026-01-12
D,Gilbert Cisneros,House,SUPN,P,2025-12-11,2026-01-12
D,Gilbert Cisneros,House,TRGP,P,2025-12-19,2026-01-12
D,Gilbert Cisneros,House,CPB,S,2025-12-19,2026-01-12
D,Gilbert Cisneros,House,CPB,P,2025-12-30,2026-01-12
D,Gilbert Cisneros,House,CI,P,2025-12-19,2026-01-12
D,Gilbert Cisneros,House,COO,P,2025-12-10,2026-01-12
D,Gilbert Cisneros,House,UBER,P,2025-12-19,2026-01-12
D,Gilbert Cisneros,House,UAL,P,2025-12-19,2026-01-12
D,Gilbert Cisneros,House,UNH,P,2025-12-19,2026-01-12
D,Gilbert Cisneros,House,VRSN,P,2025-12-19,2026-01-12
D,Gilbert Cisneros,House,VICI,P,2025-12-19,2026-01-12
D,Gilbert Cisneros,House,WDAY,P,2025-12-10,2026-01-12
D,Gilbert Cisneros,House,ZTS,S,2025-12-30,2026-01-12
D,Gilbert Cisneros,House,AEIS,P,2026-01-20,2026-02-13
D,Gilbert Cisneros,House,AVAV,P,2026-01-27,2026-02-13
D,Gilbert Cisneros,House,ADC,S,2026-01-15,2026-02-13
D,Gilbert Cisneros,House,AJINF,P,2026-02-03,2026-02-13
D,Gilbert Cisneros,House,BABAF,P,2026-02-03,2026-02-13
D,Gilbert Cisneros,House,AMZN,P,2026-01-30,2026-02-13
D,Gilbert Cisneros,House,APA,P,2026-01-09,2026-02-13
D,Gilbert Cisneros,House,ANET,P,2026-01-30,2026-02-13
D,Gilbert Cisneros,House,ASML,P,2026-01-30,2026-02-13
D,Gilbert Cisneros,House,AZO,P,2026-01-30,2026-02-13
D,Gilbert Cisneros,House,AZTA,P,2026-01-15,2026-02-13
D,Gilbert Cisneros,House,SAN,P,2026-02-03,2026-02-13
D,Gilbert Cisneros,House,BIIB,P,2026-01-30,2026-02-13
D,Gilbert Cisneros,House,BE,P,2026-01-30,2026-02-13
D,Gilbert Cisneros,House,BSX,P,2026-01-30,2026-02-13
D,Gilbert Cisneros,House,CCJ,S,2026-01-09,2026-02-13
D,Gilbert Cisneros,House,CP,P,2026-01-20,2026-02-13
D,Gilbert Cisneros,House,COF,P,2026-01-09,2026-02-13
D,Gilbert Cisneros,House,CATY,P,2026-01-15,2026-02-13
D,Gilbert Cisneros,House,CF,P,2026-01-09,2026-02-13
D,Gilbert Cisneros,House,SCHW,P,2026-01-09,2026-02-13
D,Gilbert Cisneros,House,CVX,S,2026-01-09,2026-02-13
D,Gilbert Cisneros,House,CHRD,S,2026-01-09,2026-02-13
D,Gilbert Cisneros,House,CB,P,2026-01-09,2026-02-13
D,Gilbert Cisneros,House,CSCO,P,2026-01-09,2026-02-13
D,Gilbert Cisneros,House,NET,P,2026-01-30,2026-02-13
D,Gilbert Cisneros,House,CME,P,2026-01-09,2026-02-13
D,Gilbert Cisneros,House,COIN,P,2026-01-30,2026-02-13
D,Gilbert Cisneros,House,COLB,S,2026-01-15,2026-02-13
D,Gilbert Cisneros,House,CMCSA,P,2026-01-09,2026-02-13
D,Gilbert Cisneros,House,CAG,S,2026-01-09,2026-02-13
D,Gilbert Cisneros,House,COP,S,2026-01-09,2026-02-13
D,Gilbert Cisneros,House,COP,S,2026-01-07,2026-02-13
D,Gilbert Cisneros,House,CSGP,P,2026-01-28,2026-02-13
D,Gilbert Cisneros,House,COST,P,2026-01-30,2026-02-13
D,Gilbert Cisneros,House,CRDO,P,2026-01-20,2026-02-13
D,Gilbert Cisneros,House,CSW,P,2026-01-15,2026-02-13
D,Gilbert Cisneros,House,DASH,P,2026-01-20,2026-02-13
D,Gilbert Cisneros,House,DASH,P,2026-01-28,2026-02-13
D,Gilbert Cisneros,House,DASH,P,2026-01-06,2026-02-13
D,Gilbert Cisneros,House,DD,P,2026-01-09,2026-02-13
D,Gilbert Cisneros,House,ETN,P,2026-01-30,2026-02-13
D,Gilbert Cisneros,House,EPAC,P,2026-01-27,2026-02-13
D,Gilbert Cisneros,House,EOG,S,2026-01-09,2026-02-13
D,Gilbert Cisneros,House,EG,P,2026-01-09,2026-02-13
D,Gilbert Cisneros,House,XOM,S,2026-01-09,2026-02-13
D,Gilbert Cisneros,House,FBK,P,2026-01-05,2026-02-13
D,Gilbert Cisneros,House,FBK,P,2026-01-15,2026-02-13
D,Gilbert Cisneros,House,FDX,P,2026-01-09,2026-02-13
D,Gilbert Cisneros,House,FSLR,P,2026-01-09,2026-02-13
D,Gilbert Cisneros,House,FNV,P,2026-01-27,2026-02-13
D,Gilbert Cisneros,House,GE,P,2026-01-09,2026-02-13
D,Gilbert Cisneros,House,GEV,P,2026-01-09,2026-02-13
D,Gilbert Cisneros,House,GD,P,2026-01-09,2026-02-13
D,Gilbert Cisneros,House,GPOR,P,2026-01-15,2026-02-13
D,Gilbert Cisneros,House,HAL,S,2026-01-09,2026-02-13
D,Gilbert Cisneros,House,DOC,P,2026-01-09,2026-02-13
D,Gilbert Cisneros,House,HESAF,P,2026-02-03,2026-02-13
D,Gilbert Cisneros,House,HMN,P,2026-01-30,2026-02-13
D,Gilbert Cisneros,House,HST,P,2026-01-09,2026-02-13
D,Gilbert Cisneros,House,IRT,P,2026-01-15,2026-02-13
D,Gilbert Cisneros,House,INTC,P,2026-01-09,2026-02-13
D,Gilbert Cisneros,House,ISRG,P,2026-01-30,2026-02-13
D,Gilbert Cisneros,House,KVUE,P,2026-01-09,2026-02-13
D,Gilbert Cisneros,House,KMI,P,2026-01-09,2026-02-13
D,Gilbert Cisneros,House,LGN,P,2026-01-15,2026-02-13
D,Gilbert Cisneros,House,LEN,S,2026-01-09,2026-02-13
D,Gilbert Cisneros,House,LGND,P,2026-02-03,2026-02-13
D,Gilbert Cisneros,House,LGND,P,2026-01-05,2026-02-13
D,Gilbert Cisneros,House,LIN,P,2026-01-09,2026-02-13
D,Gilbert Cisneros,House,LYB,P,2026-01-09,2026-02-13
D,Gilbert Cisneros,House,MGY,S,2026-01-09,2026-02-13
D,Gilbert Cisneros,House,MTDR,S,2026-01-09,2026-02-13
D,Gilbert Cisneros,House,MEDP,S,2026-01-15,2026-02-13
D,Gilbert Cisneros,House,MELI,P,2026-01-30,2026-02-13
D,Gilbert Cisneros,House,META,P,2026-01-30,2026-02-13
D,Gilbert Cisneros,House,MHVYF,P,2026-02-03,2026-02-13
D,Gilbert Cisneros,House,NHI,P,2026-01-09,2026-02-13
D,Gilbert Cisneros,House,NVDA,P,2026-01-30,2026-02-13
D,Gilbert Cisneros,House,OKE,S,2026-01-09,2026-02-13
D,Gilbert Cisneros,House,ORCL,P,2026-01-30,2026-02-13
D,Gilbert Cisneros,House,PLTR,P,2026-01-09,2026-02-13
D,Gilbert Cisneros,House,PAAS,S,2026-01-27,2026-02-13
D,Gilbert Cisneros,House,PWP,P,2026-01-15,2026-02-13
D,Gilbert Cisneros,House,PRU,P,2026-01-09,2026-02-13
D,Gilbert Cisneros,House,PWR,P,2026-01-28,2026-02-13
D,Gilbert Cisneros,House,REG,P,2026-01-09,2026-02-13
D,Gilbert Cisneros,House,RNMBF,P,2026-02-03,2026-02-13
D,Gilbert Cisneros,House,HOOD,P,2026-01-30,2026-02-13
D,Gilbert Cisneros,House,RTX,P,2026-01-09,2026-02-13
D,Gilbert Cisneros,House,RHP,P,2026-01-15,2026-02-13
D,Gilbert Cisneros,House,SNDK,P,2026-01-09,2026-02-13
D,Gilbert Cisneros,House,SBGSF,S,2026-01-12,2026-02-13
D,Gilbert Cisneros,House,SNDR,S,2026-01-15,2026-02-13
D,Gilbert Cisneros,House,SMTC,P,2026-01-20,2026-02-13
D,Gilbert Cisneros,House,SHAK,P,2026-01-05,2026-02-13
D,Gilbert Cisneros,House,SLGN,S,2026-01-15,2026-02-13
D,Gilbert Cisneros,House,SKWD,P,2026-01-05,2026-02-13
D,Gilbert Cisneros,House,SWKS,P,2026-01-09,2026-02-13
D,Gilbert Cisneros,House,SEI,S,2026-01-09,2026-02-13
D,Gilbert Cisneros,House,STLD,P,2026-01-09,2026-02-13
D,Gilbert Cisneros,House,TSM,P,2026-01-30,2026-02-13
D,Gilbert Cisneros,House,TRGP,S,2026-01-09,2026-02-13
D,Gilbert Cisneros,House,TCTZF,P,2026-02-03,2026-02-13
D,Gilbert Cisneros,House,TSLA,P,2026-01-09,2026-02-13
D,Gilbert Cisneros,House,TTD,P,2026-01-09,2026-02-13
D,Gilbert Cisneros,House,TDG,P,2026-01-30,2026-02-13
D,Gilbert Cisneros,House,UPS,P,2026-01-09,2026-02-13
D,Gilbert Cisneros,House,VLO,S,2026-01-09,2026-02-13
D,Gilbert Cisneros,House,VRSK,S,2026-01-09,2026-02-13
D,Gilbert Cisneros,House,VRT,P,2026-01-30,2026-02-13
D,Gilbert Cisneros,House,VICI,P,2026-01-09,2026-02-13
D,Gilbert Cisneros,House,WBD,P,2026-01-09,2026-02-13
D,Gilbert Cisneros,House,WPM,P,2026-01-27,2026-02-13
D,Gilbert Cisneros,House,WMB,S,2026-01-09,2026-02-13
D,Gilbert Cisneros,House,WDAY,P,2026-01-28,2026-02-13
D,Gilbert Cisneros,House,ACN,S,2026-02-10,2026-03-09
D,Gilbert Cisneros,House,AMD,P,2026-02-10,2026-03-09
D,Gilbert Cisneros,House,BABA,P,2026-02-09,2026-03-09
D,Gilbert Cisneros,House,AMZN,P,2026-02-10,2026-03-09
D,Gilbert Cisneros,House,AJG,S,2026-02-10,2026-03-09
D,Gilbert Cisneros,House,SQ,S,2026-02-10,2026-03-09
D,Gilbert Cisneros,House,BSX,P,2026-02-10,2026-03-09
D,Gilbert Cisneros,House,COF,S,2026-02-10,2026-03-09
D,Gilbert Cisneros,House,SKY,P,2026-02-23,2026-03-09
D,Gilbert Cisneros,House,CVX,P,2026-02-10,2026-03-09
D,Gilbert Cisneros,House,COIN,S,2026-02-12,2026-03-09
D,Gilbert Cisneros,House,CAG,P,2026-02-10,2026-03-09
D,Gilbert Cisneros,House,COP,P,2026-02-10,2026-03-09
D,Gilbert Cisneros,House,CTRA,P,2026-02-10,2026-03-09
D,Gilbert Cisneros,House,DAY,S,2026-02-05,2026-03-09
D,Gilbert Cisneros,House,DPZ,P,2026-02-10,2026-03-09
D,Gilbert Cisneros,House,DASH,P,2026-02-10,2026-03-09
D,Gilbert Cisneros,House,EOG,P,2026-02-10,2026-03-09
D,Gilbert Cisneros,House,EQT,P,2026-02-10,2026-03-09
D,Gilbert Cisneros,House,ERIE,S,2026-02-10,2026-03-09
D,Gilbert Cisneros,House,EXE,P,2026-02-10,2026-03-09
D,Gilbert Cisneros,House,XOM,P,2026-02-10,2026-03-09
D,Gilbert Cisneros,House,FICO,S,2026-02-10,2026-03-09
D,Gilbert Cisneros,House,FSS,P,2026-03-02,2026-03-09
D,Gilbert Cisneros,House,FIS,S,2026-02-10,2026-03-09
D,Gilbert Cisneros,House,FSLR,S,2026-02-10,2026-03-09
D,Gilbert Cisneros,House,FSV,P,2026-02-10,2026-03-09
D,Gilbert Cisneros,House,FSV,P,2026-02-13,2026-03-09
D,Gilbert Cisneros,House,FSV,P,2026-02-17,2026-03-09
D,Gilbert Cisneros,House,GD,S,2026-02-10,2026-03-09
D,Gilbert Cisneros,House,GIS,S,2026-02-10,2026-03-09
D,Gilbert Cisneros,House,GDDY,P,2026-02-10,2026-03-09
D,Gilbert Cisneros,House,DOC,S,2026-02-10,2026-03-09
D,Gilbert Cisneros,House,ILMN,P,2026-02-10,2026-03-09
D,Gilbert Cisneros,House,INVH,S,2026-02-10,2026-03-09
D,Gilbert Cisneros,House,KVUE,P,2026-02-10,2026-03-09
D,Gilbert Cisneros,House,KMI,P,2026-02-10,2026-03-09
D,Gilbert Cisneros,House,MU,P,2026-02-24,2026-03-09
D,Gilbert Cisneros,House,MHVYF,P,2026-02-13,2026-03-09
D,Gilbert Cisneros,House,OXY,P,2026-02-10,2026-03-09
D,Gilbert Cisneros,House,OKE,P,2026-02-10,2026-03-09
D,Gilbert Cisneros,House,PAR,S,2026-02-18,2026-03-09
D,Gilbert Cisneros,House,PRIM,P,2026-02-10,2026-03-09
D,Gilbert Cisneros,House,PRU,S,2026-02-10,2026-03-09
D,Gilbert Cisneros,House,SWKS,S,2026-02-10,2026-03-09
D,Gilbert Cisneros,House,TSM,P,2026-02-10,2026-03-09
D,Gilbert Cisneros,House,TSM,P,2026-02-09,2026-03-09
D,Gilbert Cisneros,House,TRGP,P,2026-02-10,2026-03-09
D,Gilbert Cisneros,House,TEL,P,2026-02-12,2026-03-09
D,Gilbert Cisneros,House,TTD,S,2026-02-10,2026-03-09
D,Gilbert Cisneros,House,RARE,P,2026-02-18,2026-03-09
D,Gilbert Cisneros,House,UAL,S,2026-02-10,2026-03-09
D,Gilbert Cisneros,House,VCYT,P,2026-02-18,2026-03-09
D,Gilbert Cisneros,House,VRSN,P,2026-02-10,2026-03-09
D,Gilbert Cisneros,House,VRSK,P,2026-02-10,2026-03-09
D,Gilbert Cisneros,House,WMB,P,2026-02-10,2026-03-09
D,Gilbert Cisneros,House,ZTS,S,2026-02-20,2026-03-09
D,Gilbert Cisneros,House,ACN,P,2026-03-13,2026-04-07
D,Gilbert Cisneros,House,AEIS,P,2026-03-03,2026-04-07
D,Gilbert Cisneros,House,AVAV,P,2026-03-03,2026-04-07
D,Gilbert Cisneros,House,AGIO,P,2026-03-03,2026-04-07
D,Gilbert Cisneros,House,BABAF,P,2026-03-27,2026-04-07
D,Gilbert Cisneros,House,AMZN,P,2026-03-16,2026-04-07
D,Gilbert Cisneros,House,APO,S,2026-03-13,2026-04-07
D,Gilbert Cisneros,House,APP,P,2026-03-13,2026-04-07
D,Gilbert Cisneros,House,ADM,S,2026-03-20,2026-04-07
D,Gilbert Cisneros,House,ARQT,P,2026-03-03,2026-04-07
D,Gilbert Cisneros,House,ATRC,P,2026-03-03,2026-04-07
D,Gilbert Cisneros,House,AVNT,P,2026-03-03,2026-04-07
D,Gilbert Cisneros,House,AZTA,P,2026-03-03,2026-04-07
D,Gilbert Cisneros,House,SQ,P,2026-03-13,2026-04-07
D,Gilbert Cisneros,House,BKNG,P,2026-03-13,2026-04-07
D,Gilbert Cisneros,House,BOOT,P,2026-03-03,2026-04-07
D,Gilbert Cisneros,House,BBIO,P,2026-03-03,2026-04-07
D,Gilbert Cisneros,House,BBIO,P,2026-03-19,2026-04-07
D,Gilbert Cisneros,House,BBIO,P,2026-03-18,2026-04-07
D,Gilbert Cisneros,House,CDRE,P,2026-03-16,2026-04-07
D,Gilbert Cisneros,House,CATY,P,2026-03-03,2026-04-07
D,Gilbert Cisneros,House,CENTA,P,2026-03-03,2026-04-07
D,Gilbert Cisneros,House,SKY,P,2026-03-03,2026-04-07
D,Gilbert Cisneros,House,CHTR,P,2026-03-13,2026-04-07
D,Gilbert Cisneros,House,CTSH,P,2026-03-13,2026-04-07
D,Gilbert Cisneros,House,CAG,P,2026-03-25,2026-04-07
D,Gilbert Cisneros,House,GLW,P,2026-03-25,2026-04-07
D,Gilbert Cisneros,House,CSGP,P,2026-03-13,2026-04-07
D,Gilbert Cisneros,House,CRNX,P,2026-03-03,2026-04-07
D,Gilbert Cisneros,House,CRWD,P,2026-03-13,2026-04-07
D,Gilbert Cisneros,House,CSW,P,2026-03-03,2026-04-07
D,Gilbert Cisneros,House,DDOG,P,2026-03-13,2026-04-07
D,Gilbert Cisneros,House,DBRG,S,2026-03-12,2026-04-07
D,Gilbert Cisneros,House,DASH,P,2026-03-18,2026-04-07
D,Gilbert Cisneros,House,DASH,P,2026-03-27,2026-04-07
D,Gilbert Cisneros,House,EPAC,P,2026-03-03,2026-04-07
D,Gilbert Cisneros,House,EPAM,P,2026-03-13,2026-04-07
D,Gilbert Cisneros,House,EFX,P,2026-03-13,2026-04-07
D,Gilbert Cisneros,House,EG,S,2026-03-13,2026-04-07
D,Gilbert Cisneros,House,FDS,P,2026-03-27,2026-04-07
D,Gilbert Cisneros,House,FICO,P,2026-03-13,2026-04-07
D,Gilbert Cisneros,House,FSS,P,2026-03-09,2026-04-07
D,Gilbert Cisneros,House,FIS,P,2026-03-13,2026-04-07
D,Gilbert Cisneros,House,FSV,P,2026-03-18,2026-04-07
D,Gilbert Cisneros,House,FSV,P,2026-03-27,2026-04-07
D,Gilbert Cisneros,House,FISV,P,2026-03-13,2026-04-07
D,Gilbert Cisneros,House,FTNT,P,2026-03-13,2026-04-07
D,Gilbert Cisneros,House,FOX,P,2026-03-13,2026-04-07
D,Gilbert Cisneros,House,GTES,P,2026-03-13,2026-04-07
D,Gilbert Cisneros,House,GMED,P,2026-03-03,2026-04-07
D,Gilbert Cisneros,House,GDDY,S,2026-03-13,2026-04-07
D,Gilbert Cisneros,House,HALO,P,2026-03-09,2026-04-07
D,Gilbert Cisneros,House,HLI,P,2026-03-03,2026-04-07
D,Gilbert Cisneros,House,IDA,P,2026-03-03,2026-04-07
D,Gilbert Cisneros,House,IBM,S,2026-03-13,2026-04-07
D,Gilbert Cisneros,House,KVUE,S,2026-03-13,2026-04-07
D,Gilbert Cisneros,House,LGN,S,2026-03-13,2026-04-07
D,Gilbert Cisneros,House,LGND,P,2026-03-03,2026-04-07
D,Gilbert Cisneros,House,LPLA,P,2026-03-27,2026-04-07
D,Gilbert Cisneros,House,LULU,S,2026-03-13,2026-04-07
D,Gilbert Cisneros,House,MTSI,P,2026-03-03,2026-04-07
D,Gilbert Cisneros,House,MELI,P,2026-03-16,2026-04-07
D,Gilbert Cisneros,House,MIAX,P,2026-03-20,2026-04-07
D,Gilbert Cisneros,House,MU,P,2026-03-25,2026-04-07
D,Gilbert Cisneros,House,MSFT,P,2026-03-13,2026-04-07
D,Gilbert Cisneros,House,TAP,S,2026-03-13,2026-04-07
D,Gilbert Cisneros,House,NWE,P,2026-03-03,2026-04-07
D,Gilbert Cisneros,House,NVDA,P,2026-03-13,2026-04-07
D,Gilbert Cisneros,House,OMC,P,2026-03-13,2026-04-07
D,Gilbert Cisneros,House,PLTR,P,2026-03-16,2026-04-07
D,Gilbert Cisneros,House,PSKY,P,2026-03-13,2026-04-07
D,Gilbert Cisneros,House,PATK,P,2026-03-03,2026-04-07
D,Gilbert Cisneros,House,PAYC,P,2026-03-13,2026-04-07
D,Gilbert Cisneros,House,PYPL,P,2026-03-13,2026-04-07
D,Gilbert Cisneros,House,PRIM,P,2026-03-03,2026-04-07
D,Gilbert Cisneros,House,RBC,P,2026-03-03,2026-04-07
D,Gilbert Cisneros,House,HOOD,S,2026-03-13,2026-04-07
D,Gilbert Cisneros,House,RHP,P,2026-03-03,2026-04-07
D,Gilbert Cisneros,House,SNDK,P,2026-03-13,2026-04-07
D,Gilbert Cisneros,House,SMTC,P,2026-03-03,2026-04-07
D,Gilbert Cisneros,House,SARO,P,2026-03-27,2026-04-07
D,Gilbert Cisneros,House,SUPN,P,2026-03-03,2026-04-07
D,Gilbert Cisneros,House,TNDM,P,2026-03-03,2026-04-07
D,Gilbert Cisneros,House,TEL,P,2026-03-18,2026-04-07
D,Gilbert Cisneros,House,TXRH,P,2026-03-03,2026-04-07
D,Gilbert Cisneros,House,CI,S,2026-03-13,2026-04-07
D,Gilbert Cisneros,House,TTD,P,2026-03-13,2026-04-07
D,Gilbert Cisneros,House,COCO,P,2026-03-03,2026-04-07
D,Gilbert Cisneros,House,TDG,P,2026-03-16,2026-04-07
D,Gilbert Cisneros,House,TYL,P,2026-03-13,2026-04-07
D,Gilbert Cisneros,House,UBER,S,2026-03-13,2026-04-07
D,Gilbert Cisneros,House,UFPI,P,2026-03-03,2026-04-07
D,Gilbert Cisneros,House,RARE,P,2026-03-03,2026-04-07
D,Gilbert Cisneros,House,UNH,P,2026-03-13,2026-04-07
D,Gilbert Cisneros,House,VCYT,P,2026-03-03,2026-04-07
D,Gilbert Cisneros,House,VICI,S,2026-03-13,2026-04-07
D,Gilbert Cisneros,House,WAT,P,2026-03-18,2026-04-07
D,Gilbert Cisneros,House,WDAY,P,2026-03-13,2026-04-07
D,Gilbert Cisneros,House,ACN,S,2026-04-14,2026-05-08
D,Gilbert Cisneros,House,ADBE,P,2026-04-14,2026-05-08
D,Gilbert Cisneros,House,AMD,P,2026-04-14,2026-05-08
D,Gilbert Cisneros,House,ARE,P,2026-04-14,2026-05-08
D,Gilbert Cisneros,House,AMZN,P,2026-04-14,2026-05-08
D,Gilbert Cisneros,House,AMZN,P,2026-04-22,2026-05-08
D,Gilbert Cisneros,House,APO,P,2026-04-14,2026-05-08
D,Gilbert Cisneros,House,BKNG,P,2026-04-14,2026-05-08
D,Gilbert Cisneros,House,BBIO,P,2026-04-29,2026-05-08
D,Gilbert Cisneros,House,BR,P,2026-04-14,2026-05-08
D,Gilbert Cisneros,House,CVNA,P,2026-04-14,2026-05-08
D,Gilbert Cisneros,House,COIN,P,2026-04-14,2026-05-08
D,Gilbert Cisneros,House,CAG,P,2026-04-14,2026-05-08
D,Gilbert Cisneros,House,CRWD,S,2026-04-14,2026-05-08
D,Gilbert Cisneros,House,DDOG,S,2026-04-14,2026-05-08
D,Gilbert Cisneros,House,DPZ,S,2026-04-14,2026-05-08
D,Gilbert Cisneros,House,DASH,P,2026-05-01,2026-05-08
D,Gilbert Cisneros,House,DASH,P,2026-04-15,2026-05-08
D,Gilbert Cisneros,House,DASH,P,2026-04-14,2026-05-08
D,Gilbert Cisneros,House,DASH,P,2026-04-06,2026-05-08
D,Gilbert Cisneros,House,DASH,P,2026-04-13,2026-05-08
D,Gilbert Cisneros,House,LLY,P,2026-04-14,2026-05-08
D,Gilbert Cisneros,House,EPAM,S,2026-04-14,2026-05-08
D,Gilbert Cisneros,House,EFX,S,2026-04-14,2026-05-08
D,Gilbert Cisneros,House,FICO,S,2026-04-14,2026-05-08
D,Gilbert Cisneros,House,FIS,S,2026-04-14,2026-05-08
D,Gilbert Cisneros,House,FSV,P,2026-05-01,2026-05-08
D,Gilbert Cisneros,House,FSV,P,2026-04-24,2026-05-08
D,Gilbert Cisneros,House,FTNT,S,2026-04-14,2026-05-08
D,Gilbert Cisneros,House,GEN,S,2026-04-14,2026-05-08
D,Gilbert Cisneros,House,GIL,P,2026-04-24,2026-05-08
D,Gilbert Cisneros,House,GIL,P,2026-04-27,2026-05-08
D,Gilbert Cisneros,House,GIL,P,2026-04-29,2026-05-08
D,Gilbert Cisneros,House,GIL,P,2026-04-22,2026-05-08
D,Gilbert Cisneros,House,GPN,P,2026-04-14,2026-05-08
D,Gilbert Cisneros,House,GDDY,P,2026-04-14,2026-05-08
D,Gilbert Cisneros,House,HESAF,S,2026-04-23,2026-05-08
D,Gilbert Cisneros,House,IBM,P,2026-04-14,2026-05-08
D,Gilbert Cisneros,House,IP,S,2026-04-14,2026-05-08
D,Gilbert Cisneros,House,JKHY,S,2026-04-14,2026-05-08
D,Gilbert Cisneros,House,LPLA,P,2026-05-01,2026-05-08
D,Gilbert Cisneros,House,LPLA,P,2026-04-06,2026-05-08
D,Gilbert Cisneros,House,LITE,P,2026-04-14,2026-05-08
D,Gilbert Cisneros,House,NWS,P,2026-04-14,2026-05-08
D,Gilbert Cisneros,House,OMC,S,2026-04-14,2026-05-08
D,Gilbert Cisneros,House,PLTR,P,2026-04-14,2026-05-08
D,Gilbert Cisneros,House,PAYX,P,2026-04-14,2026-05-08
D,Gilbert Cisneros,House,PAYC,S,2026-04-14,2026-05-08
D,Gilbert Cisneros,House,RVTY,P,2026-05-01,2026-05-08
D,Gilbert Cisneros,House,HOOD,P,2026-04-14,2026-05-08
D,Gilbert Cisneros,House,ST,P,2026-04-14,2026-05-08
D,Gilbert Cisneros,House,SSNC,P,2026-04-24,2026-05-08
D,Gilbert Cisneros,House,SSNC,S,2026-05-01,2026-05-08
D,Gilbert Cisneros,House,STE,P,2026-05-01,2026-05-08
D,Gilbert Cisneros,House,TSLA,P,2026-04-29,2026-05-08
D,Gilbert Cisneros,House,KHC,S,2026-04-14,2026-05-08
D,Gilbert Cisneros,House,TTD,S,2026-04-14,2026-05-08
D,Gilbert Cisneros,House,TRMB,P,2026-04-14,2026-05-08
D,Gilbert Cisneros,House,UBER,P,2026-04-14,2026-05-08
D,Gilbert Cisneros,House,UNH,P,2026-04-14,2026-05-08
D,Gilbert Cisneros,House,VLTO,P,2026-04-06,2026-05-08
D,Gilbert Cisneros,House,VLTO,P,2026-04-13,2026-05-08
D,Gilbert Cisneros,House,VLTO,P,2026-05-01,2026-05-08
D,Gilbert Cisneros,House,VRSK,S,2026-04-14,2026-05-08
D,Gilbert Cisneros,House,VZ,P,2026-04-14,2026-05-08
D,Gilbert Cisneros,House,W,P,2026-05-01,2026-05-08
D,Steve Cohen,House,RFI,S,2025-12-17,2026-01-14
D,Steve Cohen,House,FLR,S,2025-12-29,2026-01-26
D,Steve Cohen,House,SFGYY,P,2025-12-26,2026-05-15
R,Warren Davidson,House,GEHC,S,2026-03-23,2026-03-25
D,April McClain Delaney,House,TECH,P,2025-12-02,2026-01-05
D,April McClain Delaney,House,TECH,P,2025-12-05,2026-01-05
D,April McClain Delaney,House,BRO,P,2025-12-05,2026-01-05
D,April McClain Delaney,House,BRO,P,2025-12-12,2026-01-05
D,April McClain Delaney,House,CLH,P,2025-12-03,2026-01-05
D,April McClain Delaney,House,LYV,P,2025-12-02,2026-01-05
D,April McClain Delaney,House,MLM,P,2025-12-02,2026-01-05
D,April McClain Delaney,House,TSCO,P,2025-12-02,2026-01-05
D,April McClain Delaney,House,TSCO,P,2025-12-12,2026-01-05
D,April McClain Delaney,House,IDXX,S,2026-01-13,2026-02-02
D,April McClain Delaney,House,LH,P,2026-01-28,2026-02-02
D,April McClain Delaney,House,SGI,S,2026-01-30,2026-02-02
D,April McClain Delaney,House,BRO,P,2026-02-06,2026-03-10
D,April McClain Delaney,House,CHRW,P,2026-02-13,2026-03-10
D,April McClain Delaney,House,CHRW,P,2026-02-06,2026-03-10
D,April McClain Delaney,House,CHRW,P,2026-02-05,2026-03-10
D,April McClain Delaney,House,CHRW,P,2026-02-09,2026-03-10
D,April McClain Delaney,House,CLH,P,2026-02-23,2026-03-10
D,April McClain Delaney,House,EME,P,2026-02-27,2026-03-10
D,April McClain Delaney,House,EME,P,2026-02-04,2026-03-10
D,April McClain Delaney,House,LH,P,2026-02-11,2026-03-10
D,April McClain Delaney,House,LH,P,2026-02-04,2026-03-10
D,April McClain Delaney,House,NDAQ,P,2026-02-27,2026-03-10
D,April McClain Delaney,House,ROL,P,2026-02-20,2026-03-10
D,April McClain Delaney,House,ROL,P,2026-02-18,2026-03-10
D,April McClain Delaney,House,ROL,P,2026-02-13,2026-03-10
D,April McClain Delaney,House,MIDD,P,2026-02-06,2026-03-10
D,April McClain Delaney,House,TSCO,P,2026-02-10,2026-03-10
D,April McClain Delaney,House,BJ,S,2026-03-05,2026-04-06
D,April McClain Delaney,House,EME,P,2026-03-09,2026-04-06
D,April McClain Delaney,House,EME,P,2026-03-03,2026-04-06
D,April McClain Delaney,House,EME,P,2026-03-10,2026-04-06
D,April McClain Delaney,House,ENTG,P,2026-03-31,2026-04-06
D,April McClain Delaney,House,JLL,S,2026-03-13,2026-04-06
D,April McClain Delaney,House,MLM,P,2026-03-09,2026-04-06
D,April McClain Delaney,House,NDAQ,P,2026-03-09,2026-04-06
D,April McClain Delaney,House,NDAQ,P,2026-03-03,2026-04-06
D,April McClain Delaney,House,NDAQ,P,2026-03-04,2026-04-06
D,April McClain Delaney,House,NDAQ,P,2026-03-10,2026-04-06
D,April McClain Delaney,House,NDAQ,P,2026-03-31,2026-04-06
D,April McClain Delaney,House,NDAQ,P,2026-03-18,2026-04-06
D,April McClain Delaney,House,PKG,P,2026-03-20,2026-04-06
D,April McClain Delaney,House,PKG,P,2026-03-17,2026-04-06
D,April McClain Delaney,House,ROL,P,2026-03-31,2026-04-06
D,April McClain Delaney,House,SGI,P,2026-03-31,2026-04-06
D,April McClain Delaney,House,SGI,P,2026-03-13,2026-04-06
D,April McClain Delaney,House,SGI,P,2026-03-16,2026-04-06
D,April McClain Delaney,House,SGI,P,2026-03-09,2026-04-06
D,April McClain Delaney,House,TSCO,P,2026-03-16,2026-04-06
D,April McClain Delaney,House,TSCO,P,2026-03-04,2026-04-06
D,April McClain Delaney,House,TSCO,P,2026-03-31,2026-04-06
D,April McClain Delaney,House,TECH,S,2026-04-08,2026-05-06
D,April McClain Delaney,House,ENTG,P,2026-04-15,2026-05-06
D,April McClain Delaney,House,MKL,P,2026-04-30,2026-05-06
D,April McClain Delaney,House,NDAQ,P,2026-04-24,2026-05-06
D,April McClain Delaney,House,PKG,P,2026-04-29,2026-05-06
D,April McClain Delaney,House,PKG,P,2026-04-24,2026-05-06
D,April McClain Delaney,House,TDG,P,2026-04-30,2026-05-06
D,April McClain Delaney,House,TDG,P,2026-04-16,2026-05-06
D,April McClain Delaney,House,TDG,P,2026-04-20,2026-05-06
D,April McClain Delaney,House,TDG,P,2026-04-15,2026-05-06
D,April McClain Delaney,House,TDG,P,2026-04-17,2026-05-06
D,Debbie Dingell,House,WAT,E,2026-02-10,2026-02-23
D,Debbie Dingell,House,PTA,P,2026-04-21,2026-04-28
D,Lloyd Doggett,House,HD,P,2025-12-15,2026-01-02
D,Lloyd Doggett,House,IBM,P,2025-12-18,2026-01-02
D,Lloyd Doggett,House,JNJ,P,2025-12-09,2026-01-02
D,Lloyd Doggett,House,PPG,P,2025-12-12,2026-01-02
D,Lloyd Doggett,House,IBM,P,2026-03-26,2026-04-06
D,Lloyd Doggett,House,JNJ,P,2026-03-10,2026-04-06
D,Lloyd Doggett,House,PPG,P,2026-03-12,2026-04-06
R,Byron Donalds,House,ABT,S,2025-12-04,2026-01-07
R,Byron Donalds,House,FIX,P,2025-12-18,2026-01-07
R,Byron Donalds,House,FIX,P,2025-12-04,2026-01-07
R,Byron Donalds,House,HWM,P,2026-01-08,2026-02-12
R,Byron Donalds,House,TTD,S,2026-01-08,2026-02-12
R,Byron Donalds,House,BRO,S,2026-02-10,2026-03-06
R,Byron Donalds,House,PYPL,S,2026-02-10,2026-03-06
R,Byron Donalds,House,NOW,P,2026-02-10,2026-03-06
R,Byron Donalds,House,TTD,P,2026-02-10,2026-03-06
R,Byron Donalds,House,NFLX,P,2026-03-20,2026-04-08
R,Byron Donalds,House,PYPL,P,2026-03-13,2026-04-08
R,Byron Donalds,House,TTD,S,2026-03-20,2026-04-08
R,Byron Donalds,House,CMG,S,2026-04-02,2026-05-13
R,Byron Donalds,House,LLY,P,2026-04-02,2026-05-13
R,Byron Donalds,House,INTU,S,2026-04-02,2026-05-13
R,Byron Donalds,House,MRVL,P,2026-04-02,2026-05-13
D,Dwight Evans,House,MU,S,2026-03-24,2026-04-20
D,Dwight Evans,House,AMT,S,2026-05-11,2026-05-15
D,Cleo Fields,House,GOOGL,P,2025-12-26,2026-01-16
D,Cleo Fields,House,IREN,S,2025-12-26,2026-01-16
D,Cleo Fields,House,OPEN,S,2025-12-26,2026-01-16
D,Cleo Fields,House,GOOG,P,2026-01-12,2026-02-03
D,Cleo Fields,House,GOOG,P,2026-01-20,2026-02-03
D,Cleo Fields,House,IREN,P,2026-01-20,2026-02-03
D,Cleo Fields,House,META,P,2026-01-20,2026-02-03
D,Cleo Fields,House,NFLX,P,2026-01-20,2026-02-03
D,Cleo Fields,House,TSM,P,2026-01-08,2026-02-03
D,Cleo Fields,House,AMD,P,2026-02-03,2026-02-24
D,Cleo Fields,House,GOOGL,P,2026-02-03,2026-02-24
D,Cleo Fields,House,AAPL,P,2026-02-12,2026-02-24
D,Cleo Fields,House,LRCX,P,2026-02-03,2026-02-24
D,Cleo Fields,House,META,P,2026-02-03,2026-02-24
D,Cleo Fields,House,MU,P,2026-02-03,2026-02-24
D,Cleo Fields,House,MSFT,P,2026-03-12,2026-03-17
D,Cleo Fields,House,GOOG,P,2026-03-16,2026-04-07
D,Cleo Fields,House,TSM,P,2026-04-09,2026-04-20
R,Virginia Foxx,House,EFC,P,2025-12-30,2026-01-05
R,Virginia Foxx,House,HTGC,S,2026-01-12,2026-02-06
R,Virginia Foxx,House,PSA,S,2026-01-12,2026-02-06
R,Virginia Foxx,House,ARLP,P,2026-02-13,2026-03-02
R,Scott Scott Franklin,House,HSY,S,2026-02-10,2026-02-23
D,Laura Friedman,House,ABT,E,2026-03-24,2026-04-17
D,Laura Friedman,House,HOLX,E,2026-04-08,2026-05-14
D,Josh Gottheimer,House,LNG,S,2025-12-12,2026-01-14
D,Josh Gottheimer,House,CVLT,S,2025-12-05,2026-01-14
D,Josh Gottheimer,House,SE,S,2025-12-05,2026-01-14
D,Josh Gottheimer,House,UTZ,S,2025-12-08,2026-01-14
D,Josh Gottheimer,House,GILD,P,2026-01-27,2026-02-26
D,Josh Gottheimer,House,ICE,P,2026-01-26,2026-02-26
D,Josh Gottheimer,House,SNDR,S,2026-01-26,2026-02-26
D,Josh Gottheimer,House,NOW,S,2026-01-30,2026-02-26
D,Josh Gottheimer,House,NET,S,2026-02-04,2026-03-16
D,Josh Gottheimer,House,CMI,P,2026-02-05,2026-03-16
D,Josh Gottheimer,House,XOM,P,2026-02-04,2026-03-16
D,Josh Gottheimer,House,XOM,P,2026-02-02,2026-03-16
D,Josh Gottheimer,House,FICO,S,2026-02-04,2026-03-16
D,Josh Gottheimer,House,FSS,P,2026-02-26,2026-03-16
D,Josh Gottheimer,House,GEV,P,2026-02-05,2026-03-16
D,Josh Gottheimer,House,IFNNY,P,2026-02-27,2026-03-16
D,Josh Gottheimer,House,MRK,P,2026-02-04,2026-03-16
D,Josh Gottheimer,House,MNST,P,2026-02-02,2026-03-16
D,Josh Gottheimer,House,PANW,S,2026-02-27,2026-03-16
D,Josh Gottheimer,House,UNH,P,2026-02-05,2026-03-16
D,Josh Gottheimer,House,APD,P,2026-03-05,2026-04-08
D,Josh Gottheimer,House,ALC,S,2026-03-12,2026-04-08
D,Josh Gottheimer,House,COLB,S,2026-03-05,2026-04-08
D,Josh Gottheimer,House,FWRG,P,2026-03-24,2026-04-08
D,Josh Gottheimer,House,IFNNY,S,2026-03-12,2026-04-08
D,Josh Gottheimer,House,INTA,S,2026-03-12,2026-04-08
D,Josh Gottheimer,House,LZB,S,2026-03-12,2026-04-08
D,Josh Gottheimer,House,PHR,S,2026-03-05,2026-04-08
D,Josh Gottheimer,House,SE,P,2026-03-10,2026-04-08
D,Josh Gottheimer,House,NOW,P,2026-03-06,2026-04-08
D,Josh Gottheimer,House,AMD,P,2026-04-27,2026-05-19
D,Josh Gottheimer,House,AMD,P,2026-04-23,2026-05-19
D,Josh Gottheimer,House,ALLY,S,2026-04-09,2026-05-19
D,Josh Gottheimer,House,CBZ,S,2026-04-09,2026-05-19
D,Josh Gottheimer,House,DRI,P,2026-04-06,2026-05-19
D,Josh Gottheimer,House,DLTR,S,2026-04-09,2026-05-19
D,Josh Gottheimer,House,FWRG,P,2026-04-06,2026-05-19
D,Josh Gottheimer,House,F,S,2026-04-09,2026-05-19
D,Josh Gottheimer,House,FCX,P,2026-04-15,2026-05-19
D,Josh Gottheimer,House,GS,P,2026-04-16,2026-05-19
D,Josh Gottheimer,House,HDB,S,2026-04-09,2026-05-19
D,Josh Gottheimer,House,IFNNY,S,2026-04-09,2026-05-19
D,Josh Gottheimer,House,INTA,P,2026-04-13,2026-05-19
D,Josh Gottheimer,House,MKTX,S,2026-04-09,2026-05-19
D,Josh Gottheimer,House,MLM,S,2026-04-09,2026-05-19
D,Josh Gottheimer,House,NTES,P,2026-04-06,2026-05-19
D,Josh Gottheimer,House,PFGC,S,2026-04-09,2026-05-19
D,Josh Gottheimer,House,NOW,S,2026-04-24,2026-05-19
D,Josh Gottheimer,House,SYF,S,2026-04-09,2026-05-19
D,Josh Gottheimer,House,TSCO,S,2026-04-09,2026-05-19
R,Michael Patrick Guest,House,CHRD,S,2026-01-09,2026-02-17
R,Michael Patrick Guest,House,DT,S,2026-01-09,2026-02-17
R,Michael Patrick Guest,House,EVVTY,S,2026-01-09,2026-02-17
R,Michael Patrick Guest,House,OTCM,S,2026-01-09,2026-02-17
R,Kevin Hern,House,UNH,S,2025-12-23,2026-01-22
R,Kevin Hern,House,WAT,E,2026-02-09,2026-03-06
R,Kevin Hern,House,ACN,S,2026-03-16,2026-04-03
R,Kevin Hern,House,BDX,S,2026-03-17,2026-04-03
R,Kevin Hern,House,MUA,S,2026-03-17,2026-04-03
R,Kevin Hern,House,CTSH,S,2026-03-17,2026-04-03
R,Kevin Hern,House,CMCSA,S,2026-03-17,2026-04-03
R,Kevin Hern,House,EXAS,S,2026-03-24,2026-04-03
R,Kevin Hern,House,ICLR,S,2026-03-05,2026-04-03
R,Kevin Hern,House,IVZ,S,2026-03-17,2026-04-03
R,Kevin Hern,House,IQV,S,2026-03-16,2026-04-03
R,Kevin Hern,House,KVUE,S,2026-03-17,2026-04-03
R,Kevin Hern,House,MDT,S,2026-03-20,2026-04-03
R,Kevin Hern,House,PRGS,S,2026-03-16,2026-04-03
R,Kevin Hern,House,PLD,S,2026-03-20,2026-04-03
R,Kevin Hern,House,SMA,S,2026-03-18,2026-04-03
R,Kevin Hern,House,TROW,S,2026-03-20,2026-04-03
R,Kevin Hern,House,TXN,S,2026-03-18,2026-04-03
R,James French Hill,House,KD,S,2025-12-31,2026-01-23
R,James French Hill,House,SFL,S,2025-12-31,2026-01-23
R,James French Hill,House,SOLV,S,2025-12-31,2026-01-23
D,Jonathan Jackson,House,MELI,S,2025-12-10,2026-01-08
D,Jonathan Jackson,House,NFLX,S,2025-12-08,2026-01-08
D,Jonathan Jackson,House,PLTR,P,2025-12-22,2026-01-08
D,Jonathan Jackson,House,HOOD,S,2025-12-22,2026-01-08
D,Jonathan Jackson,House,SHOP,P,2025-12-08,2026-01-08
D,Jonathan Jackson,House,THC,P,2025-12-10,2026-01-08
D,Jonathan Jackson,House,C,P,2026-01-30,2026-02-23
D,Jonathan Jackson,House,CPNG,S,2026-01-22,2026-02-23
D,Jonathan Jackson,House,GEV,P,2026-01-30,2026-02-23
D,Jonathan Jackson,House,JPM,P,2026-01-20,2026-02-23
D,Jonathan Jackson,House,PLTR,S,2026-01-16,2026-02-23
D,Jonathan Jackson,House,HOOD,S,2026-01-20,2026-02-23
D,Jonathan Jackson,House,SHOP,S,2026-01-30,2026-02-23
D,Jonathan Jackson,House,VSAT,S,2026-01-13,2026-02-23
D,Jonathan Jackson,House,WMT,P,2026-01-13,2026-02-23
D,Jonathan Jackson,House,AMZN,P,2026-02-05,2026-03-12
D,Jonathan Jackson,House,AMZN,S,2026-02-11,2026-03-12
D,Jonathan Jackson,House,BRCM,S,2026-02-04,2026-03-12
D,Jonathan Jackson,House,C,P,2026-02-04,2026-03-12
D,Jonathan Jackson,House,C,P,2026-02-11,2026-03-12
D,Jonathan Jackson,House,C,P,2026-02-05,2026-03-12
D,Jonathan Jackson,House,IBM,S,2026-02-17,2026-03-12
D,Jonathan Jackson,House,PANW,S,2026-02-05,2026-03-12
D,Jonathan Jackson,House,SHOP,S,2026-02-03,2026-03-12
D,Jonathan Jackson,House,BK,P,2026-02-17,2026-03-12
D,Jonathan Jackson,House,WELL,P,2026-02-11,2026-03-12
D,Jonathan Jackson,House,AMZN,S,2026-03-09,2026-04-08
D,Jonathan Jackson,House,BP,P,2026-03-20,2026-04-08
D,Jonathan Jackson,House,ORLY,P,2026-03-19,2026-04-08
D,Julie Johnson,House,MMM,S,2025-12-18,2026-01-15
D,Julie Johnson,House,ABT,S,2025-12-18,2026-01-15
D,Julie Johnson,House,ABBV,S,2025-12-18,2026-01-15
D,Julie Johnson,House,APD,S,2025-12-18,2026-01-15
D,Julie Johnson,House,GOOG,S,2025-12-18,2026-01-15
D,Julie Johnson,House,AXP,S,2025-12-18,2026-01-15
D,Julie Johnson,House,ADI,S,2025-12-18,2026-01-15
D,Julie Johnson,House,AJG,S,2025-12-18,2026-01-15
D,Julie Johnson,House,BAC,S,2025-12-18,2026-01-15
D,Julie Johnson,House,BX,S,2025-12-18,2026-01-15
D,Julie Johnson,House,BMY,S,2025-12-03,2026-01-15
D,Julie Johnson,House,COF,S,2025-12-18,2026-01-15
D,Julie Johnson,House,CARR,S,2025-12-18,2026-01-15
D,Julie Johnson,House,SCHW,S,2025-12-18,2026-01-15
D,Julie Johnson,House,CVX,S,2025-12-18,2026-01-15
D,Julie Johnson,House,CME,S,2025-12-18,2026-01-15
D,Julie Johnson,House,CMS,S,2025-12-18,2026-01-15
D,Julie Johnson,House,CMS,S,2025-12-09,2026-01-15
D,Julie Johnson,House,CMCSA,S,2025-12-18,2026-01-15
D,Julie Johnson,House,COP,S,2025-12-18,2026-01-15
D,Julie Johnson,House,DHR,S,2025-12-18,2026-01-15
D,Julie Johnson,House,DE,S,2025-12-18,2026-01-15
D,Julie Johnson,House,DOV,S,2025-12-18,2026-01-15
D,Julie Johnson,House,ETN,S,2025-12-18,2026-01-15
D,Julie Johnson,House,LLY,S,2025-12-18,2026-01-15
D,Julie Johnson,House,EOG,S,2025-12-18,2026-01-15
D,Julie Johnson,House,FIS,S,2025-12-18,2026-01-15
D,Julie Johnson,House,GD,S,2025-12-18,2026-01-15
D,Julie Johnson,House,HD,S,2025-12-18,2026-01-15
D,Julie Johnson,House,IBM,S,2025-12-18,2026-01-15
D,Julie Johnson,House,JNJ,S,2025-12-18,2026-01-15
D,Julie Johnson,House,MCD,S,2025-12-18,2026-01-15
D,Julie Johnson,House,MDT,S,2025-12-18,2026-01-15
D,Julie Johnson,House,MRK,S,2025-12-18,2026-01-15
D,Julie Johnson,House,MSFT,S,2025-12-18,2026-01-15
D,Julie Johnson,House,MDLZ,S,2025-12-18,2026-01-15
D,Julie Johnson,House,MS,S,2025-12-18,2026-01-15
D,Julie Johnson,House,NEE,S,2025-12-18,2026-01-15
D,Julie Johnson,House,NSC,S,2025-12-18,2026-01-15
D,Julie Johnson,House,NXPI,S,2025-12-18,2026-01-15
D,Julie Johnson,House,PKG,S,2025-12-18,2026-01-15
D,Julie Johnson,House,PM,S,2025-12-18,2026-01-15
D,Julie Johnson,House,PGR,S,2025-12-18,2026-01-15
D,Julie Johnson,House,PEG,S,2025-12-18,2026-01-15
D,Julie Johnson,House,RSG,S,2025-12-18,2026-01-15
D,Julie Johnson,House,RTX,S,2025-12-18,2026-01-15
D,Julie Johnson,House,STX,S,2025-12-18,2026-01-15
D,Julie Johnson,House,NOW,S,2025-12-09,2026-01-15
D,Julie Johnson,House,TXN,S,2025-12-18,2026-01-15
D,Julie Johnson,House,BK,S,2025-12-18,2026-01-15
D,Julie Johnson,House,CI,S,2025-12-18,2026-01-15
D,Julie Johnson,House,UNP,S,2025-12-18,2026-01-15
D,Julie Johnson,House,UNH,S,2025-12-18,2026-01-15
D,Julie Johnson,House,VZ,S,2025-12-18,2026-01-15
D,Julie Johnson,House,WMT,S,2025-12-18,2026-01-15
D,Julie Johnson,House,WFC,S,2025-12-18,2026-01-15
R,James D Jordan,House,CBSI,S,2025-10-27,2026-01-14
R,Thomas H. Kean,House,LLYVA,E,2025-12-16,2026-01-16
R,Thomas H. Kean,House,LLYVK,E,2025-12-16,2026-01-16
R,Thomas H. Kean,House,SNREY,S,2025-12-02,2026-01-16
R,Thomas H. Kean,House,ABT,P,2026-01-29,2026-02-19
R,Thomas H. Kean,House,GM,S,2026-01-07,2026-02-19
R,Thomas H. Kean,House,FCNCA,P,2026-02-05,2026-03-18
R,Thomas H. Kean,House,LIN,P,2026-02-18,2026-03-18
R,Thomas H. Kean,House,WAT,P,2026-02-18,2026-03-18
R,Thomas H. Kean,House,AMCR,P,2026-03-31,2026-04-13
R,Thomas H. Kean,House,LIN,P,2026-03-26,2026-04-13
R,Thomas H. Kean,House,FCNCA,S,2026-04-14,2026-05-22
R,Thomas H. Kean,House,TTWO,S,2026-04-21,2026-05-22
R,Thomas H. Kean,House,TXN,P,2026-04-14,2026-05-22
D,Rick Larsen,House,DRI,P,2026-01-07,2026-01-14
D,Rick Larsen,House,ESS,S,2026-01-07,2026-01-14
D,Rick Larsen,House,META,P,2026-01-07,2026-01-14
D,Rick Larsen,House,MDLZ,S,2026-01-07,2026-01-14
D,Rick Larsen,House,VRSK,S,2026-01-07,2026-01-14
D,Rick Larsen,House,WM,P,2026-01-07,2026-01-14
D,Rick Larsen,House,AXP,S,2026-04-07,2026-04-15
D,Rick Larsen,House,AWK,S,2026-04-07,2026-04-15
D,Rick Larsen,House,BR,S,2026-04-07,2026-04-15
D,Rick Larsen,House,CARR,P,2026-04-07,2026-04-15
D,Rick Larsen,House,CASY,P,2026-04-07,2026-04-15
D,Rick Larsen,House,NEE,P,2026-04-07,2026-04-15
D,Rick Larsen,House,PAYX,S,2026-04-07,2026-04-15
D,Rick Larsen,House,SNDA,S,2026-04-07,2026-04-15
D,Rick Larsen,House,SNDA,E,2026-03-31,2026-04-15
D,Rick Larsen,House,WAB,P,2026-04-07,2026-04-15
R,Robert E. Latta,House,FMAO,P,2026-01-20,2026-01-23
R,Robert E. Latta,House,FMAO,P,2026-04-20,2026-04-24
R,Julia Letlow,House,MMM,P,2025-01-17,2026-01-13
R,Julia Letlow,House,ABT,S,2025-12-08,2026-01-13
R,Julia Letlow,House,ABBV,S,2025-12-08,2026-01-13
R,Julia Letlow,House,ABBV,S,2025-01-24,2026-01-13
R,Julia Letlow,House,ABBV,P,2025-04-28,2026-01-13
R,Julia Letlow,House,ACN,S,2025-07-24,2026-01-13
R,Julia Letlow,House,ACN,S,2025-01-15,2026-01-13
R,Julia Letlow,House,ACN,P,2025-04-22,2026-01-13
R,Julia Letlow,House,ADBE,P,2025-01-24,2026-01-13
R,Julia Letlow,House,ADBE,S,2025-10-16,2026-01-13
R,Julia Letlow,House,AMD,P,2025-06-17,2026-01-13
R,Julia Letlow,House,ACI,P,2025-01-24,2026-01-13
R,Julia Letlow,House,ACI,S,2025-08-26,2026-01-13
R,Julia Letlow,House,GOOGL,P,2025-07-02,2026-01-13
R,Julia Letlow,House,AMZN,P,2025-10-01,2026-01-13
R,Julia Letlow,House,AFG,S,2025-02-24,2026-01-13
R,Julia Letlow,House,AIG,P,2025-02-24,2026-01-13
R,Julia Letlow,House,AAPL,P,2025-01-31,2026-01-13
R,Julia Letlow,House,AJG,S,2025-07-29,2026-01-13
R,Julia Letlow,House,AIZ,P,2025-08-26,2026-01-13
R,Julia Letlow,House,AZN,P,2025-12-08,2026-01-13
R,Julia Letlow,House,BMY,S,2025-04-28,2026-01-13
R,Julia Letlow,House,CNC,S,2025-08-08,2026-01-13
R,Julia Letlow,House,CF,S,2025-08-08,2026-01-13
R,Julia Letlow,House,CMG,P,2025-08-26,2026-01-13
R,Julia Letlow,House,CMG,S,2025-11-03,2026-01-13
R,Julia Letlow,House,CSCO,P,2025-06-17,2026-01-13
R,Julia Letlow,House,C,S,2025-04-11,2026-01-13
R,Julia Letlow,House,C,P,2025-01-31,2026-01-13
R,Julia Letlow,House,DE,P,2025-01-31,2026-01-13
R,Julia Letlow,House,DE,S,2025-09-22,2026-01-13
R,Julia Letlow,House,DVN,P,2025-12-08,2026-01-13
R,Julia Letlow,House,DLTR,P,2025-09-17,2026-01-13
R,Julia Letlow,House,DOV,S,2025-04-11,2026-01-13
R,Julia Letlow,House,DBX,S,2025-04-22,2026-01-13
R,Julia Letlow,House,EXR,P,2025-02-07,2026-01-13
R,Julia Letlow,House,EXR,S,2025-11-03,2026-01-13
R,Julia Letlow,House,GTES,P,2025-09-22,2026-01-13
R,Julia Letlow,House,GLOB,S,2025-08-08,2026-01-13
R,Julia Letlow,House,GLOB,P,2025-07-25,2026-01-13
R,Julia Letlow,House,GLOB,P,2025-02-28,2026-01-13
R,Julia Letlow,House,GS,S,2025-07-24,2026-01-13
R,Julia Letlow,House,HPE,P,2025-01-24,2026-01-13
R,Julia Letlow,House,HUM,P,2025-08-08,2026-01-13
R,Julia Letlow,House,ICON,P,2025-12-08,2026-01-13
R,Julia Letlow,House,IR,S,2025-01-31,2026-01-13
R,Julia Letlow,House,INTC,P,2025-09-22,2026-01-13
R,Julia Letlow,House,IBM,P,2025-10-22,2026-01-13
R,Julia Letlow,House,INTU,P,2025-10-01,2026-01-13
R,Julia Letlow,House,JCI,S,2025-10-02,2026-01-13
R,Julia Letlow,House,JCI,P,2025-03-19,2026-01-13
R,Julia Letlow,House,KVUE,S,2025-10-01,2026-01-13
R,Julia Letlow,House,LVS,S,2025-05-08,2026-01-13
R,Julia Letlow,House,LOW,P,2025-08-08,2026-01-13
R,Julia Letlow,House,MCK,P,2024-12-18,2026-01-13
R,Julia Letlow,House,META,P,2025-01-31,2026-01-13
R,Julia Letlow,House,META,S,2025-07-02,2026-01-13
R,Julia Letlow,House,MTD,P,2025-07-25,2026-01-13
R,Julia Letlow,House,MTD,P,2024-12-18,2026-01-13
R,Julia Letlow,House,MTD,S,2025-12-08,2026-01-13
R,Julia Letlow,House,MU,P,2024-12-18,2026-01-13
R,Julia Letlow,House,MU,P,2025-04-14,2026-01-13
R,Julia Letlow,House,MSFT,P,2025-05-08,2026-01-13
R,Julia Letlow,House,NEE,S,2025-01-15,2026-01-13
R,Julia Letlow,House,PM,P,2025-06-17,2026-01-13
R,Julia Letlow,House,PINS,S,2025-12-16,2026-01-13
R,Julia Letlow,House,PEG,P,2025-10-16,2026-01-13
R,Julia Letlow,House,PVH,S,2025-01-24,2026-01-13
R,Julia Letlow,House,DGX,P,2025-04-28,2026-01-13
R,Julia Letlow,House,DGX,S,2025-07-24,2026-01-13
R,Julia Letlow,House,RELX,P,2025-10-22,2026-01-13
R,Julia Letlow,House,RBLX,S,2025-10-22,2026-01-13
R,Julia Letlow,House,RBLX,P,2025-10-16,2026-01-13
R,Julia Letlow,House,CRM,P,2025-07-25,2026-01-13
R,Julia Letlow,House,CRM,S,2025-02-07,2026-01-13
R,Julia Letlow,House,CRM,S,2025-12-16,2026-01-13
R,Julia Letlow,House,SLB,S,2025-02-24,2026-01-13
R,Julia Letlow,House,STT,P,2025-05-27,2026-01-13
R,Julia Letlow,House,SF,P,2025-11-03,2026-01-13
R,Julia Letlow,House,SYK,S,2025-10-16,2026-01-13
R,Julia Letlow,House,SYF,P,2025-07-02,2026-01-13
R,Julia Letlow,House,TTWO,P,2025-04-14,2026-01-13
R,Julia Letlow,House,TTWO,P,2025-07-29,2026-01-13
R,Julia Letlow,House,TPR,S,2025-07-29,2026-01-13
R,Julia Letlow,House,BK,S,2025-07-02,2026-01-13
R,Julia Letlow,House,CI,S,2025-04-22,2026-01-13
R,Julia Letlow,House,TMO,S,2025-04-28,2026-01-13
R,Julia Letlow,House,TMO,P,2025-07-25,2026-01-13
R,Julia Letlow,House,TW,P,2025-07-29,2026-01-13
R,Julia Letlow,House,TW,S,2025-10-01,2026-01-13
R,Julia Letlow,House,URI,P,2025-12-16,2026-01-13
R,Julia Letlow,House,UNH,S,2025-05-27,2026-01-13
R,Julia Letlow,House,UNH,P,2025-04-22,2026-01-13
R,Julia Letlow,House,UHID,S,2025-01-24,2026-01-13
R,Julia Letlow,House,UHS,P,2025-10-23,2026-01-13
R,Julia Letlow,House,VRTX,P,2025-12-17,2026-01-13
R,Julia Letlow,House,WBD,P,2025-11-03,2026-01-13
R,Julia Letlow,House,WAT,P,2025-12-08,2026-01-13
R,Julia Letlow,House,WSM,P,2025-07-25,2026-01-13
R,Julia Letlow,House,WDAY,S,2025-07-24,2026-01-13
R,Julia Letlow,House,MMM,S,2026-02-04,2026-03-12
R,Julia Letlow,House,AMD,P,2026-02-02,2026-03-12
R,Julia Letlow,House,AAPL,P,2026-02-02,2026-03-12
R,Julia Letlow,House,BA,S,2026-02-12,2026-03-12
R,Julia Letlow,House,AVGO,P,2026-02-02,2026-03-12
R,Julia Letlow,House,CSCO,S,2026-02-20,2026-03-12
R,Julia Letlow,House,CMI,P,2026-02-04,2026-03-12
R,Julia Letlow,House,EXE,S,2026-02-17,2026-03-12
R,Julia Letlow,House,EXR,P,2026-02-12,2026-03-12
R,Julia Letlow,House,DINO,S,2026-02-20,2026-03-12
R,Julia Letlow,House,HUM,S,2026-02-10,2026-03-12
R,Julia Letlow,House,ICLR,S,2026-02-12,2026-03-12
R,Julia Letlow,House,ICE,S,2026-02-12,2026-03-12
R,Julia Letlow,House,IBM,P,2026-02-02,2026-03-12
R,Julia Letlow,House,INTU,S,2026-02-02,2026-03-12
R,Julia Letlow,House,DRS,P,2026-02-02,2026-03-12
R,Julia Letlow,House,MKC,S,2026-02-02,2026-03-12
R,Julia Letlow,House,META,P,2026-02-12,2026-03-12
R,Julia Letlow,House,PM,P,2026-02-05,2026-03-12
R,Julia Letlow,House,PEG,P,2026-02-02,2026-03-12
R,Julia Letlow,House,REGN,P,2026-02-12,2026-03-12
R,Julia Letlow,House,CRM,S,2026-02-02,2026-03-12
R,Julia Letlow,House,TSM,P,2026-02-02,2026-03-12
R,Julia Letlow,House,TTWO,S,2026-02-12,2026-03-12
R,Julia Letlow,House,TRV,P,2026-02-20,2026-03-12
R,Julia Letlow,House,URI,S,2026-02-02,2026-03-12
R,Julia Letlow,House,VST,P,2026-02-17,2026-03-12
R,Lisa McClain,House,BBAI,P,2026-02-04,2026-03-04
R,Lisa McClain,House,BBAI,P,2026-02-06,2026-03-04
D,Richard Dean Dr McCormick,House,ABT,P,2026-03-19,2026-04-07
D,Richard Dean Dr McCormick,House,ADP,P,2026-03-19,2026-04-07
D,Richard Dean Dr McCormick,House,BLK,P,2026-03-19,2026-04-07
D,Richard Dean Dr McCormick,House,HD,P,2026-03-19,2026-04-07
D,Richard Dean Dr McCormick,House,JNJ,P,2026-03-19,2026-04-07
D,Richard Dean Dr McCormick,House,MSFT,P,2026-03-19,2026-04-07
D,Richard Dean Dr McCormick,House,UNH,P,2026-03-19,2026-04-07
D,Richard Dean Dr McCormick,House,AMT,S,2026-04-17,2026-05-12
R,John McGuire,House,MSFT,P,2026-01-21,2026-02-10
R,John McGuire,House,NVDA,P,2026-01-30,2026-02-10
R,John McGuire,House,AAPL,P,2026-04-15,2026-05-13
R,John McGuire,House,MSFT,P,2026-04-15,2026-05-13
R,John McGuire,House,NVDA,P,2026-04-15,2026-05-13
R,Tim Moore,House,CBRL,P,2025-12-31,2026-01-07
R,Tim Moore,House,GNPX,P,2025-12-18,2026-01-07
R,Tim Moore,House,HOG,P,2025-12-18,2026-01-07
R,Tim Moore,House,CBRL,P,2026-01-09,2026-01-24
R,Tim Moore,House,HY,P,2025-12-31,2026-01-24
R,Tim Moore,House,HY,S,2026-01-05,2026-01-24
R,Tim Moore,House,COIN,S,2026-01-30,2026-02-20
R,Tim Moore,House,GNPX,P,2026-02-05,2026-02-20
R,Tim Moore,House,HOG,P,2026-01-23,2026-02-20
R,Tim Moore,House,DNUT,P,2026-02-12,2026-02-20
R,Tim Moore,House,SMPL,P,2026-02-11,2026-02-20
R,Tim Moore,House,SMPL,P,2026-02-03,2026-02-20
R,Tim Moore,House,VZ,S,2026-01-30,2026-02-20
R,Tim Moore,House,CBRL,P,2026-03-23,2026-03-24
R,Tim Moore,House,HOG,P,2026-03-12,2026-03-24
R,Tim Moore,House,DNUT,S,2026-03-17,2026-03-24
R,Tim Moore,House,LGIH,P,2026-03-18,2026-03-24
R,Tim Moore,House,LGIH,P,2026-03-19,2026-03-24
R,Tim Moore,House,LGIH,P,2026-03-20,2026-03-24
R,Tim Moore,House,LGIH,P,2026-03-12,2026-03-24
R,Tim Moore,House,SMPL,P,2026-03-12,2026-03-24
R,Tim Moore,House,SMPL,P,2026-03-13,2026-03-24
R,Tim Moore,House,CBRL,S,2026-04-01,2026-04-28
R,Tim Moore,House,HOG,S,2026-04-07,2026-04-28
R,Tim Moore,House,LGIH,S,2026-03-26,2026-04-28
R,Tim Moore,House,NVDA,S,2026-03-24,2026-04-28
R,Tim Moore,House,IHG,P,2026-05-18,2026-05-19
R,Tim Moore,House,RYCEY,P,2026-05-07,2026-05-19
D,Kelly Louise Morrison,House,ASHGY,E,2025-12-10,2026-01-20
D,Kelly Louise Morrison,House,AJG,S,2026-03-08,2026-03-10
D,Kelly Louise Morrison,House,MICC,P,2026-03-09,2026-03-10
D,Kelly Louise Morrison,House,MICC,S,2026-03-08,2026-03-10
D,Jared Moskowitz,House,ATO,P,2025-12-02,2026-01-16
D,Jared Moskowitz,House,MCK,P,2025-12-02,2026-01-16
D,Jared Moskowitz,House,PEP,S,2025-12-02,2026-01-16
D,Jared Moskowitz,House,PEG,S,2025-12-02,2026-01-16
D,Jared Moskowitz,House,ROP,S,2026-02-27,2026-03-30
D,Jared Moskowitz,House,ACN,S,2026-03-23,2026-04-30
D,Jared Moskowitz,House,AXP,P,2026-03-31,2026-04-30
D,Jared Moskowitz,House,ASML,P,2026-03-31,2026-04-30
D,Jared Moskowitz,House,ASML,P,2026-03-23,2026-04-30
D,Jared Moskowitz,House,ADP,S,2026-03-23,2026-04-30
D,Jared Moskowitz,House,AVGO,P,2026-03-31,2026-04-30
D,Jared Moskowitz,House,BRO,S,2026-03-23,2026-04-30
D,Jared Moskowitz,House,COR,P,2026-03-31,2026-04-30
D,Jared Moskowitz,House,COR,P,2026-03-23,2026-04-30
D,Jared Moskowitz,House,CB,P,2026-03-31,2026-04-30
D,Jared Moskowitz,House,GE,P,2026-03-31,2026-04-30
D,Jared Moskowitz,House,GE,P,2026-03-23,2026-04-30
D,Jared Moskowitz,House,GD,P,2026-03-31,2026-04-30
D,Jared Moskowitz,House,GD,P,2026-03-23,2026-04-30
D,Jared Moskowitz,House,MCD,P,2026-03-31,2026-04-30
D,Jared Moskowitz,House,MNST,P,2026-03-23,2026-04-30
D,Jared Moskowitz,House,MSI,P,2026-03-23,2026-04-30
D,Jared Moskowitz,House,MSI,P,2026-03-31,2026-04-30
D,Jared Moskowitz,House,ORCL,S,2026-03-23,2026-04-30
D,Jared Moskowitz,House,PANW,P,2026-03-31,2026-04-30
D,Jared Moskowitz,House,PANW,P,2026-03-23,2026-04-30
D,Jared Moskowitz,House,PH,P,2026-03-23,2026-04-30
D,Jared Moskowitz,House,PH,P,2026-03-31,2026-04-30
D,Jared Moskowitz,House,QCOM,S,2026-03-31,2026-04-30
D,Jared Moskowitz,House,CI,S,2026-03-23,2026-04-30
D,Jared Moskowitz,House,TSCO,P,2026-03-23,2026-04-30
D,Jared Moskowitz,House,TSCO,S,2026-03-23,2026-04-30
R,Dan Newhouse,House,BX,P,2025-12-11,2026-01-15
R,Dan Newhouse,House,BR,P,2025-12-31,2026-01-15
R,Dan Newhouse,House,BRO,S,2025-12-11,2026-01-15
R,Dan Newhouse,House,SCHW,P,2025-12-11,2026-01-15
R,Dan Newhouse,House,DG,S,2025-12-11,2026-01-15
R,Dan Newhouse,House,LULU,P,2025-12-11,2026-01-15
R,Dan Newhouse,House,NXPI,P,2025-12-11,2026-01-15
R,Dan Newhouse,House,RCL,P,2025-12-11,2026-01-15
R,Dan Newhouse,House,SBUX,S,2025-12-11,2026-01-15
R,Dan Newhouse,House,SNPS,P,2025-12-31,2026-01-15
R,Dan Newhouse,House,TXT,P,2025-12-11,2026-01-15
R,Dan Newhouse,House,TFC,P,2025-12-11,2026-01-15
D,Nancy Pelosi,House,GOOGL,P,2026-01-16,2026-01-23
D,Nancy Pelosi,House,AMZN,P,2026-01-16,2026-01-23
D,Nancy Pelosi,House,NVDA,P,2026-01-16,2026-01-23
D,Nancy Pelosi,House,PYPL,S,2025-12-30,2026-01-23
D,Nancy Pelosi,House,TEM,P,2026-01-16,2026-01-23
D,Nancy Pelosi,House,VSNT,E,2026-01-02,2026-01-23
D,Nancy Pelosi,House,VST,P,2026-01-16,2026-01-23
R,August Lee Pfluger,House,FWONK,E,2025-12-16,2026-01-20
R,August Lee Pfluger,House,LLYVK,E,2025-12-16,2026-01-20
R,August Lee Pfluger,House,FNF,S,2026-01-12,2026-02-11
R,August Lee Pfluger,House,SIRI,S,2026-01-13,2026-02-11
R,August Lee Pfluger,House,WBD,S,2026-02-10,2026-03-19
R,August Lee Pfluger,House,UHALB,P,2026-03-13,2026-04-15
R,August Lee Pfluger,House,BRK.B,P,2026-03-13,2026-04-15
R,August Lee Pfluger,House,DMLP,P,2026-03-13,2026-04-15
R,August Lee Pfluger,House,EPD,P,2026-03-13,2026-04-15
R,August Lee Pfluger,House,KRP,P,2026-03-13,2026-04-15
R,August Lee Pfluger,House,VNOM,P,2026-03-13,2026-04-15
R,Maria Elvira Salazar,House,AMGN,P,2026-03-24,2026-04-21
R,Maria Elvira Salazar,House,BA,P,2026-03-19,2026-04-21
R,Maria Elvira Salazar,House,CSCO,P,2026-03-19,2026-04-21
R,Maria Elvira Salazar,House,C,P,2026-03-19,2026-04-21
R,Maria Elvira Salazar,House,GLW,P,2026-03-19,2026-04-21
R,Maria Elvira Salazar,House,FDX,P,2026-03-19,2026-04-21
R,Maria Elvira Salazar,House,FDX,P,2026-03-25,2026-04-21
R,Maria Elvira Salazar,House,GE,P,2026-03-24,2026-04-21
R,Maria Elvira Salazar,House,GS,P,2026-03-19,2026-04-21
R,Maria Elvira Salazar,House,HON,P,2026-03-19,2026-04-21
R,Maria Elvira Salazar,House,PTON,P,2026-03-19,2026-04-21
R,Maria Elvira Salazar,House,RH,P,2026-03-19,2026-04-21
R,Maria Elvira Salazar,House,ULTA,P,2026-03-19,2026-04-21
R,Maria Elvira Salazar,House,URI,P,2026-03-25,2026-04-21
R,Maria Elvira Salazar,House,VG,P,2026-03-19,2026-04-21
R,Maria Elvira Salazar,House,WHR,P,2026-03-19,2026-04-21
R,Maria Elvira Salazar,House,AMGN,S,2026-04-17,2026-05-08
R,Maria Elvira Salazar,House,CARR,P,2026-05-01,2026-05-08
R,Maria Elvira Salazar,House,MRVL,P,2026-04-06,2026-05-08
R,Maria Elvira Salazar,House,MSFT,P,2026-04-17,2026-05-08
R,Maria Elvira Salazar,House,CRM,P,2026-04-06,2026-05-08
R,Maria Elvira Salazar,House,SHW,P,2026-04-20,2026-05-08
R,Maria Elvira Salazar,House,URI,P,2026-04-24,2026-05-08
R,Maria Elvira Salazar,House,UNH,P,2026-04-22,2026-05-08
R,Maria Elvira Salazar,House,VOYG,P,2026-04-14,2026-05-08
D,Linda T. Sanchez,House,CSCO,S,2025-10-28,2026-01-09
R,Austin Scott,House,GE,S,2026-02-17,2026-03-12
R,Austin Scott,House,GEV,S,2026-02-17,2026-03-12
R,Pete Sessions,House,VZ,S,2026-03-09,2026-03-09
D,Terri A. Sewell,House,GEHC,S,2026-03-25,2026-04-21
D,Terri A. Sewell,House,TPR,S,2026-03-25,2026-04-21
R,Lloyd K. Smucker,House,ENBP,S,2026-04-23,2026-04-30
R,Lloyd K. Smucker,House,FULT,S,2026-04-23,2026-04-30
R,Lloyd K. Smucker,House,FULT,S,2026-04-17,2026-04-30
R,Lloyd K. Smucker,House,PRU,S,2026-04-23,2026-04-30
R,Lloyd K. Smucker,House,TFC,S,2026-04-17,2026-04-30
R,Lloyd K. Smucker,House,VZ,S,2026-04-23,2026-04-30
R,Lloyd K. Smucker,House,WFC,S,2026-04-23,2026-04-30
R,Greg Steube,House,IONQ,P,2026-03-18,2026-04-14
D,Thomas Suozzi,House,AMD,S,2026-02-18,2026-03-17
D,Thomas Suozzi,House,AAPL,S,2026-02-18,2026-03-17
D,Thomas Suozzi,House,PLTR,S,2026-02-18,2026-03-17
D,Thomas Suozzi,House,URI,S,2026-02-18,2026-03-17
R,David J. Taylor,House,AVGO,S,2026-01-08,2026-01-21
R,David J. Taylor,House,IBM,P,2026-01-08,2026-01-21
R,David J. Taylor,House,LRCX,S,2026-01-08,2026-01-21
R,David J. Taylor,House,MSFT,P,2026-01-08,2026-01-21
R,David J. Taylor,House,GOOGL,S,2026-01-16,2026-02-02
R,David J. Taylor,House,AMZN,P,2026-01-29,2026-02-02
R,David J. Taylor,House,AEP,P,2026-01-16,2026-02-02
R,David J. Taylor,House,AMGN,P,2026-01-16,2026-02-02
R,David J. Taylor,House,AMGN,S,2026-01-29,2026-02-02
R,David J. Taylor,House,AAPL,P,2026-01-16,2026-02-02
R,David J. Taylor,House,AVGO,P,2026-01-29,2026-02-02
R,David J. Taylor,House,AVGO,S,2026-01-16,2026-02-02
R,David J. Taylor,House,ETN,P,2026-01-16,2026-02-02
R,David J. Taylor,House,LLY,S,2026-01-16,2026-02-02
R,David J. Taylor,House,IBP,S,2026-01-16,2026-02-02
R,David J. Taylor,House,IBP,P,2026-01-29,2026-02-02
R,David J. Taylor,House,JPM,P,2026-01-29,2026-02-02
R,David J. Taylor,House,JPM,P,2026-01-16,2026-02-02
R,David J. Taylor,House,LRCX,P,2026-01-16,2026-02-02
R,David J. Taylor,House,MEDP,S,2026-01-16,2026-02-02
R,David J. Taylor,House,MEDP,P,2026-01-29,2026-02-02
R,David J. Taylor,House,MSFT,P,2026-01-29,2026-02-02
R,David J. Taylor,House,MSFT,P,2026-01-16,2026-02-02
R,David J. Taylor,House,PH,S,2026-01-16,2026-02-02
R,David J. Taylor,House,PGR,S,2026-01-29,2026-02-02
R,David J. Taylor,House,PLD,P,2026-01-16,2026-02-02
R,David J. Taylor,House,PLD,P,2026-01-29,2026-02-02
R,David J. Taylor,House,RPM,P,2026-01-29,2026-02-02
R,David J. Taylor,House,RPM,P,2026-01-16,2026-02-02
R,David J. Taylor,House,CRM,P,2026-01-29,2026-02-02
R,David J. Taylor,House,VRTX,S,2026-01-29,2026-02-02
R,David J. Taylor,House,AMZN,P,2026-02-09,2026-02-20
R,David J. Taylor,House,LLY,S,2026-02-09,2026-02-20
R,David J. Taylor,House,MSFT,P,2026-02-09,2026-02-20
R,David J. Taylor,House,PH,S,2026-02-09,2026-02-20
R,David J. Taylor,House,PGR,P,2026-02-09,2026-02-20
R,David J. Taylor,House,CRM,P,2026-02-10,2026-02-20
R,David J. Taylor,House,GOOGL,P,2026-02-26,2026-03-06
R,David J. Taylor,House,AMZN,P,2026-02-26,2026-03-06
R,David J. Taylor,House,AEP,S,2026-02-26,2026-03-06
R,David J. Taylor,House,AMGN,S,2026-02-26,2026-03-06
R,David J. Taylor,House,AAPL,S,2026-02-26,2026-03-06
R,David J. Taylor,House,AVGO,S,2026-02-26,2026-03-06
R,David J. Taylor,House,CVX,S,2026-02-26,2026-03-06
R,David J. Taylor,House,ETN,S,2026-02-26,2026-03-06
R,David J. Taylor,House,LLY,P,2026-02-26,2026-03-06
R,David J. Taylor,House,FITB,S,2026-02-26,2026-03-06
R,David J. Taylor,House,IBP,S,2026-02-26,2026-03-06
R,David J. Taylor,House,IBM,S,2026-02-26,2026-03-06
R,David J. Taylor,House,LRCX,S,2026-02-26,2026-03-06
R,David J. Taylor,House,MPC,S,2026-02-26,2026-03-06
R,David J. Taylor,House,MEDP,P,2026-02-26,2026-03-06
R,David J. Taylor,House,MSFT,P,2026-02-26,2026-03-06
R,David J. Taylor,House,PH,S,2026-02-26,2026-03-06
R,David J. Taylor,House,PLD,S,2026-02-26,2026-03-06
R,David J. Taylor,House,RPM,S,2026-02-26,2026-03-06
R,David J. Taylor,House,CRM,S,2026-02-26,2026-03-06
R,David J. Taylor,House,CVX,S,2026-03-12,2026-03-20
R,David J. Taylor,House,CVX,S,2026-03-11,2026-03-20
R,David J. Taylor,House,FITB,P,2026-03-11,2026-03-20
R,David J. Taylor,House,IBP,P,2026-03-12,2026-03-20
R,David J. Taylor,House,LRCX,P,2026-03-12,2026-03-20
R,David J. Taylor,House,MPC,S,2026-03-11,2026-03-20
R,David J. Taylor,House,PH,P,2026-03-12,2026-03-20
R,David J. Taylor,House,RPM,P,2026-03-12,2026-03-20
R,David J. Taylor,House,RPM,P,2026-03-11,2026-03-20
R,David J. Taylor,House,IBP,P,2026-03-24,2026-04-02
R,David J. Taylor,House,AVGO,S,2026-04-27,2026-05-07
R,David J. Taylor,House,HD,S,2026-04-27,2026-05-07
R,David J. Taylor,House,LRCX,P,2026-04-27,2026-05-07
R,David J. Taylor,House,LRCX,S,2026-04-27,2026-05-07
R,David J. Taylor,House,PG,P,2026-04-27,2026-05-07
R,David J. Taylor,House,PGR,P,2026-04-27,2026-05-07
R,David J. Taylor,House,V,P,2026-04-27,2026-05-07
R,Roger Williams,House,JPM,P,2025-12-22,2026-01-15
R,Roger Williams,House,RTX,P,2025-12-22,2026-01-15
R,Bernie Moreno,Senate,ETOR,S,2026-05-06,2026-05-22
R,John Boozman,Senate,SCHP,P,2025-09-16,2026-05-11
R,John Boozman,Senate,IEF,P,2025-09-16,2026-05-11
R,John Boozman,Senate,SHY,P,2025-09-16,2026-05-11
R,John Boozman,Senate,IEI,P,2025-09-16,2026-05-11
R,John Boozman,Senate,ETN,P,2025-09-12,2026-05-11
R,John Boozman,Senate,GOOGL,P,2025-09-17,2026-05-11
R,John Boozman,Senate,ADBE,P,2025-09-04,2026-05-11
D,Gary C Peters,Senate,CTVA,S,2026-04-23,2026-05-11
D,Tina Smith,Senate,PODD,S,2026-05-07,2026-05-10
D,Tina Smith,Senate,DXCM,S,2026-05-07,2026-05-10
D,Tina Smith,Senate,PODD,S,2026-04-29,2026-05-10
D,Tina Smith,Senate,DXCM,S,2026-04-29,2026-05-10
R,John Boozman,Senate,TBLL,S,2026-04-02,2026-05-08
R,John Boozman,Senate,DVN,P,2026-04-09,2026-05-08
R,John Boozman,Senate,CEG,P,2026-04-02,2026-05-08
R,Shelley M Capito,Senate,CEG,S,2026-04-17,2026-05-07
R,Shelley M Capito,Senate,AAPL,S,2026-04-17,2026-05-07
R,Shelley M Capito,Senate,AVGO,S,2026-04-13,2026-05-07
D,John W Hickenlooper,Senate,LBRDK,S,2025-05-19,2026-05-05
D,John W Hickenlooper,Senate,PLTR,S,2025-06-03,2026-05-05
D,John W Hickenlooper,Senate,PLTR,S,2025-04-16,2026-05-05
D,Sheldon Whitehouse,Senate,JPM,S,2026-04-13,2026-05-04
R,James Banks,Senate,SBUX,S,2026-04-15,2026-04-20
R,John Boozman,Senate,TPYP,S,2026-03-20,2026-04-14
R,John Boozman,Senate,JNJ,S,2026-03-19,2026-04-14
R,John Boozman,Senate,BBEU,S,2026-03-19,2026-04-14
R,John Boozman,Senate,VEA,P,2026-03-19,2026-04-14
R,John Boozman,Senate,SPYM,P,2026-03-20,2026-04-14
R,John Boozman,Senate,NVDA,P,2026-03-19,2026-04-14
R,John Boozman,Senate,MSFT,P,2026-03-05,2026-04-14
R,John Boozman,Senate,FTGC,P,2026-03-19,2026-04-14
R,John Boozman,Senate,ARES,P,2026-03-13,2026-04-14
R,Shelley M Capito,Senate,MA,P,2026-03-28,2026-04-12
D,Sheldon Whitehouse,Senate,PEP,S,2026-03-30,2026-04-08
R,Shelley M Capito,Senate,PNC,P,2026-03-12,2026-04-04
R,Shelley M Capito,Senate,FDS,S,2026-03-31,2026-04-04
R,Shelley M Capito,Senate,FDS,S,2026-03-26,2026-04-04
R,Shelley M Capito,Senate,FDS,S,2026-03-25,2026-04-04
R,Shelley M Capito,Senate,AXP,P,2026-03-11,2026-04-04
D,John Fetterman,Senate,T,S,2026-03-27,2026-04-03
D,John Fetterman,Senate,MSFT,P,2026-03-27,2026-04-03
D,John Fetterman,Senate,ERIE,P,2026-03-27,2026-04-03
D,John Fetterman,Senate,MU,P,2026-03-30,2026-04-03
D,John Fetterman,Senate,MSFT,P,2026-03-30,2026-04-03
D,John Fetterman,Senate,ERIE,P,2026-03-30,2026-04-03
D,John Fetterman,Senate,GOOG,P,2026-03-30,2026-04-03
D,John Fetterman,Senate,AMZN,P,2026-03-30,2026-04-03
D,Tina Smith,Senate,MMM,S,2026-03-31,2026-04-02
D,Tina Smith,Senate,BRK.B,S,2026-03-31,2026-04-02
D,"Angus S King, Jr.",Senate,UBER,S,2026-02-13,2026-03-24
D,"Angus S King, Jr.",Senate,PYPL,S,2026-02-13,2026-03-24
D,"Angus S King, Jr.",Senate,ONON,S,2026-02-13,2026-03-24
D,"Angus S King, Jr.",Senate,NFLX,S,2026-02-13,2026-03-24
D,"Angus S King, Jr.",Senate,MSFT,S,2026-02-13,2026-03-24
D,"Angus S King, Jr.",Senate,META,S,2026-02-13,2026-03-24
D,"Angus S King, Jr.",Senate,LLY,S,2026-02-13,2026-03-24
D,"Angus S King, Jr.",Senate,BX,S,2026-02-13,2026-03-24
D,"Angus S King, Jr.",Senate,ADSK,S,2026-02-13,2026-03-24
R,"A. Mitchell McConnell, Jr.",Senate,WFC,P,2026-03-01,2026-03-19
D,Markwayne Mullin,Senate,UNH,P,2026-02-25,2026-03-10
D,Markwayne Mullin,Senate,AZO,S,2026-02-25,2026-03-10
D,Markwayne Mullin,Senate,INTU,S,2026-02-25,2026-03-10
R,John Boozman,Senate,UNP,S,2026-02-19,2026-03-06
R,John Boozman,Senate,PG,S,2026-02-26,2026-03-06
R,John Boozman,Senate,JMBS,S,2026-02-06,2026-03-06
R,John Boozman,Senate,SHY,S,2026-02-06,2026-03-06
R,John Boozman,Senate,MBB,S,2026-02-06,2026-03-06
R,John Boozman,Senate,AGZ,S,2026-02-06,2026-03-06
R,John Boozman,Senate,DBLEX,S,2026-02-06,2026-03-06
R,John Boozman,Senate,AMAT,S,2026-02-27,2026-03-06
R,John Boozman,Senate,ADBE,S,2026-02-13,2026-03-06
R,John Boozman,Senate,UBER,P,2026-02-06,2026-03-06
R,John Boozman,Senate,NTAP,P,2026-02-27,2026-03-06
R,John Boozman,Senate,MSFT,P,2026-02-13,2026-03-06
R,John Boozman,Senate,KR,P,2026-02-26,2026-03-06
R,John Boozman,Senate,IEF,P,2026-02-06,2026-03-06
R,John Boozman,Senate,TLH,P,2026-02-06,2026-03-06
R,John Boozman,Senate,EMB,P,2026-02-06,2026-03-06
R,John Boozman,Senate,CMBS,P,2026-02-06,2026-03-06
R,John Boozman,Senate,GIGB,P,2026-02-06,2026-03-06
R,John Boozman,Senate,XTWO,P,2026-02-06,2026-03-06
D,Sheldon Whitehouse,Senate,HD,S,2026-02-23,2026-03-06
D,Sheldon Whitehouse,Senate,PEP,S,2026-02-23,2026-03-06
D,Sheldon Whitehouse,Senate,VZ,S,2026-02-23,2026-03-06
D,Sheldon Whitehouse,Senate,MA,S,2026-02-23,2026-03-06
D,John W Hickenlooper,Senate,SIRI,S,2026-02-05,2026-03-04
R,Shelley M Capito,Senate,ITW,S,2026-02-24,2026-03-04
R,Shelley M Capito,Senate,PAYX,S,2026-02-20,2026-03-04
R,Shelley M Capito,Senate,BLK,S,2026-02-10,2026-03-04
R,Shelley M Capito,Senate,ADI,S,2026-02-10,2026-03-04
R,Shelley M Capito,Senate,AVGO,P,2026-02-09,2026-03-04
D,Markwayne Mullin,Senate,VSEC,P,2026-02-04,2026-03-02
D,Markwayne Mullin,Senate,MTZ,S,2026-02-04,2026-03-02
D,Markwayne Mullin,Senate,MPWR,P,2026-02-04,2026-03-02
D,Markwayne Mullin,Senate,MCK,P,2026-02-04,2026-03-02
D,Markwayne Mullin,Senate,LRN,P,2026-02-04,2026-03-02
D,Markwayne Mullin,Senate,IRM,S,2026-02-04,2026-03-02
D,Markwayne Mullin,Senate,GS,S,2026-02-04,2026-03-02
D,Markwayne Mullin,Senate,FCFS,P,2026-02-04,2026-03-02
D,Markwayne Mullin,Senate,DELL,S,2026-02-04,2026-03-02
D,Markwayne Mullin,Senate,CRS,P,2026-02-04,2026-03-02
D,Markwayne Mullin,Senate,CRDO,S,2026-02-04,2026-03-02
D,Markwayne Mullin,Senate,COHR,S,2026-02-04,2026-03-02
D,Markwayne Mullin,Senate,C,P,2026-02-04,2026-03-02
D,Markwayne Mullin,Senate,APG,P,2026-02-04,2026-03-02
D,Markwayne Mullin,Senate,AMKR,P,2026-02-04,2026-03-02
D,Markwayne Mullin,Senate,AIT,S,2026-02-04,2026-03-02
D,Markwayne Mullin,Senate,ADBE,P,2026-02-04,2026-03-02
R,David H McCormick,Senate,GS,S,2026-01-23,2026-02-22
R,John Boozman,Senate,UNP,S,2026-01-29,2026-02-15
R,John Boozman,Senate,MDY,S,2026-01-23,2026-02-15
R,John Boozman,Senate,OMC,S,2026-01-29,2026-02-15
R,John Boozman,Senate,OMC,S,2026-01-15,2026-02-15
R,John Boozman,Senate,MU,S,2026-01-26,2026-02-15
R,John Boozman,Senate,MU,S,2026-01-08,2026-02-15
R,John Boozman,Senate,LRCX,S,2026-01-08,2026-02-15
R,John Boozman,Senate,IVW,S,2026-01-29,2026-02-15
R,John Boozman,Senate,IWM,S,2026-01-23,2026-02-15
R,John Boozman,Senate,SLV,S,2026-01-23,2026-02-15
R,John Boozman,Senate,FISV,S,2026-01-29,2026-02-15
R,John Boozman,Senate,PPLT,S,2026-01-23,2026-02-15
R,John Boozman,Senate,PALL,S,2026-01-23,2026-02-15
R,John Boozman,Senate,V,P,2026-01-15,2026-02-15
R,John Boozman,Senate,VNQI,P,2026-01-23,2026-02-15
R,John Boozman,Senate,TPYP,P,2026-01-23,2026-02-15
R,John Boozman,Senate,LITP,P,2026-01-23,2026-02-15
R,John Boozman,Senate,PYPL,P,2026-01-29,2026-02-15
R,John Boozman,Senate,RNWGX,P,2026-01-23,2026-02-15
R,John Boozman,Senate,NFLX,P,2026-01-08,2026-02-15
R,John Boozman,Senate,JMBS,P,2026-01-23,2026-02-15
R,John Boozman,Senate,IVV,P,2026-01-23,2026-02-15
R,John Boozman,Senate,CMBS,P,2026-01-23,2026-02-15
R,John Boozman,Senate,MBB,P,2026-01-23,2026-02-15
R,John Boozman,Senate,TBLL,P,2026-01-23,2026-02-15
R,John Boozman,Senate,GIGB,P,2026-01-23,2026-02-15
R,John Boozman,Senate,GEM,P,2026-01-23,2026-02-15
R,John Boozman,Senate,FTGC,P,2026-01-23,2026-02-15
R,John Boozman,Senate,EIPI,P,2026-01-23,2026-02-15
R,John Boozman,Senate,XOM,P,2026-01-08,2026-02-15
R,John Boozman,Senate,ETN,P,2026-01-29,2026-02-15
R,John Boozman,Senate,DIS,P,2026-01-08,2026-02-15
R,John Boozman,Senate,DXCM,P,2026-01-26,2026-02-15
R,John Boozman,Senate,CVS,P,2026-01-29,2026-02-15
R,John Boozman,Senate,CAT,P,2026-01-29,2026-02-15
R,John Boozman,Senate,AAPL,P,2026-01-15,2026-02-15
D,John W Hickenlooper,Senate,LOW,S,2026-01-14,2026-02-06
D,John W Hickenlooper,Senate,TJX,S,2026-01-14,2026-02-06
D,John W Hickenlooper,Senate,ETN,P,2026-01-14,2026-02-06
D,John W Hickenlooper,Senate,UBER,P,2026-01-14,2026-02-06
R,Shelley M Capito,Senate,SBUX,S,2026-01-28,2026-02-05
D,Markwayne Mullin,Senate,VSEC,P,2026-01-05,2026-02-04
D,Markwayne Mullin,Senate,MPWR,P,2026-01-05,2026-02-04
D,Markwayne Mullin,Senate,MCK,P,2026-01-05,2026-02-04
D,Markwayne Mullin,Senate,LRN,P,2026-01-05,2026-02-04
D,Markwayne Mullin,Senate,FCFS,P,2026-01-05,2026-02-04
D,Markwayne Mullin,Senate,CRS,P,2026-01-05,2026-02-04
D,Markwayne Mullin,Senate,C,P,2026-01-05,2026-02-04
D,Markwayne Mullin,Senate,APG,P,2026-01-05,2026-02-04
D,Markwayne Mullin,Senate,AMKR,P,2026-01-05,2026-02-04
D,Markwayne Mullin,Senate,ADBE,P,2026-01-05,2026-02-04
D,Sheldon Whitehouse,Senate,SBUX,S,2026-01-09,2026-02-04
D,Sheldon Whitehouse,Senate,NVDA,S,2026-01-09,2026-02-04
D,Sheldon Whitehouse,Senate,HD,S,2026-01-09,2026-02-04
D,Sheldon Whitehouse,Senate,MCD,S,2026-01-09,2026-02-04
D,Tina Smith,Senate,BRK.B,S,2026-01-27,2026-01-30
R,Katie Britt,Senate,JPM,S,2026-01-28,2026-01-29
R,Katie Britt,Senate,XOM,P,2025-04-14,2026-01-26
R,Katie Britt,Senate,JPM,P,2025-04-14,2026-01-26
R,Katie Britt,Senate,GOOG,P,2025-04-14,2026-01-26
R,Katie Britt,Senate,EOG,P,2025-04-14,2026-01-26
R,Katie Britt,Senate,AAPL,P,2025-04-14,2026-01-26
R,Katie Britt,Senate,AMZN,P,2025-04-14,2026-01-26
R,Katie Britt,Senate,WMT,P,2025-04-14,2026-01-26
R,Katie Britt,Senate,V,P,2025-04-14,2026-01-26
R,Katie Britt,Senate,MSFT,P,2025-04-14,2026-01-26
R,Katie Britt,Senate,UNH,P,2025-04-14,2026-01-26
R,Katie Britt,Senate,NVDA,P,2025-04-14,2026-01-26
R,Katie Britt,Senate,AMZN,P,2025-04-30,2026-01-26
R,Katie Britt,Senate,AAPL,P,2025-04-30,2026-01-26
R,Katie Britt,Senate,UNH,S,2025-04-30,2026-01-26
R,Katie Britt,Senate,NVDA,P,2025-04-30,2026-01-26
R,Katie Britt,Senate,XOM,S,2025-04-30,2026-01-26
R,Katie Britt,Senate,NVDA,S,2025-11-07,2026-01-26
R,Katie Britt,Senate,AAPL,S,2025-11-07,2026-01-26
R,Katie Britt,Senate,GOOG,S,2025-11-07,2026-01-26
R,Katie Britt,Senate,UPS,P,2025-11-07,2026-01-26
R,Katie Britt,Senate,AMZN,S,2025-11-07,2026-01-26
R,Katie Britt,Senate,V,P,2025-11-07,2026-01-26
D,"Angus S King, Jr.",Senate,HON,P,2025-12-29,2026-01-26
D,"Angus S King, Jr.",Senate,LLY,P,2025-12-29,2026-01-26
D,"Angus S King, Jr.",Senate,CMCSA,S,2025-12-29,2026-01-26
D,Gary C Peters,Senate,WPC,P,2026-01-12,2026-01-20
D,Gary C Peters,Senate,SWK,P,2026-01-12,2026-01-20
D,Markwayne Mullin,Senate,CAT,P,2025-12-29,2026-01-16
D,Markwayne Mullin,Senate,LLY,P,2025-12-29,2026-01-16
D,Markwayne Mullin,Senate,JPM,P,2025-12-29,2026-01-16
D,Markwayne Mullin,Senate,COF,P,2025-12-29,2026-01-16
D,Markwayne Mullin,Senate,RTX,P,2025-12-29,2026-01-16
D,Markwayne Mullin,Senate,GOOGL,P,2025-12-29,2026-01-16
D,Markwayne Mullin,Senate,ICE,P,2025-12-29,2026-01-16
D,Markwayne Mullin,Senate,DE,P,2025-12-29,2026-01-16
D,Markwayne Mullin,Senate,BSX,P,2025-12-29,2026-01-16
D,Markwayne Mullin,Senate,MSFT,P,2025-12-29,2026-01-16
D,Markwayne Mullin,Senate,GS,P,2025-12-29,2026-01-16
D,Markwayne Mullin,Senate,LRCX,P,2025-12-29,2026-01-16
D,Markwayne Mullin,Senate,KO,P,2025-12-29,2026-01-16
D,Markwayne Mullin,Senate,AMZN,P,2025-12-29,2026-01-16
D,Markwayne Mullin,Senate,NVDA,P,2025-12-29,2026-01-16
D,Markwayne Mullin,Senate,CRM,P,2025-12-29,2026-01-16
D,Markwayne Mullin,Senate,IQV,P,2025-12-29,2026-01-16
D,Markwayne Mullin,Senate,ELV,P,2025-12-29,2026-01-16
D,Markwayne Mullin,Senate,AXP,P,2025-12-29,2026-01-16
D,Markwayne Mullin,Senate,CVX,P,2025-12-29,2026-01-16
D,Markwayne Mullin,Senate,AAPL,P,2025-12-29,2026-01-16
D,Markwayne Mullin,Senate,META,P,2025-12-29,2026-01-16
D,Markwayne Mullin,Senate,MA,P,2025-12-29,2026-01-16
D,Markwayne Mullin,Senate,HLT,P,2025-12-29,2026-01-16
D,Markwayne Mullin,Senate,AMAT,P,2025-12-29,2026-01-16
D,Markwayne Mullin,Senate,COST,P,2025-12-29,2026-01-16
D,Markwayne Mullin,Senate,ISRG,P,2025-12-29,2026-01-16
D,Markwayne Mullin,Senate,HD,P,2025-12-29,2026-01-16
D,Markwayne Mullin,Senate,INTU,P,2025-12-29,2026-01-16
D,Markwayne Mullin,Senate,NOW,P,2025-12-29,2026-01-16
D,Markwayne Mullin,Senate,COP,P,2025-12-29,2026-01-16
R,Thomas H Tuberville,Senate,XLU,P,2025-12-17,2026-01-15
R,Thomas H Tuberville,Senate,XLP,P,2025-12-17,2026-01-15
R,Thomas H Tuberville,Senate,XLV,P,2025-12-17,2026-01-15
R,Thomas H Tuberville,Senate,AAPL,S,2025-12-17,2026-01-15
R,Thomas H Tuberville,Senate,GOOGL,S,2025-12-17,2026-01-15
D,Markwayne Mullin,Senate,PRMB,S,2025-12-18,2026-01-13
D,Markwayne Mullin,Senate,MTZ,S,2025-12-18,2026-01-13
D,Markwayne Mullin,Senate,LRN,S,2025-12-18,2026-01-13
D,Markwayne Mullin,Senate,IRM,S,2025-12-18,2026-01-13
D,Markwayne Mullin,Senate,GS,S,2025-12-18,2026-01-13
D,Markwayne Mullin,Senate,DELL,S,2025-12-18,2026-01-13
D,Markwayne Mullin,Senate,CRDO,S,2025-12-18,2026-01-13
D,Markwayne Mullin,Senate,COHR,S,2025-12-18,2026-01-13
D,Markwayne Mullin,Senate,AIT,S,2025-12-18,2026-01-13
D,Markwayne Mullin,Senate,PRMB,S,2025-12-17,2026-01-13
R,"A. Mitchell McConnell, Jr.",Senate,LAZR,S,2025-12-24,2026-01-13
R,John Boozman,Senate,SMCI,S,2025-12-31,2026-01-13
R,John Boozman,Senate,KRE,S,2025-12-26,2026-01-13
R,John Boozman,Senate,MSI,S,2025-12-17,2026-01-13
R,John Boozman,Senate,SLV,S,2025-12-24,2026-01-13
R,John Boozman,Senate,TBLL,S,2025-12-11,2026-01-13
R,John Boozman,Senate,BSX,S,2025-12-17,2026-01-13
R,John Boozman,Senate,PPLT,S,2025-12-24,2026-01-13
R,John Boozman,Senate,PALL,S,2025-12-24,2026-01-13
R,John Boozman,Senate,WFC,P,2025-12-17,2026-01-13
R,John Boozman,Senate,SMCI,P,2025-12-11,2026-01-13
R,John Boozman,Senate,SPYM,P,2025-12-24,2026-01-13
R,John Boozman,Senate,MSFT,P,2025-12-17,2026-01-13
R,John Boozman,Senate,IVW,P,2025-12-31,2026-01-13
R,John Boozman,Senate,IJR,P,2025-12-26,2026-01-13
R,John Boozman,Senate,ANET,P,2025-12-11,2026-01-13
R,John Boozman,Senate,AAPL,P,2025-12-17,2026-01-13
D,Gary C Peters,Senate,INTC,S,2025-12-12,2026-01-07
D,Gary C Peters,Senate,VZ,P,2025-12-12,2026-01-07
D,John W Hickenlooper,Senate,FWONK,S,2025-12-10,2026-01-06
R,Shelley M Capito,Senate,K,S,2025-12-11,2026-01-06
R,Shelley M Capito,Senate,MSFT,S,2025-12-16,2026-01-06
R,Shelley M Capito,Senate,AAPL,S,2025-12-16,2026-01-06
R,Shelley M Capito,Senate,GOOGL,S,2025-12-16,2026-01-06
R,Lindsey Graham,Senate,BSCP,S,2025-12-17,2026-01-06
R,Lindsey Graham,Senate,BSCQ,P,2025-12-31,2026-01-06
R,Lindsey Graham,Senate,IBDQ,S,2025-12-18,2026-01-06
R,David H McCormick,Senate,BITB,P,2025-11-28,2025-12-26
R,David H McCormick,Senate,BITB,P,2025-11-26,2025-12-26
R,"A. Mitchell McConnell, Jr.",Senate,WFC,P,2025-12-01,2025-12-19
R,John Boozman,Senate,VEA,S,2025-11-21,2025-12-08
R,John Boozman,Senate,VNQI,S,2025-11-21,2025-12-08
R,John Boozman,Senate,TPYP,S,2025-11-21,2025-12-08
R,John Boozman,Senate,CRM,S,2025-11-13,2025-12-08
R,John Boozman,Senate,RNWAX,S,2025-11-20,2025-12-08
R,John Boozman,Senate,LLY,S,2025-11-21,2025-12-08
R,John Boozman,Senate,IVV,S,2025-11-21,2025-12-08
R,John Boozman,Senate,IWM,S,2025-11-21,2025-12-08
R,John Boozman,Senate,EFA,S,2025-11-20,2025-12-08
R,John Boozman,Senate,AAXJ,S,2025-11-06,2025-12-08
R,John Boozman,Senate,GEM,S,2025-11-20,2025-12-08
R,John Boozman,Senate,FISV,S,2025-11-21,2025-12-08
R,John Boozman,Senate,FTGC,S,2025-11-21,2025-12-08
R,John Boozman,Senate,EIPI,S,2025-11-21,2025-12-08
R,John Boozman,Senate,VEA,P,2025-11-06,2025-12-08
R,John Boozman,Senate,VWO,P,2025-11-06,2025-12-08
R,John Boozman,Senate,MDY,P,2025-11-21,2025-12-08
R,John Boozman,Senate,PYPL,P,2025-11-21,2025-12-08
R,John Boozman,Senate,JMBS,P,2025-11-21,2025-12-08
R,John Boozman,Senate,CMBS,P,2025-11-21,2025-12-08
R,John Boozman,Senate,MBB,P,2025-11-21,2025-12-08
R,John Boozman,Senate,GIGB,P,2025-11-21,2025-12-08
R,John Boozman,Senate,ANET,P,2025-11-13,2025-12-08
R,John Boozman,Senate,AMZN,P,2025-11-13,2025-12-08
R,John Boozman,Senate,WWSYX,P,2025-11-20,2025-12-08
D,Markwayne Mullin,Senate,COF,P,2025-11-10,2025-12-05
D,Markwayne Mullin,Senate,CSX,S,2025-11-10,2025-12-05
D,Markwayne Mullin,Senate,ZTS,S,2025-11-10,2025-12-05
D,Markwayne Mullin,Senate,PNR,P,2025-11-10,2025-12-05
D,Gary C Peters,Senate,CAG,P,2025-11-14,2025-12-04
R,Shelley M Capito,Senate,META,P,2025-11-13,2025-12-04
R,Shelley M Capito,Senate,PAYX,S,2025-11-13,2025-12-04
R,Shelley M Capito,Senate,LOW,S,2025-11-13,2025-12-04
D,Sheldon Whitehouse,Senate,GH,P,2025-11-21,2025-12-01
D,Sheldon Whitehouse,Senate,KO,P,2025-11-21,2025-12-01
D,Sheldon Whitehouse,Senate,HSY,P,2025-11-21,2025-12-01
R,Lindsey Graham,Senate,VWUAX,P,2025-11-06,2025-12-01
R,Lindsey Graham,Senate,VWUSX,S,2025-11-06,2025-12-01
R,David H McCormick,Senate,BITB,P,2025-11-25,2025-11-27
R,David H McCormick,Senate,BITB,P,2025-11-24,2025-11-27
D,Tina Smith,Senate,HBAN,S,2025-11-21,2025-11-26
D,Gary C Peters,Senate,OGN,S,2025-07-10,2025-11-24
D,Markwayne Mullin,Senate,FI,S,2025-11-03,2025-11-21
D,Markwayne Mullin,Senate,CMG,S,2025-11-03,2025-11-21
D,Markwayne Mullin,Senate,MSFT,P,2025-11-03,2025-11-21
D,Markwayne Mullin,Senate,BRK.B,S,2025-11-03,2025-11-21
D,Markwayne Mullin,Senate,TMUS,S,2025-11-03,2025-11-21
R,Thomas H Tuberville,Senate,PEP,S,2025-10-07,2025-11-15
R,Thomas H Tuberville,Senate,OC,S,2025-10-07,2025-11-15
R,Thomas H Tuberville,Senate,MSFT,S,2025-10-07,2025-11-15
R,Thomas H Tuberville,Senate,AAPL,S,2025-10-07,2025-11-15
R,Thomas H Tuberville,Senate,GOOGL,S,2025-10-07,2025-11-15
R,Thomas H Tuberville,Senate,ORCL,S,2025-10-07,2025-11-15
R,John Boozman,Senate,TPYP,S,2025-11-03,2025-11-15
R,John Boozman,Senate,URNM,S,2025-10-03,2025-11-15
R,John Boozman,Senate,LITP,S,2025-10-03,2025-11-15
R,John Boozman,Senate,OMC,S,2025-10-31,2025-11-15
R,John Boozman,Senate,SLV,S,2025-10-03,2025-11-15
R,John Boozman,Senate,IQV,S,2025-10-02,2025-11-15
R,John Boozman,Senate,EMLP,S,2025-10-03,2025-11-15
R,John Boozman,Senate,META,P,2025-10-31,2025-11-15
R,John Boozman,Senate,FTGC,P,2025-10-03,2025-11-15
R,John Boozman,Senate,EIPI,P,2025-10-03,2025-11-15
R,John Boozman,Senate,COST,P,2025-10-09,2025-11-15
R,Rafael E Cruz,Senate,GS,S,2025-11-11,2025-11-12
R,Shelley M Capito,Senate,LLY,P,2025-10-24,2025-11-04
R,Shelley M Capito,Senate,MSFT,S,2025-10-22,2025-11-04
R,Shelley M Capito,Senate,PAYX,S,2025-10-21,2025-11-04
R,Shelley M Capito,Senate,LOW,S,2025-10-21,2025-11-04
R,Shelley M Capito,Senate,LOW,S,2025-10-20,2025-11-04
R,Shelley M Capito,Senate,COST,S,2025-10-17,2025-11-04
R,Shelley M Capito,Senate,CVX,S,2025-10-17,2025-11-04
R,Shelley M Capito,Senate,MSFT,S,2025-10-29,2025-11-04
R,Shelley M Capito,Senate,IBM,S,2025-10-29,2025-11-04
D,Sheldon Whitehouse,Senate,PGR,S,2025-10-27,2025-11-03
D,Sheldon Whitehouse,Senate,NVDA,S,2025-10-20,2025-11-03
R,"Jerry Moran,",Senate,GOOG,S,2025-09-23,2025-10-27
R,"Jerry Moran,",Senate,BRK.B,P,2025-09-23,2025-10-27
R,"James Conley Justice, II",Senate,PEBO,S,2025-08-28,2025-10-10
R,John Boozman,Senate,ORCL,S,2025-09-12,2025-10-10
R,John Boozman,Senate,MU,S,2025-09-17,2025-10-10
R,John Boozman,Senate,JMBS,S,2025-09-16,2025-10-10
R,John Boozman,Senate,CMBS,S,2025-09-16,2025-10-10
R,John Boozman,Senate,TLT,S,2025-09-16,2025-10-10
R,John Boozman,Senate,MBB,S,2025-09-16,2025-10-10
R,John Boozman,Senate,AGZ,S,2025-09-16,2025-10-10
R,John Boozman,Senate,GBIL,S,2025-09-16,2025-10-10
R,John Boozman,Senate,GIGB,S,2025-09-16,2025-10-10
R,John Boozman,Senate,SCHP,P,2025-09-16,2025-10-10
R,John Boozman,Senate,IEF,P,2025-09-16,2025-10-10
R,John Boozman,Senate,SHY,P,2025-09-16,2025-10-10
R,John Boozman,Senate,IEI,P,2025-09-16,2025-10-10
R,John Boozman,Senate,ETN,P,2025-09-12,2025-10-10
R,John Boozman,Senate,GOOGL,P,2025-09-17,2025-10-10
R,John Boozman,Senate,ADBE,P,2025-09-04,2025-10-10
D,John W Hickenlooper,Senate,INTU,P,2025-09-02,2025-10-06
D,John W Hickenlooper,Senate,PEP,S,2025-09-02,2025-10-06
D,John W Hickenlooper,Senate,PANW,P,2025-09-02,2025-10-06
R,Shelley M Capito,Senate,MSFT,S,2025-09-18,2025-10-05
R,Shelley M Capito,Senate,AAPL,S,2025-09-18,2025-10-05
D,Sheldon Whitehouse,Senate,UNH,S,2025-09-04,2025-10-03
D,Sheldon Whitehouse,Senate,VZ,S,2025-09-04,2025-10-03
D,Sheldon Whitehouse,Senate,NVDA,S,2025-09-04,2025-10-03
D,Sheldon Whitehouse,Senate,HON,S,2025-09-04,2025-10-03
D,Sheldon Whitehouse,Senate,AMGN,S,2025-09-04,2025-10-03
D,Sheldon Whitehouse,Senate,AAPL,S,2025-09-04,2025-10-03
D,Sheldon Whitehouse,Senate,MSFT,S,2025-09-04,2025-10-03
D,Markwayne Mullin,Senate,WAB,S,2025-09-23,2025-10-01
D,Markwayne Mullin,Senate,ADBE,S,2025-09-24,2025-10-01
D,Markwayne Mullin,Senate,UNH,P,2025-09-24,2025-10-01
D,Markwayne Mullin,Senate,NOW,P,2025-09-24,2025-10-01
D,Markwayne Mullin,Senate,INTU,P,2025-09-24,2025-10-01
D,Markwayne Mullin,Senate,ACN,S,2025-09-24,2025-10-01
D,Markwayne Mullin,Senate,ISRG,P,2025-09-24,2025-10-01
D,Markwayne Mullin,Senate,TXN,S,2025-09-24,2025-10-01
D,Markwayne Mullin,Senate,IHF,S,2025-09-24,2025-10-01
D,Adam B Schiff,Senate,AAPL,S,2025-09-22,2025-09-30
R,John Boozman,Senate,VEA,S,2025-08-01,2025-09-12
R,John Boozman,Senate,EMRZX,S,2025-08-14,2025-09-12
R,John Boozman,Senate,EMRZX,S,2025-08-07,2025-09-12
R,John Boozman,Senate,EMRZX,S,2025-08-01,2025-09-12
R,John Boozman,Senate,URNM,S,2025-08-01,2025-09-12
R,John Boozman,Senate,MU,S,2025-08-22,2025-09-12
R,John Boozman,Senate,IVV,S,2025-08-01,2025-09-12
R,John Boozman,Senate,EFA,S,2025-08-01,2025-09-12
R,John Boozman,Senate,SLV,S,2025-08-01,2025-09-12
R,John Boozman,Senate,TBLL,S,2025-08-01,2025-09-12
R,John Boozman,Senate,GIGB,S,2025-08-01,2025-09-12
R,John Boozman,Senate,GEM,S,2025-08-01,2025-09-12
R,John Boozman,Senate,EMLP,S,2025-08-01,2025-09-12
R,John Boozman,Senate,PPLT,S,2025-08-01,2025-09-12
R,John Boozman,Senate,PALL,S,2025-08-01,2025-09-12
R,John Boozman,Senate,ABBV,S,2025-08-22,2025-09-12
R,John Boozman,Senate,ABBV,S,2025-08-11,2025-09-12
R,John Boozman,Senate,VNQI,P,2025-08-01,2025-09-12
R,John Boozman,Senate,SCHP,P,2025-08-01,2025-09-12
R,John Boozman,Senate,NVDA,P,2025-08-22,2025-09-12
R,John Boozman,Senate,RNWGX,P,2025-08-14,2025-09-12
R,John Boozman,Senate,RNWGX,P,2025-08-07,2025-09-12
R,John Boozman,Senate,RNWGX,P,2025-08-01,2025-09-12
R,John Boozman,Senate,LLY,P,2025-08-22,2025-09-12
R,John Boozman,Senate,LLY,P,2025-08-11,2025-09-12
R,John Boozman,Senate,JMBS,P,2025-08-01,2025-09-12
R,John Boozman,Senate,IWM,P,2025-08-01,2025-09-12
R,John Boozman,Senate,IEF,P,2025-08-01,2025-09-12
R,John Boozman,Senate,SHY,P,2025-08-01,2025-09-12
R,John Boozman,Senate,TLH,P,2025-08-01,2025-09-12
R,John Boozman,Senate,CMBS,P,2025-08-01,2025-09-12
R,John Boozman,Senate,IEI,P,2025-08-01,2025-09-12
R,John Boozman,Senate,TLT,P,2025-08-01,2025-09-12
R,John Boozman,Senate,MBB,P,2025-08-01,2025-09-12
R,John Boozman,Senate,AGZ,P,2025-08-01,2025-09-12
R,John Boozman,Senate,GEM,P,2025-08-01,2025-09-12
R,John Boozman,Senate,WWSYX,P,2025-08-01,2025-09-12
R,John Boozman,Senate,AMD,P,2025-08-07,2025-09-12
R,"A. Mitchell McConnell, Jr.",Senate,WFC,P,2025-09-01,2025-09-12
D,Sheldon Whitehouse,Senate,UNH,S,2025-08-28,2025-09-03
D,Sheldon Whitehouse,Senate,LRCX,S,2025-08-28,2025-09-03
D,Sheldon Whitehouse,Senate,KVUE,S,2025-08-28,2025-09-03
D,Sheldon Whitehouse,Senate,DHR,S,2025-08-28,2025-09-03
R,Shelley M Capito,Senate,BLK,S,2025-08-04,2025-09-03
R,Shelley M Capito,Senate,SHW,P,2025-08-01,2025-09-03
R,Shelley M Capito,Senate,PLD,P,2025-08-01,2025-09-03
D,Markwayne Mullin,Senate,UNH,S,2025-08-01,2025-08-18
D,"Angus S King, Jr.",Senate,VRT,P,2025-07-21,2025-08-18
D,"Angus S King, Jr.",Senate,UBER,P,2025-07-21,2025-08-18
D,"Angus S King, Jr.",Senate,TMO,S,2025-07-21,2025-08-18
D,"Angus S King, Jr.",Senate,PWR,P,2025-07-21,2025-08-18
D,"Angus S King, Jr.",Senate,PYPL,P,2025-07-21,2025-08-18
D,"Angus S King, Jr.",Senate,ONON,P,2025-07-21,2025-08-18
D,"Angus S King, Jr.",Senate,NVDA,P,2025-07-21,2025-08-18
D,"Angus S King, Jr.",Senate,NFLX,P,2025-07-21,2025-08-18
D,"Angus S King, Jr.",Senate,MSFT,P,2025-07-21,2025-08-18
D,"Angus S King, Jr.",Senate,META,P,2025-07-21,2025-08-18
D,"Angus S King, Jr.",Senate,MRVL,P,2025-07-21,2025-08-18
D,"Angus S King, Jr.",Senate,LOW,P,2025-07-21,2025-08-18
D,"Angus S King, Jr.",Senate,KEX,P,2025-07-21,2025-08-18
D,"Angus S King, Jr.",Senate,JPM,P,2025-07-21,2025-08-18
D,"Angus S King, Jr.",Senate,XOM,P,2025-07-21,2025-08-18
D,"Angus S King, Jr.",Senate,BX,P,2025-07-21,2025-08-18
D,"Angus S King, Jr.",Senate,BAC,P,2025-07-21,2025-08-18
D,"Angus S King, Jr.",Senate,ADSK,P,2025-07-21,2025-08-18
D,"Angus S King, Jr.",Senate,ANET,P,2025-07-21,2025-08-18
D,"Angus S King, Jr.",Senate,AMAT,P,2025-07-21,2025-08-18
D,"Angus S King, Jr.",Senate,GOOGL,P,2025-07-21,2025-08-18
D,"Angus S King, Jr.",Senate,AMD,P,2025-07-21,2025-08-18
D,"Angus S King, Jr.",Senate,UNH,S,2025-07-15,2025-08-18
D,Markwayne Mullin,Senate,LLY,P,2024-12-11,2025-08-12
D,Markwayne Mullin,Senate,PDBC,P,2024-11-12,2025-08-12
D,Markwayne Mullin,Senate,PCLPX,S,2024-11-12,2025-08-12
D,Markwayne Mullin,Senate,PDBC,P,2024-10-29,2025-08-12
R,John Boozman,Senate,MDLZ,S,2025-07-31,2025-08-06
R,John Boozman,Senate,MU,S,2025-07-01,2025-08-06
R,John Boozman,Senate,JPM,S,2025-07-24,2025-08-06
R,John Boozman,Senate,HYG,S,2025-07-08,2025-08-06
R,John Boozman,Senate,GD,S,2025-07-31,2025-08-06
R,John Boozman,Senate,WMT,P,2025-07-31,2025-08-06
R,John Boozman,Senate,GIGB,P,2025-07-08,2025-08-06
R,John Boozman,Senate,GE,P,2025-07-31,2025-08-06
D,Sheldon Whitehouse,Senate,NVDA,S,2025-07-07,2025-08-04
D,Sheldon Whitehouse,Senate,ADI,S,2025-07-03,2025-08-04
R,Shelley M Capito,Senate,CL,S,2025-07-31,2025-08-04
R,Shelley M Capito,Senate,PPG,S,2025-07-31,2025-08-04
R,Shelley M Capito,Senate,GD,S,2025-07-31,2025-08-04
R,Shelley M Capito,Senate,PPG,S,2025-07-30,2025-08-04
R,Shelley M Capito,Senate,META,P,2025-07-29,2025-08-04
R,Shelley M Capito,Senate,GOOGL,P,2025-07-29,2025-08-04
R,Shelley M Capito,Senate,AVGO,S,2025-07-18,2025-08-04
R,Shelley M Capito,Senate,JPM,S,2025-07-18,2025-08-04
R,Shelley M Capito,Senate,MSFT,S,2025-07-18,2025-08-04
R,Shelley M Capito,Senate,AAPL,S,2025-07-18,2025-08-04
R,Shelley M Capito,Senate,AFL,S,2025-07-18,2025-08-04
R,Shelley M Capito,Senate,CB,S,2025-07-17,2025-08-04
R,Shelley M Capito,Senate,AXP,P,2025-07-01,2025-08-04
R,Lindsey Graham,Senate,XONE,P,2025-06-30,2025-07-14
R,Lindsey Graham,Senate,BSCV,P,2025-06-30,2025-07-14
R,John Boozman,Senate,RTX,P,2025-05-30,2025-07-09
R,John Boozman,Senate,NVDA,P,2025-05-13,2025-07-09
R,John Boozman,Senate,META,P,2025-05-30,2025-07-09
R,John Boozman,Senate,META,P,2025-05-16,2025-07-09
R,John Boozman,Senate,HD,P,2025-05-20,2025-07-09
R,John Boozman,Senate,HD,P,2025-05-16,2025-07-09
R,John Boozman,Senate,AVGO,P,2025-05-13,2025-07-09
R,John Boozman,Senate,ATO,P,2025-05-20,2025-07-09
R,John Boozman,Senate,AMZN,P,2025-05-16,2025-07-09
R,John Boozman,Senate,GOOGL,P,2025-05-20,2025-07-09
R,John Boozman,Senate,UNH,S,2025-06-11,2025-07-09
R,John Boozman,Senate,MU,S,2025-06-11,2025-07-09
R,John Boozman,Senate,TBLL,P,2025-06-11,2025-07-09
R,John Boozman,Senate,AVGO,P,2025-06-11,2025-07-09
D,John W Hickenlooper,Senate,CMG,S,2025-06-12,2025-07-07
R,"A. Mitchell McConnell, Jr.",Senate,LAZR,S,2025-06-26,2025-07-07
R,Shelley M Capito,Senate,UNH,S,2025-06-23,2025-07-04
R,Shelley M Capito,Senate,ADI,S,2025-06-18,2025-07-04
R,Shelley M Capito,Senate,WFC,S,2025-06-18,2025-07-04
R,Shelley M Capito,Senate,MSFT,S,2025-06-18,2025-07-04
R,Shelley M Capito,Senate,XOM,S,2025-06-18,2025-07-04
R,Shelley M Capito,Senate,C,S,2025-06-18,2025-07-04
D,Ron L Wyden,Senate,PFE,S,2025-06-03,2025-07-02
R,"A. Mitchell McConnell, Jr.",Senate,WFC,P,2025-06-01,2025-06-19
R,"Jerry Moran,",Senate,GOOG,P,2025-05-08,2025-06-18
R,John Boozman,Senate,VLO,S,2025-05-13,2025-06-14
R,John Boozman,Senate,NRG,S,2025-05-20,2025-06-14
R,John Boozman,Senate,LOW,S,2025-05-20,2025-06-14
R,John Boozman,Senate,TBLL,S,2025-05-16,2025-06-14
R,John Boozman,Senate,GD,S,2025-05-20,2025-06-14
R,John Boozman,Senate,FBIN,S,2025-05-30,2025-06-14
R,John Boozman,Senate,DTE,S,2025-05-20,2025-06-14
R,John Boozman,Senate,RTX,P,2025-05-30,2025-06-14
R,John Boozman,Senate,NVDA,P,2025-05-13,2025-06-14
R,John Boozman,Senate,META,P,2025-05-30,2025-06-14
R,John Boozman,Senate,META,P,2025-05-16,2025-06-14
R,John Boozman,Senate,HD,P,2025-05-20,2025-06-14
R,John Boozman,Senate,HD,P,2025-05-16,2025-06-14
R,John Boozman,Senate,ATO,P,2025-05-20,2025-06-14
R,John Boozman,Senate,AMZN,P,2025-05-16,2025-06-14
R,John Boozman,Senate,GOOGL,P,2025-05-20,2025-06-14
R,Shelley M Capito,Senate,GOOGL,P,2025-05-08,2025-06-13
D,John W Hickenlooper,Senate,LBRDK,P,2025-05-19,2025-06-13
D,Markwayne Mullin,Senate,ADBE,P,2025-05-13,2025-06-11
D,Markwayne Mullin,Senate,AMAT,P,2025-05-13,2025-06-11
D,Markwayne Mullin,Senate,CSX,P,2025-05-13,2025-06-11
D,Markwayne Mullin,Senate,CVX,P,2025-05-13,2025-06-11
D,Markwayne Mullin,Senate,COP,P,2025-05-13,2025-06-11
D,Markwayne Mullin,Senate,LPLA,P,2025-05-13,2025-06-11
D,Markwayne Mullin,Senate,LHX,P,2025-05-13,2025-06-11
D,Markwayne Mullin,Senate,LRCX,P,2025-05-13,2025-06-11
D,Markwayne Mullin,Senate,SPY,S,2025-05-13,2025-06-11
D,Markwayne Mullin,Senate,TXN,P,2025-05-13,2025-06-11
D,Markwayne Mullin,Senate,TMO,P,2025-05-13,2025-06-11
D,Markwayne Mullin,Senate,VLO,P,2025-05-13,2025-06-11
D,Markwayne Mullin,Senate,ZTS,P,2025-05-13,2025-06-11
D,John Fetterman,Senate,GOOG,P,2025-05-15,2025-06-09
R,David H McCormick,Senate,IJR,S,2025-05-06,2025-06-04
D,John W Hickenlooper,Senate,LBRDK,S,2025-05-09,2025-05-26
D,John W Hickenlooper,Senate,LBRDK,P,2025-05-09,2025-05-26
D,John W Hickenlooper,Senate,FWONK,S,2025-05-09,2025-05-26
D,John W Hickenlooper,Senate,FWONK,P,2025-05-09,2025-05-26
D,John W Hickenlooper,Senate,SIRI,S,2025-04-25,2025-05-26
R,Thomas H Tuberville,Senate,BMY,S,2025-04-15,2025-05-15
R,Thomas H Tuberville,Senate,PYPL,S,2025-04-15,2025-05-15
R,Thomas H Tuberville,Senate,USIG,P,2025-04-15,2025-05-15
R,Thomas H Tuberville,Senate,JPM,S,2025-04-15,2025-05-15
R,Thomas H Tuberville,Senate,GOOGL,S,2025-04-15,2025-05-15
R,Thomas H Tuberville,Senate,AMGN,S,2025-04-15,2025-05-15
R,Thomas H Tuberville,Senate,AAPL,S,2025-04-15,2025-05-15
R,Thomas H Tuberville,Senate,ADM,S,2025-04-15,2025-05-15
R,Thomas H Tuberville,Senate,CSX,S,2025-04-15,2025-05-15
R,Thomas H Tuberville,Senate,STZ,S,2025-04-15,2025-05-15
R,Thomas H Tuberville,Senate,DUK,S,2025-04-15,2025-05-15
R,Thomas H Tuberville,Senate,GS,S,2025-04-15,2025-05-15
R,Thomas H Tuberville,Senate,LLY,S,2025-04-15,2025-05-15
R,Thomas H Tuberville,Senate,MA,S,2025-04-15,2025-05-15
R,Thomas H Tuberville,Senate,MSFT,S,2025-04-15,2025-05-15
R,John Boozman,Senate,CRM,S,2025-04-22,2025-05-14
R,John Boozman,Senate,LRCX,S,2025-04-16,2025-05-14
R,John Boozman,Senate,JPM,S,2025-04-08,2025-05-14
R,John Boozman,Senate,IVW,S,2025-04-08,2025-05-14
R,John Boozman,Senate,SHY,S,2025-04-09,2025-05-14
R,John Boozman,Senate,GILD,S,2025-04-16,2025-05-14
R,John Boozman,Senate,BAC,S,2025-04-15,2025-05-14
R,John Boozman,Senate,AMAT,S,2025-04-16,2025-05-14
R,John Boozman,Senate,UNH,P,2025-04-16,2025-05-14
R,John Boozman,Senate,ORCL,P,2025-04-16,2025-05-14
R,John Boozman,Senate,MSFT,P,2025-04-22,2025-05-14
R,John Boozman,Senate,MSFT,P,2025-04-16,2025-05-14
R,John Boozman,Senate,META,P,2025-04-15,2025-05-14
R,John Boozman,Senate,HYG,P,2025-04-09,2025-05-14
R,John Boozman,Senate,FTGC,P,2025-04-08,2025-05-14
R,John Boozman,Senate,AVGO,P,2025-04-08,2025-05-14
D,Sheldon Whitehouse,Senate,HON,S,2025-04-03,2025-05-13
D,Sheldon Whitehouse,Senate,SBUX,S,2025-04-11,2025-05-13
D,Sheldon Whitehouse,Senate,NVDA,S,2025-04-14,2025-05-13
D,Sheldon Whitehouse,Senate,AAPL,S,2025-04-14,2025-05-13
D,Sheldon Whitehouse,Senate,SBUX,S,2025-04-14,2025-05-13
D,Sheldon Whitehouse,Senate,EL,S,2025-04-29,2025-05-13
D,Markwayne Mullin,Senate,COP,S,2025-04-08,2025-05-12
D,Markwayne Mullin,Senate,TMO,S,2025-04-08,2025-05-12
D,Markwayne Mullin,Senate,TXN,S,2025-04-08,2025-05-12
D,Markwayne Mullin,Senate,VLO,S,2025-04-08,2025-05-12
D,Markwayne Mullin,Senate,ZTS,S,2025-04-08,2025-05-12
D,Markwayne Mullin,Senate,CVX,S,2025-04-08,2025-05-12
D,Markwayne Mullin,Senate,LRCX,S,2025-04-08,2025-05-12
D,Markwayne Mullin,Senate,ADBE,S,2025-04-08,2025-05-12
D,Markwayne Mullin,Senate,AMAT,S,2025-04-08,2025-05-12
D,Markwayne Mullin,Senate,CSX,S,2025-04-08,2025-05-12
R,Shelley M Capito,Senate,GOOGL,P,2025-04-29,2025-05-07
R,Shelley M Capito,Senate,TGT,S,2025-04-11,2025-05-07
R,Shelley M Capito,Senate,NKE,S,2025-04-10,2025-05-07
R,David H McCormick,Senate,BITB,P,2025-04-09,2025-04-30
R,David H McCormick,Senate,BITB,P,2025-04-07,2025-04-30
R,David H McCormick,Senate,BITB,P,2025-04-03,2025-04-30
R,David H McCormick,Senate,BITB,P,2025-04-02,2025-04-30
R,David H McCormick,Senate,BITB,P,2025-03-31,2025-04-30
R,Bernie Moreno,Senate,BEEP,S,2025-03-17,2025-04-30
R,David H McCormick,Senate,BITB,P,2025-03-27,2025-04-23
R,David H McCormick,Senate,BITB,P,2025-03-25,2025-04-23
R,David H McCormick,Senate,BITB,P,2025-03-24,2025-04-23
D,John W Hickenlooper,Senate,FWONK,S,2025-03-18,2025-04-21
R,John Boozman,Senate,IVW,S,2025-03-19,2025-04-20
R,John Boozman,Senate,DTE,S,2025-03-19,2025-04-20
R,John Boozman,Senate,TBLL,P,2025-03-19,2025-04-20
R,John Boozman,Senate,TBLL,P,2025-03-05,2025-04-20
R,John Boozman,Senate,AMAT,P,2025-03-19,2025-04-20
D,Markwayne Mullin,Senate,COF,P,2025-03-19,2025-04-13
R,Shelley M Capito,Senate,META,P,2025-03-26,2025-04-10
R,Shelley M Capito,Senate,CEG,P,2025-03-26,2025-04-10
R,David H McCormick,Senate,GS,S,2025-02-28,2025-03-29
R,David H McCormick,Senate,BITB,P,2025-03-20,2025-03-29
R,David H McCormick,Senate,BITB,P,2025-03-13,2025-03-29
R,David H McCormick,Senate,BITB,P,2025-03-11,2025-03-29
R,David H McCormick,Senate,BITB,P,2025-03-10,2025-03-29
R,David H McCormick,Senate,BITB,P,2025-03-05,2025-03-29
R,David H McCormick,Senate,BITB,P,2025-03-03,2025-03-29
R,David H McCormick,Senate,BITB,P,2025-02-28,2025-03-29
R,David H McCormick,Senate,BITB,P,2025-02-27,2025-03-29
D,Tina Smith,Senate,PEP,S,2025-02-11,2025-03-19
D,Tina Smith,Senate,GIS,S,2025-02-11,2025-03-19
R,David H McCormick,Senate,BITB,P,2025-02-26,2025-03-19
R,David H McCormick,Senate,BITB,P,2025-02-25,2025-03-19
R,"A. Mitchell McConnell, Jr.",Senate,WFC,P,2025-03-03,2025-03-12
R,John Boozman,Senate,QSR,S,2025-02-04,2025-03-06
R,John Boozman,Senate,PFE,S,2025-02-13,2025-03-06
R,John Boozman,Senate,LRCX,S,2025-02-05,2025-03-06
R,John Boozman,Senate,JPM,S,2025-02-05,2025-03-06
R,John Boozman,Senate,IVW,S,2025-02-26,2025-03-06
R,John Boozman,Senate,IVW,S,2025-02-14,2025-03-06
R,John Boozman,Senate,FTGC,S,2025-02-26,2025-03-06
R,John Boozman,Senate,EMLP,S,2025-02-26,2025-03-06
R,John Boozman,Senate,DIS,S,2025-02-13,2025-03-06
R,John Boozman,Senate,BAC,S,2025-02-05,2025-03-06
R,John Boozman,Senate,URNM,P,2025-02-25,2025-03-06
R,John Boozman,Senate,LITP,P,2025-02-26,2025-03-06
R,John Boozman,Senate,NVDA,P,2025-02-26,2025-03-06
R,John Boozman,Senate,MSI,P,2025-02-26,2025-03-06
R,John Boozman,Senate,MSFT,P,2025-02-14,2025-03-06
R,John Boozman,Senate,MSFT,P,2025-02-05,2025-03-06
R,John Boozman,Senate,MA,P,2025-02-05,2025-03-06
R,John Boozman,Senate,TBLL,P,2025-02-26,2025-03-06
R,John Boozman,Senate,ECL,P,2025-02-26,2025-03-06
R,John Boozman,Senate,BSX,P,2025-02-13,2025-03-06
R,John Boozman,Senate,AXP,P,2025-02-26,2025-03-06
R,John Boozman,Senate,AXP,P,2025-02-05,2025-03-06
R,John Boozman,Senate,AMZN,P,2025-02-26,2025-03-06
R,John Boozman,Senate,AMZN,P,2025-02-04,2025-03-06
R,John Boozman,Senate,GOOGL,P,2025-02-13,2025-03-06
R,Shelley M Capito,Senate,CMCSA,S,2025-02-24,2025-03-06
R,Shelley M Capito,Senate,ACN,S,2025-02-24,2025-03-06
R,Shelley M Capito,Senate,ABT,S,2025-02-24,2025-03-06
R,Shelley M Capito,Senate,AAPL,S,2025-02-05,2025-03-06
R,Shelley M Capito,Senate,CEG,P,2025-02-04,2025-03-06
R,Shelley M Capito,Senate,MSFT,S,2025-02-04,2025-03-06
R,David H McCormick,Senate,BITB,P,2025-02-26,2025-03-05
R,David H McCormick,Senate,BITB,P,2025-02-25,2025-03-05
D,Markwayne Mullin,Senate,WAB,P,2025-02-03,2025-02-27
D,Markwayne Mullin,Senate,PRMB,P,2025-02-03,2025-02-27
D,Markwayne Mullin,Senate,MTZ,P,2025-02-03,2025-02-27
D,Markwayne Mullin,Senate,LRN,P,2025-02-03,2025-02-27
D,Markwayne Mullin,Senate,IRM,P,2025-02-03,2025-02-27
D,Markwayne Mullin,Senate,GS,P,2025-02-03,2025-02-27
D,Markwayne Mullin,Senate,DELL,P,2025-02-03,2025-02-27
D,Markwayne Mullin,Senate,CRDO,P,2025-02-03,2025-02-27
D,Markwayne Mullin,Senate,COHR,P,2025-02-03,2025-02-27
D,Markwayne Mullin,Senate,AIT,P,2025-02-03,2025-02-27
D,Markwayne Mullin,Senate,VAW,S,2025-02-13,2025-02-27
D,Markwayne Mullin,Senate,LHX,P,2025-02-13,2025-02-27
D,Markwayne Mullin,Senate,STZ,S,2025-02-13,2025-02-27
D,Markwayne Mullin,Senate,LPLA,P,2025-02-13,2025-02-27
D,Markwayne Mullin,Senate,ACN,P,2025-02-13,2025-02-27
D,Markwayne Mullin,Senate,IQV,P,2025-02-13,2025-02-27
D,Markwayne Mullin,Senate,TJX,P,2025-02-13,2025-02-27
D,Markwayne Mullin,Senate,AMD,S,2025-02-13,2025-02-27
D,Markwayne Mullin,Senate,MSFT,P,2025-02-13,2025-02-27
D,Markwayne Mullin,Senate,AMZN,P,2025-02-13,2025-02-27
D,Markwayne Mullin,Senate,DHR,S,2025-02-13,2025-02-27
D,Markwayne Mullin,Senate,HON,S,2025-02-13,2025-02-27
D,Markwayne Mullin,Senate,PM,P,2025-02-13,2025-02-27
D,Markwayne Mullin,Senate,BRK,S,2025-02-13,2025-02-27
R,Ashley Moody,Senate,MU,P,2025-01-22,2025-02-21
R,Ashley Moody,Senate,AMAT,P,2025-01-22,2025-02-21
R,Ashley Moody,Senate,HWM,P,2025-01-22,2025-02-21
R,Ashley Moody,Senate,OKTA,S,2025-01-21,2025-02-21
D,Ron L Wyden,Senate,IRBT,S,2025-02-06,2025-02-21
D,Ron L Wyden,Senate,SOLV,S,2025-02-06,2025-02-21
D,Ron L Wyden,Senate,LLY,S,2025-02-10,2025-02-21
D,Ron L Wyden,Senate,LLY,P,2025-01-22,2025-02-21
R,Thomas H Tuberville,Senate,TSCO,S,2025-01-10,2025-02-14
R,Thomas H Tuberville,Senate,CARR,S,2025-01-10,2025-02-14
R,Thomas H Tuberville,Senate,TXN,S,2025-01-10,2025-02-14
R,Thomas H Tuberville,Senate,DEO,S,2025-01-10,2025-02-14
R,Thomas H Tuberville,Senate,MSFT,S,2025-01-10,2025-02-14
R,Thomas H Tuberville,Senate,AAPL,S,2025-01-10,2025-02-14
R,Shelley M Capito,Senate,PSX,S,2025-01-17,2025-02-13
R,Shelley M Capito,Senate,JPM,S,2025-01-17,2025-02-13
R,Shelley M Capito,Senate,MSFT,S,2025-01-17,2025-02-13
R,Shelley M Capito,Senate,LOW,S,2025-01-17,2025-02-13
R,Shelley M Capito,Senate,ITW,S,2025-01-17,2025-02-13
R,Shelley M Capito,Senate,GWW,S,2025-01-17,2025-02-13
R,Shelley M Capito,Senate,CB,S,2025-01-17,2025-02-13
R,Shelley M Capito,Senate,BLK,S,2025-01-17,2025-02-13
R,Shelley M Capito,Senate,AAPL,S,2025-01-17,2025-02-13
R,Shelley M Capito,Senate,AFL,S,2025-01-17,2025-02-13
R,Shelley M Capito,Senate,MSFT,S,2025-01-03,2025-02-13
R,David H McCormick,Senate,RUM,S,2025-01-16,2025-02-09
R,John Boozman,Senate,SPY,S,2025-01-16,2025-02-08
R,John Boozman,Senate,IVW,S,2025-01-28,2025-02-08
R,John Boozman,Senate,QQQ,S,2025-01-14,2025-02-08
R,John Boozman,Senate,HPQ,S,2025-01-28,2025-02-08
R,John Boozman,Senate,EBAY,S,2025-01-14,2025-02-08
R,John Boozman,Senate,CSCO,S,2025-01-14,2025-02-08
R,John Boozman,Senate,CRM,P,2025-01-14,2025-02-08
R,John Boozman,Senate,NVDA,P,2025-01-14,2025-02-08
R,John Boozman,Senate,NRG,P,2025-01-28,2025-02-08
R,John Boozman,Senate,MA,P,2025-01-14,2025-02-08
R,John Boozman,Senate,TBLL,P,2025-01-28,2025-02-08
R,John Boozman,Senate,TBLL,P,2025-01-16,2025-02-08
R,Marco Rubio,Senate,CSCO,S,2025-01-07,2025-02-06
R,Marco Rubio,Senate,KO,S,2025-01-07,2025-02-06
D,Markwayne Mullin,Senate,ABT,S,2025-01-08,2025-01-31
D,Markwayne Mullin,Senate,IEFA,S,2025-01-08,2025-01-31
D,Markwayne Mullin,Senate,EZU,S,2025-01-08,2025-01-31
D,Markwayne Mullin,Senate,WAB,P,2025-01-02,2025-01-31
D,Markwayne Mullin,Senate,PRMB,P,2025-01-02,2025-01-31
D,Markwayne Mullin,Senate,MTZ,P,2025-01-02,2025-01-31
D,Markwayne Mullin,Senate,LRN,P,2025-01-02,2025-01-31
D,Markwayne Mullin,Senate,IRM,P,2025-01-02,2025-01-31
D,Markwayne Mullin,Senate,GS,P,2025-01-02,2025-01-31
D,Markwayne Mullin,Senate,DELL,P,2025-01-02,2025-01-31
D,Markwayne Mullin,Senate,CRDO,P,2025-01-02,2025-01-31
D,Markwayne Mullin,Senate,COHR,P,2025-01-02,2025-01-31
D,Markwayne Mullin,Senate,AIT,P,2025-01-02,2025-01-31
R,"Jerry Moran,",Senate,BRK.B,P,2024-12-16,2025-01-18
R,John Boozman,Senate,AMAT,S,2024-12-23,2025-01-14
D,Sheldon Whitehouse,Senate,NVDA,S,2025-01-06,2025-01-08
D,Sheldon Whitehouse,Senate,LRCX,S,2024-12-19,2025-01-08
D,Sheldon Whitehouse,Senate,AAPL,S,2024-12-19,2025-01-08
R,Shelley M Capito,Senate,GE,P,2024-12-27,2025-01-06
R,Shelley M Capito,Senate,UNH,S,2024-12-20,2025-01-06
R,Shelley M Capito,Senate,LOW,S,2024-12-13,2025-01-06
R,Shelley M Capito,Senate,AVGO,P,2024-12-12,2025-01-06
R,Shelley M Capito,Senate,MSFT,S,2024-12-16,2025-01-06
R,"A. Mitchell McConnell, Jr.",Senate,WFC,P,2024-12-02,2025-01-04
D,Markwayne Mullin,Senate,VNQ,P,2024-12-26,2025-01-03
D,Markwayne Mullin,Senate,PCLPX,P,2024-12-26,2025-01-03
D,Markwayne Mullin,Senate,CFSSX,P,2024-12-26,2025-01-03
D,Markwayne Mullin,Senate,GICIX,P,2024-12-26,2025-01-03
D,Markwayne Mullin,Senate,PDBC,S,2024-12-26,2025-01-03
D,Markwayne Mullin,Senate,IEMG,P,2024-12-26,2025-01-03
D,Thomas R Carper,Senate,AY,S,2024-12-13,2025-01-02
D,Markwayne Mullin,Senate,LRN,P,2024-07-30,2024-12-31
D,Markwayne Mullin,Senate,SFM,S,2024-12-18,2024-12-31
D,Markwayne Mullin,Senate,OLLI,S,2024-12-18,2024-12-31
D,Markwayne Mullin,Senate,LRN,S,2024-12-18,2024-12-31
D,Markwayne Mullin,Senate,GS,S,2024-12-18,2024-12-31
D,Markwayne Mullin,Senate,FRPT,S,2024-12-18,2024-12-31
D,Markwayne Mullin,Senate,ETN,S,2024-12-18,2024-12-31
D,Markwayne Mullin,Senate,ELF,S,2024-12-18,2024-12-31
D,Markwayne Mullin,Senate,CYBR,S,2024-12-18,2024-12-31
D,Markwayne Mullin,Senate,BMI,S,2024-12-18,2024-12-31
D,Markwayne Mullin,Senate,AXON,S,2024-12-18,2024-12-31
D,Markwayne Mullin,Senate,ABT,S,2024-12-11,2024-12-31
D,Markwayne Mullin,Senate,PEP,S,2024-12-11,2024-12-31
D,Markwayne Mullin,Senate,AMAT,P,2024-12-11,2024-12-31
R,"William F Hagerty, IV",Senate,EQC,S,2024-12-13,2024-12-30
D,Markwayne Mullin,Senate,IEFA,P,2024-11-27,2024-12-19
D,Markwayne Mullin,Senate,IEMG,P,2024-11-27,2024-12-19
D,Markwayne Mullin,Senate,EZU,P,2024-11-27,2024-12-19
R,John Boozman,Senate,VWO,S,2024-11-20,2024-12-17
R,John Boozman,Senate,SWKS,S,2024-11-20,2024-12-17
R,John Boozman,Senate,BBEU,S,2024-11-20,2024-12-17
R,John Boozman,Senate,SPY,P,2024-11-13,2024-12-17
R,John Boozman,Senate,AAXJ,P,2024-11-20,2024-12-17
D,Sheldon Whitehouse,Senate,MET,S,2024-11-19,2024-12-05
D,Sheldon Whitehouse,Senate,KVUE,S,2024-11-18,2024-12-05
D,Markwayne Mullin,Senate,PCLPX,S,2024-11-12,2024-12-03
D,Markwayne Mullin,Senate,HIYS,P,2024-10-29,2024-12-03
D,Tina Smith,Senate,TCMD,P,2024-11-12,2024-11-21
R,Thomas H Tuberville,Senate,ADBE,S,2024-10-29,2024-11-15
R,Thomas H Tuberville,Senate,AAPL,S,2024-10-29,2024-11-15
R,Thomas H Tuberville,Senate,CTVA,S,2024-10-29,2024-11-15
R,Thomas H Tuberville,Senate,HON,S,2024-10-29,2024-11-15
R,Thomas H Tuberville,Senate,JNJ,S,2024-10-29,2024-11-15
R,Thomas H Tuberville,Senate,KMB,S,2024-10-29,2024-11-15
R,Thomas H Tuberville,Senate,MCD,S,2024-10-29,2024-11-15
R,Thomas H Tuberville,Senate,MSFT,S,2024-10-29,2024-11-15
R,Thomas H Tuberville,Senate,OC,S,2024-10-29,2024-11-15
R,Thomas H Tuberville,Senate,TRV,S,2024-10-29,2024-11-15
D,Gary C Peters,Senate,LEG,S,2024-10-31,2024-11-14
D,Gary C Peters,Senate,LW,S,2024-10-31,2024-11-14
D,Gary C Peters,Senate,IVZ,S,2024-10-17,2024-11-14
R,Shelley M Capito,Senate,CSL,P,2024-10-08,2024-11-12
D,Markwayne Mullin,Senate,LRN,P,2024-07-30,2024-11-08
D,Sheldon Whitehouse,Senate,KO,P,2024-10-08,2024-11-07
D,Sheldon Whitehouse,Senate,TSLA,S,2024-10-28,2024-11-07
D,Sheldon Whitehouse,Senate,CELH,S,2024-10-08,2024-11-07
D,Sheldon Whitehouse,Senate,SBUX,S,2024-10-29,2024-11-07
D,Sheldon Whitehouse,Senate,VZ,S,2024-10-29,2024-11-07
D,Sheldon Whitehouse,Senate,MA,S,2024-10-29,2024-11-07
D,Sheldon Whitehouse,Senate,DIS,S,2024-10-29,2024-11-07
D,Sheldon Whitehouse,Senate,HON,S,2024-10-29,2024-11-07
D,Sheldon Whitehouse,Senate,TSLA,S,2024-10-11,2024-11-07
D,Sheldon Whitehouse,Senate,LLY,P,2024-10-30,2024-11-07
R,John Boozman,Senate,FI,S,2024-09-26,2024-10-18
R,John Boozman,Senate,VEA,S,2024-09-09,2024-10-18
R,John Boozman,Senate,VNQI,S,2024-09-06,2024-10-18
R,John Boozman,Senate,MDY,S,2024-09-09,2024-10-18
R,John Boozman,Senate,TPYP,S,2024-09-06,2024-10-18
R,John Boozman,Senate,IVV,S,2024-10-06,2024-10-18
R,John Boozman,Senate,IWM,S,2024-10-09,2024-10-18
R,John Boozman,Senate,EFA,S,2024-09-09,2024-10-18
R,John Boozman,Senate,EMLP,S,2024-09-06,2024-10-18
R,John Boozman,Senate,WWSYX,S,2024-09-06,2024-10-18
R,John Boozman,Senate,SCHP,P,2024-09-06,2024-10-18
R,John Boozman,Senate,JMBS,P,2024-09-06,2024-10-18
R,John Boozman,Senate,IVV,P,2024-09-06,2024-10-18
R,John Boozman,Senate,IEF,P,2024-09-06,2024-10-18
R,John Boozman,Senate,SHY,P,2024-09-06,2024-10-18
R,John Boozman,Senate,TLH,P,2024-09-06,2024-10-18
R,John Boozman,Senate,CMBS,P,2024-09-06,2024-10-18
R,John Boozman,Senate,IEI,P,2024-09-06,2024-10-18
R,John Boozman,Senate,TLT,P,2024-09-06,2024-10-18
R,John Boozman,Senate,MBB,P,2024-09-06,2024-10-18
R,John Boozman,Senate,AGZ,P,2024-09-06,2024-10-18
R,John Boozman,Senate,TBLL,P,2024-09-06,2024-10-18
R,John Boozman,Senate,GIGB,P,2024-09-06,2024-10-18
R,John Boozman,Senate,FTGC,P,2024-09-06,2024-10-18
R,John Boozman,Senate,PPLT,P,2024-09-06,2024-10-18
R,John Boozman,Senate,PALL,P,2024-09-06,2024-10-18
D,John W Hickenlooper,Senate,LSXMK,S,2024-09-06,2024-10-15
D,John W Hickenlooper,Senate,CMG,S,2024-09-12,2024-10-15
D,Sheldon Whitehouse,Senate,AMGN,S,2024-09-17,2024-10-10
R,Shelley M Capito,Senate,NSC,S,2024-09-25,2024-10-05
R,Shelley M Capito,Senate,NKE,S,2024-09-20,2024-10-05
R,Shelley M Capito,Senate,MSFT,S,2024-09-20,2024-10-05
R,Shelley M Capito,Senate,GWW,S,2024-09-20,2024-10-05
R,Shelley M Capito,Senate,AAPL,S,2024-09-20,2024-10-05
R,Shelley M Capito,Senate,ACN,S,2024-09-20,2024-10-05
D,Markwayne Mullin,Senate,EW,S,2024-08-20,2024-09-19
D,Markwayne Mullin,Senate,IQV,P,2024-08-20,2024-09-19
D,Markwayne Mullin,Senate,SBUX,S,2024-08-20,2024-09-19
D,Markwayne Mullin,Senate,TJX,P,2024-08-20,2024-09-19
D,John W Hickenlooper,Senate,BATRK,S,2024-08-30,2024-09-19
D,John W Hickenlooper,Senate,BATRK,S,2024-08-28,2024-09-19
D,John W Hickenlooper,Senate,BATRK,P,2024-08-28,2024-09-19
R,"A. Mitchell McConnell, Jr.",Senate,WFC,P,2024-09-01,2024-09-16
R,Susan M Collins,Senate,GL,S,2024-08-05,2024-09-13
R,Thomas H Tuberville,Senate,AAPL,S,2024-08-26,2024-09-13
R,Thomas H Tuberville,Senate,MDT,S,2024-08-26,2024-09-13
R,Thomas H Tuberville,Senate,CVS,S,2024-08-26,2024-09-13
R,Thomas H Tuberville,Senate,UPS,S,2024-08-26,2024-09-13
D,John W Hickenlooper,Senate,LINE,P,2024-07-25,2024-09-05
R,Shelley M Capito,Senate,NKE,P,2024-08-28,2024-09-05
R,Shelley M Capito,Senate,AVGO,P,2024-08-27,2024-09-05
R,Shelley M Capito,Senate,NSC,S,2024-08-22,2024-09-05
D,Sheldon Whitehouse,Senate,SNOW,S,2024-08-15,2024-09-04
R,"Jerry Moran,",Senate,BRK.B,S,2024-07-29,2024-08-29
D,Sheldon Whitehouse,Senate,JNJ,S,2024-07-03,2024-08-21
D,Sheldon Whitehouse,Senate,CAG,S,2024-07-30,2024-08-21
D,Sheldon Whitehouse,Senate,MCD,S,2024-07-03,2024-08-21
D,Sheldon Whitehouse,Senate,DIS,S,2024-07-25,2024-08-21
R,Shelley M Capito,Senate,AVGO,P,2024-07-01,2024-08-11
R,Shelley M Capito,Senate,PEP,S,2024-07-25,2024-08-11
R,Shelley M Capito,Senate,LOW,S,2024-07-25,2024-08-11
R,Shelley M Capito,Senate,MSFT,S,2024-07-17,2024-08-11
R,Shelley M Capito,Senate,XOM,S,2024-07-17,2024-08-11
R,Shelley M Capito,Senate,C,S,2024-07-17,2024-08-11
R,John Boozman,Senate,VEA,P,2024-07-18,2024-08-06
R,John Boozman,Senate,MSI,P,2024-07-26,2024-08-06
R,John Boozman,Senate,GOOGL,P,2024-07-26,2024-08-06
R,John Boozman,Senate,MDY,S,2024-07-18,2024-08-06
R,John Boozman,Senate,LRCX,S,2024-07-26,2024-08-06
D,Gary C Peters,Senate,OTIS,S,2024-07-17,2024-08-05
R,Katie Britt,Senate,ONEW,S,2024-07-24,2024-07-29
D,Sheldon Whitehouse,Senate,GS,P,2024-06-27,2024-07-16
D,Sheldon Whitehouse,Senate,HD,P,2024-06-13,2024-07-16
D,Sheldon Whitehouse,Senate,MSFT,P,2024-06-13,2024-07-16
D,Markwayne Mullin,Senate,IWB,S,2024-06-12,2024-07-12
D,Markwayne Mullin,Senate,CMCSA,S,2024-06-12,2024-07-12
D,Markwayne Mullin,Senate,PH,P,2024-06-12,2024-07-12
D,Markwayne Mullin,Senate,NKE,S,2024-06-12,2024-07-12
D,Markwayne Mullin,Senate,IWB,S,2024-06-13,2024-07-12
R,Shelley M Capito,Senate,APD,S,2024-06-27,2024-07-11
R,John Boozman,Senate,MDY,S,2024-06-04,2024-07-11
R,John Boozman,Senate,NMVZX,S,2024-06-24,2024-07-11
R,John Boozman,Senate,IVV,S,2024-07-04,2024-07-11
R,John Boozman,Senate,EFA,S,2024-06-04,2024-07-11
R,John Boozman,Senate,IEF,S,2024-06-26,2024-07-11
R,John Boozman,Senate,SHY,S,2024-06-26,2024-07-11
R,John Boozman,Senate,CMCSA,S,2024-06-20,2024-07-11
R,John Boozman,Senate,VEA,P,2024-06-04,2024-07-11
R,John Boozman,Senate,DALCX,P,2024-06-24,2024-07-11
R,John Boozman,Senate,SPY,P,2024-06-04,2024-07-11
R,John Boozman,Senate,SCHP,P,2024-06-26,2024-07-11
R,John Boozman,Senate,MSFT,P,2024-06-20,2024-07-11
R,John Boozman,Senate,NMVZX,P,2024-06-04,2024-07-11
R,John Boozman,Senate,JMBS,P,2024-06-26,2024-07-11
R,John Boozman,Senate,TLH,P,2024-06-26,2024-07-11
R,John Boozman,Senate,GEM,P,2024-06-04,2024-07-11
R,Thomas H Tuberville,Senate,ARKK,P,2024-05-07,2024-06-14
R,Thomas H Tuberville,Senate,ARKK,P,2024-05-10,2024-06-14
R,Thomas H Tuberville,Senate,XBI,P,2024-05-08,2024-06-14
R,Thomas H Tuberville,Senate,INTC,S,2024-05-13,2024-06-14
R,Thomas H Tuberville,Senate,CLF,S,2024-05-13,2024-06-14
R,Thomas H Tuberville,Senate,CLF,P,2024-05-10,2024-06-14
R,Thomas H Tuberville,Senate,GILD,P,2024-05-10,2024-06-14
R,Thomas H Tuberville,Senate,PARA,S,2024-05-10,2024-06-14
R,Thomas H Tuberville,Senate,INTC,S,2024-05-10,2024-06-14
R,Thomas H Tuberville,Senate,CLF,S,2024-05-10,2024-06-14
R,Thomas H Tuberville,Senate,KEY,P,2024-05-09,2024-06-14
R,Thomas H Tuberville,Senate,INTC,P,2024-05-09,2024-06-14
R,Thomas H Tuberville,Senate,GOLD,P,2024-05-08,2024-06-14
R,Thomas H Tuberville,Senate,ADBE,P,2024-05-08,2024-06-14
R,Thomas H Tuberville,Senate,SWKS,S,2024-05-08,2024-06-14
R,Thomas H Tuberville,Senate,INTC,P,2024-05-08,2024-06-14
R,Thomas H Tuberville,Senate,GILD,S,2024-05-08,2024-06-14
R,Thomas H Tuberville,Senate,FITB,P,2024-05-07,2024-06-14
R,Thomas H Tuberville,Senate,GOLD,P,2024-05-07,2024-06-14
R,Thomas H Tuberville,Senate,CLF,P,2024-05-07,2024-06-14
R,Thomas H Tuberville,Senate,CVX,P,2024-05-07,2024-06-14
R,Thomas H Tuberville,Senate,CCJ,P,2024-05-07,2024-06-14
R,Thomas H Tuberville,Senate,LSCC,S,2024-05-07,2024-06-14
R,Thomas H Tuberville,Senate,INTC,P,2024-05-07,2024-06-14
R,Thomas H Tuberville,Senate,FITB,S,2024-05-07,2024-06-14
R,Thomas H Tuberville,Senate,GOLD,S,2024-05-07,2024-06-14
R,Thomas H Tuberville,Senate,WMS,S,2024-05-07,2024-06-14
R,Thomas H Tuberville,Senate,WAT,S,2024-05-03,2024-06-14
R,Thomas H Tuberville,Senate,V,S,2024-05-03,2024-06-14
R,Thomas H Tuberville,Senate,VRTX,S,2024-05-03,2024-06-14
R,Thomas H Tuberville,Senate,VRSK,S,2024-05-03,2024-06-14
R,Thomas H Tuberville,Senate,UI,S,2024-05-03,2024-06-14
R,Thomas H Tuberville,Senate,TER,S,2024-05-03,2024-06-14
R,Thomas H Tuberville,Senate,TEL,S,2024-05-03,2024-06-14
R,Thomas H Tuberville,Senate,SNPS,S,2024-05-03,2024-06-14
R,Thomas H Tuberville,Senate,SOLV,P,2024-05-03,2024-06-14
R,Thomas H Tuberville,Senate,RMD,S,2024-05-03,2024-06-14
R,Thomas H Tuberville,Senate,RELX,S,2024-05-03,2024-06-14
R,Thomas H Tuberville,Senate,QLYS,S,2024-05-03,2024-06-14
R,Thomas H Tuberville,Senate,PG,S,2024-05-03,2024-06-14
R,Thomas H Tuberville,Senate,PFE,S,2024-05-03,2024-06-14
R,Thomas H Tuberville,Senate,PEP,S,2024-05-03,2024-06-14
R,Thomas H Tuberville,Senate,PYPL,S,2024-05-03,2024-06-14
R,Thomas H Tuberville,Senate,PAYX,S,2024-05-03,2024-06-14
R,Thomas H Tuberville,Senate,ODFL,S,2024-05-03,2024-06-14
R,Thomas H Tuberville,Senate,NDSN,S,2024-05-03,2024-06-14
R,Thomas H Tuberville,Senate,NXPI,S,2024-05-03,2024-06-14
R,Thomas H Tuberville,Senate,NFLX,S,2024-05-03,2024-06-14
R,Thomas H Tuberville,Senate,MSI,S,2024-05-03,2024-06-14
R,Thomas H Tuberville,Senate,MCO,S,2024-05-03,2024-06-14
R,Thomas H Tuberville,Senate,MPWR,S,2024-05-03,2024-06-14
R,Thomas H Tuberville,Senate,MA,S,2024-05-03,2024-06-14
R,Thomas H Tuberville,Senate,LULU,S,2024-05-03,2024-06-14
R,Thomas H Tuberville,Senate,KLAC,S,2024-05-03,2024-06-14
R,Thomas H Tuberville,Senate,INFY,S,2024-05-03,2024-06-14
R,Thomas H Tuberville,Senate,ITW,S,2024-05-03,2024-06-14
R,Thomas H Tuberville,Senate,HUMA,S,2024-05-03,2024-06-14
R,Thomas H Tuberville,Senate,HSY,S,2024-05-03,2024-06-14
R,Thomas H Tuberville,Senate,JKHY,S,2024-05-03,2024-06-14
R,Thomas H Tuberville,Senate,GGG,S,2024-05-03,2024-06-14
R,Thomas H Tuberville,Senate,GRMN,S,2024-05-03,2024-06-14
R,Thomas H Tuberville,Senate,GLPI,S,2024-05-03,2024-06-14
R,Thomas H Tuberville,Senate,FDS,S,2024-05-03,2024-06-14
R,Thomas H Tuberville,Senate,ELS,S,2024-05-03,2024-06-14
R,Thomas H Tuberville,Senate,DECK,S,2024-05-03,2024-06-14
R,Thomas H Tuberville,Senate,CPRT,S,2024-05-03,2024-06-14
R,Thomas H Tuberville,Senate,CBSH,S,2024-05-03,2024-06-14
R,Thomas H Tuberville,Senate,CTAS,S,2024-05-03,2024-06-14
R,Thomas H Tuberville,Senate,CDNS,S,2024-05-03,2024-06-14
R,Thomas H Tuberville,Senate,DOW,S,2024-05-03,2024-06-14
R,Thomas H Tuberville,Senate,BRO,S,2024-05-03,2024-06-14
R,Thomas H Tuberville,Senate,ASML,S,2024-05-03,2024-06-14
R,Thomas H Tuberville,Senate,A,S,2024-05-03,2024-06-14
R,"A. Mitchell McConnell, Jr.",Senate,WFC,P,2024-06-04,2024-06-13
D,John W Hickenlooper,Senate,FWONK,S,2024-06-03,2024-06-10
D,John W Hickenlooper,Senate,FWONK,P,2024-06-03,2024-06-10
D,John W Hickenlooper,Senate,FWONK,S,2024-05-20,2024-06-10
D,John W Hickenlooper,Senate,FWONK,P,2024-05-20,2024-06-10
D,Markwayne Mullin,Senate,IWB,S,2024-05-08,2024-06-07
D,Sheldon Whitehouse,Senate,CCI,P,2024-05-10,2024-06-06
D,Sheldon Whitehouse,Senate,DEO,S,2024-05-08,2024-06-06
R,John Boozman,Senate,GIGB,P,2024-05-31,2024-06-05
R,John Boozman,Senate,IVW,S,2024-05-31,2024-06-05
R,John Boozman,Senate,EFA,S,2024-05-31,2024-06-05
D,Thomas R Carper,Senate,TGT,P,2024-05-22,2024-06-03
D,Thomas R Carper,Senate,ATKR,S,2024-05-09,2024-06-03
D,Thomas R Carper,Senate,TTE,S,2024-05-09,2024-06-03
D,Thomas R Carper,Senate,SBUX,S,2024-05-09,2024-06-03
D,Thomas R Carper,Senate,EMR,P,2024-05-09,2024-06-03
D,Thomas R Carper,Senate,OXY,P,2024-05-09,2024-06-03
D,Gary C Peters,Senate,SOLV,S,2024-05-14,2024-05-23
D,Gary C Peters,Senate,CCL,S,2024-05-14,2024-05-23
D,Gary C Peters,Senate,SLB,S,2024-05-14,2024-05-23
D,Gary C Peters,Senate,IFF,S,2024-05-14,2024-05-23
D,Sheldon Whitehouse,Senate,RTX,S,2024-04-09,2024-05-20
D,Sheldon Whitehouse,Senate,DHR,S,2024-04-09,2024-05-20
D,Sheldon Whitehouse,Senate,UL,S,2024-04-09,2024-05-20
D,Sheldon Whitehouse,Senate,IR,S,2024-04-09,2024-05-20
D,Sheldon Whitehouse,Senate,NVS,S,2024-04-09,2024-05-20
R,Thomas H Tuberville,Senate,WBA,S,2024-04-30,2024-05-15
R,Thomas H Tuberville,Senate,PYPL,P,2024-04-30,2024-05-15
R,Thomas H Tuberville,Senate,SBLK,S,2024-04-30,2024-05-15
R,Thomas H Tuberville,Senate,SSBK,S,2024-04-30,2024-05-15
R,Thomas H Tuberville,Senate,OXY,S,2024-04-30,2024-05-15
R,Thomas H Tuberville,Senate,NVDA,S,2024-04-30,2024-05-15
R,Thomas H Tuberville,Senate,KEY,S,2024-04-30,2024-05-15
R,Thomas H Tuberville,Senate,GOGL,S,2024-04-30,2024-05-15
R,Thomas H Tuberville,Senate,XOM,S,2024-04-30,2024-05-15
R,Thomas H Tuberville,Senate,CVX,S,2024-04-30,2024-05-15
R,Thomas H Tuberville,Senate,HUMA,S,2024-04-30,2024-05-15
R,Thomas H Tuberville,Senate,LSCC,P,2024-04-29,2024-05-15
R,Thomas H Tuberville,Senate,CVX,P,2024-04-29,2024-05-15
R,Thomas H Tuberville,Senate,CCL,P,2024-04-29,2024-05-15
R,Thomas H Tuberville,Senate,QCOM,P,2024-04-29,2024-05-15
R,Thomas H Tuberville,Senate,CLX,P,2024-04-29,2024-05-15
R,Thomas H Tuberville,Senate,SWKS,P,2024-04-29,2024-05-15
R,Thomas H Tuberville,Senate,MMM,S,2024-04-29,2024-05-15
R,Thomas H Tuberville,Senate,PAC,S,2024-04-29,2024-05-15
R,Thomas H Tuberville,Senate,KMB,P,2024-04-18,2024-05-15
R,Thomas H Tuberville,Senate,NTES,S,2024-04-18,2024-05-15
R,Thomas H Tuberville,Senate,SWKS,S,2024-04-05,2024-05-15
R,Thomas H Tuberville,Senate,TEL,P,2024-04-05,2024-05-15
R,Thomas H Tuberville,Senate,SNPS,P,2024-04-05,2024-05-15
R,Thomas H Tuberville,Senate,SWKS,P,2024-04-05,2024-05-15
R,Thomas H Tuberville,Senate,QLYS,P,2024-04-05,2024-05-15
R,Thomas H Tuberville,Senate,ODFL,P,2024-04-05,2024-05-15
R,Thomas H Tuberville,Senate,NFLX,P,2024-04-05,2024-05-15
R,Thomas H Tuberville,Senate,MSI,P,2024-04-05,2024-05-15
R,Thomas H Tuberville,Senate,NTES,P,2024-04-05,2024-05-15
R,Thomas H Tuberville,Senate,LULU,P,2024-04-05,2024-05-15
R,Thomas H Tuberville,Senate,LSCC,P,2024-04-05,2024-05-15
R,Thomas H Tuberville,Senate,JKHY,P,2024-04-05,2024-05-15
R,Thomas H Tuberville,Senate,PAC,P,2024-04-05,2024-05-15
R,Thomas H Tuberville,Senate,GILD,P,2024-04-05,2024-05-15
R,Thomas H Tuberville,Senate,DECK,P,2024-04-05,2024-05-15
R,Thomas H Tuberville,Senate,CBSH,P,2024-04-05,2024-05-15
R,Thomas H Tuberville,Senate,BRO,P,2024-04-05,2024-05-15
R,Thomas H Tuberville,Senate,A,P,2024-04-05,2024-05-15
R,Thomas H Tuberville,Senate,AMAT,P,2024-04-04,2024-05-15
R,Thomas H Tuberville,Senate,WU,S,2024-04-04,2024-05-15
R,Thomas H Tuberville,Senate,SSD,S,2024-04-04,2024-05-15
R,Thomas H Tuberville,Senate,ROK,S,2024-04-04,2024-05-15
R,Thomas H Tuberville,Senate,QSR,S,2024-04-04,2024-05-15
R,Thomas H Tuberville,Senate,REGN,S,2024-04-04,2024-05-15
R,Thomas H Tuberville,Senate,PHM,S,2024-04-04,2024-05-15
R,Thomas H Tuberville,Senate,PAYC,S,2024-04-04,2024-05-15
R,Thomas H Tuberville,Senate,NDAQ,S,2024-04-04,2024-05-15
R,Thomas H Tuberville,Senate,KEYS,S,2024-04-04,2024-05-15
R,Thomas H Tuberville,Senate,LSCC,S,2024-04-03,2024-05-15
R,Thomas H Tuberville,Senate,BMY,P,2024-04-03,2024-05-15
R,Thomas H Tuberville,Senate,ABBV,P,2024-04-03,2024-05-15
R,Thomas H Tuberville,Senate,GILD,S,2024-04-03,2024-05-15
R,Thomas H Tuberville,Senate,MCHP,P,2024-04-03,2024-05-15
R,Thomas H Tuberville,Senate,CCJ,S,2024-04-03,2024-05-15
R,Thomas H Tuberville,Senate,MCHP,S,2024-04-03,2024-05-15
R,Thomas H Tuberville,Senate,LLY,S,2024-04-03,2024-05-15
R,Thomas H Tuberville,Senate,FTNT,S,2024-04-03,2024-05-15
R,Thomas H Tuberville,Senate,IEX,S,2024-04-03,2024-05-15
R,Thomas H Tuberville,Senate,EXR,S,2024-04-03,2024-05-15
R,Thomas H Tuberville,Senate,BMY,S,2024-04-03,2024-05-15
R,Thomas H Tuberville,Senate,AVGO,S,2024-04-03,2024-05-15
R,Shelley M Capito,Senate,JPM,S,2024-04-23,2024-05-13
R,Shelley M Capito,Senate,MSFT,S,2024-04-23,2024-05-13
R,Shelley M Capito,Senate,AAPL,S,2024-04-23,2024-05-13
R,Shelley M Capito,Senate,MSFT,S,2024-04-09,2024-05-13
R,Shelley M Capito,Senate,GWW,S,2024-04-09,2024-05-13
R,Shelley M Capito,Senate,SPGI,S,2024-04-09,2024-05-13
R,Shelley M Capito,Senate,AAPL,S,2024-04-09,2024-05-13
R,Lindsey Graham,Senate,VIG,S,2023-12-28,2024-05-08
R,Lindsey Graham,Senate,USFR,P,2023-12-28,2024-05-08
R,John Boozman,Senate,HES,S,2024-03-28,2024-05-08
R,John Boozman,Senate,AMAT,P,2024-03-28,2024-05-08
R,John Boozman,Senate,SCHP,S,2024-02-20,2024-05-08
R,John Boozman,Senate,IEF,S,2024-02-20,2024-05-08
R,John Boozman,Senate,TLH,P,2024-02-20,2024-05-08
R,John Boozman,Senate,TLT,P,2024-02-20,2024-05-08
R,John Boozman,Senate,EFA,S,2024-04-11,2024-05-07
R,John Boozman,Senate,CMBS,S,2024-04-16,2024-05-07
R,John Boozman,Senate,JMBS,P,2024-04-16,2024-05-07
R,John Boozman,Senate,SCZ,P,2024-04-11,2024-05-07
D,Markwayne Mullin,Senate,ZTS,S,2024-04-03,2024-05-02
D,Markwayne Mullin,Senate,ZTS,S,2024-04-03,2024-05-01
D,Thomas R Carper,Senate,VLO,S,2024-04-11,2024-04-30
D,Thomas R Carper,Senate,ENB,P,2024-04-11,2024-04-30
D,Sheldon Whitehouse,Senate,UL,S,2024-03-22,2024-04-24
D,Sheldon Whitehouse,Senate,CMCSA,S,2024-03-13,2024-04-24
R,Rafael E Cruz,Senate,GS,S,2024-04-15,2024-04-24
D,Tina Smith,Senate,PODD,S,2024-04-04,2024-04-19
D,Tina Smith,Senate,NEE,S,2024-04-04,2024-04-19
D,"Angus S King, Jr.",Senate,VZ,P,2024-03-07,2024-04-17
R,Thomas H Tuberville,Senate,WBA,P,2024-03-21,2024-04-15
R,Thomas H Tuberville,Senate,PARA,P,2024-03-21,2024-04-15
R,Thomas H Tuberville,Senate,HUMA,P,2024-03-21,2024-04-15
R,Thomas H Tuberville,Senate,QCOM,S,2024-03-13,2024-04-15
R,Thomas H Tuberville,Senate,ADBE,S,2024-03-13,2024-04-15
R,Thomas H Tuberville,Senate,AMAT,S,2024-03-08,2024-04-15
R,Thomas H Tuberville,Senate,AAPL,S,2024-03-12,2024-04-15
R,Thomas H Tuberville,Senate,ACN,S,2024-03-12,2024-04-15
R,Thomas H Tuberville,Senate,CSX,S,2024-03-12,2024-04-15
R,Thomas H Tuberville,Senate,JPM,S,2024-03-12,2024-04-15
R,Thomas H Tuberville,Senate,TXN,S,2024-03-12,2024-04-15
D,Ron L Wyden,Senate,UPS,S,2024-03-27,2024-04-12
D,John W Hickenlooper,Senate,LSXMK,S,2024-03-12,2024-04-11
D,Thomas R Carper,Senate,D,P,2024-03-28,2024-03-29
D,Thomas R Carper,Senate,MOS,S,2024-03-28,2024-03-29
D,Thomas R Carper,Senate,NTR,P,2024-03-28,2024-03-29
D,Thomas R Carper,Senate,INOD,S,2024-03-21,2024-03-29
D,Thomas R Carper,Senate,SOFI,S,2024-03-21,2024-03-29
D,Thomas R Carper,Senate,ALTM,P,2024-03-21,2024-03-29
D,Thomas R Carper,Senate,SQM,P,2024-03-13,2024-03-29
D,Thomas R Carper,Senate,ETRN,S,2024-03-11,2024-03-29
D,Thomas R Carper,Senate,NVDA,P,2024-03-07,2024-03-29
D,Thomas R Carper,Senate,AAPL,S,2024-03-07,2024-03-29
R,"A. Mitchell McConnell, Jr.",Senate,WFC,P,2024-03-05,2024-03-19
R,Thomas H Tuberville,Senate,QCOM,S,2024-02-27,2024-03-15
R,Thomas H Tuberville,Senate,SBLK,P,2024-02-27,2024-03-15
R,Thomas H Tuberville,Senate,SSBK,P,2024-02-27,2024-03-15
R,Thomas H Tuberville,Senate,PFE,P,2024-02-27,2024-03-15
R,Thomas H Tuberville,Senate,GOGL,P,2024-02-27,2024-03-15
R,Thomas H Tuberville,Senate,AMAT,S,2024-02-16,2024-03-15
R,Thomas H Tuberville,Senate,KEY,S,2024-02-12,2024-03-15
R,Thomas H Tuberville,Senate,HUMA,P,2024-02-12,2024-03-15
R,Shelley M Capito,Senate,ZTS,P,2024-02-27,2024-03-15
R,Shelley M Capito,Senate,SBUX,P,2024-02-23,2024-03-15
R,Shelley M Capito,Senate,BDX,S,2024-02-15,2024-03-15
R,Shelley M Capito,Senate,MDT,S,2024-02-09,2024-03-15
D,Thomas R Carper,Senate,TGT,P,2024-02-16,2024-03-04
D,Thomas R Carper,Senate,EQNR,S,2024-02-16,2024-03-04
R,Thomas H Tuberville,Senate,INTC,S,2024-01-24,2024-02-14
R,Thomas H Tuberville,Senate,CLF,S,2024-01-22,2024-02-14
R,Thomas H Tuberville,Senate,SCCO,S,2024-01-22,2024-02-14
R,Thomas H Tuberville,Senate,MNST,S,2024-01-22,2024-02-14
R,Thomas H Tuberville,Senate,MMC,S,2024-01-22,2024-02-14
R,Thomas H Tuberville,Senate,IDXX,S,2024-01-22,2024-02-14
R,Thomas H Tuberville,Senate,META,S,2024-01-22,2024-02-14
R,Thomas H Tuberville,Senate,AON,S,2024-01-22,2024-02-14
R,Thomas H Tuberville,Senate,PG,P,2024-01-19,2024-02-14
R,Thomas H Tuberville,Senate,XP,S,2024-01-19,2024-02-14
R,Thomas H Tuberville,Senate,SSBK,S,2024-01-19,2024-02-14
R,Thomas H Tuberville,Senate,PAM,S,2024-01-19,2024-02-14
R,Thomas H Tuberville,Senate,NVO,S,2024-01-19,2024-02-14
R,Thomas H Tuberville,Senate,LRCX,S,2024-01-19,2024-02-14
R,Thomas H Tuberville,Senate,IBM,S,2024-01-19,2024-02-14
R,Thomas H Tuberville,Senate,GNTX,S,2024-01-19,2024-02-14
R,Thomas H Tuberville,Senate,RACE,S,2024-01-19,2024-02-14
R,Thomas H Tuberville,Senate,CFG,S,2024-01-19,2024-02-14
R,Thomas H Tuberville,Senate,ADSK,S,2024-01-19,2024-02-14
R,Thomas H Tuberville,Senate,AMAT,S,2024-01-19,2024-02-14
R,Thomas H Tuberville,Senate,AAPL,S,2024-01-19,2024-02-14
R,Thomas H Tuberville,Senate,ADI,S,2024-01-19,2024-02-14
R,Thomas H Tuberville,Senate,APH,S,2024-01-19,2024-02-14
R,Thomas H Tuberville,Senate,AMGN,S,2024-01-19,2024-02-14
R,Thomas H Tuberville,Senate,AME,S,2024-01-19,2024-02-14
R,Thomas H Tuberville,Senate,GOOGL,S,2024-01-19,2024-02-14
R,Thomas H Tuberville,Senate,GOOG,S,2024-01-19,2024-02-14
R,Thomas H Tuberville,Senate,AMD,S,2024-01-19,2024-02-14
R,Thomas H Tuberville,Senate,ADBE,S,2024-01-19,2024-02-14
R,Thomas H Tuberville,Senate,ABBV,S,2024-01-19,2024-02-14
R,Thomas H Tuberville,Senate,HUMA,S,2024-01-19,2024-02-14
R,Thomas H Tuberville,Senate,AAPL,P,2024-01-10,2024-02-14
R,Thomas H Tuberville,Senate,GOOGL,S,2024-01-03,2024-02-14
R,Thomas H Tuberville,Senate,AAPL,S,2024-01-03,2024-02-14
R,Thomas H Tuberville,Senate,BMY,S,2024-01-03,2024-02-14
R,Thomas H Tuberville,Senate,LLY,S,2024-01-03,2024-02-14
R,Thomas H Tuberville,Senate,MSFT,S,2024-01-03,2024-02-14
R,Thomas H Tuberville,Senate,ORCL,S,2024-01-03,2024-02-14
R,Thomas H Tuberville,Senate,SLF,S,2024-01-03,2024-02-14
R,Thomas H Tuberville,Senate,DGX,S,2024-01-03,2024-02-14
R,Thomas H Tuberville,Senate,UNP,S,2024-01-03,2024-02-14
R,Shelley M Capito,Senate,ES,S,2024-01-19,2024-02-14
R,Shelley M Capito,Senate,ENB,S,2024-01-19,2024-02-14
R,Daniel S Sullivan,Senate,RPM,S,2024-01-24,2024-02-09
D,Thomas R Carper,Senate,AES,P,2024-01-17,2024-02-02
D,Thomas R Carper,Senate,TTE,S,2024-01-17,2024-02-02
D,Thomas R Carper,Senate,SBUX,P,2024-01-17,2024-02-02
D,Thomas R Carper,Senate,VLO,P,2024-01-17,2024-02-02
D,Thomas R Carper,Senate,MET,S,2024-01-17,2024-02-02
D,Thomas R Carper,Senate,CME,P,2024-01-17,2024-02-02
D,Thomas R Carper,Senate,ETRN,P,2024-01-17,2024-02-02
D,Thomas R Carper,Senate,ABT,S,2024-01-17,2024-02-02
D,Thomas R Carper,Senate,S,S,2024-01-02,2024-02-02
D,Thomas R Carper,Senate,DELL,P,2024-01-02,2024-02-02
D,Markwayne Mullin,Senate,ZTS,P,2024-01-04,2024-01-26
D,Markwayne Mullin,Senate,SFM,P,2024-01-04,2024-01-26
D,Markwayne Mullin,Senate,OLLI,P,2024-01-04,2024-01-26
D,Markwayne Mullin,Senate,GS,P,2024-01-04,2024-01-26
D,Markwayne Mullin,Senate,FRPT,P,2024-01-04,2024-01-26
D,Markwayne Mullin,Senate,ETN,P,2024-01-04,2024-01-26
D,Markwayne Mullin,Senate,ELF,P,2024-01-04,2024-01-26
D,Markwayne Mullin,Senate,CYBR,P,2024-01-04,2024-01-26
D,Markwayne Mullin,Senate,BMI,P,2024-01-04,2024-01-26
D,Markwayne Mullin,Senate,AXON,P,2024-01-04,2024-01-26
D,Markwayne Mullin,Senate,ADBE,P,2024-01-02,2024-01-26
D,Markwayne Mullin,Senate,AMD,P,2024-01-02,2024-01-26
D,Markwayne Mullin,Senate,AAPL,P,2024-01-02,2024-01-26
D,Markwayne Mullin,Senate,AMAT,P,2024-01-02,2024-01-26
D,Markwayne Mullin,Senate,META,P,2024-01-02,2024-01-26
D,Markwayne Mullin,Senate,LRCX,P,2024-01-02,2024-01-26
D,Markwayne Mullin,Senate,NVDA,P,2024-01-02,2024-01-26
D,Markwayne Mullin,Senate,SHOP,S,2023-12-22,2024-01-26
D,Markwayne Mullin,Senate,PYPL,S,2023-12-22,2024-01-26
D,Markwayne Mullin,Senate,PODD,S,2023-12-22,2024-01-26
D,Markwayne Mullin,Senate,INST,S,2023-12-22,2024-01-26
D,Markwayne Mullin,Senate,HUBB,S,2023-12-22,2024-01-26
D,Markwayne Mullin,Senate,FN,S,2023-12-22,2024-01-26
D,Markwayne Mullin,Senate,FCFS,S,2023-12-22,2024-01-26
D,Markwayne Mullin,Senate,EXLS,S,2023-12-22,2024-01-26
D,Markwayne Mullin,Senate,CTVA,S,2023-12-22,2024-01-26
D,Markwayne Mullin,Senate,CELH,S,2023-12-22,2024-01-26
R,Lindsey Graham,Senate,VIG,S,2024-01-26,2024-01-26
R,Lindsey Graham,Senate,USFR,P,2024-01-26,2024-01-26
D,Gary C Peters,Senate,D,S,2023-12-28,2024-01-25
R,Rick Scott,Senate,VAXX,S,2023-12-20,2024-01-19
D,Sheldon Whitehouse,Senate,SNOW,P,2023-12-14,2024-01-18
D,Sheldon Whitehouse,Senate,LLY,P,2023-12-14,2024-01-18
D,Sheldon Whitehouse,Senate,TGT,S,2023-12-07,2024-01-18
D,Sheldon Whitehouse,Senate,KO,P,2023-12-07,2024-01-18
D,Sheldon Whitehouse,Senate,PFE,S,2023-12-11,2024-01-18
R,"Jerry Moran,",Senate,VZ,S,2023-12-14,2024-01-17
R,"Jerry Moran,",Senate,USB,S,2023-12-14,2024-01-17
R,"Jerry Moran,",Senate,CI,S,2023-12-14,2024-01-17
R,"Jerry Moran,",Senate,PII,S,2023-12-14,2024-01-17
R,"Jerry Moran,",Senate,MSFT,S,2023-12-14,2024-01-17
R,"Jerry Moran,",Senate,META,S,2023-12-14,2024-01-17
R,"Jerry Moran,",Senate,KR,S,2023-12-14,2024-01-17
R,"Jerry Moran,",Senate,KMB,S,2023-12-14,2024-01-17
R,"Jerry Moran,",Senate,JNJ,S,2023-12-14,2024-01-17
R,"Jerry Moran,",Senate,INTC,S,2023-12-14,2024-01-17
R,"Jerry Moran,",Senate,XOM,S,2023-12-14,2024-01-17
R,"Jerry Moran,",Senate,DVA,S,2023-12-14,2024-01-17
R,"Jerry Moran,",Senate,CVS,S,2023-12-14,2024-01-17
R,"Jerry Moran,",Senate,CMCSA,S,2023-12-14,2024-01-17
R,"Jerry Moran,",Senate,CSCO,S,2023-12-14,2024-01-17
R,"Jerry Moran,",Senate,CVX,S,2023-12-14,2024-01-17
R,"Jerry Moran,",Senate,BRK.B,P,2023-12-14,2024-01-17
R,"Jerry Moran,",Senate,BK,S,2023-12-14,2024-01-17
R,"Jerry Moran,",Senate,BAC,S,2023-12-14,2024-01-17
R,"Jerry Moran,",Senate,AAPL,S,2023-12-14,2024-01-17
R,"Jerry Moran,",Senate,GOOG,S,2023-12-14,2024-01-17
R,"Jerry Moran,",Senate,PFE,S,2023-12-14,2024-01-17
R,"Jerry Moran,",Senate,HAL,S,2023-12-14,2024-01-17
R,"Jerry Moran,",Senate,AMZN,S,2023-12-14,2024-01-17
D,"Angus S King, Jr.",Senate,VZ,S,2023-12-27,2024-01-16
D,"Angus S King, Jr.",Senate,EA,P,2023-12-27,2024-01-16
R,Shelley M Capito,Senate,JPM,S,2023-12-19,2024-01-12
R,Shelley M Capito,Senate,MSFT,S,2023-12-19,2024-01-12
R,Shelley M Capito,Senate,AAPL,S,2023-12-19,2024-01-12
R,Shelley M Capito,Senate,ADI,S,2023-12-19,2024-01-12
R,Shelley M Capito,Senate,ACN,S,2023-12-19,2024-01-12
R,Shelley M Capito,Senate,SPGI,P,2023-12-01,2024-01-12
R,Shelley M Capito,Senate,CMCSA,P,2023-12-01,2024-01-12
R,Shelley M Capito,Senate,CSCO,P,2023-12-01,2024-01-12
R,Shelley M Capito,Senate,CVX,P,2023-12-01,2024-01-12
R,Shelley M Capito,Senate,TFC,S,2023-12-29,2024-01-12
R,Shelley M Capito,Senate,PFE,S,2023-12-18,2024-01-12
R,Shelley M Capito,Senate,MDLZ,S,2023-12-18,2024-01-12
R,Shelley M Capito,Senate,MSFT,S,2023-12-18,2024-01-12
R,Shelley M Capito,Senate,KO,S,2023-12-18,2024-01-12
R,Thomas H Tuberville,Senate,PARA,P,2023-12-26,2024-01-12
R,Thomas H Tuberville,Senate,VZ,S,2023-12-26,2024-01-12
R,Thomas H Tuberville,Senate,RF,S,2023-12-26,2024-01-12
R,Thomas H Tuberville,Senate,KEY,P,2023-12-26,2024-01-12
R,Thomas H Tuberville,Senate,UAA,S,2023-12-19,2024-01-12
R,Thomas H Tuberville,Senate,CVX,S,2023-12-18,2024-01-12
R,Thomas H Tuberville,Senate,GOLD,S,2023-12-18,2024-01-12
R,Thomas H Tuberville,Senate,GOLD,P,2023-12-18,2024-01-12
R,Thomas H Tuberville,Senate,CVX,P,2023-12-14,2024-01-12
R,Thomas H Tuberville,Senate,CVX,P,2023-12-13,2024-01-12
R,Thomas H Tuberville,Senate,DVA,S,2023-12-12,2024-01-12
R,Thomas H Tuberville,Senate,GOLD,P,2023-12-12,2024-01-12
R,Thomas H Tuberville,Senate,GOLD,P,2023-12-11,2024-01-12
D,John W Hickenlooper,Senate,CMG,S,2023-12-13,2024-01-11
R,"William F Hagerty, IV",Senate,DDOG,S,2023-12-27,2024-01-10
R,John Boozman,Senate,LRCX,S,2023-12-20,2024-01-08
R,John Boozman,Senate,GBIL,S,2023-12-12,2024-01-08
R,John Boozman,Senate,PFE,P,2023-12-20,2024-01-08
R,John Boozman,Senate,PPLT,P,2023-12-12,2024-01-08
R,John Boozman,Senate,PALL,P,2023-12-12,2024-01-08
D,Thomas R Carper,Senate,SBUX,P,2023-12-11,2024-01-03
D,Thomas R Carper,Senate,VLO,P,2023-12-11,2024-01-03
D,Thomas R Carper,Senate,DGX,S,2023-12-11,2024-01-03
D,Thomas R Carper,Senate,TSM,S,2023-12-11,2024-01-03
D,Thomas R Carper,Senate,AGX,S,2023-12-11,2024-01-03
D,Thomas R Carper,Senate,MOS,S,2023-12-11,2024-01-03
D,Thomas R Carper,Senate,GLPI,P,2023-12-11,2024-01-03
D,Thomas R Carper,Senate,FNF,S,2023-12-11,2024-01-03
D,Thomas R Carper,Senate,FLNG,P,2023-12-11,2024-01-03
D,Thomas R Carper,Senate,IRM,S,2023-12-11,2024-01-03
D,Thomas R Carper,Senate,FMC,P,2023-12-11,2024-01-03
D,Thomas R Carper,Senate,KMB,P,2023-12-11,2024-01-03
