ticker,member_last,member_first,state,party,amount
AAL,Jeffries,Hakeem,NY,Democrat,10000
AAL,Larsen,Rick,WA,Democrat,10000
AAL,Gimenez,Carlos,FL,Republican,8500
AAL,Clark,Katherine,MA,Democrat,8500
AAL,Quigley,Mike,IL,Democrat,7500
AAL,Aguilar,Pete,CA,Democrat,6000
AAL,Stanton,Greg,AZ,Democrat,6000
AAL,Ellzey,Jake,TX,Republican,6000
AAL,Veasey,Marc,TX,Democrat,6000
AAL,Wilson,Frederica,FL,Democrat,5500
AAL,Menendez,Robert,NJ,Democrat,5500
AAL,Westerman,Bruce,AR,Republican,5500
AAL,Scalise,Steve,LA,Republican,5000
AAL,Baldwin,Tammy,WI,Democrat,5000
AAL,Budd,Ted,NC,Republican,5000
AAL,Johnson,Henry,GA,Democrat,5000
AAL,Johnson,Ron,WI,Republican,5000
AAL,Johnson,Mike,LA,Republican,5000
AAL,Johnson,Dusty,SD,Republican,5000
AAL,Johnson,Julie,TX,Democrat,5000
AAL,Cantwell,Maria,WA,Democrat,5000
AAL,McCormick,Rich,GA,Republican,5000
AAL,McCormick,Dave,PA,Republican,5000
AAL,Smith,Jason,MO,Republican,5000
AAL,Van Duyne,Beth,TX,Republican,5000
AAL,Fischer,Deb,NE,Republican,5000
AAL,Schneider,Bradley,IL,Democrat,4500
AAL,Brownley,Julia,CA,Democrat,4500
AAL,Neal,Richard,MA,Democrat,4500
AAL,Meeks,Gregory,NY,Democrat,3500
AAL,Newhouse,Dan,WA,Republican,3500
AAL,Estes,Ron,KS,Republican,3500
AAL,Burlison,Eric,MO,Republican,3500
AAL,Carbajal,Salud,CA,Democrat,3000
AAL,Horsford,Steven,NV,Democrat,3000
AAL,Fong,Vince,CA,Republican,2500
AAL,Blunt Rochester,Lisa,DE,Democrat,2500
AAL,Schweikert,David,AZ,Republican,2500
AAL,Stauber,Pete,MN,Republican,2500
ABBV,Schneider,Bradley,IL,Democrat,10000
ABBV,Aguilar,Pete,CA,Democrat,10000
ABBV,Blunt Rochester,Lisa,DE,Democrat,10000
ABBV,Smith,Jason,MO,Republican,10000
ABBV,Watson Coleman,Bonnie,NJ,Democrat,10000
ABBV,Plaskett,Stacey,VI,Democrat,10000
ABBV,Feenstra,Randy,IA,Republican,10000
ABBV,Veasey,Marc,TX,Democrat,8500
ABBV,Heinrich,Martin,NM,Democrat,7500
ABBV,Valadao,David,CA,Republican,7500
ABBV,Meeks,Gregory,NY,Democrat,7500
ABBV,Ivey,Glenn,MD,Democrat,7500
ABBV,Peters,Scott,CA,Democrat,7500
ABBV,Kelly,Robin,IL,Democrat,7500
ABBV,Miller-Meeks,Mariannette,IA,Republican,7500
ABBV,Cassidy,Bill,LA,Republican,7500
ABBV,Fitzpatrick,Brian,PA,Republican,7500
ABBV,Thompson,Bennie,MS,Democrat,7500
ABBV,Thompson,Mike,CA,Democrat,7500
ABBV,Thompson,Glenn,PA,Republican,7500
ABBV,Bost,Mike,IL,Republican,7500
ABBV,Daines,Steve,MT,Republican,7500
ABBV,Johnson,Henry,GA,Democrat,7000
ABBV,Johnson,Ron,WI,Republican,7000
ABBV,Johnson,Mike,LA,Republican,7000
ABBV,Johnson,Dusty,SD,Republican,7000
ABBV,Johnson,Julie,TX,Democrat,7000
ABBV,Jackson,Ronny,TX,Republican,7000
ABBV,Jackson,Jonathan,IL,Democrat,7000
ABBV,Neguse,Joe,CO,Democrat,6500
ABBV,Salinas,Andrea,OR,Democrat,6500
ABBV,Houlahan,Chrissy,PA,Democrat,6000
ABBV,Kiley,Kevin,CA,Independent,5000
ABBV,Guthrie,Brett,KY,Republican,5000
ABBV,Neal,Richard,MA,Democrat,5000
ABBV,Estes,Ron,KS,Republican,5000
ABT,Foxx,Virginia,NC,Republican,10000
ABT,Kelly,Robin,IL,Democrat,10000
ABT,Sewell,Terri,AL,Democrat,10000
ABT,Scott,Rick,FL,Republican,10000
ABT,King,Angus,ME,Independent,10000
ABT,Bilirakis,Gus,FL,Republican,10000
ABT,Horsford,Steven,NV,Democrat,10000
ABT,Balderson,Troy,OH,Republican,10000
ABT,Bost,Mike,IL,Republican,10000
ABT,Peters,Scott,CA,Democrat,10000
ABT,Blunt Rochester,Lisa,DE,Democrat,10000
ABT,Aguilar,Pete,CA,Democrat,10000
ABT,Barrasso,John,WY,Republican,10000
ABT,Smith,Jason,MO,Republican,10000
ABT,Buchanan,Vern,FL,Republican,10000
ABT,Panetta,Jimmy,CA,Democrat,10000
ABT,Neal,Richard,MA,Democrat,10000
ABT,Jordan,Jim,OH,Republican,10000
ABT,Schneider,Bradley,IL,Democrat,10000
ABT,Soto,Darren,FL,Democrat,10000
ABT,Veasey,Marc,TX,Democrat,10000
ABT,Torres,Norma,CA,Democrat,10000
ABT,Scalise,Steve,LA,Republican,10000
ABT,Craig,Angie,MN,Democrat,10000
ABT,DeGette,Diana,CO,Democrat,10000
ABT,Guthrie,Brett,KY,Republican,10000
ABT,Clark,Katherine,MA,Democrat,7500
ABT,Griffith,H.,VA,Republican,7500
ABT,Fletcher,Lizzie,TX,Democrat,7500
ABT,Smith,Adrian,NE,Republican,7500
ACN,Thune,John,SD,Republican,5000
ACN,Garbarino,Andrew,NY,Republican,5000
ACN,Warner,Mark,VA,Democrat,5000
ACN,Cassidy,Bill,LA,Republican,2000
ACN,Lofgren,Zoe,CA,Democrat,2000
ADP,Smucker,Lloyd,PA,Republican,1000
ADP,Moran,Nathaniel,TX,Republican,1000
ADP,Bost,Mike,IL,Republican,1000
ADP,Moore,Barry,AL,Republican,1000
ADP,Carbajal,Salud,CA,Democrat,1000
AIG,Johnson,Henry,GA,Democrat,10000
AIG,Johnson,Ron,WI,Republican,10000
AIG,Johnson,Mike,LA,Republican,10000
AIG,Johnson,Dusty,SD,Republican,10000
AIG,Johnson,Julie,TX,Democrat,10000
AMAT,Moulton,Seth,MA,Democrat,2900
AMAT,Warner,Mark,VA,Democrat,2500
AMAT,Lofgren,Zoe,CA,Democrat,2500
AMAT,Heinrich,Martin,NM,Democrat,2500
AMAT,Smith,Jason,MO,Republican,2500
AMAT,Clark,Katherine,MA,Democrat,2500
AMAT,Aguilar,Pete,CA,Democrat,2500
AMAT,Panetta,Jimmy,CA,Democrat,2500
AMAT,DelBene,Suzan,WA,Democrat,2000
AMAT,Feenstra,Randy,IA,Republican,1000
AMAT,Kim,Young,CA,Republican,1000
AMAT,Schneider,Bradley,IL,Democrat,1000
AMD,Heinrich,Martin,NM,Democrat,2500
AMD,Moulton,Seth,MA,Democrat,2500
AMD,Panetta,Jimmy,CA,Democrat,2500
AMD,Aguilar,Pete,CA,Democrat,2000
AMD,Schmitt,Eric,MO,Republican,1500
AMD,Morelle,Joseph,NY,Democrat,1000
AMD,Foster,Bill,IL,Democrat,1000
AMD,Pettersen,Brittany,CO,Democrat,1000
AMD,DelBene,Suzan,WA,Democrat,1000
AMD,Neguse,Joe,CO,Democrat,1000
AMGN,Johnson,Henry,GA,Democrat,15000
AMGN,Johnson,Ron,WI,Republican,15000
AMGN,Johnson,Mike,LA,Republican,15000
AMGN,Johnson,Dusty,SD,Republican,15000
AMGN,Johnson,Julie,TX,Democrat,15000
AMGN,Guthrie,Brett,KY,Republican,10000
AMGN,Scalise,Steve,LA,Republican,10000
AMGN,Buchanan,Vern,FL,Republican,10000
AMGN,Peters,Scott,CA,Democrat,10000
AMGN,Blackburn,Marsha,TN,Republican,10000
AMGN,Barrasso,John,WY,Republican,9000
AMGN,Horsford,Steven,NV,Democrat,8500
AMGN,Smith,Jason,MO,Republican,8000
AMGN,Collins,Susan,ME,Republican,7500
AMGN,Collins,Mike,GA,Republican,7500
AMGN,Smith,Adrian,NE,Republican,7000
AMGN,Balderson,Troy,OH,Republican,7000
AMGN,Sewell,Terri,AL,Democrat,7000
AMGN,DelBene,Suzan,WA,Democrat,7000
AMGN,Griffith,H.,VA,Republican,6500
AMGN,Blunt Rochester,Lisa,DE,Democrat,6500
AMGN,Arrington,Jodey,TX,Republican,6000
AMGN,Estes,Ron,KS,Republican,6000
AMGN,Brownley,Julia,CA,Democrat,6000
AMGN,Miller-Meeks,Mariannette,IA,Republican,6000
AMGN,Schmitt,Eric,MO,Republican,6000
AMGN,Dunn,Neal,FL,Republican,6000
AMGN,Hagerty,Bill,TN,Republican,5500
AMGN,Obernolte,Jay,CA,Republican,5500
AMGN,Justice,Jim,WV,Republican,5000
AMGN,Curtis,John,UT,Republican,5000
AMGN,Fischer,Deb,NE,Republican,5000
AMGN,Aguilar,Pete,CA,Democrat,5000
AMGN,Valadao,David,CA,Republican,5000
AMGN,Sheehy,Tim,MT,Republican,5000
AMGN,Husted,Jon,OH,Republican,5000
AMGN,Clark,Katherine,MA,Democrat,5000
AMGN,Ruiz,Raul,CA,Democrat,5000
AMGN,Murray,Patty,WA,Democrat,5000
APD,Scalise,Steve,LA,Republican,0
APG,Cuellar,Henry,TX,Democrat,10000
APG,Heinrich,Martin,NM,Democrat,10000
APG,Cruz,Ted,TX,Republican,10000
APG,Scalise,Steve,LA,Republican,10000
APG,Barrasso,John,WY,Republican,10000
APG,Gonzalez,Vicente,TX,Democrat,10000
APG,Johnson,Henry,GA,Democrat,10000
APG,Johnson,Ron,WI,Republican,10000
APG,Johnson,Mike,LA,Republican,10000
APG,Johnson,Dusty,SD,Republican,10000
APG,Johnson,Julie,TX,Democrat,10000
APG,Golden,Jared,ME,Democrat,8500
APG,James,John,MI,Republican,8000
APG,Pfluger,August,TX,Republican,7500
APG,Garcia,Sylvia,TX,Democrat,7000
APG,Smith,Jason,MO,Republican,7000
APG,Miller-Meeks,Mariannette,IA,Republican,6000
APG,Veasey,Marc,TX,Democrat,6000
APG,Westerman,Bruce,AR,Republican,6000
APG,Fletcher,Lizzie,TX,Democrat,6000
APG,Jordan,Jim,OH,Republican,5000
APG,Newhouse,Dan,WA,Republican,4500
APG,Babin,Brian,TX,Republican,3500
APG,Lee,Mike,UT,Republican,3000
APG,Fischer,Deb,NE,Republican,2500
APG,Ricketts,Pete,NE,Republican,2500
APG,Costa,Jim,CA,Democrat,2500
APG,Bishop,Sanford,GA,Democrat,2500
APG,Horsford,Steven,NV,Democrat,2000
APG,Sullivan,Dan,AK,Republican,2000
APG,Arrington,Jodey,TX,Republican,2000
APG,Crenshaw,Dan,TX,Republican,2000
APG,Thune,John,SD,Republican,2000
APG,Rouzer,David,NC,Republican,1500
APG,Balderson,Troy,OH,Republican,1500
APG,Cornyn,John,TX,Republican,1500
APG,Schmitt,Eric,MO,Republican,1500
APG,Young,Todd,IN,Republican,1500
APG,Finstad,Brad,MN,Republican,1000
APG,Hickenlooper,John,CO,Democrat,1000
APG,Hurd,Jeff,CO,Republican,1000
APG,Hageman,Harriet,WY,Republican,1000
APG,Miller,Max,OH,Republican,1000
APG,Cline,Ben,VA,Republican,1000
APG,Stauber,Pete,MN,Republican,1000
APG,Tillis,Thom,NC,Republican,1000
APG,Huizenga,Bill,MI,Republican,1000
APG,Thompson,Bennie,MS,Democrat,1000
APG,Thompson,Mike,CA,Democrat,1000
APG,Thompson,Glenn,PA,Republican,1000
APG,Fischbach,Michelle,MN,Republican,1000
APG,Ciscomani,Juan,AZ,Republican,1000
APG,Palmer,Gary,AL,Republican,1000
APG,Fong,Vince,CA,Republican,1000
APG,Joyce,John,PA,Republican,1000
APG,Armstrong,Alan,OK,Republican,1000
APG,Letlow,Julia,LA,Republican,1000
ATLKY,Meeks,Gregory,NY,Democrat,10000
ATLKY,Larsen,Rick,WA,Democrat,10000
ATLKY,Scott,Rick,FL,Republican,9000
ATLKY,Gimenez,Carlos,FL,Republican,7500
ATLKY,McConnell,Mitch,KY,Republican,6500
ATLKY,Latimer,George,NY,Democrat,6000
ATLKY,Westerman,Bruce,AR,Republican,4500
ATLKY,Wasserman Schultz,Debbie,FL,Democrat,3500
ATLKY,Fischer,Deb,NE,Republican,3000
ATLKY,Murkowski,Lisa,AK,Republican,2500
ATLKY,Rosen,Jacky,NV,Democrat,2500
ATLKY,Stanton,Greg,AZ,Democrat,2500
ATLKY,Marshall,Roger,KS,Republican,2500
ATLKY,Miller,Max,OH,Republican,2000
ATLKY,Smith,Jason,MO,Republican,2000
ATLKY,McClain,Lisa,MI,Republican,2000
ATLKY,Bean,Aaron,FL,Republican,2000
ATLKY,Smith,Adrian,NE,Republican,2000
ATLKY,Salazar,Maria,FL,Republican,1000
ATLKY,Johnson,Henry,GA,Democrat,1000
ATLKY,Johnson,Ron,WI,Republican,1000
ATLKY,Johnson,Mike,LA,Republican,1000
ATLKY,Johnson,Dusty,SD,Republican,1000
ATLKY,Johnson,Julie,TX,Democrat,1000
ATLKY,Quigley,Mike,IL,Democrat,1000
ATLKY,Rutherford,John,FL,Republican,1000
ATLKY,Cohen,Steve,TN,Democrat,1000
ATLKY,Cantwell,Maria,WA,Democrat,1000
ATLKY,Daines,Steve,MT,Republican,1000
ATLKY,Diaz-Balart,Mario,FL,Republican,-1500
ATLKY,Lee,Mike,UT,Republican,-2500
AVGO,Padilla,Alejandro,CA,Democrat,-1000
AVGO,Klobuchar,Amy,MN,Democrat,-2800
AXP,Johnson,Henry,GA,Democrat,15000
AXP,Johnson,Ron,WI,Republican,15000
AXP,Johnson,Mike,LA,Republican,15000
AXP,Johnson,Dusty,SD,Republican,15000
AXP,Johnson,Julie,TX,Democrat,15000
AXP,Jackson,Ronny,TX,Republican,12500
AXP,Jackson,Jonathan,IL,Democrat,12500
AXP,Mullin,Kevin,CA,Democrat,10000
AXP,Watson Coleman,Bonnie,NJ,Democrat,10000
AXP,Pettersen,Brittany,CO,Democrat,10000
AXP,King,Angus,ME,Independent,10000
AXP,Underwood,Lauren,IL,Democrat,10000
AXP,Smith,Adam,WA,Democrat,10000
AXP,Frankel,Lois,FL,Democrat,10000
AXP,Whitehouse,Sheldon,RI,Democrat,10000
AXP,Min,Dave,CA,Democrat,10000
AXP,Stevens,Haley,MI,Democrat,10000
AXP,Jacobs,Sara,CA,Democrat,10000
AXP,Heinrich,Martin,NM,Democrat,10000
AXP,McBath,Lucy,GA,Democrat,10000
AXP,Brownley,Julia,CA,Democrat,10000
AXP,Lynch,Stephen,MA,Democrat,10000
AXP,Menendez,Robert,NJ,Democrat,10000
AXP,McCollum,Betty,MN,Democrat,10000
AXP,Morelle,Joseph,NY,Democrat,10000
AXP,Randall,Emily,WA,Democrat,10000
AXP,Pallone,Frank,NJ,Democrat,10000
AXP,Trahan,Lori,MA,Democrat,10000
AXP,Schakowsky,Janice,IL,Democrat,10000
AXP,Sherman,Brad,CA,Democrat,10000
AXP,Sykes,Emilia,OH,Democrat,10000
AXP,Wasserman Schultz,Debbie,FL,Democrat,10000
AXP,Adams,Alma,NC,Democrat,10000
AXP,Quigley,Mike,IL,Democrat,10000
AXP,Takano,Mark,CA,Democrat,10000
AXP,Goldman,Dan,NY,Democrat,10000
AXP,Goldman,Craig,TX,Republican,10000
AXP,Clark,Katherine,MA,Democrat,10000
BA,Wagner,Ann,MO,Republican,12000
BA,DeLauro,Rosa,CT,Democrat,11500
BA,Strong,Dale,AL,Republican,11500
BA,Calvert,Ken,CA,Republican,11000
BA,Fitzpatrick,Brian,PA,Republican,10000
BA,Hinson,Ashley,IA,Republican,10000
BA,Rogers,Mike,AL,Republican,10000
BA,Ciscomani,Juan,AZ,Republican,10000
BA,McClain,Lisa,MI,Republican,10000
BA,Moolenaar,John,MI,Republican,10000
BA,Johnson,Henry,GA,Democrat,10000
BA,Johnson,Ron,WI,Republican,10000
BA,Johnson,Mike,LA,Republican,10000
BA,Johnson,Dusty,SD,Republican,10000
BA,Johnson,Julie,TX,Democrat,10000
BA,King,Angus,ME,Independent,10000
BA,Wilson,Joe,SC,Republican,10000
BA,Houlahan,Chrissy,PA,Democrat,10000
BA,Strickland,Marilyn,WA,Democrat,10000
BA,Alford,Mark,MO,Republican,10000
BA,Letlow,Julia,LA,Republican,10000
BA,Courtney,Joe,CT,Democrat,10000
BA,Bacon,Don,NE,Republican,10000
BA,Barrasso,John,WY,Republican,10000
BA,Norcross,Donald,NJ,Democrat,10000
BA,Ellzey,Jake,TX,Republican,10000
BA,Clark,Katherine,MA,Democrat,10000
BA,Marshall,Roger,KS,Republican,10000
BA,Wittman,Robert,VA,Republican,10000
BA,Valadao,David,CA,Republican,10000
BAC,Aguilar,Pete,CA,Democrat,10000
BAC,Johnson,Henry,GA,Democrat,10000
BAC,Johnson,Ron,WI,Republican,10000
BAC,Johnson,Mike,LA,Republican,10000
BAC,Johnson,Dusty,SD,Republican,10000
BAC,Johnson,Julie,TX,Democrat,10000
BAC,Scott,Austin,GA,Republican,10000
BAC,Wagner,Ann,MO,Republican,10000
BAC,Thompson,Bennie,MS,Democrat,10000
BAC,Thompson,Mike,CA,Democrat,10000
BAC,Thompson,Glenn,PA,Republican,10000
BAC,Huizenga,Bill,MI,Republican,10000
BAC,Scalise,Steve,LA,Republican,10000
BAC,Smith,Jason,MO,Republican,10000
BAC,Schneider,Bradley,IL,Democrat,9000
BAC,Bishop,Sanford,GA,Democrat,8000
BAC,Gonzalez,Vicente,TX,Democrat,8000
BAC,Foster,Bill,IL,Democrat,8000
BAC,Donalds,Byron,FL,Republican,8000
BAC,Lynch,Stephen,MA,Democrat,8000
BAC,Meeks,Gregory,NY,Democrat,8000
BAC,Kim,Young,CA,Republican,8000
BAC,Feenstra,Randy,IA,Republican,8000
BAC,Garbarino,Andrew,NY,Republican,7500
BAC,Loudermilk,Barry,GA,Republican,7500
BAC,Houchin,Erin,IN,Republican,7500
BAC,Kustoff,David,TN,Republican,7500
BAC,Pettersen,Brittany,CO,Democrat,7500
BAC,Clark,Katherine,MA,Democrat,7500
BAC,Cleaver,Emanuel,MO,Democrat,7000
BAC,Crawford,Eric,AR,Republican,7000
BAC,Flood,Mike,NE,Republican,7000
BAC,Timmons,William,SC,Republican,7000
BAC,Blunt Rochester,Lisa,DE,Democrat,6500
BAC,Sherman,Brad,CA,Democrat,6000
BAC,Finstad,Brad,MN,Republican,6000
BAC,Peters,Scott,CA,Democrat,6000
BAC,Quigley,Mike,IL,Democrat,6000
BAC,Horsford,Steven,NV,Democrat,5500
BAC,Jeffries,Hakeem,NY,Democrat,5000
BAC,Van Orden,Derrick,WI,Republican,5000
BAC,Hinson,Ashley,IA,Republican,5000
BAC,Adams,Alma,NC,Democrat,5000
BAH,Bergman,Jack,MI,Republican,10000
BAH,Mace,Nancy,SC,Republican,10000
BAH,Rogers,Mike,AL,Republican,10000
BAH,Padilla,Alejandro,CA,Democrat,10000
BAH,Murray,Patty,WA,Democrat,8500
BAH,Tillis,Thom,NC,Republican,8000
BAH,Wittman,Robert,VA,Republican,8000
BAH,Raskin,Jamie,MD,Democrat,8000
BAH,Calvert,Ken,CA,Republican,7000
BAH,Obernolte,Jay,CA,Republican,6000
BAH,Cornyn,John,TX,Republican,6000
BAH,Lieu,Ted,CA,Democrat,6000
BAH,Hirono,Mazie,HI,Democrat,5500
BAH,Bost,Mike,IL,Republican,5000
BAH,Thune,John,SD,Republican,5000
BAH,Guthrie,Brett,KY,Republican,5000
BAH,Schmitt,Eric,MO,Republican,5000
BAH,McCormick,Rich,GA,Republican,5000
BAH,McCormick,Dave,PA,Republican,5000
BAH,Smith,Adam,WA,Democrat,5000
BAH,Takano,Mark,CA,Democrat,4500
BAH,Hagerty,Bill,TN,Republican,4500
BAH,Diaz-Balart,Mario,FL,Republican,4000
BAH,King,Angus,ME,Independent,4000
BAH,Johnson,Henry,GA,Democrat,4000
BAH,Johnson,Ron,WI,Republican,4000
BAH,Johnson,Mike,LA,Republican,4000
BAH,Johnson,Dusty,SD,Republican,4000
BAH,Johnson,Julie,TX,Democrat,4000
BAH,Kiggans,Jennifer,VA,Republican,3500
BAH,Heinrich,Martin,NM,Democrat,3500
BAH,Bacon,Don,NE,Republican,2500
BAH,Garbarino,Andrew,NY,Republican,2500
BAH,Babin,Brian,TX,Republican,2000
BAH,Scott,Tim,SC,Republican,1500
BAH,Bishop,Sanford,GA,Democrat,1000
BAH,Peters,Scott,CA,Democrat,1000
BAH,Wasserman Schultz,Debbie,FL,Democrat,1000
BDX,Guthrie,Brett,KY,Republican,8500
BDX,Ricketts,Pete,NE,Republican,7500
BDX,Schneider,Bradley,IL,Democrat,7000
BDX,Tillis,Thom,NC,Republican,7000
BDX,Peters,Scott,CA,Democrat,6500
BDX,Smith,Adrian,NE,Republican,6000
BDX,Escobar,Veronica,TX,Democrat,6000
BDX,Cassidy,Bill,LA,Republican,6000
BDX,Craig,Angie,MN,Democrat,5500
BDX,Scott,Tim,SC,Republican,5000
BDX,Blumenthal,Richard,CT,Democrat,4500
BDX,Buchanan,Vern,FL,Republican,4000
BDX,Pallone,Frank,NJ,Democrat,4000
BDX,Magaziner,Seth,RI,Democrat,4000
BDX,Houlahan,Chrissy,PA,Democrat,4000
BDX,Ross,Deborah,NC,Democrat,3500
BDX,Curtis,John,UT,Republican,3500
BDX,Aguilar,Pete,CA,Democrat,3500
BDX,Joyce,John,PA,Republican,3000
BDX,Flood,Mike,NE,Republican,3000
BDX,Moore,Blake,UT,Republican,3000
BDX,Padilla,Alejandro,CA,Democrat,3000
BDX,Bilirakis,Gus,FL,Republican,3000
BDX,Smith,Jason,MO,Republican,3000
BDX,Murray,Patty,WA,Democrat,3000
BDX,Brownley,Julia,CA,Democrat,3000
BDX,McConnell,Mitch,KY,Republican,2500
BDX,Young,Todd,IN,Republican,2500
BDX,Horsford,Steven,NV,Democrat,2000
BDX,Lee,Mike,UT,Republican,2000
BDX,Clyburn,James,SC,Democrat,2000
BDX,Lee,Susie,NV,Democrat,2000
BDX,Foushee,Valerie,NC,Democrat,2000
BDX,DelBene,Suzan,WA,Democrat,2000
BDX,Soto,Darren,FL,Democrat,2000
BDX,Letlow,Julia,LA,Republican,2000
BDX,Hayes,Jahana,CT,Democrat,2000
BDX,Ciscomani,Juan,AZ,Republican,2000
BDX,DeGette,Diana,CO,Democrat,2000
BDX,Neguse,Joe,CO,Democrat,2000
BDX,Clark,Katherine,MA,Democrat,1000
BDX,Fischer,Deb,NE,Republican,1000
BDX,Gallego,Ruben,AZ,Democrat,1000
BDX,Stanton,Greg,AZ,Democrat,1000
BDX,Hinson,Ashley,IA,Republican,1000
BDX,Obernolte,Jay,CA,Republican,1000
BDX,Cornyn,John,TX,Republican,1000
BDX,Collins,Susan,ME,Republican,1000
BDX,Collins,Mike,GA,Republican,1000
BDX,Miller-Meeks,Mariannette,IA,Republican,1000
BDX,Stevens,Haley,MI,Democrat,1000
BDX,Neal,Richard,MA,Democrat,1000
BDX,Budd,Ted,NC,Republican,1000
BDX,DeLauro,Rosa,CT,Democrat,1000
BDX,Gomez,Jimmy,CA,Democrat,1000
BDX,Trahan,Lori,MA,Democrat,1000
BDX,Panetta,Jimmy,CA,Democrat,500
CLF,Husted,Jon,OH,Republican,12500
CLF,Balderson,Troy,OH,Republican,10000
CLF,Miller,Max,OH,Republican,10000
CLF,Kelly,Mike,PA,Republican,7500
CLF,Stauber,Pete,MN,Republican,5000
CLF,Smith,Jason,MO,Republican,4500
CLF,Brown,Shontel,OH,Democrat,3500
CLF,Kelly,Robin,IL,Democrat,2500
CLF,Johnson,Henry,GA,Democrat,2500
CLF,Johnson,Ron,WI,Republican,2500
CLF,Johnson,Mike,LA,Republican,2500
CLF,Johnson,Dusty,SD,Republican,2500
CLF,Johnson,Julie,TX,Democrat,2500
CLF,DeLauro,Rosa,CT,Democrat,2500
CLF,Crawford,Eric,AR,Republican,2500
CLF,Houlahan,Chrissy,PA,Democrat,2000
CLF,Bost,Mike,IL,Republican,2000
CLF,Walberg,Tim,MI,Republican,2000
CLF,Bergman,Jack,MI,Republican,1500
CLF,Huffman,Jared,CA,Democrat,1000
CLF,Miller-Meeks,Mariannette,IA,Republican,1000
CLF,Sewell,Terri,AL,Democrat,1000
CLF,Messmer,Mark,IN,Republican,1000
CLF,Baldwin,Tammy,WI,Democrat,1000
CLF,Schmitt,Eric,MO,Republican,500
CLF,Williams,Roger,TX,Republican,500
CLF,Williams,Nikema,GA,Democrat,500
CMCSA,Neal,Richard,MA,Democrat,11000
CMCSA,Issa,Darrell,CA,Republican,10000
CMCSA,Ciscomani,Juan,AZ,Republican,10000
CMCSA,Ruiz,Raul,CA,Democrat,10000
CMCSA,Gottheimer,Josh,NJ,Democrat,10000
CMCSA,Griffith,H.,VA,Republican,10000
CMCSA,Kiggans,Jennifer,VA,Republican,10000
CMCSA,Evans,Dwight,PA,Democrat,10000
CMCSA,Horsford,Steven,NV,Democrat,10000
CMCSA,Clark,Katherine,MA,Democrat,10000
CMCSA,Heinrich,Martin,NM,Democrat,10000
CMCSA,Johnson,Henry,GA,Democrat,10000
CMCSA,Johnson,Ron,WI,Republican,10000
CMCSA,Johnson,Mike,LA,Republican,10000
CMCSA,Johnson,Dusty,SD,Republican,10000
CMCSA,Johnson,Julie,TX,Democrat,10000
CMCSA,Stevens,Haley,MI,Democrat,10000
CMCSA,Obernolte,Jay,CA,Republican,10000
CMCSA,Fischer,Deb,NE,Republican,10000
CMCSA,Valadao,David,CA,Republican,10000
CMCSA,Thompson,Bennie,MS,Democrat,10000
CMCSA,Thompson,Mike,CA,Democrat,10000
CMCSA,Thompson,Glenn,PA,Republican,10000
CMCSA,King,Angus,ME,Independent,10000
CMCSA,Fulcher,Russ,ID,Republican,10000
CMCSA,Scanlon,Mary,PA,Democrat,10000
CMCSA,Dunn,Neal,FL,Republican,10000
CMCSA,Carter,Troy,LA,Democrat,10000
CMCSA,Kelly,Mike,PA,Republican,10000
CMCSA,Peters,Scott,CA,Democrat,10000
CMCSA,Balderson,Troy,OH,Republican,10000
CMCSA,Houlahan,Chrissy,PA,Democrat,10000
CMCSA,Wagner,Ann,MO,Republican,10000
CMI,Schumer,Charles,NY,Democrat,4000
CMI,Jeffries,Hakeem,NY,Democrat,4000
CMI,Murray,Patty,WA,Democrat,4000
CMI,Baldwin,Tammy,WI,Democrat,4000
CMI,Johnson,Henry,GA,Democrat,4000
CMI,Johnson,Ron,WI,Republican,4000
CMI,Johnson,Mike,LA,Republican,4000
CMI,Johnson,Dusty,SD,Republican,4000
CMI,Johnson,Julie,TX,Democrat,4000
CMI,Calvert,Ken,CA,Republican,3000
CMI,Pallone,Frank,NJ,Democrat,3000
CMI,Neal,Richard,MA,Democrat,3000
CMI,McConnell,Mitch,KY,Republican,3000
CMI,McCollum,Betty,MN,Democrat,3000
CMI,Palmer,Gary,AL,Republican,3000
CMI,Cornyn,John,TX,Republican,3000
CMI,Tiffany,Thomas,WI,Republican,3000
CMI,Rose,John,TN,Republican,3000
CMI,Kustoff,David,TN,Republican,3000
CMI,Young,Todd,IN,Republican,3000
CMI,Warner,Mark,VA,Democrat,3000
CMI,Barrasso,John,WY,Republican,3000
CMI,Thune,John,SD,Republican,3000
CMI,Tillis,Thom,NC,Republican,3000
CMI,Cortez Masto,Catherine,NV,Democrat,3000
CMI,Smith,Adrian,NE,Republican,3000
CMI,Clark,Katherine,MA,Democrat,3000
CMI,Fleischmann,Charles,TN,Republican,3000
CMI,Murkowski,Lisa,AK,Republican,3000
CMI,Stevens,Haley,MI,Democrat,3000
CMI,Clyburn,James,SC,Democrat,3000
CMI,Guest,Michael,MS,Republican,3000
CMI,Langworthy,Nicholas,NY,Republican,3000
CMI,Houchin,Erin,IN,Republican,3000
CMI,Scalise,Steve,LA,Republican,3000
CMI,Scott,Tim,SC,Republican,3000
CMI,Mace,Nancy,SC,Republican,2000
CMI,Ellzey,Jake,TX,Republican,2000
CMI,Huffman,Jared,CA,Democrat,2000
CMI,Massie,Thomas,KY,Republican,2000
CMI,Aguilar,Pete,CA,Democrat,2000
CMI,Hagerty,Bill,TN,Republican,2000
CMI,Newhouse,Dan,WA,Republican,2000
CMI,Gonzalez,Vicente,TX,Democrat,2000
CMI,Dingell,Debbie,MI,Democrat,2000
CMI,Lofgren,Zoe,CA,Democrat,2000
CMI,Diaz-Balart,Mario,FL,Republican,2000
CMI,Collins,Susan,ME,Republican,2000
CMI,Collins,Mike,GA,Republican,2000
CMI,Cassidy,Bill,LA,Republican,2000
CMI,Ross,Deborah,NC,Democrat,2000
CMI,Van Hollen,Chris,MD,Democrat,2000
CMI,DeLauro,Rosa,CT,Democrat,2000
CMI,Tonko,Paul,NY,Democrat,2000
CMI,DelBene,Suzan,WA,Democrat,2000
CMI,Simpson,Michael,ID,Republican,2000
CMI,Blumenthal,Richard,CT,Democrat,2000
CMI,Walberg,Tim,MI,Republican,1000
CMI,Sewell,Terri,AL,Democrat,1000
CMI,Schakowsky,Janice,IL,Democrat,1000
CMI,Grassley,Charles,IA,Republican,1000
CMI,Hyde-Smith,Cindy,MS,Republican,1000
CMI,Issa,Darrell,CA,Republican,1000
CMI,Peters,Scott,CA,Democrat,1000
COF,Smith,Jason,MO,Republican,7000
COF,Hagerty,Bill,TN,Republican,6000
COF,Sewell,Terri,AL,Democrat,5000
COF,Heinrich,Martin,NM,Democrat,5000
COF,Panetta,Jimmy,CA,Democrat,3500
COF,Jeffries,Hakeem,NY,Democrat,2500
COF,Gottheimer,Josh,NJ,Democrat,2500
COF,Davidson,Warren,OH,Republican,2500
COF,Schneider,Bradley,IL,Democrat,2500
COF,Harder,Josh,CA,Democrat,2500
COF,Morelle,Joseph,NY,Democrat,2500
COF,Neguse,Joe,CO,Democrat,2500
COF,Guthrie,Brett,KY,Republican,2500
COF,Kelly,Mike,PA,Republican,2000
COF,DelBene,Suzan,WA,Democrat,1000
COF,Houchin,Erin,IN,Republican,1000
COF,Feenstra,Randy,IA,Republican,1000
COF,Smith,Adrian,NE,Republican,1000
COF,Lofgren,Zoe,CA,Democrat,1000
COF,Schweikert,David,AZ,Republican,1000
COF,Pfluger,August,TX,Republican,1000
COF,Gomez,Jimmy,CA,Democrat,1000
COP,Gonzalez,Vicente,TX,Democrat,10000
COP,Johnson,Henry,GA,Democrat,10000
COP,Johnson,Ron,WI,Republican,10000
COP,Johnson,Mike,LA,Republican,10000
COP,Johnson,Dusty,SD,Republican,10000
COP,Johnson,Julie,TX,Democrat,10000
COP,Arrington,Jodey,TX,Republican,10000
COP,Barrasso,John,WY,Republican,10000
COP,Fischer,Deb,NE,Republican,10000
COP,Scalise,Steve,LA,Republican,10000
COP,Westerman,Bruce,AR,Republican,10000
COP,Crenshaw,Dan,TX,Republican,7500
COP,Pfluger,August,TX,Republican,7500
COP,Garcia,Sylvia,TX,Democrat,7500
COP,Armstrong,Alan,OK,Republican,5000
COP,Ricketts,Pete,NE,Republican,5000
COP,Fletcher,Lizzie,TX,Democrat,5000
COP,Smith,Jason,MO,Republican,5000
COP,Stauber,Pete,MN,Republican,5000
COP,Sheehy,Tim,MT,Republican,5000
COP,Fedorchak,Julie,ND,Republican,5000
COP,Cuellar,Henry,TX,Democrat,5000
COP,Costa,Jim,CA,Democrat,3500
COP,Newhouse,Dan,WA,Republican,2500
COP,Ciscomani,Juan,AZ,Republican,2500
COP,Guthrie,Brett,KY,Republican,2500
COP,James,John,MI,Republican,2500
COP,Horsford,Steven,NV,Democrat,2500
COP,Huffman,Jared,CA,Democrat,2500
COP,Veasey,Marc,TX,Democrat,2500
COP,Miller-Meeks,Mariannette,IA,Republican,2500
COP,Bentz,Cliff,OR,Republican,2000
COP,Bacon,Don,NE,Republican,1000
COP,Schweikert,David,AZ,Republican,1000
COP,Valadao,David,CA,Republican,1000
COP,Calvert,Ken,CA,Republican,1000
COP,Sewell,Terri,AL,Democrat,1000
COP,Fitzpatrick,Brian,PA,Republican,1000
CSCO,Lofgren,Zoe,CA,Democrat,10000
CSCO,Jeffries,Hakeem,NY,Democrat,10000
CSCO,Barrasso,John,WY,Republican,7500
CSCO,Pallone,Frank,NJ,Democrat,6500
CSCO,Blunt Rochester,Lisa,DE,Democrat,5000
CSCO,Clark,Katherine,MA,Democrat,5000
CSCO,McConnell,Mitch,KY,Republican,5000
CSCO,Thune,John,SD,Republican,5000
CSCO,Sullivan,Dan,AK,Republican,5000
CSCO,Veasey,Marc,TX,Democrat,5000
CSCO,Liccardo,Sam,CA,Democrat,5000
CSCO,Guthrie,Brett,KY,Republican,5000
CSCO,Tillis,Thom,NC,Republican,5000
CSCO,Fischer,Deb,NE,Republican,4500
CSCO,Clyburn,James,SC,Democrat,3500
CSCO,Ivey,Glenn,MD,Democrat,3500
CSCO,Aguilar,Pete,CA,Democrat,3500
CSCO,Smith,Jason,MO,Republican,3000
CSCO,Cornyn,John,TX,Republican,2500
CSCO,Scalise,Steve,LA,Republican,2500
CSCO,Daines,Steve,MT,Republican,2500
CSCO,Issa,Darrell,CA,Republican,2500
CSCO,Hinson,Ashley,IA,Republican,2500
CSCO,Budd,Ted,NC,Republican,2500
CSCO,Ross,Deborah,NC,Democrat,2500
CSCO,Neal,Richard,MA,Democrat,2500
CSCO,Warner,Mark,VA,Democrat,2500
CSCO,Lee,Laurel,FL,Republican,2500
CSCO,Young,Todd,IN,Republican,2500
CSCO,Thompson,Bennie,MS,Democrat,2000
CSCO,Thompson,Mike,CA,Democrat,2000
CSCO,Thompson,Glenn,PA,Republican,2000
CSCO,Collins,Susan,ME,Republican,2000
CSCO,Collins,Mike,GA,Republican,2000
CSCO,Letlow,Julia,LA,Republican,2000
CSCO,Johnson,Henry,GA,Democrat,2000
CSCO,Johnson,Ron,WI,Republican,2000
CSCO,Johnson,Mike,LA,Republican,2000
CSCO,Johnson,Dusty,SD,Republican,2000
CSCO,Johnson,Julie,TX,Democrat,2000
CSCO,Feenstra,Randy,IA,Republican,2000
CSCO,Estes,Ron,KS,Republican,2000
CSCO,Horsford,Steven,NV,Democrat,2000
CSCO,Lieu,Ted,CA,Democrat,1000
CSCO,Panetta,Jimmy,CA,Democrat,1000
CSCO,Lankford,James,OK,Republican,1000
CSCO,Dingell,Debbie,MI,Democrat,1000
CSX,Rutherford,John,FL,Republican,10000
CSX,Smith,Jason,MO,Republican,10000
CSX,Clyburn,James,SC,Democrat,10000
CSX,DelBene,Suzan,WA,Democrat,10000
CSX,Bean,Aaron,FL,Republican,10000
CSX,Scott,Rick,FL,Republican,10000
CSX,Ricketts,Pete,NE,Republican,10000
CSX,Palmer,Gary,AL,Republican,10000
CSX,Carter,Troy,LA,Democrat,9500
CSX,Barrasso,John,WY,Republican,7500
CSX,Larsen,Rick,WA,Democrat,7000
CSX,Webster,Daniel,FL,Republican,7000
CSX,Burlison,Eric,MO,Republican,7000
CSX,Diaz-Balart,Mario,FL,Republican,6000
CSX,Fischer,Deb,NE,Republican,6000
CSX,Stauber,Pete,MN,Republican,6000
CSX,Menendez,Robert,NJ,Democrat,5000
CSX,Wilson,Frederica,FL,Democrat,5000
CSX,Thompson,Bennie,MS,Democrat,5000
CSX,Thompson,Mike,CA,Democrat,5000
CSX,Thompson,Glenn,PA,Republican,5000
CSX,Scalise,Steve,LA,Republican,5000
CSX,Jeffries,Hakeem,NY,Democrat,5000
CSX,Sewell,Terri,AL,Democrat,4500
CSX,DeLauro,Rosa,CT,Democrat,4000
CSX,Cohen,Steve,TN,Democrat,4000
CSX,Brownley,Julia,CA,Democrat,4000
CSX,Bost,Mike,IL,Republican,4000
CSX,Strickland,Marilyn,WA,Democrat,4000
CTAS,McGuire,John,VA,Republican,5500
CTAS,Tillis,Thom,NC,Republican,3000
CTAS,Huffman,Jared,CA,Democrat,2750
CTAS,Balderson,Troy,OH,Republican,2500
CTAS,Johnson,Henry,GA,Democrat,2500
CTAS,Johnson,Ron,WI,Republican,2500
CTAS,Johnson,Mike,LA,Republican,2500
CTAS,Johnson,Dusty,SD,Republican,2500
CTAS,Johnson,Julie,TX,Democrat,2500
CTAS,Scalise,Steve,LA,Republican,2500
CTAS,Cassidy,Bill,LA,Republican,2000
CTAS,Thompson,Bennie,MS,Democrat,2000
CTAS,Thompson,Mike,CA,Democrat,2000
CTAS,Thompson,Glenn,PA,Republican,2000
CTAS,Van Duyne,Beth,TX,Republican,2000
CTAS,Sewell,Terri,AL,Democrat,1000
CTAS,Schmidt,Derek,KS,Republican,1000
CTAS,Young,Todd,IN,Republican,1000
CTAS,Marshall,Roger,KS,Republican,1000
CTSH,Daines,Steve,MT,Republican,5000
CTSH,Gottheimer,Josh,NJ,Democrat,5000
CTSH,Panetta,Jimmy,CA,Democrat,5000
CTSH,Pallone,Frank,NJ,Democrat,5000
CTSH,Warner,Mark,VA,Democrat,5000
CTSH,Van Duyne,Beth,TX,Republican,5000
CTSH,Jeffries,Hakeem,NY,Democrat,5000
CTSH,Stevens,Haley,MI,Democrat,2500
CTSH,Veasey,Marc,TX,Democrat,2500
CTSH,Lee,Laurel,FL,Republican,2500
CTSH,Ross,Deborah,NC,Democrat,2500
CTSH,Obernolte,Jay,CA,Republican,1000
CTSH,Kiggans,Jennifer,VA,Republican,1000
CTSH,Estes,Ron,KS,Republican,1000
CTSH,Menendez,Robert,NJ,Democrat,1000
CTVA,Thompson,Bennie,MS,Democrat,7500
CTVA,Thompson,Mike,CA,Democrat,7500
CTVA,Thompson,Glenn,PA,Republican,7500
CTVA,Fischer,Deb,NE,Republican,6000
CTVA,Blunt Rochester,Lisa,DE,Democrat,5500
CTVA,Newhouse,Dan,WA,Republican,5500
CTVA,Hinson,Ashley,IA,Republican,4500
CTVA,Bishop,Sanford,GA,Democrat,4500
CTVA,Smith,Adrian,NE,Republican,4000
CTVA,Kustoff,David,TN,Republican,4000
CTVA,Finstad,Brad,MN,Republican,4000
CTVA,Panetta,Jimmy,CA,Democrat,3500
CTVA,Johnson,Henry,GA,Democrat,3000
CTVA,Johnson,Ron,WI,Republican,3000
CTVA,Johnson,Mike,LA,Republican,3000
CTVA,Johnson,Dusty,SD,Republican,3000
CTVA,Johnson,Julie,TX,Democrat,3000
CTVA,Miller-Meeks,Mariannette,IA,Republican,3000
CTVA,Boozman,John,AR,Republican,2500
CTVA,Hyde-Smith,Cindy,MS,Republican,2500
CTVA,Moolenaar,John,MI,Republican,2500
CTVA,Craig,Angie,MN,Democrat,2000
CTVA,Padilla,Alejandro,CA,Democrat,2000
CTVA,Klobuchar,Amy,MN,Democrat,1500
CTVA,Brown,Shontel,OH,Democrat,1500
CTVA,Bacon,Don,NE,Republican,1500
CTVA,Smith,Jason,MO,Republican,1500
CTVA,Grassley,Charles,IA,Republican,1500
CTVA,Feenstra,Randy,IA,Republican,1500
CTVA,Fong,Vince,CA,Republican,1000
CTVA,Carter,Troy,LA,Democrat,1000
CTVA,Young,Todd,IN,Republican,1000
CTVA,Costa,Jim,CA,Democrat,1000
CTVA,Jackson,Ronny,TX,Republican,1000
CTVA,Jackson,Jonathan,IL,Democrat,1000
CTVA,Buchanan,Vern,FL,Republican,500
CVS,Schneider,Bradley,IL,Democrat,10000
CVS,Neal,Richard,MA,Democrat,10000
CVS,Clark,Katherine,MA,Democrat,10000
CVS,Schweikert,David,AZ,Republican,10000
CVS,Guthrie,Brett,KY,Republican,10000
CVS,Pallone,Frank,NJ,Democrat,10000
CVS,Kelly,Mike,PA,Republican,10000
CVS,Smith,Jason,MO,Republican,10000
CVS,Jeffries,Hakeem,NY,Democrat,10000
CVS,Bilirakis,Gus,FL,Republican,10000
CVS,Burlison,Eric,MO,Republican,10000
CVS,Sewell,Terri,AL,Democrat,10000
CVS,Craig,Angie,MN,Democrat,8500
CVS,Magaziner,Seth,RI,Democrat,8500
CVS,Feenstra,Randy,IA,Republican,7500
CVS,Scott,Rick,FL,Republican,7500
CVS,Buchanan,Vern,FL,Republican,7500
CVS,Fischbach,Michelle,MN,Republican,7500
CVS,Barrasso,John,WY,Republican,7500
CVS,DelBene,Suzan,WA,Democrat,7500
CVS,Moore,Blake,UT,Republican,7500
CVS,Johnson,Henry,GA,Democrat,7500
CVS,Johnson,Ron,WI,Republican,7500
CVS,Johnson,Mike,LA,Republican,7500
CVS,Johnson,Dusty,SD,Republican,7500
CVS,Johnson,Julie,TX,Democrat,7500
CVS,Wagner,Ann,MO,Republican,5000
CVS,Soto,Darren,FL,Democrat,5000
CVS,Raskin,Jamie,MD,Democrat,5000
CVS,Lee,Susie,NV,Democrat,5000
CVS,Horsford,Steven,NV,Democrat,5000
DAL,Moore,Blake,UT,Republican,15000
DAL,McBath,Lucy,GA,Democrat,10000
DAL,James,John,MI,Republican,10000
DAL,Rouzer,David,NC,Republican,10000
DAL,Daines,Steve,MT,Republican,10000
DAL,Fischbach,Michelle,MN,Republican,10000
DAL,Huizenga,Bill,MI,Republican,10000
DAL,McClain,Lisa,MI,Republican,10000
DAL,Johnson,Henry,GA,Democrat,10000
DAL,Johnson,Ron,WI,Republican,10000
DAL,Johnson,Mike,LA,Republican,10000
DAL,Johnson,Dusty,SD,Republican,10000
DAL,Johnson,Julie,TX,Democrat,10000
DAL,Thompson,Bennie,MS,Democrat,10000
DAL,Thompson,Mike,CA,Democrat,10000
DAL,Thompson,Glenn,PA,Republican,10000
DAL,Neal,Richard,MA,Democrat,10000
DAL,Ricketts,Pete,NE,Republican,10000
DAL,Allen,Rick,GA,Republican,10000
DAL,Clark,Katherine,MA,Democrat,10000
DAL,Walberg,Tim,MI,Republican,10000
DAL,Stevens,Haley,MI,Democrat,10000
DAL,McCormick,Rich,GA,Republican,10000
DAL,McCormick,Dave,PA,Republican,10000
DAL,Crawford,Eric,AR,Republican,10000
DAL,McCollum,Betty,MN,Democrat,10000
DAL,Jeffries,Hakeem,NY,Democrat,10000
DAL,Stauber,Pete,MN,Republican,10000
DAL,Newhouse,Dan,WA,Republican,10000
DAL,Scalise,Steve,LA,Republican,10000
DAL,Dingell,Debbie,MI,Democrat,10000
DAL,Bergman,Jack,MI,Republican,10000
DAL,Bishop,Sanford,GA,Democrat,10000
DAL,Aguilar,Pete,CA,Democrat,10000
DAL,Meeks,Gregory,NY,Democrat,10000
DAL,Finstad,Brad,MN,Republican,10000
DAL,Diaz-Balart,Mario,FL,Republican,10000
DAL,Loudermilk,Barry,GA,Republican,10000
DAL,Moolenaar,John,MI,Republican,10000
DAL,Larsen,Rick,WA,Democrat,8000
DAL,Pallone,Frank,NJ,Democrat,7500
DAL,Scott,Austin,GA,Republican,7500
DAL,Gimenez,Carlos,FL,Republican,7500
DAL,Fischer,Deb,NE,Republican,7500
DAL,Brownley,Julia,CA,Democrat,7500
DAL,DelBene,Suzan,WA,Democrat,7500
DD,McClellan,Jennifer,VA,Democrat,10000
DD,Wittman,Robert,VA,Republican,10000
DD,Blunt Rochester,Lisa,DE,Democrat,7500
DD,Miller-Meeks,Mariannette,IA,Republican,4000
DD,Smith,Jason,MO,Republican,2000
DD,Husted,Jon,OH,Republican,1000
DD,Walberg,Tim,MI,Republican,1000
DD,Huffman,Jared,CA,Democrat,500
DD,Griffith,H.,VA,Republican,400
DE,Bacon,Don,NE,Republican,10000
DE,Feenstra,Randy,IA,Republican,10000
DE,Panetta,Jimmy,CA,Democrat,10000
DE,Valadao,David,CA,Republican,10000
DE,Jeffries,Hakeem,NY,Democrat,10000
DE,Larsen,Rick,WA,Democrat,10000
DE,Costa,Jim,CA,Democrat,10000
DE,Bost,Mike,IL,Republican,10000
DE,Craig,Angie,MN,Democrat,10000
DE,Scalise,Steve,LA,Republican,10000
DE,Hinson,Ashley,IA,Republican,10000
DE,Thompson,Bennie,MS,Democrat,10000
DE,Thompson,Mike,CA,Democrat,10000
DE,Thompson,Glenn,PA,Republican,10000
DE,DelBene,Suzan,WA,Democrat,10000
DE,Kelly,Robin,IL,Democrat,10000
DE,Miller-Meeks,Mariannette,IA,Republican,10000
DE,Johnson,Henry,GA,Democrat,10000
DE,Johnson,Ron,WI,Republican,10000
DE,Johnson,Mike,LA,Republican,10000
DE,Johnson,Dusty,SD,Republican,10000
DE,Johnson,Julie,TX,Democrat,10000
DE,Smith,Jason,MO,Republican,10000
DE,Newhouse,Dan,WA,Republican,7500
DE,Fischbach,Michelle,MN,Republican,7500
DE,Moore,Blake,UT,Republican,7500
DE,Fischer,Deb,NE,Republican,7500
DE,Finstad,Brad,MN,Republican,7500
DE,Westerman,Bruce,AR,Republican,5000
DE,Sewell,Terri,AL,Democrat,5000
DE,Moreno,Bernie,OH,Republican,5000
DE,Curtis,John,UT,Republican,5000
DE,Estes,Ron,KS,Republican,5000
DE,Neal,Richard,MA,Democrat,5000
DE,Smucker,Lloyd,PA,Republican,5000
DE,Obernolte,Jay,CA,Republican,5000
DE,Schneider,Bradley,IL,Democrat,5000
DE,Arrington,Jodey,TX,Republican,5000
DE,Sanders,Bernard,VT,Independent,5000
DE,Foxx,Virginia,NC,Republican,5000
DE,Sheehy,Tim,MT,Republican,5000
DE,Bishop,Sanford,GA,Democrat,5000
DE,Huizenga,Bill,MI,Republican,5000
DE,Cuellar,Henry,TX,Democrat,5000
DE,Blunt Rochester,Lisa,DE,Democrat,5000
DE,Tillis,Thom,NC,Republican,5000
DE,McClain,Lisa,MI,Republican,5000
DE,Armstrong,Alan,OK,Republican,5000
DE,Smith,Adrian,NE,Republican,5000
DE,Ciscomani,Juan,AZ,Republican,5000
DE,Scott,Austin,GA,Republican,5000
DE,Pallone,Frank,NJ,Democrat,5000
DE,Baumgartner,Michael,WA,Republican,2500
DELL,Moore,Blake,UT,Republican,15000
DELL,Horsford,Steven,NV,Democrat,10000
DELL,Carter,John,TX,Republican,10000
DELL,Sewell,Terri,AL,Democrat,10000
DELL,Johnson,Henry,GA,Democrat,10000
DELL,Johnson,Ron,WI,Republican,10000
DELL,Johnson,Mike,LA,Republican,10000
DELL,Johnson,Dusty,SD,Republican,10000
DELL,Johnson,Julie,TX,Democrat,10000
DELL,Issa,Darrell,CA,Republican,10000
DELL,Lee,Susie,NV,Democrat,10000
DELL,Clyburn,James,SC,Democrat,10000
DELL,Sessions,Pete,TX,Republican,10000
DELL,Barrasso,John,WY,Republican,10000
DELL,Clark,Katherine,MA,Democrat,10000
DELL,Smith,Jason,MO,Republican,10000
DELL,Gonzalez,Vicente,TX,Democrat,10000
DELL,Neal,Richard,MA,Democrat,10000
DELL,Vasquez,Gabriel (Gabe),NM,Democrat,10000
DELL,Craig,Angie,MN,Democrat,9500
DELL,Lofgren,Zoe,CA,Democrat,9000
DELL,Meeks,Gregory,NY,Democrat,9000
DELL,Neguse,Joe,CO,Democrat,8500
DELL,Arrington,Jodey,TX,Republican,8500
DELL,Garcia,Sylvia,TX,Democrat,8500
DELL,Fletcher,Lizzie,TX,Democrat,8500
DELL,Frankel,Lois,FL,Democrat,7500
DELL,Salinas,Andrea,OR,Democrat,7500
DELL,Dingell,Debbie,MI,Democrat,7500
DELL,Heinrich,Martin,NM,Democrat,7500
DELL,Blunt Rochester,Lisa,DE,Democrat,7500
DELL,Houlahan,Chrissy,PA,Democrat,7500
DELL,Espaillat,Adriano,NY,Democrat,7500
DELL,Aguilar,Pete,CA,Democrat,7500
DELL,Thompson,Bennie,MS,Democrat,7500
DELL,Thompson,Mike,CA,Democrat,7500
DELL,Thompson,Glenn,PA,Republican,7500
DELL,Sykes,Emilia,OH,Democrat,7500
DELL,Kelly,Robin,IL,Democrat,7500
DELL,Roy,Chip,TX,Republican,7000
DELL,Lankford,James,OK,Republican,7000
DELL,Ellzey,Jake,TX,Republican,7000
DELL,Feenstra,Randy,IA,Republican,6000
DELL,Fitzpatrick,Brian,PA,Republican,6000
DELL,Mace,Nancy,SC,Republican,6000
DELL,Moran,Nathaniel,TX,Republican,6000
DGX,Pallone,Frank,NJ,Democrat,10000
DGX,Tillis,Thom,NC,Republican,7500
DGX,Guthrie,Brett,KY,Republican,7500
DGX,Joyce,John,PA,Republican,5000
DGX,Neal,Richard,MA,Democrat,5000
DGX,Smith,Jason,MO,Republican,5000
DGX,Peters,Scott,CA,Democrat,5000
DGX,Bilirakis,Gus,FL,Republican,5000
DGX,Rosen,Jacky,NV,Democrat,4000
DGX,Fletcher,Lizzie,TX,Democrat,3500
DGX,Heinrich,Martin,NM,Democrat,3500
DGX,Dunn,Neal,FL,Republican,3500
DGX,Fitzpatrick,Brian,PA,Republican,3500
DGX,Baldwin,Tammy,WI,Democrat,3000
DGX,Horsford,Steven,NV,Democrat,2500
DGX,Trahan,Lori,MA,Democrat,2500
DGX,Cassidy,Bill,LA,Republican,2500
DGX,DeGette,Diana,CO,Democrat,2500
DGX,Thune,John,SD,Republican,2500
DGX,McConnell,Mitch,KY,Republican,2500
DGX,Gottheimer,Josh,NJ,Democrat,2000
DGX,Watson Coleman,Bonnie,NJ,Democrat,2000
DGX,Sewell,Terri,AL,Democrat,2000
DGX,Smith,Tina,MN,Democrat,2000
DGX,Pou,Nellie,NJ,Democrat,2000
DGX,Schweikert,David,AZ,Republican,1000
DGX,Kelly,Mike,PA,Republican,1000
DGX,Crenshaw,Dan,TX,Republican,1000
DGX,Estes,Ron,KS,Republican,1000
DGX,Johnson,Henry,GA,Democrat,1000
DGX,Johnson,Ron,WI,Republican,1000
DGX,Johnson,Mike,LA,Republican,1000
DGX,Johnson,Dusty,SD,Republican,1000
DGX,Johnson,Julie,TX,Democrat,1000
DGX,Craig,Angie,MN,Democrat,1000
DGX,Houlahan,Chrissy,PA,Democrat,1000
DGX,Husted,Jon,OH,Republican,1000
DIS,Pallone,Frank,NJ,Democrat,15000
DIS,Guthrie,Brett,KY,Republican,6000
DIS,Soto,Darren,FL,Democrat,5500
DIS,Scott,Rick,FL,Republican,5000
DIS,Fischer,Deb,NE,Republican,4500
DIS,Cline,Ben,VA,Republican,4500
DIS,Moskowitz,Jared,FL,Democrat,3500
DIS,Kamlager-Dove,Sydney,CA,Democrat,3000
DIS,Lieu,Ted,CA,Democrat,3000
DIS,Diaz-Balart,Mario,FL,Republican,2500
DIS,Scalise,Steve,LA,Republican,2500
DIS,Neal,Richard,MA,Democrat,2500
DIS,Joyce,John,PA,Republican,2000
DIS,Johnson,Henry,GA,Democrat,2000
DIS,Johnson,Ron,WI,Republican,2000
DIS,Johnson,Mike,LA,Republican,2000
DIS,Johnson,Dusty,SD,Republican,2000
DIS,Johnson,Julie,TX,Democrat,2000
DIS,Webster,Daniel,FL,Republican,2000
DIS,Bilirakis,Gus,FL,Republican,2000
DIS,Hirono,Mazie,HI,Democrat,2000
DIS,Heinrich,Martin,NM,Democrat,2000
DIS,Issa,Darrell,CA,Republican,2000
DIS,Estes,Ron,KS,Republican,2000
DIS,Lee,Laurel,FL,Republican,2000
DIS,Espaillat,Adriano,NY,Democrat,2000
DIS,Bean,Aaron,FL,Republican,2000
DIS,Aguilar,Pete,CA,Democrat,2000
DIS,Blunt Rochester,Lisa,DE,Democrat,1500
DIS,Obernolte,Jay,CA,Republican,1500
DIS,Balint,Becca,VT,Democrat,1500
DIS,Calvert,Ken,CA,Republican,1000
DIS,Griffith,H.,VA,Republican,1000
DIS,Frankel,Lois,FL,Democrat,1000
DIS,Gimenez,Carlos,FL,Republican,1000
DIS,Cantwell,Maria,WA,Democrat,1000
DIS,Ross,Deborah,NC,Democrat,1000
DIS,Pfluger,August,TX,Republican,1000
DIS,Panetta,Jimmy,CA,Democrat,1000
DIS,Klobuchar,Amy,MN,Democrat,1000
DIS,Clyburn,James,SC,Democrat,1000
DIS,Feenstra,Randy,IA,Republican,1000
DIS,Kiley,Kevin,CA,Independent,1000
DIS,Wilson,Frederica,FL,Democrat,1000
DIS,Frost,Maxwell,FL,Democrat,1000
DIS,Moran,Nathaniel,TX,Republican,1000
DIS,Escobar,Veronica,TX,Democrat,1000
DIS,Ruiz,Raul,CA,Democrat,1000
DIS,Gottheimer,Josh,NJ,Democrat,1000
DIS,Hagerty,Bill,TN,Republican,1000
DIS,Trahan,Lori,MA,Democrat,1000
DOW,Barrasso,John,WY,Republican,8000
DOW,Letlow,Julia,LA,Republican,7500
DOW,Stevens,Haley,MI,Democrat,7000
DOW,Smith,Jason,MO,Republican,5000
DOW,Scalise,Steve,LA,Republican,5000
DOW,Schumer,Charles,NY,Democrat,5000
DOW,McConnell,Mitch,KY,Republican,5000
DOW,Curtis,John,UT,Republican,4500
DOW,Fitzpatrick,Brian,PA,Republican,4500
DOW,Fleischmann,Charles,TN,Republican,4000
DOW,Fletcher,Lizzie,TX,Democrat,4000
DOW,Huffman,Jared,CA,Democrat,4000
DOW,Dingell,Debbie,MI,Democrat,3000
DOW,Peters,Scott,CA,Democrat,3000
DOW,Simpson,Michael,ID,Republican,3000
DOW,Warner,Mark,VA,Democrat,3000
DOW,Sykes,Emilia,OH,Democrat,3000
DOW,Blunt Rochester,Lisa,DE,Democrat,2500
DOW,Daines,Steve,MT,Republican,2500
DOW,Jeffries,Hakeem,NY,Democrat,2500
DOW,Westerman,Bruce,AR,Republican,2500
DOW,Cornyn,John,TX,Republican,2500
DOW,Thune,John,SD,Republican,2500
DOW,Fitzgerald,Scott,WI,Republican,2500
DOW,Smith,Adrian,NE,Republican,2000
DVN,McCormick,Rich,GA,Republican,5000
DVN,McCormick,Dave,PA,Republican,5000
DVN,Justice,Jim,WV,Republican,5000
DVN,Barrasso,John,WY,Republican,5000
DVN,Curtis,John,UT,Republican,5000
DVN,Veasey,Marc,TX,Democrat,5000
DVN,James,John,MI,Republican,5000
DVN,Gottheimer,Josh,NJ,Democrat,5000
DVN,Cuellar,Henry,TX,Democrat,5000
DVN,Moreno,Bernie,OH,Republican,5000
DVN,Gonzalez,Vicente,TX,Democrat,5000
DVN,Cassidy,Bill,LA,Republican,5000
DVN,Sheehy,Tim,MT,Republican,5000
DVN,Armstrong,Alan,OK,Republican,5000
DVN,Westerman,Bruce,AR,Republican,5000
DVN,Smith,Jason,MO,Republican,5000
DVN,Costa,Jim,CA,Democrat,5000
DVN,Fedorchak,Julie,ND,Republican,3800
DVN,Pfluger,August,TX,Republican,2500
DVN,Crenshaw,Dan,TX,Republican,2500
DVN,Johnson,Henry,GA,Democrat,2500
DVN,Johnson,Ron,WI,Republican,2500
DVN,Johnson,Mike,LA,Republican,2500
DVN,Johnson,Dusty,SD,Republican,2500
DVN,Johnson,Julie,TX,Democrat,2500
DVN,Garcia,Sylvia,TX,Democrat,2500
DVN,Fletcher,Lizzie,TX,Democrat,2500
DVN,Ricketts,Pete,NE,Republican,1000
ECL,McCollum,Betty,MN,Democrat,8000
ECL,Craig,Angie,MN,Democrat,7000
ECL,Pallone,Frank,NJ,Democrat,6000
ECL,Schneider,Bradley,IL,Democrat,5000
ECL,Barrasso,John,WY,Republican,5000
ECL,Scanlon,Mary,PA,Democrat,4000
ECL,Stauber,Pete,MN,Republican,4000
ECL,Smith,Jason,MO,Republican,3500
ECL,Fischbach,Michelle,MN,Republican,3000
ECL,Scalise,Steve,LA,Republican,2500
ECL,Thompson,Bennie,MS,Democrat,2500
ECL,Thompson,Mike,CA,Democrat,2500
ECL,Thompson,Glenn,PA,Republican,2500
ECL,Guthrie,Brett,KY,Republican,2500
ECL,Veasey,Marc,TX,Democrat,2000
ECL,Pfluger,August,TX,Republican,2000
ECL,Sewell,Terri,AL,Democrat,2000
ECL,Cassidy,Bill,LA,Republican,2000
ECL,Fletcher,Lizzie,TX,Democrat,2000
ECL,Soto,Darren,FL,Democrat,2000
ECL,Foster,Bill,IL,Democrat,2000
ECL,Carter,Troy,LA,Democrat,2000
ECL,Simpson,Michael,ID,Republican,2000
ECL,Newhouse,Dan,WA,Republican,2000
ECL,Adams,Alma,NC,Democrat,1000
ECL,Blunt Rochester,Lisa,DE,Democrat,1000
ECL,Johnson,Henry,GA,Democrat,1000
ECL,Johnson,Ron,WI,Republican,1000
ECL,Johnson,Mike,LA,Republican,1000
ECL,Johnson,Dusty,SD,Republican,1000
ECL,Johnson,Julie,TX,Democrat,1000
ECL,Letlow,Julia,LA,Republican,1000
ECL,Houlahan,Chrissy,PA,Democrat,1000
ECL,Fitzpatrick,Brian,PA,Republican,1000
ECL,DelBene,Suzan,WA,Democrat,1000
ECL,Finstad,Brad,MN,Republican,1000
ECL,Panetta,Jimmy,CA,Democrat,1000
ECL,Peters,Scott,CA,Democrat,1000
ELV,Johnson,Henry,GA,Democrat,25000
ELV,Johnson,Ron,WI,Republican,25000
ELV,Johnson,Mike,LA,Republican,25000
ELV,Johnson,Dusty,SD,Republican,25000
ELV,Johnson,Julie,TX,Democrat,25000
ELV,Soto,Darren,FL,Democrat,12500
ELV,Guthrie,Brett,KY,Republican,10000
ELV,Heinrich,Martin,NM,Democrat,10000
ELV,Sewell,Terri,AL,Democrat,10000
ELV,Horsford,Steven,NV,Democrat,10000
ELV,Feenstra,Randy,IA,Republican,10000
ELV,Gottheimer,Josh,NJ,Democrat,10000
ELV,Burlison,Eric,MO,Republican,10000
ELV,Garbarino,Andrew,NY,Republican,10000
ELV,Aguilar,Pete,CA,Democrat,10000
ELV,Lee,Susie,NV,Democrat,10000
ELV,Foxx,Virginia,NC,Republican,10000
ELV,Pallone,Frank,NJ,Democrat,10000
ELV,Craig,Angie,MN,Democrat,10000
ELV,Rosen,Jacky,NV,Democrat,10000
ELV,Neal,Richard,MA,Democrat,10000
ELV,Smith,Jason,MO,Republican,10000
ELV,Buchanan,Vern,FL,Republican,10000
ELV,Scalise,Steve,LA,Republican,10000
ELV,Clark,Katherine,MA,Democrat,10000
ELV,Tenney,Claudia,NY,Republican,10000
ELV,Jeffries,Hakeem,NY,Democrat,10000
ELV,Barrasso,John,WY,Republican,10000
ELV,Stevens,Haley,MI,Democrat,10000
ELV,Scott,Rick,FL,Republican,10000
ENB,Curtis,John,UT,Republican,6000
ENB,Armstrong,Alan,OK,Republican,5000
ENB,James,John,MI,Republican,5000
ENB,Cruz,Ted,TX,Republican,5000
ENB,Bergman,Jack,MI,Republican,3700
ENB,Fleischmann,Charles,TN,Republican,3500
ENB,Barrasso,John,WY,Republican,2500
ENB,King,Angus,ME,Independent,2500
ENB,Baldwin,Tammy,WI,Democrat,2500
ENB,Garcia,Sylvia,TX,Democrat,2500
ENB,Sheehy,Tim,MT,Republican,2500
ENB,Joyce,John,PA,Republican,2500
ENB,Babin,Brian,TX,Republican,2500
ENB,Huffman,Jared,CA,Democrat,2500
ENB,Johnson,Henry,GA,Democrat,2500
ENB,Johnson,Ron,WI,Republican,2500
ENB,Johnson,Mike,LA,Republican,2500
ENB,Johnson,Dusty,SD,Republican,2500
ENB,Johnson,Julie,TX,Democrat,2500
ENB,Veasey,Marc,TX,Democrat,2200
ENB,Carter,Troy,LA,Democrat,1500
ENB,Gonzalez,Vicente,TX,Democrat,1500
ENB,Green,Al,TX,Democrat,1500
ENB,Fletcher,Lizzie,TX,Democrat,1200
ENB,Moore,Blake,UT,Republican,1000
ENB,Thompson,Bennie,MS,Democrat,1000
ENB,Thompson,Mike,CA,Democrat,1000
ENB,Thompson,Glenn,PA,Republican,1000
ENB,Fedorchak,Julie,ND,Republican,1000
ENB,Smith,Jason,MO,Republican,1000
ENB,Kennedy,John,LA,Republican,1000
ENB,Kennedy,Timothy,NY,Democrat,1000
ENB,Kennedy,Mike,UT,Republican,1000
ENB,Daines,Steve,MT,Republican,1000
ENB,Letlow,Julia,LA,Republican,1000
ENB,Justice,Jim,WV,Republican,1000
ENB,Magaziner,Seth,RI,Democrat,1000
ENB,Westerman,Bruce,AR,Republican,1000
ENB,Rose,John,TN,Republican,1000
ENB,Stauber,Pete,MN,Republican,1000
EPD,Smith,Jason,MO,Republican,10000
EPD,Fletcher,Lizzie,TX,Democrat,6500
EPD,Van Duyne,Beth,TX,Republican,5500
EPD,Cruz,Ted,TX,Republican,5000
EPD,Justice,Jim,WV,Republican,5000
EPD,Luttrell,Morgan,TX,Republican,4500
EPD,Curtis,John,UT,Republican,3300
EPD,Cassidy,Bill,LA,Republican,3000
EPD,Thompson,Bennie,MS,Democrat,2500
EPD,Thompson,Mike,CA,Democrat,2500
EPD,Thompson,Glenn,PA,Republican,2500
EPD,Arrington,Jodey,TX,Republican,2500
EPD,Westerman,Bruce,AR,Republican,2000
EPD,Crenshaw,Dan,TX,Republican,2000
EPD,Evans,Gabe,CO,Republican,2000
EPD,Goldman,Dan,NY,Democrat,2000
EPD,Goldman,Craig,TX,Republican,2000
EPD,Carter,John,TX,Republican,2000
EPD,Ellzey,Jake,TX,Republican,2000
EPD,Pfluger,August,TX,Republican,2000
ET,Scalise,Steve,LA,Republican,110000
ET,Johnson,Henry,GA,Democrat,60000
ET,Johnson,Ron,WI,Republican,60000
ET,Johnson,Mike,LA,Republican,60000
ET,Johnson,Dusty,SD,Republican,60000
ET,Johnson,Julie,TX,Democrat,60000
ET,McConnell,Mitch,KY,Republican,45000
ET,Pfluger,August,TX,Republican,27500
ET,Goldman,Dan,NY,Democrat,10000
ET,Goldman,Craig,TX,Republican,10000
ET,Donalds,Byron,FL,Republican,10000
ET,Arrington,Jodey,TX,Republican,10000
ET,Joyce,John,PA,Republican,10000
ET,Smith,Jason,MO,Republican,10000
ET,Feenstra,Randy,IA,Republican,10000
ET,Griffith,H.,VA,Republican,10000
ET,Luttrell,Morgan,TX,Republican,10000
ET,Miller-Meeks,Mariannette,IA,Republican,10000
ET,Stauber,Pete,MN,Republican,10000
ET,Ellzey,Jake,TX,Republican,10000
ET,Jackson,Ronny,TX,Republican,10000
ET,Jackson,Jonathan,IL,Democrat,10000
ET,Westerman,Bruce,AR,Republican,10000
ET,Walberg,Tim,MI,Republican,10000
ET,Barrasso,John,WY,Republican,7500
ET,Hinson,Ashley,IA,Republican,7500
ET,Finstad,Brad,MN,Republican,5000
ET,Moreno,Bernie,OH,Republican,5000
ET,Justice,Jim,WV,Republican,5000
ET,Cuellar,Henry,TX,Democrat,5000
ET,Smith,Adrian,NE,Republican,5000
ET,Fischer,Deb,NE,Republican,5000
ET,Sheehy,Tim,MT,Republican,5000
ET,Thompson,Bennie,MS,Democrat,5000
ET,Thompson,Mike,CA,Democrat,5000
ET,Thompson,Glenn,PA,Republican,5000
ET,McClain,Lisa,MI,Republican,5000
ETN,Joyce,David,OH,Republican,4000
ETN,Balderson,Troy,OH,Republican,3500
ETN,Brown,Shontel,OH,Democrat,2500
ETN,Crapo,Michael,ID,Republican,2500
ETN,Baldwin,Tammy,WI,Democrat,2000
ETN,Kaptur,Marcy,OH,Democrat,2000
ETN,Ross,Deborah,NC,Democrat,2000
ETN,Calvert,Ken,CA,Republican,1000
ETN,Simpson,Michael,ID,Republican,1000
ETN,Pettersen,Brittany,CO,Democrat,1000
ETN,Stevens,Haley,MI,Democrat,1000
ETN,Van Duyne,Beth,TX,Republican,1000
ETN,Smith,Adrian,NE,Republican,1000
ETN,Escobar,Veronica,TX,Democrat,1000
ETN,Ellzey,Jake,TX,Republican,1000
EW,Padilla,Alejandro,CA,Democrat,10000
EW,Guthrie,Brett,KY,Republican,10000
EW,Aguilar,Pete,CA,Democrat,10000
EW,DeGette,Diana,CO,Democrat,9000
EW,Sewell,Terri,AL,Democrat,8000
EW,Craig,Angie,MN,Democrat,8000
EW,Kim,Young,CA,Republican,6000
EW,DelBene,Suzan,WA,Democrat,6000
EW,Panetta,Jimmy,CA,Democrat,6000
EW,Joyce,John,PA,Republican,6000
EW,Moore,Blake,UT,Republican,6000
EW,Smith,Jason,MO,Republican,6000
EW,Horsford,Steven,NV,Democrat,5000
EW,Chu,Judy,CA,Democrat,5000
EW,Curtis,John,UT,Republican,5000
EW,Smith,Adrian,NE,Republican,5000
EW,Feenstra,Randy,IA,Republican,5000
EW,Miller-Meeks,Mariannette,IA,Republican,5000
EW,Valadao,David,CA,Republican,5000
EW,Houlahan,Chrissy,PA,Democrat,4000
EW,Tillis,Thom,NC,Republican,4000
EW,Peters,Scott,CA,Democrat,4000
EW,Stauber,Pete,MN,Republican,4000
EW,Barrasso,John,WY,Republican,4000
EW,Dunn,Neal,FL,Republican,4000
EW,Estes,Ron,KS,Republican,4000
EW,Kelly,Robin,IL,Democrat,4000
EW,Bilirakis,Gus,FL,Republican,4000
EW,Balderson,Troy,OH,Republican,4000
EW,Obernolte,Jay,CA,Republican,4000
EW,Blunt Rochester,Lisa,DE,Democrat,3000
EW,Mullin,Kevin,CA,Democrat,3000
EW,Neal,Richard,MA,Democrat,3000
EW,Gomez,Jimmy,CA,Democrat,3000
EW,Stevens,Haley,MI,Democrat,3000
EW,Ruiz,Raul,CA,Democrat,3000
EW,Buchanan,Vern,FL,Republican,2000
EW,Daines,Steve,MT,Republican,2000
EW,Escobar,Veronica,TX,Democrat,2000
EW,Cassidy,Bill,LA,Republican,2000
EW,Strickland,Marilyn,WA,Democrat,2000
EW,Mfume,Kweisi,MD,Democrat,2000
EW,Young,Todd,IN,Republican,2000
EW,Budd,Ted,NC,Republican,2000
EW,Griffith,H.,VA,Republican,2000
EW,Pallone,Frank,NJ,Democrat,2000
EW,Kamlager-Dove,Sydney,CA,Democrat,2000
EW,Lankford,James,OK,Republican,2000
EW,Armstrong,Alan,OK,Republican,2000
EW,Veasey,Marc,TX,Democrat,2000
EW,Fong,Vince,CA,Republican,1000
EW,Crenshaw,Dan,TX,Republican,1000
EW,Schrier,Kim,WA,Democrat,1000
EW,Foster,Bill,IL,Democrat,1000
EW,Kelly,Mike,PA,Republican,1000
EW,James,John,MI,Republican,1000
EW,Kennedy,John,LA,Republican,1000
EW,Kennedy,Timothy,NY,Democrat,1000
EW,Kennedy,Mike,UT,Republican,1000
EW,Ross,Deborah,NC,Democrat,1000
EW,Clark,Katherine,MA,Democrat,1000
EW,McConnell,Mitch,KY,Republican,0
FANG,Pfluger,August,TX,Republican,10000
FANG,Goldman,Dan,NY,Democrat,10000
FANG,Goldman,Craig,TX,Republican,10000
FANG,Crenshaw,Dan,TX,Republican,8500
FANG,Gonzalez,Vicente,TX,Democrat,7500
FANG,Fletcher,Lizzie,TX,Democrat,7500
FANG,Westerman,Bruce,AR,Republican,5000
FANG,Guthrie,Brett,KY,Republican,5000
FANG,Barrasso,John,WY,Republican,5000
FANG,Smith,Jason,MO,Republican,5000
FANG,Ellzey,Jake,TX,Republican,5000
FANG,Cuellar,Henry,TX,Democrat,5000
FANG,Arrington,Jodey,TX,Republican,4000
FANG,Van Duyne,Beth,TX,Republican,3000
FANG,Veasey,Marc,TX,Democrat,3000
FANG,Scalise,Steve,LA,Republican,2500
FANG,Hurd,Jeff,CO,Republican,2000
FANG,Golden,Jared,ME,Democrat,0
FCX,Ciscomani,Juan,AZ,Republican,10000
FCX,Stanton,Greg,AZ,Democrat,10000
FCX,Scalise,Steve,LA,Republican,10000
FCX,Schweikert,David,AZ,Republican,10000
FCX,Westerman,Bruce,AR,Republican,5000
FCX,Pettersen,Brittany,CO,Democrat,5000
FCX,Stauber,Pete,MN,Republican,2500
FCX,Menendez,Robert,NJ,Democrat,2500
FCX,Johnson,Henry,GA,Democrat,2500
FCX,Johnson,Ron,WI,Republican,2500
FCX,Johnson,Mike,LA,Republican,2500
FCX,Johnson,Dusty,SD,Republican,2500
FCX,Johnson,Julie,TX,Democrat,2500
FCX,Tiffany,Thomas,WI,Republican,2500
FCX,Barrasso,John,WY,Republican,2500
FCX,Hurd,Jeff,CO,Republican,2500
FDX,Clyburn,James,SC,Democrat,10000
FDX,Cuellar,Henry,TX,Democrat,10000
FDX,Jeffries,Hakeem,NY,Democrat,10000
FDX,Kustoff,David,TN,Republican,10000
FDX,Meeks,Gregory,NY,Democrat,10000
FDX,Larsen,Rick,WA,Democrat,10000
FDX,Cohen,Steve,TN,Democrat,10000
FDX,Schweikert,David,AZ,Republican,8500
FDX,Scalise,Steve,LA,Republican,8000
FDX,Blunt Rochester,Lisa,DE,Democrat,7500
FDX,Schneider,Bradley,IL,Democrat,7500
FDX,Horsford,Steven,NV,Democrat,7000
FDX,Fischer,Deb,NE,Republican,6500
FDX,Fletcher,Lizzie,TX,Democrat,6500
FDX,Thompson,Bennie,MS,Democrat,6500
FDX,Thompson,Mike,CA,Democrat,6500
FDX,Thompson,Glenn,PA,Republican,6500
FDX,Estes,Ron,KS,Republican,6000
FDX,Moulton,Seth,MA,Democrat,6000
FDX,Peters,Scott,CA,Democrat,6000
FDX,Plaskett,Stacey,VI,Democrat,6000
FIS,Huizenga,Bill,MI,Republican,2750
FIS,Foster,Bill,IL,Democrat,2500
FIS,Baldwin,Tammy,WI,Democrat,1000
FIS,Rouzer,David,NC,Republican,1000
FIS,Garbarino,Andrew,NY,Republican,1000
FIS,Thompson,Bennie,MS,Democrat,1000
FIS,Thompson,Mike,CA,Democrat,1000
FIS,Thompson,Glenn,PA,Republican,1000
FIS,Scott,Rick,FL,Republican,500
FIX,Langworthy,Nicholas,NY,Republican,3500
FIX,Neal,Richard,MA,Democrat,2500
FIX,Garbarino,Andrew,NY,Republican,2500
FIX,Tonko,Paul,NY,Democrat,1500
FIX,Golden,Jared,ME,Democrat,1500
FIX,Mackenzie,Ryan,PA,Republican,1000
FIX,Magaziner,Seth,RI,Democrat,1000
FIX,Tenney,Claudia,NY,Republican,1000
FIX,Gillibrand,Kirsten,NY,Democrat,1000
GD,Fischer,Deb,NE,Republican,10000
GD,Larsen,Rick,WA,Democrat,10000
GD,Kiggans,Jennifer,VA,Republican,10000
GD,Diaz-Balart,Mario,FL,Republican,10000
GD,Banks,Jim,IN,Republican,10000
GD,Baldwin,Tammy,WI,Democrat,10000
GD,Letlow,Julia,LA,Republican,10000
GD,Bacon,Don,NE,Republican,10000
GD,Hinson,Ashley,IA,Republican,10000
GD,Clark,Katherine,MA,Democrat,10000
GD,Scott,Rick,FL,Republican,10000
GD,Heinrich,Martin,NM,Democrat,10000
GD,Valadao,David,CA,Republican,10000
GD,Rutherford,John,FL,Republican,10000
GD,Carter,John,TX,Republican,10000
GD,Amo,Gabe,RI,Democrat,10000
GD,Courtney,Joe,CT,Democrat,10000
GD,Scalise,Steve,LA,Republican,10000
GD,Magaziner,Seth,RI,Democrat,10000
GD,Pingree,Chellie,ME,Democrat,10000
GD,DeLauro,Rosa,CT,Democrat,10000
GD,McClain,Lisa,MI,Republican,10000
GD,Wittman,Robert,VA,Republican,10000
GD,Neal,Richard,MA,Democrat,10000
GE,Moulton,Seth,MA,Democrat,10000
GE,Calvert,Ken,CA,Republican,10000
GE,Moreno,Bernie,OH,Republican,10000
GE,Wittman,Robert,VA,Republican,9500
GE,Rogers,Mike,AL,Republican,9000
GE,Tonko,Paul,NY,Democrat,8500
GE,Larsen,Rick,WA,Democrat,8500
GE,Fischer,Deb,NE,Republican,6500
GE,McCollum,Betty,MN,Democrat,6500
GE,Jeffries,Hakeem,NY,Democrat,6000
GE,Smith,Adam,WA,Democrat,6000
GE,Clark,Katherine,MA,Democrat,6000
GE,Scalise,Steve,LA,Republican,5000
GE,Davidson,Warren,OH,Republican,4500
GE,Barrasso,John,WY,Republican,4500
GE,Estes,Ron,KS,Republican,4000
GE,Rouzer,David,NC,Republican,3500
GE,Strong,Dale,AL,Republican,3500
GE,Norcross,Donald,NJ,Democrat,3000
GE,Smith,Jason,MO,Republican,2500
GE,Jordan,Jim,OH,Republican,2500
GE,Valadao,David,CA,Republican,2000
GE,Franklin,C.,FL,Republican,2000
GE,Schneider,Bradley,IL,Democrat,2000
GE,Kim,Young,CA,Republican,1500
GE,Baldwin,Tammy,WI,Democrat,1000
GE,Higgins,Clay,LA,Republican,1000
GE,Strickland,Marilyn,WA,Democrat,1000
GE,Heinrich,Martin,NM,Democrat,1000
GE,Pallone,Frank,NJ,Democrat,1000
GE,Schweikert,David,AZ,Republican,1000
GEV,Curtis,John,UT,Republican,2000
GEV,Barrasso,John,WY,Republican,1500
GEV,Fitzpatrick,Brian,PA,Republican,1000
GEV,Aguilar,Pete,CA,Democrat,1000
GEV,Johnson,Henry,GA,Democrat,1000
GEV,Johnson,Ron,WI,Republican,1000
GEV,Johnson,Mike,LA,Republican,1000
GEV,Johnson,Dusty,SD,Republican,1000
GEV,Johnson,Julie,TX,Democrat,1000
GEV,Scott,Tim,SC,Republican,1000
GEV,Schweikert,David,AZ,Republican,1000
GEV,Houlahan,Chrissy,PA,Democrat,1000
GEV,Daines,Steve,MT,Republican,1000
GEV,Clark,Katherine,MA,Democrat,1000
GEV,Sewell,Terri,AL,Democrat,1000
GEV,Tonko,Paul,NY,Democrat,1000
GEV,Murray,Patty,WA,Democrat,1000
GEV,Morelle,Joseph,NY,Democrat,1000
GEV,DelBene,Suzan,WA,Democrat,1000
GEV,Warner,Mark,VA,Democrat,1000
GEV,Scott,Rick,FL,Republican,1000
GEV,Neal,Richard,MA,Democrat,1000
GEV,DeLauro,Rosa,CT,Democrat,1000
GEV,Panetta,Jimmy,CA,Democrat,1000
GEV,McClellan,Jennifer,VA,Democrat,1000
GEV,Scalise,Steve,LA,Republican,1000
GEV,Tillis,Thom,NC,Republican,1000
GEV,Fleischmann,Charles,TN,Republican,1000
GEV,Rouzer,David,NC,Republican,1000
GEV,King,Angus,ME,Independent,1000
GILD,Sewell,Terri,AL,Democrat,10000
GILD,Schneider,Bradley,IL,Democrat,10000
GILD,Thune,John,SD,Republican,10000
GILD,Ross,Deborah,NC,Democrat,10000
GILD,Guthrie,Brett,KY,Republican,10000
GILD,Barrasso,John,WY,Republican,10000
GILD,Kelly,Robin,IL,Democrat,10000
GILD,Tillis,Thom,NC,Republican,10000
GILD,Peters,Scott,CA,Democrat,10000
GILD,Cornyn,John,TX,Republican,10000
GILD,Smith,Jason,MO,Republican,10000
GILD,Cassidy,Bill,LA,Republican,9000
GILD,Mullin,Kevin,CA,Democrat,8500
GILD,Scalise,Steve,LA,Republican,7500
GILD,Daines,Steve,MT,Republican,6000
GILD,Blunt Rochester,Lisa,DE,Democrat,5000
GILD,Murkowski,Lisa,AK,Republican,5000
GILD,Marshall,Roger,KS,Republican,5000
GILD,Scott,Tim,SC,Republican,5000
GILD,Buchanan,Vern,FL,Republican,5000
GILD,Johnson,Henry,GA,Democrat,5000
GILD,Johnson,Ron,WI,Republican,5000
GILD,Johnson,Mike,LA,Republican,5000
GILD,Johnson,Dusty,SD,Republican,5000
GILD,Johnson,Julie,TX,Democrat,5000
GILD,Neal,Richard,MA,Democrat,4500
GILD,Letlow,Julia,LA,Republican,4500
GILD,Arrington,Jodey,TX,Republican,3500
GILD,Feenstra,Randy,IA,Republican,3500
GILD,Aguilar,Pete,CA,Democrat,3500
GILD,Morelle,Joseph,NY,Democrat,3500
GILD,Joyce,John,PA,Republican,3000
GILD,Young,Todd,IN,Republican,3000
GILD,Murray,Patty,WA,Democrat,3000
GILD,Budd,Ted,NC,Republican,3000
GILD,Foster,Bill,IL,Democrat,3000
GILD,Hirono,Mazie,HI,Democrat,2500
GILD,Clyburn,James,SC,Democrat,2500
GILD,Panetta,Jimmy,CA,Democrat,2500
GILD,Moore,Blake,UT,Republican,2500
GILD,Sheehy,Tim,MT,Republican,2500
GILD,Curtis,John,UT,Republican,2500
GILD,Griffith,H.,VA,Republican,2000
GILD,Clark,Katherine,MA,Democrat,2000
GILD,Watson Coleman,Bonnie,NJ,Democrat,2000
GILD,Cantwell,Maria,WA,Democrat,2000
GILD,DelBene,Suzan,WA,Democrat,2000
GILD,Ruiz,Raul,CA,Democrat,2000
GILD,Kelly,Mike,PA,Republican,2000
GILD,Smith,Adrian,NE,Republican,2000
GILD,Meeks,Gregory,NY,Democrat,2000
GILD,DeGette,Diana,CO,Democrat,2000
GILD,Miller-Meeks,Mariannette,IA,Republican,2000
GILD,Tenney,Claudia,NY,Republican,2000
GILD,Veasey,Marc,TX,Democrat,2000
GOOG,Johnson,Henry,GA,Democrat,10000
GOOG,Johnson,Ron,WI,Republican,10000
GOOG,Johnson,Mike,LA,Republican,10000
GOOG,Johnson,Dusty,SD,Republican,10000
GOOG,Johnson,Julie,TX,Democrat,10000
GOOG,Pallone,Frank,NJ,Democrat,10000
GOOG,Clark,Katherine,MA,Democrat,10000
GOOG,Lofgren,Zoe,CA,Democrat,10000
GOOG,Fischer,Deb,NE,Republican,8500
GOOG,Ricketts,Pete,NE,Republican,7500
GOOG,Scalise,Steve,LA,Republican,7500
GOOG,Smith,Jason,MO,Republican,7500
GOOG,King,Angus,ME,Independent,7500
GOOG,Hinson,Ashley,IA,Republican,7000
GOOG,Obernolte,Jay,CA,Republican,6000
GOOG,Heinrich,Martin,NM,Democrat,6000
GOOG,Horsford,Steven,NV,Democrat,6000
GOOG,Baldwin,Tammy,WI,Democrat,6000
GOOG,Guthrie,Brett,KY,Republican,5500
GOOG,Ellzey,Jake,TX,Republican,5500
GOOG,Barrasso,John,WY,Republican,5000
GOOG,Neal,Richard,MA,Democrat,5000
GOOG,Rogers,Mike,AL,Republican,5000
GOOGL,Johnson,Henry,GA,Democrat,10000
GOOGL,Johnson,Ron,WI,Republican,10000
GOOGL,Johnson,Mike,LA,Republican,10000
GOOGL,Johnson,Dusty,SD,Republican,10000
GOOGL,Johnson,Julie,TX,Democrat,10000
GOOGL,Pallone,Frank,NJ,Democrat,10000
GOOGL,Clark,Katherine,MA,Democrat,10000
GOOGL,Lofgren,Zoe,CA,Democrat,10000
GOOGL,Fischer,Deb,NE,Republican,8500
GOOGL,Ricketts,Pete,NE,Republican,7500
GOOGL,Scalise,Steve,LA,Republican,7500
GOOGL,Smith,Jason,MO,Republican,7500
GOOGL,King,Angus,ME,Independent,7500
GOOGL,Hinson,Ashley,IA,Republican,7000
GOOGL,Obernolte,Jay,CA,Republican,6000
GOOGL,Heinrich,Martin,NM,Democrat,6000
GOOGL,Horsford,Steven,NV,Democrat,6000
GOOGL,Baldwin,Tammy,WI,Democrat,6000
GOOGL,Guthrie,Brett,KY,Republican,5500
GOOGL,Ellzey,Jake,TX,Republican,5500
GOOGL,Barrasso,John,WY,Republican,5000
GOOGL,Neal,Richard,MA,Democrat,5000
GOOGL,Rogers,Mike,AL,Republican,5000
GS,Barrasso,John,WY,Republican,10000
GS,Scott,Tim,SC,Republican,10000
GS,Garbarino,Andrew,NY,Republican,9500
GS,Gottheimer,Josh,NJ,Democrat,9000
GS,Tillis,Thom,NC,Republican,7500
GS,Foster,Bill,IL,Democrat,7500
GS,Blunt Rochester,Lisa,DE,Democrat,7500
GS,Johnson,Henry,GA,Democrat,7500
GS,Johnson,Ron,WI,Republican,7500
GS,Johnson,Mike,LA,Republican,7500
GS,Johnson,Dusty,SD,Republican,7500
GS,Johnson,Julie,TX,Democrat,7500
GS,Huizenga,Bill,MI,Republican,6500
GS,Wagner,Ann,MO,Republican,5500
GS,Meeks,Gregory,NY,Democrat,5500
GS,Jeffries,Hakeem,NY,Democrat,5000
GS,Thune,John,SD,Republican,5000
GS,Warner,Mark,VA,Democrat,5000
GS,Sewell,Terri,AL,Democrat,5000
GS,Daines,Steve,MT,Republican,5000
GS,Boozman,John,AR,Republican,4500
GS,Smith,Jason,MO,Republican,4500
GS,Flood,Mike,NE,Republican,4500
GS,Kim,Young,CA,Republican,4000
GS,Neal,Richard,MA,Democrat,4000
GS,Lankford,James,OK,Republican,4000
GS,Aguilar,Pete,CA,Democrat,4000
GS,Timmons,William,SC,Republican,4000
GS,Horsford,Steven,NV,Democrat,3500
GS,Wasserman Schultz,Debbie,FL,Democrat,3500
GS,Fitzgerald,Scott,WI,Republican,3000
GS,DelBene,Suzan,WA,Democrat,3000
GS,Marshall,Roger,KS,Republican,3000
GS,Stevens,Haley,MI,Democrat,3000
GS,Pettersen,Brittany,CO,Democrat,3000
GS,Cleaver,Emanuel,MO,Democrat,3000
GS,Donalds,Byron,FL,Republican,2500
GS,Sheehy,Tim,MT,Republican,2500
GS,Armstrong,Alan,OK,Republican,2500
GS,Schmidt,Derek,KS,Republican,2500
GSK,Smucker,Lloyd,PA,Republican,10000
GSK,Smith,Jason,MO,Republican,5000
GSK,Foxx,Virginia,NC,Republican,5000
GSK,Arrington,Jodey,TX,Republican,5000
GSK,Foushee,Valerie,NC,Democrat,5000
GSK,Barrasso,John,WY,Republican,5000
GSK,Joyce,John,PA,Republican,4500
GSK,Guthrie,Brett,KY,Republican,3500
GSK,Pallone,Frank,NJ,Democrat,3500
GSK,Marshall,Roger,KS,Republican,3000
GSK,Dunn,Neal,FL,Republican,3000
GSK,Clyburn,James,SC,Democrat,2500
GSK,Edwards,Charles (Chuck),NC,Republican,2500
GSK,Ross,Deborah,NC,Democrat,2500
GSK,Sheehy,Tim,MT,Republican,2500
GSK,Clark,Katherine,MA,Democrat,2500
GSK,Kelly,Robin,IL,Democrat,2500
GSK,Aguilar,Pete,CA,Democrat,2500
GSK,Cassidy,Bill,LA,Republican,2500
GSK,Ivey,Glenn,MD,Democrat,2500
GSK,Veasey,Marc,TX,Democrat,2000
GSK,Watson Coleman,Bonnie,NJ,Democrat,2000
GSK,Heinrich,Martin,NM,Democrat,2000
GSK,Griffith,H.,VA,Republican,2000
GSK,Plaskett,Stacey,VI,Democrat,2000
HBAN,Ezell,Mike,MS,Republican,10000
HBAN,Wittman,Robert,VA,Republican,10000
HBAN,McClellan,Jennifer,VA,Democrat,10000
HBAN,Diaz-Balart,Mario,FL,Republican,10000
HBAN,Norcross,Donald,NJ,Democrat,10000
HBAN,McCollum,Betty,MN,Democrat,10000
HBAN,Calvert,Ken,CA,Republican,10000
HBAN,Smith,Adam,WA,Democrat,10000
HBAN,Aguilar,Pete,CA,Democrat,10000
HBAN,Rogers,Mike,AL,Republican,9000
HBAN,Clark,Katherine,MA,Democrat,9000
HBAN,Jeffries,Hakeem,NY,Democrat,9000
HBAN,Courtney,Joe,CT,Democrat,8500
HBAN,Heinrich,Martin,NM,Democrat,8000
HBAN,Kiggans,Jennifer,VA,Republican,8000
HBAN,Fischer,Deb,NE,Republican,8000
HBAN,Newhouse,Dan,WA,Republican,7500
HBAN,Baldwin,Tammy,WI,Democrat,7000
HBAN,Stevens,Haley,MI,Democrat,6000
HBAN,King,Angus,ME,Independent,6000
HBAN,Ellzey,Jake,TX,Republican,6000
HBAN,Fleischmann,Charles,TN,Republican,6000
HBAN,DeLauro,Rosa,CT,Democrat,6000
HBAN,Bergman,Jack,MI,Republican,5500
HBAN,Hirono,Mazie,HI,Democrat,5500
HBAN,Ciscomani,Juan,AZ,Republican,5500
HBAN,Peters,Scott,CA,Democrat,5500
HBAN,Johnson,Henry,GA,Democrat,5500
HBAN,Johnson,Ron,WI,Republican,5500
HBAN,Johnson,Mike,LA,Republican,5500
HBAN,Johnson,Dusty,SD,Republican,5500
HBAN,Johnson,Julie,TX,Democrat,5500
HBAN,Wasserman Schultz,Debbie,FL,Democrat,5000
HBAN,Carbajal,Salud,CA,Democrat,5000
HBAN,Larsen,Rick,WA,Democrat,5000
HBAN,Sewell,Terri,AL,Democrat,5000
HBAN,Scalise,Steve,LA,Republican,5000
HBAN,Clyburn,James,SC,Democrat,5000
HBAN,Guest,Michael,MS,Republican,5000
HON,King,Angus,ME,Independent,10000
HON,Cohen,Steve,TN,Democrat,10000
HON,Clark,Katherine,MA,Democrat,10000
HON,Ross,Deborah,NC,Democrat,10000
HON,McCollum,Betty,MN,Democrat,10000
HON,Meeks,Gregory,NY,Democrat,10000
HON,Smith,Adam,WA,Democrat,10000
HON,Brownley,Julia,CA,Democrat,10000
HON,Horsford,Steven,NV,Democrat,10000
HON,Hirono,Mazie,HI,Democrat,10000
HON,Moore,Blake,UT,Republican,10000
HON,Baldwin,Tammy,WI,Democrat,10000
HON,Aderholt,Robert,AL,Republican,10000
HON,Thompson,Bennie,MS,Democrat,10000
HON,Thompson,Mike,CA,Democrat,10000
HON,Thompson,Glenn,PA,Republican,10000
HON,Huffman,Jared,CA,Democrat,10000
HON,Hinson,Ashley,IA,Republican,10000
HON,DeLauro,Rosa,CT,Democrat,10000
HON,DeSaulnier,Mark,CA,Democrat,10000
HON,Schneider,Bradley,IL,Democrat,10000
HON,Jackson,Ronny,TX,Republican,10000
HON,Jackson,Jonathan,IL,Democrat,10000
HON,Strickland,Marilyn,WA,Democrat,10000
HON,Norcross,Donald,NJ,Democrat,10000
HON,Aguilar,Pete,CA,Democrat,10000
HON,McClellan,Jennifer,VA,Democrat,10000
HOOD,Wagner,Ann,MO,Republican,6500
HOOD,Horsford,Steven,NV,Democrat,6300
HOOD,Pettersen,Brittany,CO,Democrat,6000
HOOD,Donalds,Byron,FL,Republican,5500
HOOD,Warner,Mark,VA,Democrat,5000
HOOD,Sherman,Brad,CA,Democrat,5000
HOOD,Davidson,Warren,OH,Republican,3500
HOOD,Hagerty,Bill,TN,Republican,3000
HOOD,Flood,Mike,NE,Republican,3000
HOOD,Rose,John,TN,Republican,2800
HOOD,Kim,Young,CA,Republican,2700
HOOD,Jackson,Ronny,TX,Republican,2500
HOOD,Jackson,Jonathan,IL,Democrat,2500
HOOD,Huizenga,Bill,MI,Republican,2000
HOOD,Soto,Darren,FL,Democrat,1500
HOOD,Tillis,Thom,NC,Republican,1000
HOOD,Williams,Roger,TX,Republican,-300
HOOD,Williams,Nikema,GA,Democrat,-300
HQY,Gottheimer,Josh,NJ,Democrat,10000
HQY,Fitzpatrick,Brian,PA,Republican,7300
HQY,Panetta,Jimmy,CA,Democrat,3500
HQY,Moore,Blake,UT,Republican,3000
HQY,Schneider,Bradley,IL,Democrat,2500
HQY,Smith,Jason,MO,Republican,2000
HQY,Dingell,Debbie,MI,Democrat,1500
HQY,Feenstra,Randy,IA,Republican,1250
HQY,Kelly,Mike,PA,Republican,1000
HQY,Ruiz,Raul,CA,Democrat,1000
HQY,Costa,Jim,CA,Democrat,1000
HQY,Norcross,Donald,NJ,Democrat,1000
HQY,Neal,Richard,MA,Democrat,1000
HQY,Moolenaar,John,MI,Republican,1000
HQY,Curtis,John,UT,Republican,1000
HQY,Schweikert,David,AZ,Republican,1000
HUM,Smith,Jason,MO,Republican,10000
HUM,Scalise,Steve,LA,Republican,10000
HUM,Buchanan,Vern,FL,Republican,10000
HUM,Neal,Richard,MA,Democrat,10000
HUM,Guthrie,Brett,KY,Republican,10000
HUM,Barrasso,John,WY,Republican,10000
HUM,Johnson,Henry,GA,Democrat,10000
HUM,Johnson,Ron,WI,Republican,10000
HUM,Johnson,Mike,LA,Republican,10000
HUM,Johnson,Dusty,SD,Republican,10000
HUM,Johnson,Julie,TX,Democrat,10000
HUM,Aguilar,Pete,CA,Democrat,10000
HUM,Clark,Katherine,MA,Democrat,10000
HUM,Pallone,Frank,NJ,Democrat,10000
HUM,Wasserman Schultz,Debbie,FL,Democrat,10000
HUM,Schweikert,David,AZ,Republican,8500
HUM,Feenstra,Randy,IA,Republican,7500
HUM,Kelly,Mike,PA,Republican,7500
HUM,Curtis,John,UT,Republican,7500
HUM,Soto,Darren,FL,Democrat,7500
HUM,Sewell,Terri,AL,Democrat,7500
HUM,Moore,Blake,UT,Republican,7000
HUM,Kiggans,Jennifer,VA,Republican,7000
HUM,Horsford,Steven,NV,Democrat,7000
HUM,Lee,Susie,NV,Democrat,6500
HUM,Smith,Adrian,NE,Republican,5000
HUM,Veasey,Marc,TX,Democrat,5000
HUM,Smith,Adam,WA,Democrat,5000
HUM,Salinas,Andrea,OR,Democrat,5000
HUM,Griffith,H.,VA,Republican,5000
HUM,Ruiz,Raul,CA,Democrat,5000
HUM,Gallego,Ruben,AZ,Democrat,5000
HUM,Thompson,Bennie,MS,Democrat,5000
HUM,Thompson,Mike,CA,Democrat,5000
HUM,Thompson,Glenn,PA,Republican,5000
HUM,Frankel,Lois,FL,Democrat,5000
HUM,Scott,Rick,FL,Republican,5000
HUM,Stevens,Haley,MI,Democrat,5000
HUM,Jeffries,Hakeem,NY,Democrat,5000
HUM,Heinrich,Martin,NM,Democrat,5000
HUM,Cortez Masto,Catherine,NV,Democrat,5000
HUM,Bilirakis,Gus,FL,Republican,5000
HUM,Scott,Tim,SC,Republican,5000
HWM,Moolenaar,John,MI,Republican,2000
HWM,Sykes,Emilia,OH,Democrat,2000
HWM,Smith,Jason,MO,Republican,1500
HWM,Houlahan,Chrissy,PA,Democrat,1000
HWM,Joyce,David,OH,Republican,1000
HWM,Panetta,Jimmy,CA,Democrat,1000
IBM,Johnson,Henry,GA,Democrat,1000000
IBM,Johnson,Ron,WI,Republican,1000000
IBM,Johnson,Mike,LA,Republican,1000000
IBM,Johnson,Dusty,SD,Republican,1000000
IBM,Johnson,Julie,TX,Democrat,1000000
IBM,Justice,Jim,WV,Republican,656148
ICE,Bishop,Sanford,GA,Democrat,7500
ICE,Cleaver,Emanuel,MO,Democrat,7500
ICE,Huizenga,Bill,MI,Republican,6500
ICE,Scott,Austin,GA,Republican,5500
ICE,Bean,Aaron,FL,Republican,5000
ICE,Sherman,Brad,CA,Democrat,5000
ICE,Hagerty,Bill,TN,Republican,5000
ICE,Wagner,Ann,MO,Republican,3500
ICE,Meeks,Gregory,NY,Democrat,3500
ICE,Johnson,Henry,GA,Democrat,2500
ICE,Johnson,Ron,WI,Republican,2500
ICE,Johnson,Mike,LA,Republican,2500
ICE,Johnson,Dusty,SD,Republican,2500
ICE,Johnson,Julie,TX,Democrat,2500
ICE,Tuberville,Tommy,AL,Republican,2500
ICE,Houchin,Erin,IN,Republican,2500
ICE,Brown,Shontel,OH,Democrat,2500
ICE,Warner,Mark,VA,Democrat,2500
ICE,Kim,Young,CA,Republican,2500
ICE,Bost,Mike,IL,Republican,2500
ICE,Tillis,Thom,NC,Republican,2500
ICE,Foster,Bill,IL,Democrat,2500
ICE,Scott,Tim,SC,Republican,2500
ICE,Ernst,Joni,IA,Republican,2000
ICE,Allen,Rick,GA,Republican,2000
ICE,Williams,Roger,TX,Republican,2000
ICE,Williams,Nikema,GA,Democrat,2000
ICE,Horsford,Steven,NV,Democrat,1500
ICE,Timmons,William,SC,Republican,1500
ICE,Green,Al,TX,Democrat,1500
ICE,Fitzgerald,Scott,WI,Republican,1000
ICE,Rouzer,David,NC,Republican,1000
ICE,Thompson,Bennie,MS,Democrat,1000
ICE,Thompson,Mike,CA,Democrat,1000
ICE,Thompson,Glenn,PA,Republican,1000
ICE,Pettersen,Brittany,CO,Democrat,1000
IFF,Johnson,Henry,GA,Democrat,1000000
IFF,Johnson,Ron,WI,Republican,1000000
IFF,Johnson,Mike,LA,Republican,1000000
IFF,Johnson,Dusty,SD,Republican,1000000
IFF,Johnson,Julie,TX,Democrat,1000000
IFF,Justice,Jim,WV,Republican,656148
INTC,Scalise,Steve,LA,Republican,15500
INTC,Heinrich,Martin,NM,Democrat,10000
INTC,Balderson,Troy,OH,Republican,10000
INTC,Clark,Katherine,MA,Democrat,10000
INTC,Lofgren,Zoe,CA,Democrat,10000
INTC,Stanton,Greg,AZ,Democrat,8500
INTC,Bonamici,Suzanne,OR,Democrat,8500
INTC,Jeffries,Hakeem,NY,Democrat,7500
INTC,Aguilar,Pete,CA,Democrat,6000
INTC,Cantwell,Maria,WA,Democrat,5000
INTC,Smith,Jason,MO,Republican,5000
INTC,Husted,Jon,OH,Republican,5000
INTC,Estes,Ron,KS,Republican,5000
INTC,Fitzpatrick,Brian,PA,Republican,5000
INTC,Fischer,Deb,NE,Republican,5000
INTC,Williams,Roger,TX,Republican,5000
INTC,Williams,Nikema,GA,Democrat,5000
INTC,Guthrie,Brett,KY,Republican,5000
INTC,Salinas,Andrea,OR,Democrat,5000
INTC,Fletcher,Lizzie,TX,Democrat,4000
INTC,Stevens,Haley,MI,Democrat,4000
INTC,Schneider,Bradley,IL,Democrat,4000
INTC,DelBene,Suzan,WA,Democrat,4000
INTC,Meeks,Gregory,NY,Democrat,4000
INTC,Kiley,Kevin,CA,Independent,4000
INTC,Huffman,Jared,CA,Democrat,3500
INTC,Strickland,Marilyn,WA,Democrat,3000
INTC,Panetta,Jimmy,CA,Democrat,3000
INTC,Obernolte,Jay,CA,Republican,3000
INTC,Balint,Becca,VT,Democrat,3000
INTC,Thompson,Bennie,MS,Democrat,2500
INTC,Thompson,Mike,CA,Democrat,2500
INTC,Thompson,Glenn,PA,Republican,2500
INTC,Cornyn,John,TX,Republican,2500
INTC,Johnson,Henry,GA,Democrat,2500
INTC,Johnson,Ron,WI,Republican,2500
INTC,Johnson,Mike,LA,Republican,2500
INTC,Johnson,Dusty,SD,Republican,2500
INTC,Johnson,Julie,TX,Democrat,2500
INTC,Neal,Richard,MA,Democrat,2500
INTU,Smith,Jason,MO,Republican,5000
INTU,Schweikert,David,AZ,Republican,2500
INTU,Shaheen,Jeanne,NH,Democrat,2500
INTU,Bilirakis,Gus,FL,Republican,2500
INTU,Young,Todd,IN,Republican,2500
INTU,Obernolte,Jay,CA,Republican,2500
INTU,Curtis,John,UT,Republican,2500
INTU,Heinrich,Martin,NM,Democrat,2500
INTU,Neal,Richard,MA,Democrat,2500
INTU,Thune,John,SD,Republican,2500
INTU,Smith,Adrian,NE,Republican,1500
INTU,Kelly,Mike,PA,Republican,1500
INTU,Bishop,Sanford,GA,Democrat,1000
INTU,Stevens,Haley,MI,Democrat,1000
INTU,Van Hollen,Chris,MD,Democrat,1000
INTU,Trahan,Lori,MA,Democrat,1000
INTU,Horsford,Steven,NV,Democrat,1000
INTU,Scholten,Hillary,MI,Democrat,1000
INTU,Hickenlooper,John,CO,Democrat,0
INTU,Jeffries,Hakeem,NY,Democrat,-1000
JCI,Peters,Scott,CA,Democrat,10000
JCI,Pallone,Frank,NJ,Democrat,10000
JCI,Fitzpatrick,Brian,PA,Republican,10000
JCI,Scalise,Steve,LA,Republican,10000
JCI,Guthrie,Brett,KY,Republican,10000
JCI,Watson Coleman,Bonnie,NJ,Democrat,10000
JCI,Smith,Jason,MO,Republican,8000
JCI,Clark,Katherine,MA,Democrat,7500
JCI,Sewell,Terri,AL,Democrat,7500
JCI,Obernolte,Jay,CA,Republican,7500
JCI,Kelly,Robin,IL,Democrat,7500
JCI,Schneider,Bradley,IL,Democrat,7000
JCI,Mullin,Kevin,CA,Democrat,7000
JCI,Blunt Rochester,Lisa,DE,Democrat,7000
JCI,Buchanan,Vern,FL,Republican,7000
JCI,Gottheimer,Josh,NJ,Democrat,7000
JCI,Cassidy,Bill,LA,Republican,7000
JCI,Bilirakis,Gus,FL,Republican,7000
JCI,Rutherford,John,FL,Republican,7000
JCI,Issa,Darrell,CA,Republican,6500
JCI,Fischer,Deb,NE,Republican,6500
JCI,Schweikert,David,AZ,Republican,6000
JCI,DeGette,Diana,CO,Democrat,6000
JCI,DelBene,Suzan,WA,Democrat,6000
JCI,Carter,Troy,LA,Democrat,6000
JCI,Aguilar,Pete,CA,Democrat,5500
JCI,Ruiz,Raul,CA,Democrat,5000
JCI,McConnell,Mitch,KY,Republican,5000
JCI,Kim,Young,CA,Republican,5000
JCI,Veasey,Marc,TX,Democrat,5000
JCI,Lankford,James,OK,Republican,5000
JCI,Clyburn,James,SC,Democrat,5000
JCI,Miller-Meeks,Mariannette,IA,Republican,5000
JCI,Estes,Ron,KS,Republican,5000
JCI,Johnson,Henry,GA,Democrat,5000
JCI,Johnson,Ron,WI,Republican,5000
JCI,Johnson,Mike,LA,Republican,5000
JCI,Johnson,Dusty,SD,Republican,5000
JCI,Johnson,Julie,TX,Democrat,5000
JCI,Pfluger,August,TX,Republican,4500
JCI,Bergman,Jack,MI,Republican,4500
JCI,Horsford,Steven,NV,Democrat,4500
JCI,Meeks,Gregory,NY,Democrat,4500
JCI,Moore,Blake,UT,Republican,4500
JCI,Menendez,Robert,NJ,Democrat,4500
JCI,Tillis,Thom,NC,Republican,4500
JCI,Craig,Angie,MN,Democrat,4000
JCI,Heinrich,Martin,NM,Democrat,3500
JCI,James,John,MI,Republican,3500
JNJ,Peters,Scott,CA,Democrat,10000
JNJ,Pallone,Frank,NJ,Democrat,10000
JNJ,Fitzpatrick,Brian,PA,Republican,10000
JNJ,Scalise,Steve,LA,Republican,10000
JNJ,Guthrie,Brett,KY,Republican,10000
JNJ,Watson Coleman,Bonnie,NJ,Democrat,10000
JNJ,Smith,Jason,MO,Republican,8000
JNJ,Clark,Katherine,MA,Democrat,7500
JNJ,Sewell,Terri,AL,Democrat,7500
JNJ,Obernolte,Jay,CA,Republican,7500
JNJ,Kelly,Robin,IL,Democrat,7500
JNJ,Schneider,Bradley,IL,Democrat,7000
JNJ,Mullin,Kevin,CA,Democrat,7000
JNJ,Blunt Rochester,Lisa,DE,Democrat,7000
JNJ,Buchanan,Vern,FL,Republican,7000
JNJ,Gottheimer,Josh,NJ,Democrat,7000
JNJ,Cassidy,Bill,LA,Republican,7000
JNJ,Bilirakis,Gus,FL,Republican,7000
JNJ,Rutherford,John,FL,Republican,7000
JNJ,Issa,Darrell,CA,Republican,6500
JNJ,Fischer,Deb,NE,Republican,6500
JNJ,Schweikert,David,AZ,Republican,6000
JNJ,DeGette,Diana,CO,Democrat,6000
JNJ,DelBene,Suzan,WA,Democrat,6000
JNJ,Carter,Troy,LA,Democrat,6000
JNJ,Aguilar,Pete,CA,Democrat,5500
JNJ,Ruiz,Raul,CA,Democrat,5000
JNJ,McConnell,Mitch,KY,Republican,5000
JNJ,Kim,Young,CA,Republican,5000
JNJ,Veasey,Marc,TX,Democrat,5000
JNJ,Lankford,James,OK,Republican,5000
JNJ,Clyburn,James,SC,Democrat,5000
JNJ,Miller-Meeks,Mariannette,IA,Republican,5000
JNJ,Estes,Ron,KS,Republican,5000
JNJ,Johnson,Henry,GA,Democrat,5000
JNJ,Johnson,Ron,WI,Republican,5000
JNJ,Johnson,Mike,LA,Republican,5000
JNJ,Johnson,Dusty,SD,Republican,5000
JNJ,Johnson,Julie,TX,Democrat,5000
JNJ,Pfluger,August,TX,Republican,4500
JNJ,Bergman,Jack,MI,Republican,4500
JNJ,Horsford,Steven,NV,Democrat,4500
JNJ,Meeks,Gregory,NY,Democrat,4500
JNJ,Moore,Blake,UT,Republican,4500
JNJ,Menendez,Robert,NJ,Democrat,4500
JNJ,Tillis,Thom,NC,Republican,4500
JNJ,Craig,Angie,MN,Democrat,4000
JNJ,Heinrich,Martin,NM,Democrat,3500
JNJ,James,John,MI,Republican,3500
LHX,Wittman,Robert,VA,Republican,10000
LHX,Carter,John,TX,Republican,10000
LHX,Lankford,James,OK,Republican,10000
LHX,Jeffries,Hakeem,NY,Democrat,10000
LHX,Moore,Blake,UT,Republican,10000
LHX,Morelle,Joseph,NY,Democrat,10000
LHX,Crank,Jeff,CO,Republican,10000
LHX,Johnson,Henry,GA,Democrat,10000
LHX,Johnson,Ron,WI,Republican,10000
LHX,Johnson,Mike,LA,Republican,10000
LHX,Johnson,Dusty,SD,Republican,10000
LHX,Johnson,Julie,TX,Democrat,10000
LHX,Haridopolos,Mike,FL,Republican,10000
LHX,Courtney,Joe,CT,Democrat,10000
LHX,Sewell,Terri,AL,Democrat,10000
LHX,Strong,Dale,AL,Republican,10000
LHX,Diaz-Balart,Mario,FL,Republican,10000
LHX,Calvert,Ken,CA,Republican,10000
LHX,Wasserman Schultz,Debbie,FL,Democrat,10000
LHX,Cuellar,Henry,TX,Democrat,10000
LHX,Stutzman,Marlin,IN,Republican,10000
LHX,Schumer,Charles,NY,Democrat,10000
LHX,Cantwell,Maria,WA,Democrat,10000
LHX,Bacon,Don,NE,Republican,10000
LHX,Escobar,Veronica,TX,Democrat,10000
LHX,Aderholt,Robert,AL,Republican,10000
LHX,Westerman,Bruce,AR,Republican,10000
LHX,Sherman,Brad,CA,Democrat,10000
LHX,Rogers,Mike,AL,Republican,10000
LHX,DeLauro,Rosa,CT,Democrat,10000
LHX,McCollum,Betty,MN,Democrat,10000
LHX,Smith,Adam,WA,Democrat,10000
LHX,Sessions,Pete,TX,Republican,10000
LHX,Meeks,Gregory,NY,Democrat,10000
LHX,Franklin,C.,FL,Republican,10000
LHX,Sheehy,Tim,MT,Republican,10000
LHX,Carbajal,Salud,CA,Democrat,10000
LIN,Higgins,Clay,LA,Republican,2500
LLY,Smith,Jason,MO,Republican,10000
LLY,Peters,Scott,CA,Democrat,10000
LLY,Clark,Katherine,MA,Democrat,10000
LLY,Scalise,Steve,LA,Republican,10000
LLY,Guthrie,Brett,KY,Republican,10000
LLY,Joyce,John,PA,Republican,7500
LLY,Miller-Meeks,Mariannette,IA,Republican,7500
LLY,Cantwell,Maria,WA,Democrat,7500
LLY,Barrasso,John,WY,Republican,7500
LLY,Kelly,Mike,PA,Republican,7000
LLY,Ross,Deborah,NC,Democrat,6500
LLY,Huffman,Jared,CA,Democrat,6000
LLY,Menendez,Robert,NJ,Democrat,5500
LLY,Daines,Steve,MT,Republican,5000
LLY,Veasey,Marc,TX,Democrat,5000
LLY,Bilirakis,Gus,FL,Republican,5000
LLY,Moore,Blake,UT,Republican,5000
LMT,Valadao,David,CA,Republican,10000
LMT,Escobar,Veronica,TX,Democrat,10000
LMT,Rutherford,John,FL,Republican,10000
LMT,Aguilar,Pete,CA,Democrat,10000
LMT,Johnson,Henry,GA,Democrat,10000
LMT,Johnson,Ron,WI,Republican,10000
LMT,Johnson,Mike,LA,Republican,10000
LMT,Johnson,Dusty,SD,Republican,10000
LMT,Johnson,Julie,TX,Democrat,10000
LMT,Smith,Adam,WA,Democrat,10000
LMT,Veasey,Marc,TX,Democrat,10000
LMT,Calvert,Ken,CA,Republican,10000
LMT,Estes,Ron,KS,Republican,10000
LMT,Carbajal,Salud,CA,Democrat,10000
LMT,Panetta,Jimmy,CA,Democrat,10000
LMT,Rogers,Mike,AL,Republican,10000
LMT,Diaz-Balart,Mario,FL,Republican,10000
LMT,Scalise,Steve,LA,Republican,10000
OTIS,Clyburn,James,SC,Democrat,1000
PFE,Johnson,Henry,GA,Democrat,15000
PFE,Johnson,Ron,WI,Republican,15000
PFE,Johnson,Mike,LA,Republican,15000
PFE,Johnson,Dusty,SD,Republican,15000
PFE,Johnson,Julie,TX,Democrat,15000
PFE,Estes,Ron,KS,Republican,10000
PFE,Cantwell,Maria,WA,Democrat,10000
PFE,Guthrie,Brett,KY,Republican,10000
PFE,Miller-Meeks,Mariannette,IA,Republican,9500
PFE,Clark,Katherine,MA,Democrat,9000
PFE,Kelly,Mike,PA,Republican,8000
PFE,Pallone,Frank,NJ,Democrat,7500
PFE,Smith,Jason,MO,Republican,7500
PFE,Huizenga,Bill,MI,Republican,7500
PFE,Peters,Scott,CA,Democrat,7500
PFE,Ruiz,Raul,CA,Democrat,7000
PFE,Smith,Adrian,NE,Republican,7000
PFE,Balderson,Troy,OH,Republican,7000
PFE,DelBene,Suzan,WA,Democrat,6500
PFE,Smucker,Lloyd,PA,Republican,6500
PFE,Tenney,Claudia,NY,Republican,6500
PFE,Garbarino,Andrew,NY,Republican,6000
PFE,Ross,Deborah,NC,Democrat,6000
PFE,Bilirakis,Gus,FL,Republican,6000
PFE,Neal,Richard,MA,Democrat,6000
PFE,Dunn,Neal,FL,Republican,5500
PFE,Horsford,Steven,NV,Democrat,5500
PFE,Crenshaw,Dan,TX,Republican,5500
PH,Calvert,Ken,CA,Republican,2500
PH,Shaheen,Jeanne,NH,Democrat,2500
PH,Diaz-Balart,Mario,FL,Republican,2500
PH,Tillis,Thom,NC,Republican,-1000
PLTR,Calvert,Ken,CA,Republican,5000
PLTR,Cornyn,John,TX,Republican,5000
PLTR,Smith,Adam,WA,Democrat,5000
PLTR,Wittman,Robert,VA,Republican,5000
PLTR,Warner,Mark,VA,Democrat,2500
PLTR,Rogers,Mike,AL,Republican,1000
PLTR,King,Angus,ME,Independent,1000
PPG,Reschenthaler,Guy,PA,Republican,13200
PPG,Stevens,Haley,MI,Democrat,10000
PPG,Strong,Dale,AL,Republican,5000
PPG,Joyce,John,PA,Republican,4300
PPG,Sykes,Emilia,OH,Democrat,4000
PPG,Huffman,Jared,CA,Democrat,3500
PPG,Kelly,Mike,PA,Republican,3500
PPG,Baldwin,Tammy,WI,Democrat,3000
PPG,Barrasso,John,WY,Republican,2500
PPG,Padilla,Alejandro,CA,Democrat,2000
PPG,Houlahan,Chrissy,PA,Democrat,2000
PPG,Cornyn,John,TX,Republican,1500
PSX,Fong,Vince,CA,Republican,10000
PSX,Larsen,Rick,WA,Democrat,10000
PSX,Veasey,Marc,TX,Democrat,10000
PSX,Gottheimer,Josh,NJ,Democrat,10000
PSX,Neal,Richard,MA,Democrat,10000
PSX,Scalise,Steve,LA,Republican,10000
PSX,Sheehy,Tim,MT,Republican,10000
PSX,Gonzalez,Vicente,TX,Democrat,10000
PSX,Barrasso,John,WY,Republican,10000
PSX,James,John,MI,Republican,10000
PSX,Fischer,Deb,NE,Republican,10000
PSX,Jackson,Ronny,TX,Republican,10000
PSX,Jackson,Jonathan,IL,Democrat,10000
PSX,Arrington,Jodey,TX,Republican,10000
PSX,Westerman,Bruce,AR,Republican,10000
PSX,Fletcher,Lizzie,TX,Democrat,10000
PSX,Thompson,Bennie,MS,Democrat,10000
PSX,Thompson,Mike,CA,Democrat,10000
PSX,Thompson,Glenn,PA,Republican,10000
PSX,Higgins,Clay,LA,Republican,10000
PSX,Garcia,Sylvia,TX,Democrat,10000
PSX,Pfluger,August,TX,Republican,10000
PSX,Costa,Jim,CA,Democrat,10000
PSX,Smith,Jason,MO,Republican,10000
PSX,Johnson,Henry,GA,Democrat,10000
PSX,Johnson,Ron,WI,Republican,10000
PSX,Johnson,Mike,LA,Republican,10000
PSX,Johnson,Dusty,SD,Republican,10000
PSX,Johnson,Julie,TX,Democrat,10000
PSX,Crenshaw,Dan,TX,Republican,8500
PSX,Cuellar,Henry,TX,Democrat,7500
PSX,Schneider,Bradley,IL,Democrat,7500
PSX,Kim,Young,CA,Republican,7500
PSX,Feenstra,Randy,IA,Republican,6000
PSX,Huffman,Jared,CA,Democrat,5001
PSX,Obernolte,Jay,CA,Republican,5000
PSX,Guthrie,Brett,KY,Republican,5000
PSX,King,Angus,ME,Independent,5000
PSX,Rouzer,David,NC,Republican,5000
PSX,Babin,Brian,TX,Republican,5000
PSX,Bost,Mike,IL,Republican,5000
PSX,Balderson,Troy,OH,Republican,5000
PSX,Armstrong,Alan,OK,Republican,5000
PSX,Justice,Jim,WV,Republican,5000
PSX,Gooden,Lance,TX,Republican,5000
QCOM,Sullivan,Dan,AK,Republican,10000
QCOM,Smith,Jason,MO,Republican,10000
QCOM,Hagerty,Bill,TN,Republican,6500
QCOM,Stevens,Haley,MI,Democrat,6000
QCOM,Schneider,Bradley,IL,Democrat,6000
QCOM,Warner,Mark,VA,Democrat,6000
QCOM,Crenshaw,Dan,TX,Republican,5000
QCOM,Cantwell,Maria,WA,Democrat,5000
QCOM,Peters,Scott,CA,Democrat,5000
QCOM,Jeffries,Hakeem,NY,Democrat,5000
QCOM,Massie,Thomas,KY,Republican,5000
QCOM,Ross,Deborah,NC,Democrat,5000
QCOM,DelBene,Suzan,WA,Democrat,3000
QCOM,Menendez,Robert,NJ,Democrat,2500
QCOM,Heinrich,Martin,NM,Democrat,2500
QCOM,Smith,Adam,WA,Democrat,2500
QCOM,Rosen,Jacky,NV,Democrat,2000
QCOM,Doggett,Lloyd,TX,Democrat,2000
QCOM,Wittman,Robert,VA,Republican,2000
QCOM,Wagner,Ann,MO,Republican,1500
QCOM,Feenstra,Randy,IA,Republican,1000
QCOM,Fischer,Deb,NE,Republican,1000
QCOM,Moolenaar,John,MI,Republican,1000
QCOM,Hinson,Ashley,IA,Republican,1000
QCOM,Blunt Rochester,Lisa,DE,Democrat,1000
REGN,Daines,Steve,MT,Republican,9000
REGN,Aguilar,Pete,CA,Democrat,5000
REGN,Cortez Masto,Catherine,NV,Democrat,5000
REGN,Tillis,Thom,NC,Republican,5000
REGN,Neal,Richard,MA,Democrat,5000
REGN,Menendez,Robert,NJ,Democrat,5000
REGN,Horsford,Steven,NV,Democrat,5000
REGN,Tonko,Paul,NY,Democrat,5000
REGN,Cornyn,John,TX,Republican,4000
REGN,Budd,Ted,NC,Republican,4000
REGN,Barrasso,John,WY,Republican,3000
REGN,Paul,Rand,KY,Republican,2500
REGN,Bilirakis,Gus,FL,Republican,2500
REGN,Grassley,Charles,IA,Republican,2000
REGN,Guthrie,Brett,KY,Republican,2000
REGN,Schneider,Bradley,IL,Democrat,1000
REGN,Moolenaar,John,MI,Republican,1000
RF,Aderholt,Robert,AL,Republican,10000
RF,Gonzalez,Vicente,TX,Democrat,10000
RF,Moore,Barry,AL,Republican,10000
RF,Sherman,Brad,CA,Democrat,10000
RF,Soto,Darren,FL,Democrat,10000
RF,Jeffries,Hakeem,NY,Democrat,10000
RF,Strong,Dale,AL,Republican,10000
RF,Clyburn,James,SC,Democrat,10000
RF,Foster,Bill,IL,Democrat,10000
RF,Gottheimer,Josh,NJ,Democrat,10000
RF,Sewell,Terri,AL,Democrat,10000
RF,Palmer,Gary,AL,Republican,10000
RF,Rogers,Mike,AL,Republican,10000
RF,Meeks,Gregory,NY,Democrat,10000
RF,Cleaver,Emanuel,MO,Democrat,10000
RF,Johnson,Henry,GA,Democrat,10000
RF,Johnson,Ron,WI,Republican,10000
RF,Johnson,Mike,LA,Republican,10000
RF,Johnson,Dusty,SD,Republican,10000
RF,Johnson,Julie,TX,Democrat,10000
RF,Fletcher,Lizzie,TX,Democrat,10000
RF,Wagner,Ann,MO,Republican,10000
RF,Huizenga,Bill,MI,Republican,10000
RF,Donalds,Byron,FL,Republican,9000
RF,Garbarino,Andrew,NY,Republican,9000
RF,Timmons,William,SC,Republican,8500
RF,Barrasso,John,WY,Republican,7500
RF,Williams,Roger,TX,Republican,7500
RF,Williams,Nikema,GA,Democrat,7500
RF,Garcia,Sylvia,TX,Democrat,7500
RF,Davidson,Warren,OH,Republican,7000
RF,Adams,Alma,NC,Democrat,7000
RF,Carter,Troy,LA,Democrat,7000
RF,Thompson,Bennie,MS,Democrat,7000
RF,Thompson,Mike,CA,Democrat,7000
RF,Thompson,Glenn,PA,Republican,7000
RF,Wilson,Frederica,FL,Democrat,7000
RF,Houchin,Erin,IN,Republican,6500
RF,Figures,Shomari,AL,Democrat,6000
RF,Tuberville,Tommy,AL,Republican,6000
RF,Schmitt,Eric,MO,Republican,6000
RF,Kim,Young,CA,Republican,5500
RF,Shaheen,Jeanne,NH,Democrat,5500
RF,Loudermilk,Barry,GA,Republican,5500
RF,Flood,Mike,NE,Republican,5000
RF,Scott,Tim,SC,Republican,5000
RF,Smith,Jason,MO,Republican,5000
RF,Thune,John,SD,Republican,5000
RF,Scalise,Steve,LA,Republican,5000
RF,Sessions,Pete,TX,Republican,5000
RF,Rose,John,TN,Republican,5000
RF,Horsford,Steven,NV,Democrat,5000
RF,Fitzgerald,Scott,WI,Republican,4500
RHHBY,DeGette,Diana,CO,Democrat,4500
RHHBY,Joyce,John,PA,Republican,4000
RHHBY,Guthrie,Brett,KY,Republican,3000
RHHBY,Bilirakis,Gus,FL,Republican,3000
RHHBY,Baldwin,Tammy,WI,Democrat,3000
RHHBY,Ciscomani,Juan,AZ,Republican,3000
RHHBY,Tillis,Thom,NC,Republican,3000
RHHBY,Murray,Patty,WA,Democrat,2500
RHHBY,Smith,Tina,MN,Democrat,2000
RHHBY,Dingell,Debbie,MI,Democrat,2000
RHHBY,Peters,Scott,CA,Democrat,2000
RHHBY,Miller-Meeks,Mariannette,IA,Republican,2000
RHHBY,Collins,Susan,ME,Republican,2000
RHHBY,Collins,Mike,GA,Republican,2000
RHHBY,Craig,Angie,MN,Democrat,2000
RHHBY,Barrett,Tom,MI,Republican,2000
RHHBY,Thompson,Bennie,MS,Democrat,2000
RHHBY,Thompson,Mike,CA,Democrat,2000
RHHBY,Thompson,Glenn,PA,Republican,2000
RHHBY,DelBene,Suzan,WA,Democrat,2000
RHHBY,Neal,Richard,MA,Democrat,2000
RHHBY,Buchanan,Vern,FL,Republican,2000
RHHBY,Sewell,Terri,AL,Democrat,2000
RHHBY,Cornyn,John,TX,Republican,1500
RHHBY,Dunn,Neal,FL,Republican,1000
RHHBY,Griffith,H.,VA,Republican,1000
RHHBY,Pallone,Frank,NJ,Democrat,1000
RHHBY,Crenshaw,Dan,TX,Republican,1000
RHHBY,Fitzpatrick,Brian,PA,Republican,1000
RHHBY,Tenney,Claudia,NY,Republican,1000
RHHBY,Ruiz,Raul,CA,Democrat,1000
RHHBY,Moore,Blake,UT,Republican,1000
RHHBY,Panetta,Jimmy,CA,Democrat,1000
RHHBY,Johnson,Henry,GA,Democrat,500
RHHBY,Johnson,Ron,WI,Republican,500
RHHBY,Johnson,Mike,LA,Republican,500
RHHBY,Johnson,Dusty,SD,Republican,500
RHHBY,Johnson,Julie,TX,Democrat,500
RIO,Crane,Eli,AZ,Republican,2500
RIO,Stauber,Pete,MN,Republican,2500
RIO,Hagerty,Bill,TN,Republican,2500
RIO,Ciscomani,Juan,AZ,Republican,1000
RPM,Sullivan,Dan,AK,Republican,5000
RSG,Garamendi,John,CA,Democrat,2500
RSG,Simpson,Michael,ID,Republican,2500
RSG,Gonzalez,Vicente,TX,Democrat,1500
RSG,Johnson,Henry,GA,Democrat,1000
RSG,Johnson,Ron,WI,Republican,1000
RSG,Johnson,Mike,LA,Republican,1000
RSG,Johnson,Dusty,SD,Republican,1000
RSG,Johnson,Julie,TX,Democrat,1000
RSG,Salinas,Andrea,OR,Democrat,1000
RTX,Rutherford,John,FL,Republican,10000
RTX,Moulton,Seth,MA,Democrat,10000
RTX,Smith,Adam,WA,Democrat,10000
RTX,Smith,Jason,MO,Republican,10000
RTX,Meeks,Gregory,NY,Democrat,10000
RTX,Keating,William,MA,Democrat,10000
RTX,Wittman,Robert,VA,Republican,10000
RTX,Johnson,Henry,GA,Democrat,10000
RTX,Johnson,Ron,WI,Republican,10000
RTX,Johnson,Mike,LA,Republican,10000
RTX,Johnson,Dusty,SD,Republican,10000
RTX,Johnson,Julie,TX,Democrat,10000
RTX,Calvert,Ken,CA,Republican,10000
RTX,Jeffries,Hakeem,NY,Democrat,10000
RTX,Panetta,Jimmy,CA,Democrat,10000
RTX,Neguse,Joe,CO,Democrat,10000
RTX,Aguilar,Pete,CA,Democrat,10000
RTX,Valadao,David,CA,Republican,10000
RTX,Hinson,Ashley,IA,Republican,10000
RTX,Clyburn,James,SC,Democrat,10000
RTX,Quigley,Mike,IL,Democrat,10000
RTX,Wasserman Schultz,Debbie,FL,Democrat,10000
RTX,Garamendi,John,CA,Democrat,10000
RTX,Clark,Katherine,MA,Democrat,10000
RTX,Rogers,Mike,AL,Republican,10000
RTX,Scalise,Steve,LA,Republican,10000
RTX,DeLauro,Rosa,CT,Democrat,10000
RTX,Strong,Dale,AL,Republican,10000
RTX,Courtney,Joe,CT,Democrat,10000
RTX,Larsen,Rick,WA,Democrat,10000
RTX,Neal,Richard,MA,Democrat,10000
RTX,Norcross,Donald,NJ,Democrat,10000
RTX,Carbajal,Salud,CA,Democrat,10000
RTX,Carter,John,TX,Republican,10000
RTX,McCollum,Betty,MN,Democrat,10000
SIEGY,Padilla,Alejandro,CA,Democrat,7500
SIEGY,Van Duyne,Beth,TX,Republican,7500
SIEGY,Young,Todd,IN,Republican,7000
SIEGY,Scott,Tim,SC,Republican,7000
SIEGY,Torres,Norma,CA,Democrat,6000
SIEGY,Guthrie,Brett,KY,Republican,6000
SIEGY,Ellzey,Jake,TX,Republican,5000
SIEGY,Blunt Rochester,Lisa,DE,Democrat,5000
SIEGY,Ross,Deborah,NC,Democrat,5000
SIEGY,Tillis,Thom,NC,Republican,5000
SIEGY,Graves,Sam,MO,Republican,5000
SIEGY,Stevens,Haley,MI,Democrat,4500
SIEGY,Joyce,John,PA,Republican,4500
SIEGY,Lankford,James,OK,Republican,4000
SIEGY,Barrasso,John,WY,Republican,3500
SIEGY,Quigley,Mike,IL,Democrat,3500
SIEGY,McBath,Lucy,GA,Democrat,3500
SIEGY,Tonko,Paul,NY,Democrat,3000
SIEGY,Wagner,Ann,MO,Republican,3000
SIEGY,Warner,Mark,VA,Democrat,3000
SIEGY,Rogers,Mike,AL,Republican,2500
SIEGY,Schumer,Charles,NY,Democrat,2500
SIEGY,Fischer,Deb,NE,Republican,2500
SIEGY,Peters,Scott,CA,Democrat,2500
SIEGY,Estes,Ron,KS,Republican,2500
SIEGY,Jeffries,Hakeem,NY,Democrat,2500
SIEGY,Budd,Ted,NC,Republican,2500
SIEGY,Curtis,John,UT,Republican,2500
SIEGY,Sewell,Terri,AL,Democrat,2000
SIEGY,Schneider,Bradley,IL,Democrat,2000
SIEGY,Kennedy,John,LA,Republican,2000
SIEGY,Kennedy,Timothy,NY,Democrat,2000
SIEGY,Kennedy,Mike,UT,Republican,2000
SIEGY,Garamendi,John,CA,Democrat,2000
SIEGY,Houlahan,Chrissy,PA,Democrat,1500
SIEGY,Clark,Katherine,MA,Democrat,1000
SIEGY,Bost,Mike,IL,Republican,1000
SIEGY,Bonamici,Suzanne,OR,Democrat,1000
SIEGY,Panetta,Jimmy,CA,Democrat,1000
SIEGY,Horsford,Steven,NV,Democrat,1000
SIEGY,Langworthy,Nicholas,NY,Republican,1000
SIEGY,Collins,Susan,ME,Republican,1000
SIEGY,Collins,Mike,GA,Republican,1000
SIEGY,Wittman,Robert,VA,Republican,1000
SIEGY,Cornyn,John,TX,Republican,1000
SIEGY,Keating,William,MA,Democrat,1000
SIEGY,Crawford,Eric,AR,Republican,1000
SIEGY,Kim,Young,CA,Republican,1000
SIEGY,Moulton,Seth,MA,Democrat,1000
SIEGY,Aguilar,Pete,CA,Democrat,1000
SIEGY,Gottheimer,Josh,NJ,Democrat,1000
SIEGY,Larsen,Rick,WA,Democrat,1000
SIEGY,Wasserman Schultz,Debbie,FL,Democrat,1000
SIEGY,Cortez Masto,Catherine,NV,Democrat,1000
SIEGY,Kelly,Trent,MS,Republican,1000
SIEGY,Veasey,Marc,TX,Democrat,1000
SIEGY,Golden,Jared,ME,Democrat,-1000
SNY,Clark,Katherine,MA,Democrat,10000
SNY,Guthrie,Brett,KY,Republican,10000
SNY,Joyce,John,PA,Republican,10000
SNY,Smucker,Lloyd,PA,Republican,7500
SNY,Scalise,Steve,LA,Republican,7500
SNY,Peters,Scott,CA,Democrat,7500
SNY,Smith,Jason,MO,Republican,7500
SNY,Barrasso,John,WY,Republican,5000
SNY,McConnell,Mitch,KY,Republican,5000
SNY,Bilirakis,Gus,FL,Republican,5000
SNY,Fleischmann,Charles,TN,Republican,5000
SNY,Johnson,Henry,GA,Democrat,5000
SNY,Johnson,Ron,WI,Republican,5000
SNY,Johnson,Mike,LA,Republican,5000
SNY,Johnson,Dusty,SD,Republican,5000
SNY,Johnson,Julie,TX,Democrat,5000
SNY,Hirono,Mazie,HI,Democrat,5000
SNY,Kelly,Mike,PA,Republican,5000
SNY,Ross,Deborah,NC,Democrat,5000
SNY,Fischer,Deb,NE,Republican,5000
SNY,Collins,Susan,ME,Republican,5000
SNY,Collins,Mike,GA,Republican,5000
SNY,Gottheimer,Josh,NJ,Democrat,5000
SNY,Rosen,Jacky,NV,Democrat,5000
SNY,Houlahan,Chrissy,PA,Democrat,5000
SNY,Watson Coleman,Bonnie,NJ,Democrat,3500
SNY,DeGette,Diana,CO,Democrat,3500
SNY,Miller-Meeks,Mariannette,IA,Republican,3500
SNY,Marshall,Roger,KS,Republican,2500
SNY,Blunt Rochester,Lisa,DE,Democrat,2500
SNY,Curtis,John,UT,Republican,2500
SONY,Kamlager-Dove,Sydney,CA,Democrat,5000
SONY,Johnson,Henry,GA,Democrat,2500
SONY,Johnson,Ron,WI,Republican,2500
SONY,Johnson,Mike,LA,Republican,2500
SONY,Johnson,Dusty,SD,Republican,2500
SONY,Johnson,Julie,TX,Democrat,2500
SONY,Issa,Darrell,CA,Republican,2500
SONY,Obernolte,Jay,CA,Republican,2500
SONY,Armstrong,Alan,OK,Republican,2500
SONY,Lee,Laurel,FL,Republican,2000
SONY,Heinrich,Martin,NM,Democrat,1000
SONY,Cantwell,Maria,WA,Democrat,1000
SPGI,Jeffries,Hakeem,NY,Democrat,5000
SPGI,Collins,Susan,ME,Republican,5000
SPGI,Collins,Mike,GA,Republican,5000
SPGI,Meeks,Gregory,NY,Democrat,5000
SPGI,Menendez,Robert,NJ,Democrat,5000
SPGI,Gottheimer,Josh,NJ,Democrat,5000
SPGI,Scott,Tim,SC,Republican,5000
SPGI,Hagerty,Bill,TN,Republican,5000
SPGI,Wagner,Ann,MO,Republican,4500
SPGI,Thune,John,SD,Republican,3500
SPGI,Huizenga,Bill,MI,Republican,3000
SPGI,Kim,Young,CA,Republican,2500
SPGI,Warner,Mark,VA,Democrat,2500
SPGI,Garbarino,Andrew,NY,Republican,2500
SPGI,Gonzalez,Vicente,TX,Democrat,2500
SPGI,Hirono,Mazie,HI,Democrat,2500
SPGI,Foster,Bill,IL,Democrat,2500
SPGI,Clark,Katherine,MA,Democrat,2500
SPGI,Ross,Deborah,NC,Democrat,2500
SPGI,Heinrich,Martin,NM,Democrat,2500
SPGI,Johnson,Henry,GA,Democrat,2000
SPGI,Johnson,Ron,WI,Republican,2000
SPGI,Johnson,Mike,LA,Republican,2000
SPGI,Johnson,Dusty,SD,Republican,2000
SPGI,Johnson,Julie,TX,Democrat,2000
SPGI,Neguse,Joe,CO,Democrat,1000
SPGI,Cornyn,John,TX,Republican,0
SWK,Hagerty,Bill,TN,Republican,15000
SWK,Smith,Jason,MO,Republican,10000
SWK,Kustoff,David,TN,Republican,10000
SWK,Hinson,Ashley,IA,Republican,10000
SWK,Cuellar,Henry,TX,Democrat,10000
SWK,McClain,Lisa,MI,Republican,7500
SWK,Estes,Ron,KS,Republican,7500
SWK,Dunn,Neal,FL,Republican,5000
SWK,Miller,Max,OH,Republican,5000
SWK,Daines,Steve,MT,Republican,5000
SWK,Stevens,Haley,MI,Democrat,5000
SWK,Clark,Katherine,MA,Democrat,5000
SWK,Moolenaar,John,MI,Republican,4000
SWK,Neal,Richard,MA,Democrat,2500
SWK,Alford,Mark,MO,Republican,2500
SWK,Van Hollen,Chris,MD,Democrat,2500
SWK,Fleischmann,Charles,TN,Republican,2500
SWK,Marshall,Roger,KS,Republican,2500
SWK,Scott,Rick,FL,Republican,1000
SWK,De La Cruz,Mónica,TX,Republican,0
SWK,Hayes,Jahana,CT,Democrat,-1000
SWK,Dingell,Debbie,MI,Democrat,-1000
SWK,Norman,Ralph,SC,Republican,-1500
SWK,Young,Todd,IN,Republican,-2500
T,Scalise,Steve,LA,Republican,90000
T,Johnson,Henry,GA,Democrat,70000
T,Johnson,Ron,WI,Republican,70000
T,Johnson,Mike,LA,Republican,70000
T,Johnson,Dusty,SD,Republican,70000
T,Johnson,Julie,TX,Democrat,70000
T,Aguilar,Pete,CA,Democrat,10000
T,Gottheimer,Josh,NJ,Democrat,10000
T,Wasserman Schultz,Debbie,FL,Democrat,10000
T,Torres,Norma,CA,Democrat,10000
T,Pallone,Frank,NJ,Democrat,10000
T,Gonzalez,Vicente,TX,Democrat,10000
T,Estes,Ron,KS,Republican,10000
T,Neal,Richard,MA,Democrat,10000
T,Smucker,Lloyd,PA,Republican,10000
T,Griffith,H.,VA,Republican,10000
T,Smith,Adam,WA,Democrat,10000
T,Veasey,Marc,TX,Democrat,10000
T,Rogers,Mike,AL,Republican,10000
T,Garbarino,Andrew,NY,Republican,10000
T,Soto,Darren,FL,Democrat,10000
T,Clyburn,James,SC,Democrat,10000
T,Ruiz,Raul,CA,Democrat,10000
T,Calvert,Ken,CA,Republican,10000
T,Panetta,Jimmy,CA,Democrat,10000
T,Craig,Angie,MN,Democrat,10000
T,Clark,Katherine,MA,Democrat,10000
T,Arrington,Jodey,TX,Republican,10000
T,Kustoff,David,TN,Republican,10000
T,Kelly,Robin,IL,Democrat,10000
T,Smith,Adrian,NE,Republican,10000
T,Feenstra,Randy,IA,Republican,10000
TDG,Kiggans,Jennifer,VA,Republican,10000
TDG,Scott,Rick,FL,Republican,10000
TDG,Kim,Young,CA,Republican,10000
TDG,Brown,Shontel,OH,Democrat,10000
TDG,Larsen,Rick,WA,Democrat,10000
TDG,Norcross,Donald,NJ,Democrat,10000
TDG,Smith,Adam,WA,Democrat,10000
TDG,Jackson,Ronny,TX,Republican,5000
TDG,Jackson,Jonathan,IL,Democrat,5000
TDG,Garcia,Robert,CA,Democrat,5000
TDG,Moskowitz,Jared,FL,Democrat,5000
TDG,Padilla,Alejandro,CA,Democrat,5000
TDG,Craig,Angie,MN,Democrat,5000
TDG,Estes,Ron,KS,Republican,5000
TDG,Moulton,Seth,MA,Democrat,5000
TDG,Lieu,Ted,CA,Democrat,5000
TDG,Heinrich,Martin,NM,Democrat,5000
TDG,Sessions,Pete,TX,Republican,5000
TDG,McClain,Lisa,MI,Republican,5000
TDG,Ruiz,Raul,CA,Democrat,5000
TDG,Wittman,Robert,VA,Republican,5000
TDG,Issa,Darrell,CA,Republican,5000
TDG,Warner,Mark,VA,Democrat,5000
TDG,Calvert,Ken,CA,Republican,5000
TDG,Brownley,Julia,CA,Democrat,5000
TDG,Aguilar,Pete,CA,Democrat,5000
TDG,Bacon,Don,NE,Republican,5000
TDG,Kennedy,John,LA,Republican,5000
TDG,Kennedy,Timothy,NY,Democrat,5000
TDG,Kennedy,Mike,UT,Republican,5000
TDG,Mfume,Kweisi,MD,Democrat,5000
TDG,Budd,Ted,NC,Republican,5000
TDG,Bost,Mike,IL,Republican,2500
TDG,Jordan,Jim,OH,Republican,2500
TDG,Balderson,Troy,OH,Republican,2500
TDG,Schrier,Kim,WA,Democrat,0
TDG,Cantwell,Maria,WA,Democrat,0
TMO,Morelle,Joseph,NY,Democrat,10000
TMO,Fitzpatrick,Brian,PA,Republican,10000
TMO,Garbarino,Andrew,NY,Republican,10000
TMO,Mullin,Kevin,CA,Democrat,10000
TMO,Moore,Blake,UT,Republican,10000
TMO,Clark,Katherine,MA,Democrat,10000
TMO,Wittman,Robert,VA,Republican,10000
TMO,Peters,Scott,CA,Democrat,10000
TMO,Neal,Richard,MA,Democrat,7500
TMO,Tillis,Thom,NC,Republican,7500
TMO,Cassidy,Bill,LA,Republican,6000
TMO,Bonamici,Suzanne,OR,Democrat,6000
TMO,Collins,Susan,ME,Republican,5000
TMO,Collins,Mike,GA,Republican,5000
TMO,Ross,Deborah,NC,Democrat,5000
TMO,Moulton,Seth,MA,Democrat,5000
TMO,Higgins,Clay,LA,Republican,5000
TMO,Pallone,Frank,NJ,Democrat,5000
TMO,DeLauro,Rosa,CT,Democrat,2500
TMO,Neguse,Joe,CO,Democrat,1500
TMO,Fleischmann,Charles,TN,Republican,1000
TMO,Budd,Ted,NC,Republican,1000
TMO,Murray,Patty,WA,Democrat,1000
TMO,Raskin,Jamie,MD,Democrat,500
TMUS,Pallone,Frank,NJ,Democrat,15000
TMUS,Joyce,John,PA,Republican,10000
TMUS,Smith,Jason,MO,Republican,10000
TMUS,Smith,Adam,WA,Democrat,10000
TMUS,Jeffries,Hakeem,NY,Democrat,10000
TMUS,DelBene,Suzan,WA,Democrat,10000
TMUS,Strickland,Marilyn,WA,Democrat,9500
TMUS,Pfluger,August,TX,Republican,9500
TMUS,Blunt Rochester,Lisa,DE,Democrat,9500
TMUS,Allen,Rick,GA,Republican,9500
TMUS,Guthrie,Brett,KY,Republican,9500
TMUS,King,Angus,ME,Independent,9000
TMUS,Aguilar,Pete,CA,Democrat,8500
TMUS,Vasquez,Gabriel (Gabe),NM,Democrat,8500
TMUS,Thompson,Bennie,MS,Democrat,8500
TMUS,Thompson,Mike,CA,Democrat,8500
TMUS,Thompson,Glenn,PA,Republican,8500
TMUS,Lee,Susie,NV,Democrat,8500
TMUS,Soto,Darren,FL,Democrat,8000
TMUS,Ruiz,Raul,CA,Democrat,8000
TMUS,Miller-Meeks,Mariannette,IA,Republican,8000
TMUS,Clark,Katherine,MA,Democrat,8000
TMUS,Obernolte,Jay,CA,Republican,7500
TMUS,Ricketts,Pete,NE,Republican,7500
TMUS,Moolenaar,John,MI,Republican,7500
TMUS,Van Duyne,Beth,TX,Republican,7000
TMUS,Ross,Deborah,NC,Democrat,7000
TMUS,McClellan,Jennifer,VA,Democrat,6500
TMUS,Fulcher,Russ,ID,Republican,6500
TMUS,Barrasso,John,WY,Republican,6500
TMUS,Larsen,Rick,WA,Democrat,6500
TMUS,Tillis,Thom,NC,Republican,6500
TMUS,Scalise,Steve,LA,Republican,6500
TMUS,Bilirakis,Gus,FL,Republican,6000
TMUS,Escobar,Veronica,TX,Democrat,6000
TMUS,Walberg,Tim,MI,Republican,6000
TMUS,Veasey,Marc,TX,Democrat,5500
TMUS,Garcia,Sylvia,TX,Democrat,5500
TMUS,Balderson,Troy,OH,Republican,5500
TMUS,Armstrong,Alan,OK,Republican,5500
TMUS,Gomez,Jimmy,CA,Democrat,5500
TT,Fischer,Deb,NE,Republican,2000
TT,Cruz,Ted,TX,Republican,2000
TT,Dunn,Neal,FL,Republican,2000
TT,Van Orden,Derrick,WI,Republican,2000
TT,Adams,Alma,NC,Democrat,2000
TT,Justice,Jim,WV,Republican,2000
TT,Gottheimer,Josh,NJ,Democrat,2000
TT,Baldwin,Tammy,WI,Democrat,2000
TT,Sessions,Pete,TX,Republican,2000
TT,Scott,Rick,FL,Republican,2000
TT,McCollum,Betty,MN,Democrat,2000
TT,Ricketts,Pete,NE,Republican,2000
TT,Moran,Nathaniel,TX,Republican,2000
TT,Clyburn,James,SC,Democrat,2000
TT,Smith,Adrian,NE,Republican,2000
TTD,Gallego,Ruben,AZ,Democrat,100000
TXN,Johnson,Henry,GA,Democrat,10000
TXN,Johnson,Ron,WI,Republican,10000
TXN,Johnson,Mike,LA,Republican,10000
TXN,Johnson,Dusty,SD,Republican,10000
TXN,Johnson,Julie,TX,Democrat,10000
TXN,Sessions,Pete,TX,Republican,3500
TXN,Gill,Brandon,TX,Republican,2500
TXN,Gooden,Lance,TX,Republican,2500
TXN,Goldman,Dan,NY,Democrat,1500
TXN,Goldman,Craig,TX,Republican,1500
TXN,Babin,Brian,TX,Republican,1500
TXN,Jackson,Ronny,TX,Republican,0
TXN,Jackson,Jonathan,IL,Democrat,0
TXN,Carter,John,TX,Republican,-2500
UBSI,Justice,Jim,WV,Republican,18000
UBSI,Craig,Angie,MN,Democrat,10000
UBSI,Pocan,Mark,WI,Democrat,10000
UBSI,Kennedy,John,LA,Republican,10000
UBSI,Kennedy,Timothy,NY,Democrat,10000
UBSI,Kennedy,Mike,UT,Republican,10000
UBSI,Frost,Maxwell,FL,Democrat,10000
UBSI,Frankel,Lois,FL,Democrat,10000
UBSI,Mannion,John,NY,Democrat,10000
UBSI,Baldwin,Tammy,WI,Democrat,10000
UBSI,McBath,Lucy,GA,Democrat,10000
UBSI,Sorensen,Eric,IL,Democrat,10000
UBSI,McGarvey,Morgan,KY,Democrat,10000
UBSI,Underwood,Lauren,IL,Democrat,10000
UBSI,Soto,Darren,FL,Democrat,10000
UBSI,Wasserman Schultz,Debbie,FL,Democrat,10000
UBSI,Schakowsky,Janice,IL,Democrat,10000
UBSI,Scanlon,Mary,PA,Democrat,10000
UBSI,Morelle,Joseph,NY,Democrat,8000
UBSI,Stevens,Haley,MI,Democrat,7500
UNP,Smith,Adrian,NE,Republican,10000
UNP,Carter,Troy,LA,Democrat,10000
UNP,Crawford,Eric,AR,Republican,10000
UNP,Clyburn,James,SC,Democrat,10000
UNP,Ricketts,Pete,NE,Republican,10000
UNP,Barrasso,John,WY,Republican,10000
UNP,Obernolte,Jay,CA,Republican,10000
UNP,Torres,Norma,CA,Democrat,10000
UNP,Valadao,David,CA,Republican,10000
UNP,Westerman,Bruce,AR,Republican,10000
UNP,Stauber,Pete,MN,Republican,10000
UNP,Ciscomani,Juan,AZ,Republican,10000
UNP,Larsen,Rick,WA,Democrat,10000
UNP,Johnson,Henry,GA,Democrat,10000
UNP,Johnson,Ron,WI,Republican,10000
UNP,Johnson,Mike,LA,Republican,10000
UNP,Johnson,Dusty,SD,Republican,10000
UNP,Johnson,Julie,TX,Democrat,10000
UNP,Scott,Rick,FL,Republican,10000
UNP,Smith,Jason,MO,Republican,10000
UNP,Brownley,Julia,CA,Democrat,9500
UNP,Babin,Brian,TX,Republican,9000
UNP,Kiley,Kevin,CA,Independent,9000
UNP,Bost,Mike,IL,Republican,8500
UNP,Strickland,Marilyn,WA,Democrat,8500
UNP,Wagner,Ann,MO,Republican,8500
UNP,Scalise,Steve,LA,Republican,8300
UNP,Flood,Mike,NE,Republican,8000
UNP,Hinson,Ashley,IA,Republican,8000
UNP,Stanton,Greg,AZ,Democrat,8000
UNP,Diaz-Balart,Mario,FL,Republican,8000
UNP,Moore,Blake,UT,Republican,8000
UNP,Quigley,Mike,IL,Democrat,8000
UPS,Gonzalez,Vicente,TX,Democrat,12500
UPS,Curtis,John,UT,Republican,12500
UPS,Jordan,Jim,OH,Republican,10000
UPS,Figures,Shomari,AL,Democrat,10000
UPS,Hinson,Ashley,IA,Republican,10000
UPS,McCormick,Rich,GA,Republican,10000
UPS,McCormick,Dave,PA,Republican,10000
UPS,Fitzpatrick,Brian,PA,Republican,10000
UPS,Ricketts,Pete,NE,Republican,10000
UPS,Thompson,Bennie,MS,Democrat,10000
UPS,Thompson,Mike,CA,Democrat,10000
UPS,Thompson,Glenn,PA,Republican,10000
UPS,Bost,Mike,IL,Republican,10000
UPS,Westerman,Bruce,AR,Republican,10000
UPS,Smith,Jason,MO,Republican,10000
UPS,Neal,Richard,MA,Democrat,10000
UPS,Torres,Norma,CA,Democrat,10000
UPS,DelBene,Suzan,WA,Democrat,10000
UPS,Meeks,Gregory,NY,Democrat,10000
UPS,Jeffries,Hakeem,NY,Democrat,10000
UPS,Aguilar,Pete,CA,Democrat,10000
UPS,Balderson,Troy,OH,Republican,10000
UPS,Valadao,David,CA,Republican,10000
UPS,Clark,Katherine,MA,Democrat,10000
USB,Huffman,Jared,CA,Democrat,3000
USB,Kennedy,John,LA,Republican,2500
USB,Kennedy,Timothy,NY,Democrat,2500
USB,Kennedy,Mike,UT,Republican,2500
V,Kim,Young,CA,Republican,10000
V,Jeffries,Hakeem,NY,Democrat,10000
V,Blunt Rochester,Lisa,DE,Democrat,10000
V,Meeks,Gregory,NY,Democrat,10000
V,Garbarino,Andrew,NY,Republican,9500
V,Huizenga,Bill,MI,Republican,7500
V,Scalise,Steve,LA,Republican,7500
V,Neal,Richard,MA,Democrat,7500
V,Panetta,Jimmy,CA,Democrat,7000
V,Fitzgerald,Scott,WI,Republican,7000
V,Guthrie,Brett,KY,Republican,6000
V,Schneider,Bradley,IL,Democrat,6000
V,Sewell,Terri,AL,Democrat,6000
V,Aguilar,Pete,CA,Democrat,6000
V,Estes,Ron,KS,Republican,5500
V,Kustoff,David,TN,Republican,5500
V,Heinrich,Martin,NM,Democrat,5500
V,Adams,Alma,NC,Democrat,5000
V,Scanlon,Mary,PA,Democrat,5000
V,Gottheimer,Josh,NJ,Democrat,5000
V,Cuellar,Henry,TX,Democrat,5000
V,Loudermilk,Barry,GA,Republican,5000
VLO,Scalise,Steve,LA,Republican,110000
VLO,Johnson,Henry,GA,Democrat,60000
VLO,Johnson,Ron,WI,Republican,60000
VLO,Johnson,Mike,LA,Republican,60000
VLO,Johnson,Dusty,SD,Republican,60000
VLO,Johnson,Julie,TX,Democrat,60000
VLO,McConnell,Mitch,KY,Republican,45000
VLO,Pfluger,August,TX,Republican,27500
VLO,Goldman,Dan,NY,Democrat,10000
VLO,Goldman,Craig,TX,Republican,10000
VLO,Donalds,Byron,FL,Republican,10000
VLO,Arrington,Jodey,TX,Republican,10000
VLO,Joyce,John,PA,Republican,10000
VLO,Smith,Jason,MO,Republican,10000
VLO,Feenstra,Randy,IA,Republican,10000
VLO,Griffith,H.,VA,Republican,10000
VLO,Luttrell,Morgan,TX,Republican,10000
VLO,Miller-Meeks,Mariannette,IA,Republican,10000
VLO,Stauber,Pete,MN,Republican,10000
VLO,Ellzey,Jake,TX,Republican,10000
VLO,Jackson,Ronny,TX,Republican,10000
VLO,Jackson,Jonathan,IL,Democrat,10000
VLO,Westerman,Bruce,AR,Republican,10000
VLO,Walberg,Tim,MI,Republican,10000
VLO,Barrasso,John,WY,Republican,7500
VLO,Hinson,Ashley,IA,Republican,7500
VLO,Finstad,Brad,MN,Republican,5000
VLO,Moreno,Bernie,OH,Republican,5000
VLO,Justice,Jim,WV,Republican,5000
VLO,Cuellar,Henry,TX,Democrat,5000
VLO,Smith,Adrian,NE,Republican,5000
VLO,Fischer,Deb,NE,Republican,5000
VLO,Sheehy,Tim,MT,Republican,5000
VLO,Thompson,Bennie,MS,Democrat,5000
VLO,Thompson,Mike,CA,Democrat,5000
VLO,Thompson,Glenn,PA,Republican,5000
VLO,McClain,Lisa,MI,Republican,5000
VMC,Strong,Dale,AL,Republican,10000
VMC,Aderholt,Robert,AL,Republican,10000
VMC,Palmer,Gary,AL,Republican,10000
VMC,Sewell,Terri,AL,Democrat,10000
VMC,Hagerty,Bill,TN,Republican,7500
VMC,Carbajal,Salud,CA,Democrat,7500
VMC,Rutherford,John,FL,Republican,7500
VMC,Pfluger,August,TX,Republican,6000
VMC,Rogers,Mike,AL,Republican,5000
VMC,Scalise,Steve,LA,Republican,5000
VMC,Gonzalez,Vicente,TX,Democrat,5000
VMC,Van Duyne,Beth,TX,Republican,5000
VMC,Aguilar,Pete,CA,Democrat,5000
VMC,Mace,Nancy,SC,Republican,5000
VMC,Clyburn,James,SC,Democrat,5000
VMC,Fleischmann,Charles,TN,Republican,5000
VMC,Stanton,Greg,AZ,Democrat,5000
VMC,Barrasso,John,WY,Republican,5000
VMC,Tuberville,Tommy,AL,Republican,5000
VMC,Ellzey,Jake,TX,Republican,5000
VMC,Costa,Jim,CA,Democrat,3500
VMC,Collins,Susan,ME,Republican,3500
VMC,Collins,Mike,GA,Republican,3500
VMC,Diaz-Balart,Mario,FL,Republican,3500
VMC,Crawford,Eric,AR,Republican,2500
VMC,Cassidy,Bill,LA,Republican,2500
VMC,Westerman,Bruce,AR,Republican,2500
VMC,Luttrell,Morgan,TX,Republican,2500
VMC,Ciscomani,Juan,AZ,Republican,2500
VMC,Panetta,Jimmy,CA,Democrat,2500
VMC,Guthrie,Brett,KY,Republican,2500
VMC,McGuire,John,VA,Republican,2000
VMC,Padilla,Alejandro,CA,Democrat,2000
VMC,Smith,Adrian,NE,Republican,1500
VMC,Bean,Aaron,FL,Republican,1500
VRTX,Bilirakis,Gus,FL,Republican,8500
VRTX,Guthrie,Brett,KY,Republican,8000
VRTX,Peters,Scott,CA,Democrat,6500
VRTX,Shaheen,Jeanne,NH,Democrat,6000
VRTX,Tillis,Thom,NC,Republican,5000
VRTX,Cassidy,Bill,LA,Republican,5000
VRTX,Clark,Katherine,MA,Democrat,5000
VRTX,Miller-Meeks,Mariannette,IA,Republican,5000
VRTX,Neal,Richard,MA,Democrat,5000
VRTX,Barrasso,John,WY,Republican,3000
VRTX,Schneider,Bradley,IL,Democrat,2500
VRTX,Scott,Tim,SC,Republican,2500
VRTX,Aguilar,Pete,CA,Democrat,2500
VRTX,Blunt Rochester,Lisa,DE,Democrat,2500
VRTX,Trahan,Lori,MA,Democrat,2500
VRTX,Kelly,Robin,IL,Democrat,2500
VRTX,Murray,Patty,WA,Democrat,2500
VRTX,Hirono,Mazie,HI,Democrat,2000
VRTX,Balderson,Troy,OH,Republican,2000
VRTX,Warner,Mark,VA,Democrat,2000
VRTX,DelBene,Suzan,WA,Democrat,2000
VRTX,Panetta,Jimmy,CA,Democrat,2000
VRTX,Curtis,John,UT,Republican,2000
VRTX,Plaskett,Stacey,VI,Democrat,2000
VRTX,Lynch,Stephen,MA,Democrat,1500
VRTX,DeGette,Diana,CO,Democrat,1500
VRTX,Sewell,Terri,AL,Democrat,1500
VRTX,Lee,Laurel,FL,Republican,1000
VRTX,Moore,Blake,UT,Republican,1000
VRTX,Lankford,James,OK,Republican,1000
VRTX,James,John,MI,Republican,1000
VRTX,Collins,Susan,ME,Republican,1000
VRTX,Collins,Mike,GA,Republican,1000
VRTX,Cornyn,John,TX,Republican,1000
VRTX,Letlow,Julia,LA,Republican,1000
VRTX,Huizenga,Bill,MI,Republican,150
VRTX,McDonald Rivet,Kristen,MI,Democrat,150
VTRS,Arrington,Jodey,TX,Republican,10000
VTRS,Tillis,Thom,NC,Republican,10000
VTRS,Miller-Meeks,Mariannette,IA,Republican,10000
VTRS,Blunt Rochester,Lisa,DE,Democrat,7500
VTRS,Pallone,Frank,NJ,Democrat,7500
VTRS,Guthrie,Brett,KY,Republican,5000
VTRS,Cassidy,Bill,LA,Republican,5000
VTRS,Joyce,John,PA,Republican,5000
VTRS,DeGette,Diana,CO,Democrat,5000
VTRS,Aguilar,Pete,CA,Democrat,5000
VTRS,Paul,Rand,KY,Republican,5000
VTRS,Craig,Angie,MN,Democrat,5000
VTRS,Dunn,Neal,FL,Republican,5000
VTRS,Barrasso,John,WY,Republican,5000
VTRS,Issa,Darrell,CA,Republican,2500
VTRS,Fletcher,Lizzie,TX,Democrat,2500
VTRS,Cuellar,Henry,TX,Democrat,2500
VTRS,Murray,Patty,WA,Democrat,2500
VTRS,Smith,Jason,MO,Republican,2500
VTRS,Bentz,Cliff,OR,Republican,2500
VTRS,McConnell,Mitch,KY,Republican,2500
VTRS,McCormick,Rich,GA,Republican,2500
VTRS,McCormick,Dave,PA,Republican,2500
VTRS,Balderson,Troy,OH,Republican,2000
VTRS,Langworthy,Nicholas,NY,Republican,1500
VTRS,Dingell,Debbie,MI,Democrat,1500
VTRS,Lee,Laurel,FL,Republican,1500
VTRS,Menendez,Robert,NJ,Democrat,1000
VTRS,Jordan,Jim,OH,Republican,1000
VTRS,Gonzalez,Vicente,TX,Democrat,750
VTRS,Franklin,C.,FL,Republican,500
VZ,Smith,Jason,MO,Republican,10000
VZ,DelBene,Suzan,WA,Democrat,10000
VZ,Pallone,Frank,NJ,Democrat,10000
VZ,Neal,Richard,MA,Democrat,10000
VZ,Jeffries,Hakeem,NY,Democrat,10000
VZ,Gottheimer,Josh,NJ,Democrat,10000
VZ,Scalise,Steve,LA,Republican,10000
VZ,Aguilar,Pete,CA,Democrat,10000
VZ,Larsen,Rick,WA,Democrat,10000
VZ,Walberg,Tim,MI,Republican,9000
VZ,Ricketts,Pete,NE,Republican,9000
VZ,Guthrie,Brett,KY,Republican,9000
VZ,Bilirakis,Gus,FL,Republican,9000
VZ,Smith,Adrian,NE,Republican,9000
VZ,Fischer,Deb,NE,Republican,9000
VZ,Allen,Rick,GA,Republican,8500
VZ,DeLauro,Rosa,CT,Democrat,8000
VZ,McClain,Lisa,MI,Republican,8000
VZ,Peters,Scott,CA,Democrat,8000
VZ,Clark,Katherine,MA,Democrat,8000
VZ,Heinrich,Martin,NM,Democrat,8000
VZ,Moore,Blake,UT,Republican,8000
VZ,Ciscomani,Juan,AZ,Republican,8000
VZ,Estes,Ron,KS,Republican,8000
VZ,Horsford,Steven,NV,Democrat,7500
VZ,Smith,Adam,WA,Democrat,7500
VZ,Arrington,Jodey,TX,Republican,7500
VZ,Palmer,Gary,AL,Republican,7000
VZ,Ruiz,Raul,CA,Democrat,7000
WAL,Barrasso,John,WY,Republican,7500
WAL,Horsford,Steven,NV,Democrat,5000
WAL,Jeffries,Hakeem,NY,Democrat,5000
WAL,Davidson,Warren,OH,Republican,5000
WAL,Scott,Tim,SC,Republican,5000
WAL,Foster,Bill,IL,Democrat,5000
WAL,Sherman,Brad,CA,Democrat,3500
WAL,Cleaver,Emanuel,MO,Democrat,3500
WAL,Wagner,Ann,MO,Republican,3500
WAL,Meeks,Gregory,NY,Democrat,3500
WAL,Lynch,Stephen,MA,Democrat,3500
WAL,Schweikert,David,AZ,Republican,3500
WAL,Williams,Roger,TX,Republican,3500
WAL,Williams,Nikema,GA,Democrat,3500
WAL,Huizenga,Bill,MI,Republican,3500
WAL,Scalise,Steve,LA,Republican,3000
WAL,Johnson,Henry,GA,Democrat,2500
WAL,Johnson,Ron,WI,Republican,2500
WAL,Johnson,Mike,LA,Republican,2500
WAL,Johnson,Dusty,SD,Republican,2500
WAL,Johnson,Julie,TX,Democrat,2500
WAL,Gottheimer,Josh,NJ,Democrat,2000
WAL,Pettersen,Brittany,CO,Democrat,2000
WAL,Flood,Mike,NE,Republican,2000
WAL,Stanton,Greg,AZ,Democrat,2000
WAL,Fitzgerald,Scott,WI,Republican,2000
WAL,Ciscomani,Juan,AZ,Republican,2000
WAL,Van Duyne,Beth,TX,Republican,2000
WAL,Peters,Scott,CA,Democrat,2000
WAL,Thompson,Bennie,MS,Democrat,2000
WAL,Thompson,Mike,CA,Democrat,2000
WAL,Thompson,Glenn,PA,Republican,2000
WAL,Chu,Judy,CA,Democrat,2000
WAL,Arrington,Jodey,TX,Republican,2000
WAL,Torres,Norma,CA,Democrat,2000
WAL,Valadao,David,CA,Republican,2000
WAL,Calvert,Ken,CA,Republican,2000
WAL,Kim,Young,CA,Republican,2000
WAL,Neal,Richard,MA,Democrat,2000
WAL,Garcia,Sylvia,TX,Democrat,2000
WAL,DelBene,Suzan,WA,Democrat,2000
WAL,Donalds,Byron,FL,Republican,2000
WAL,Quigley,Mike,IL,Democrat,2000
WAL,Panetta,Jimmy,CA,Democrat,2000
WAL,Lee,Susie,NV,Democrat,2000
WCN,Fitzpatrick,Brian,PA,Republican,10000
WCN,Espaillat,Adriano,NY,Democrat,5500
WCN,Meeks,Gregory,NY,Democrat,5000
WCN,Aguilar,Pete,CA,Democrat,5000
WCN,Morelle,Joseph,NY,Democrat,4000
WCN,Horsford,Steven,NV,Democrat,4000
WCN,Thompson,Bennie,MS,Democrat,4000
WCN,Thompson,Mike,CA,Democrat,4000
WCN,Thompson,Glenn,PA,Republican,4000
WCN,Jeffries,Hakeem,NY,Democrat,4000
WCN,Blunt Rochester,Lisa,DE,Democrat,3500
WCN,McIver,LaMonica,NJ,Democrat,3500
WCN,Ciscomani,Juan,AZ,Republican,3000
WCN,Thune,John,SD,Republican,3000
WCN,Kennedy,John,LA,Republican,3000
WCN,Kennedy,Timothy,NY,Democrat,3000
WCN,Kennedy,Mike,UT,Republican,3000
WCN,Crenshaw,Dan,TX,Republican,3000
WCN,Smith,Jason,MO,Republican,2500
WCN,Johnson,Henry,GA,Democrat,2500
WCN,Johnson,Ron,WI,Republican,2500
WCN,Johnson,Mike,LA,Republican,2500
WCN,Johnson,Dusty,SD,Republican,2500
WCN,Johnson,Julie,TX,Democrat,2500
WCN,Kustoff,David,TN,Republican,2500
WCN,Grassley,Charles,IA,Republican,2000
WCN,Jackson,Ronny,TX,Republican,2000
WCN,Jackson,Jonathan,IL,Democrat,2000
WCN,Scalise,Steve,LA,Republican,2000
WFC,Flood,Mike,NE,Republican,7000
WFC,Barrasso,John,WY,Republican,5000
WFC,Schmitt,Eric,MO,Republican,5000
WFC,Kim,Young,CA,Republican,4500
WFC,Grassley,Charles,IA,Republican,4000
WFC,Foster,Bill,IL,Democrat,3500
WM,Fitzpatrick,Brian,PA,Republican,10000
WM,Espaillat,Adriano,NY,Democrat,5500
WM,Meeks,Gregory,NY,Democrat,5000
WM,Aguilar,Pete,CA,Democrat,5000
WM,Morelle,Joseph,NY,Democrat,4000
WM,Horsford,Steven,NV,Democrat,4000
WM,Thompson,Bennie,MS,Democrat,4000
WM,Thompson,Mike,CA,Democrat,4000
WM,Thompson,Glenn,PA,Republican,4000
WM,Jeffries,Hakeem,NY,Democrat,4000
WM,Blunt Rochester,Lisa,DE,Democrat,3500
WM,McIver,LaMonica,NJ,Democrat,3500
WM,Ciscomani,Juan,AZ,Republican,3000
WM,Thune,John,SD,Republican,3000
WM,Kennedy,John,LA,Republican,3000
WM,Kennedy,Timothy,NY,Democrat,3000
WM,Kennedy,Mike,UT,Republican,3000
WM,Crenshaw,Dan,TX,Republican,3000
WM,Smith,Jason,MO,Republican,2500
WM,Johnson,Henry,GA,Democrat,2500
WM,Johnson,Ron,WI,Republican,2500
WM,Johnson,Mike,LA,Republican,2500
WM,Johnson,Dusty,SD,Republican,2500
WM,Johnson,Julie,TX,Democrat,2500
WM,Kustoff,David,TN,Republican,2500
WM,Grassley,Charles,IA,Republican,2000
WM,Jackson,Ronny,TX,Republican,2000
WM,Jackson,Jonathan,IL,Democrat,2000
WM,Scalise,Steve,LA,Republican,2000
WST,Kennedy,John,LA,Republican,10000
WST,Kennedy,Timothy,NY,Democrat,10000
WST,Kennedy,Mike,UT,Republican,10000
WST,Jackson,Ronny,TX,Republican,10000
WST,Jackson,Jonathan,IL,Democrat,10000
WST,Gallego,Ruben,AZ,Democrat,6000
WST,Grijalva,Adelita,AZ,Democrat,2000
WST,Keating,William,MA,Democrat,1180
WST,Marshall,Roger,KS,Republican,1100
XOM,Pfluger,August,TX,Republican,10000
XOM,Fletcher,Lizzie,TX,Democrat,10000
XOM,Crenshaw,Dan,TX,Republican,10000
XOM,Veasey,Marc,TX,Democrat,10000
XOM,Gonzalez,Vicente,TX,Democrat,10000
XOM,Garcia,Sylvia,TX,Democrat,10000
XOM,Guthrie,Brett,KY,Republican,10000
XOM,Scalise,Steve,LA,Republican,10000
XOM,Westerman,Bruce,AR,Republican,9500
XOM,Sewell,Terri,AL,Democrat,7500
XOM,Aguilar,Pete,CA,Democrat,7500
XOM,Thompson,Bennie,MS,Democrat,6500
XOM,Thompson,Mike,CA,Democrat,6500
XOM,Thompson,Glenn,PA,Republican,6500
XOM,Costa,Jim,CA,Democrat,5000
XOM,Lankford,James,OK,Republican,5000
XOM,McConnell,Mitch,KY,Republican,5000
XOM,Johnson,Henry,GA,Democrat,5000
XOM,Johnson,Ron,WI,Republican,5000
XOM,Johnson,Mike,LA,Republican,5000
XOM,Johnson,Dusty,SD,Republican,5000
XOM,Johnson,Julie,TX,Democrat,5000
XOM,Fitzpatrick,Brian,PA,Republican,5000
XOM,Barrasso,John,WY,Republican,5000
XOM,Fischer,Deb,NE,Republican,5000
XOM,Meeks,Gregory,NY,Democrat,5000
XOM,Smith,Jason,MO,Republican,5000
XOM,Babin,Brian,TX,Republican,5000
XOM,Kelly,Mike,PA,Republican,5000
XOM,Horsford,Steven,NV,Democrat,5000
XOM,Clyburn,James,SC,Democrat,5000
XOM,Larsen,Rick,WA,Democrat,5000
XOM,Armstrong,Alan,OK,Republican,5000
XOM,Bacon,Don,NE,Republican,5000
XOM,Miller-Meeks,Mariannette,IA,Republican,5000
XOM,Schneider,Bradley,IL,Democrat,5000
XOM,Cuellar,Henry,TX,Democrat,5000
XOM,Obernolte,Jay,CA,Republican,4500
XOM,Stauber,Pete,MN,Republican,4500
XOM,Hagerty,Bill,TN,Republican,3500
XOM,Hinson,Ashley,IA,Republican,3500
XOM,Cornyn,John,TX,Republican,2750
XOM,Huizenga,Bill,MI,Republican,2500
XOM,Marshall,Roger,KS,Republican,2500
Z,Lee,Mike,UT,Republican,5000
Z,Tillis,Thom,NC,Republican,5000
Z,Fitzgerald,Scott,WI,Republican,4000
Z,Kennedy,John,LA,Republican,3800
Z,Kennedy,Timothy,NY,Democrat,3800
Z,Kennedy,Mike,UT,Republican,3800
Z,Horsford,Steven,NV,Democrat,3500
Z,Strickland,Marilyn,WA,Democrat,2500
Z,Garbarino,Andrew,NY,Republican,2000
Z,Wagner,Ann,MO,Republican,2000
Z,Blunt Rochester,Lisa,DE,Democrat,2000
Z,Flood,Mike,NE,Republican,2000
Z,Houchin,Erin,IN,Republican,2000
Z,Jackson,Ronny,TX,Republican,1000
Z,Jackson,Jonathan,IL,Democrat,1000
Z,Warner,Mark,VA,Democrat,1000
Z,Kim,Young,CA,Republican,1000
Z,Armstrong,Alan,OK,Republican,1000
Z,Thune,John,SD,Republican,1000
Z,Pettersen,Brittany,CO,Democrat,1000
Z,Huffman,Jared,CA,Democrat,1000
Z,Schmidt,Derek,KS,Republican,500
ZTS,Johnson,Henry,GA,Democrat,5000
ZTS,Johnson,Ron,WI,Republican,5000
ZTS,Johnson,Mike,LA,Republican,5000
ZTS,Johnson,Dusty,SD,Republican,5000
ZTS,Johnson,Julie,TX,Democrat,5000
ZTS,Craig,Angie,MN,Democrat,5000
ZTS,Jeffries,Hakeem,NY,Democrat,5000
ZTS,Fischer,Deb,NE,Republican,5000
ZTS,Neal,Richard,MA,Democrat,2500
ZTS,Smith,Jason,MO,Republican,2500
ZTS,Bacon,Don,NE,Republican,2500
ZTS,Valadao,David,CA,Republican,2500
ZTS,Horsford,Steven,NV,Democrat,2500
ZTS,Houlahan,Chrissy,PA,Democrat,2500
ZTS,Clark,Katherine,MA,Democrat,2500
ZTS,Larsen,Rick,WA,Democrat,2500
ZTS,Heinrich,Martin,NM,Democrat,2500
ZTS,Flood,Mike,NE,Republican,2500
ZTS,Budd,Ted,NC,Republican,2500
ZTS,Feenstra,Randy,IA,Republican,2500
ZTS,Smith,Adrian,NE,Republican,2500
ZTS,Panetta,Jimmy,CA,Democrat,2500
ZTS,Sessions,Pete,TX,Republican,2500
ZTS,Thompson,Bennie,MS,Democrat,2500
ZTS,Thompson,Mike,CA,Democrat,2500
ZTS,Thompson,Glenn,PA,Republican,2500
ZTS,DeLauro,Rosa,CT,Democrat,2500
ZTS,Neguse,Joe,CO,Democrat,2500
ZTS,Bishop,Sanford,GA,Democrat,2500
ZTS,Ricketts,Pete,NE,Republican,2500
ZTS,Ross,Deborah,NC,Democrat,2500
ZTS,Finstad,Brad,MN,Republican,2500
ZTS,Guthrie,Brett,KY,Republican,2500
ZTS,Boozman,John,AR,Republican,2500
ZTS,Hinson,Ashley,IA,Republican,2500
ZTS,Pallone,Frank,NJ,Democrat,2500
ZTS,Huizenga,Bill,MI,Republican,2500
ZTS,Tillis,Thom,NC,Republican,2500
ZTS,Fetterman,John,PA,Democrat,2500
ZTS,Grassley,Charles,IA,Republican,2500
ZTS,Schumer,Charles,NY,Democrat,2500
ZTS,Scalise,Steve,LA,Republican,2500
ZTS,Costa,Jim,CA,Democrat,2000
ZTS,Foushee,Valerie,NC,Democrat,0
ZTS,Baldwin,Tammy,WI,Democrat,-1500
