party,member,chamber,ticker,type,transaction_date,filing_date,owner,amount,lag_days
R,John Boozman,Senate,SCHP,S,2026-05-13,2026-06-16,Joint,"$1,001 - $15,000",34
R,John Boozman,Senate,JMBS,S,2026-05-13,2026-06-16,Joint,"$1,001 - $15,000",34
R,John Boozman,Senate,CMBS,S,2026-05-13,2026-06-16,Joint,"$1,001 - $15,000",34
R,John Boozman,Senate,IEI,S,2026-05-13,2026-06-16,Joint,"$50,001 - $100,000",34
R,John Boozman,Senate,MBB,S,2026-05-13,2026-06-16,Joint,"$1,001 - $15,000",34
R,John Boozman,Senate,ECL,S,2026-05-15,2026-06-16,Joint,"$1,001 - $15,000",32
R,John Boozman,Senate,ACN,S,2026-05-15,2026-06-16,Joint,"$1,001 - $15,000",32
R,John Boozman,Senate,PLTR,P,2026-05-15,2026-06-16,Joint,"$1,001 - $15,000",32
R,John Boozman,Senate,GIGB,P,2026-05-13,2026-06-16,Joint,"$1,001 - $15,000",34
R,John Boozman,Senate,XFIV,P,2026-05-13,2026-06-16,Joint,"$50,001 - $100,000",34
R,John Boozman,Senate,ALB,P,2026-05-15,2026-06-16,Joint,"$1,001 - $15,000",32
D,Gary C Peters,Senate,KHC,P,2026-05-21,2026-06-11,Self,"$1,001 - $15,000",21
D,Sheldon Whitehouse,Senate,ORCL,S,2026-05-07,2026-06-02,Self,"$15,001 - $50,000",26
D,Sheldon Whitehouse,Senate,NVDA,S,2026-05-08,2026-06-02,Self,"$100,001 - $250,000",25
R,Bernie Moreno,Senate,ETOR,S,2026-05-06,2026-05-22,Self,"$100,001 - $250,000",16
R,John Boozman,Senate,SCHP,P,2025-09-16,2026-05-11,Joint,"$1,001 - $15,000",237
R,John Boozman,Senate,IEF,P,2025-09-16,2026-05-11,Joint,"$15,001 - $50,000",237
R,John Boozman,Senate,SHY,P,2025-09-16,2026-05-11,Joint,"$1,001 - $15,000",237
R,John Boozman,Senate,IEI,P,2025-09-16,2026-05-11,Joint,"$15,001 - $50,000",237
R,John Boozman,Senate,ETN,P,2025-09-12,2026-05-11,Joint,"$1,001 - $15,000",241
R,John Boozman,Senate,GOOGL,P,2025-09-17,2026-05-11,Joint,"$1,001 - $15,000",236
R,John Boozman,Senate,ADBE,P,2025-09-04,2026-05-11,Joint,"$1,001 - $15,000",249
D,Gary C Peters,Senate,CTVA,S,2026-04-23,2026-05-11,Self,"$15,001 - $50,000",18
D,Tina Smith,Senate,PODD,S,2026-05-07,2026-05-10,Spouse,"$100,001 - $250,000",3
D,Tina Smith,Senate,DXCM,S,2026-05-07,2026-05-10,Spouse,"$100,001 - $250,000",3
D,Tina Smith,Senate,PODD,S,2026-04-29,2026-05-10,Spouse,"$100,001 - $250,000",11
D,Tina Smith,Senate,DXCM,S,2026-04-29,2026-05-10,Spouse,"$100,001 - $250,000",11
R,John Boozman,Senate,TBLL,S,2026-04-02,2026-05-08,Joint,"$1,001 - $15,000",36
R,John Boozman,Senate,DVN,P,2026-04-09,2026-05-08,Joint,"$1,001 - $15,000",29
R,John Boozman,Senate,CEG,P,2026-04-02,2026-05-08,Joint,"$1,001 - $15,000",36
R,Shelley M Capito,Senate,CEG,S,2026-04-17,2026-05-07,Spouse,"$1,001 - $15,000",20
R,Shelley M Capito,Senate,AAPL,S,2026-04-17,2026-05-07,Spouse,"$1,001 - $15,000",20
R,Shelley M Capito,Senate,AVGO,S,2026-04-13,2026-05-07,Spouse,"$1,001 - $15,000",24
D,John W Hickenlooper,Senate,LBRDK,S,2025-05-19,2026-05-05,Spouse,"$500,001 - $1,000,000",351
D,John W Hickenlooper,Senate,PLTR,S,2025-06-03,2026-05-05,Child,"$1,001 - $15,000",336
D,John W Hickenlooper,Senate,PLTR,S,2025-04-16,2026-05-05,Child,"$1,001 - $15,000",384
D,Sheldon Whitehouse,Senate,JPM,S,2026-04-13,2026-05-04,Self,"$15,001 - $50,000",21
R,James Banks,Senate,SBUX,S,2026-04-15,2026-04-20,Self,"$1,001 - $15,000",5
R,John Boozman,Senate,TPYP,S,2026-03-20,2026-04-14,Joint,"$1,001 - $15,000",25
R,John Boozman,Senate,JNJ,S,2026-03-19,2026-04-14,Joint,"$1,001 - $15,000",26
R,John Boozman,Senate,BBEU,S,2026-03-19,2026-04-14,Joint,"$15,001 - $50,000",26
R,John Boozman,Senate,VEA,P,2026-03-19,2026-04-14,Joint,"$1,001 - $15,000",26
R,John Boozman,Senate,SPYM,P,2026-03-20,2026-04-14,Joint,"$1,001 - $15,000",25
R,John Boozman,Senate,NVDA,P,2026-03-19,2026-04-14,Joint,"$1,001 - $15,000",26
R,John Boozman,Senate,MSFT,P,2026-03-05,2026-04-14,Joint,"$1,001 - $15,000",40
R,John Boozman,Senate,FTGC,P,2026-03-19,2026-04-14,Joint,"$1,001 - $15,000",26
R,John Boozman,Senate,ARES,P,2026-03-13,2026-04-14,Joint,"$1,001 - $15,000",32
R,Shelley M Capito,Senate,MA,P,2026-03-28,2026-04-12,Spouse,"$1,001 - $15,000",15
D,Sheldon Whitehouse,Senate,PEP,S,2026-03-30,2026-04-08,Spouse,"$1,001 - $15,000",9
R,Shelley M Capito,Senate,PNC,P,2026-03-12,2026-04-04,Spouse,"$1,001 - $15,000",23
R,Shelley M Capito,Senate,FDS,S,2026-03-31,2026-04-04,Spouse,"$1,001 - $15,000",4
R,Shelley M Capito,Senate,FDS,S,2026-03-26,2026-04-04,Spouse,"$1,001 - $15,000",9
R,Shelley M Capito,Senate,FDS,S,2026-03-25,2026-04-04,Spouse,"$1,001 - $15,000",10
R,Shelley M Capito,Senate,AXP,P,2026-03-11,2026-04-04,Spouse,"$1,001 - $15,000",24
D,John Fetterman,Senate,T,S,2026-03-27,2026-04-03,Child,"$1,001 - $15,000",7
D,John Fetterman,Senate,MSFT,P,2026-03-27,2026-04-03,Child,"$1,001 - $15,000",7
D,John Fetterman,Senate,ERIE,P,2026-03-27,2026-04-03,Child,"$1,001 - $15,000",7
D,John Fetterman,Senate,MU,P,2026-03-30,2026-04-03,Child,"$1,001 - $15,000",4
D,John Fetterman,Senate,MSFT,P,2026-03-30,2026-04-03,Child,"$1,001 - $15,000",4
D,John Fetterman,Senate,ERIE,P,2026-03-30,2026-04-03,Child,"$1,001 - $15,000",4
D,John Fetterman,Senate,GOOG,P,2026-03-30,2026-04-03,Child,"$1,001 - $15,000",4
D,John Fetterman,Senate,AMZN,P,2026-03-30,2026-04-03,Child,"$1,001 - $15,000",4
D,Tina Smith,Senate,MMM,S,2026-03-31,2026-04-02,Spouse,"$50,001 - $100,000",2
D,Tina Smith,Senate,BRK.B,S,2026-03-31,2026-04-02,Spouse,"$100,001 - $250,000",2
?,"Angus S King, Jr.",Senate,UBER,S,2026-02-13,2026-03-24,Spouse,"$1,001 - $15,000",39
?,"Angus S King, Jr.",Senate,PYPL,S,2026-02-13,2026-03-24,Spouse,"$1,001 - $15,000",39
?,"Angus S King, Jr.",Senate,ONON,S,2026-02-13,2026-03-24,Spouse,"$1,001 - $15,000",39
?,"Angus S King, Jr.",Senate,NFLX,S,2026-02-13,2026-03-24,Spouse,"$1,001 - $15,000",39
?,"Angus S King, Jr.",Senate,MSFT,S,2026-02-13,2026-03-24,Spouse,"$1,001 - $15,000",39
?,"Angus S King, Jr.",Senate,META,S,2026-02-13,2026-03-24,Spouse,"$1,001 - $15,000",39
?,"Angus S King, Jr.",Senate,LLY,S,2026-02-13,2026-03-24,Spouse,"$1,001 - $15,000",39
?,"Angus S King, Jr.",Senate,BX,S,2026-02-13,2026-03-24,Spouse,"$1,001 - $15,000",39
?,"Angus S King, Jr.",Senate,ADSK,S,2026-02-13,2026-03-24,Spouse,"$1,001 - $15,000",39
?,"A. Mitchell McConnell, Jr.",Senate,WFC,P,2026-03-01,2026-03-19,Spouse,"$1,001 - $15,000",18
R,Markwayne Mullin,Senate,UNH,P,2026-02-25,2026-03-10,Joint,"$50,001 - $100,000",13
R,Markwayne Mullin,Senate,AZO,S,2026-02-25,2026-03-10,Joint,"$50,001 - $100,000",13
R,Markwayne Mullin,Senate,INTU,S,2026-02-25,2026-03-10,Joint,"$15,001 - $50,000",13
R,John Boozman,Senate,UNP,S,2026-02-19,2026-03-06,Joint,"$1,001 - $15,000",15
R,John Boozman,Senate,PG,S,2026-02-26,2026-03-06,Joint,"$1,001 - $15,000",8
R,John Boozman,Senate,JMBS,S,2026-02-06,2026-03-06,Joint,"$1,001 - $15,000",28
R,John Boozman,Senate,SHY,S,2026-02-06,2026-03-06,Joint,"$15,001 - $50,000",28
R,John Boozman,Senate,MBB,S,2026-02-06,2026-03-06,Joint,"$1,001 - $15,000",28
R,John Boozman,Senate,AGZ,S,2026-02-06,2026-03-06,Joint,"$1,001 - $15,000",28
R,John Boozman,Senate,DBLEX,S,2026-02-06,2026-03-06,Joint,"$1,001 - $15,000",28
R,John Boozman,Senate,AMAT,S,2026-02-27,2026-03-06,Joint,"$1,001 - $15,000",7
R,John Boozman,Senate,ADBE,S,2026-02-13,2026-03-06,Joint,"$1,001 - $15,000",21
R,John Boozman,Senate,UBER,P,2026-02-06,2026-03-06,Joint,"$1,001 - $15,000",28
R,John Boozman,Senate,NTAP,P,2026-02-27,2026-03-06,Joint,"$1,001 - $15,000",7
R,John Boozman,Senate,MSFT,P,2026-02-13,2026-03-06,Joint,"$1,001 - $15,000",21
R,John Boozman,Senate,KR,P,2026-02-26,2026-03-06,Joint,"$1,001 - $15,000",8
R,John Boozman,Senate,IEF,P,2026-02-06,2026-03-06,Joint,"$1,001 - $15,000",28
R,John Boozman,Senate,TLH,P,2026-02-06,2026-03-06,Joint,"$1,001 - $15,000",28
R,John Boozman,Senate,EMB,P,2026-02-06,2026-03-06,Joint,"$1,001 - $15,000",28
R,John Boozman,Senate,CMBS,P,2026-02-06,2026-03-06,Joint,"$1,001 - $15,000",28
R,John Boozman,Senate,GIGB,P,2026-02-06,2026-03-06,Joint,"$1,001 - $15,000",28
R,John Boozman,Senate,XTWO,P,2026-02-06,2026-03-06,Joint,"$15,001 - $50,000",28
D,Sheldon Whitehouse,Senate,HD,S,2026-02-23,2026-03-06,Self,"$1,001 - $15,000",11
D,Sheldon Whitehouse,Senate,PEP,S,2026-02-23,2026-03-06,Self,"$1,001 - $15,000",11
D,Sheldon Whitehouse,Senate,VZ,S,2026-02-23,2026-03-06,Spouse,"$1,001 - $15,000",11
D,Sheldon Whitehouse,Senate,MA,S,2026-02-23,2026-03-06,Spouse,"$1,001 - $15,000",11
D,John W Hickenlooper,Senate,SIRI,S,2026-02-05,2026-03-04,Spouse,"$50,001 - $100,000",27
R,Shelley M Capito,Senate,ITW,S,2026-02-24,2026-03-04,Spouse,"$1,001 - $15,000",8
R,Shelley M Capito,Senate,PAYX,S,2026-02-20,2026-03-04,Spouse,"$1,001 - $15,000",12
R,Shelley M Capito,Senate,BLK,S,2026-02-10,2026-03-04,Spouse,"$1,001 - $15,000",22
R,Shelley M Capito,Senate,ADI,S,2026-02-10,2026-03-04,Spouse,"$1,001 - $15,000",22
R,Shelley M Capito,Senate,AVGO,P,2026-02-09,2026-03-04,Spouse,"$1,001 - $15,000",23
R,Markwayne Mullin,Senate,VSEC,P,2026-02-04,2026-03-02,Joint,"$15,001 - $50,000",26
R,Markwayne Mullin,Senate,MTZ,S,2026-02-04,2026-03-02,Joint,"$15,001 - $50,000",26
R,Markwayne Mullin,Senate,MPWR,P,2026-02-04,2026-03-02,Joint,"$15,001 - $50,000",26
R,Markwayne Mullin,Senate,MCK,P,2026-02-04,2026-03-02,Joint,"$15,001 - $50,000",26
R,Markwayne Mullin,Senate,LRN,P,2026-02-04,2026-03-02,Joint,"$15,001 - $50,000",26
R,Markwayne Mullin,Senate,IRM,S,2026-02-04,2026-03-02,Joint,"$1,001 - $15,000",26
R,Markwayne Mullin,Senate,GS,S,2026-02-04,2026-03-02,Joint,"$15,001 - $50,000",26
R,Markwayne Mullin,Senate,FCFS,P,2026-02-04,2026-03-02,Joint,"$15,001 - $50,000",26
R,Markwayne Mullin,Senate,DELL,S,2026-02-04,2026-03-02,Joint,"$15,001 - $50,000",26
R,Markwayne Mullin,Senate,CRS,P,2026-02-04,2026-03-02,Joint,"$15,001 - $50,000",26
R,Markwayne Mullin,Senate,CRDO,S,2026-02-04,2026-03-02,Joint,"$15,001 - $50,000",26
R,Markwayne Mullin,Senate,COHR,S,2026-02-04,2026-03-02,Joint,"$15,001 - $50,000",26
R,Markwayne Mullin,Senate,C,P,2026-02-04,2026-03-02,Joint,"$15,001 - $50,000",26
R,Markwayne Mullin,Senate,APG,P,2026-02-04,2026-03-02,Joint,"$15,001 - $50,000",26
R,Markwayne Mullin,Senate,AMKR,P,2026-02-04,2026-03-02,Joint,"$15,001 - $50,000",26
R,Markwayne Mullin,Senate,AIT,S,2026-02-04,2026-03-02,Joint,"$1,001 - $15,000",26
R,Markwayne Mullin,Senate,ADBE,P,2026-02-04,2026-03-02,Joint,"$15,001 - $50,000",26
R,David H McCormick,Senate,GS,S,2026-01-23,2026-02-22,Spouse,"$1,000,001 - $5,000,000",30
R,John Boozman,Senate,UNP,S,2026-01-29,2026-02-15,Joint,"$1,001 - $15,000",17
R,John Boozman,Senate,MDY,S,2026-01-23,2026-02-15,Joint,"$1,001 - $15,000",23
R,John Boozman,Senate,OMC,S,2026-01-29,2026-02-15,Joint,"$1,001 - $15,000",17
R,John Boozman,Senate,OMC,S,2026-01-15,2026-02-15,Joint,"$1,001 - $15,000",31
R,John Boozman,Senate,MU,S,2026-01-26,2026-02-15,Joint,"$1,001 - $15,000",20
R,John Boozman,Senate,MU,S,2026-01-08,2026-02-15,Joint,"$1,001 - $15,000",38
R,John Boozman,Senate,LRCX,S,2026-01-08,2026-02-15,Joint,"$1,001 - $15,000",38
R,John Boozman,Senate,IVW,S,2026-01-29,2026-02-15,Joint,"$1,001 - $15,000",17
R,John Boozman,Senate,IWM,S,2026-01-23,2026-02-15,Joint,"$1,001 - $15,000",23
R,John Boozman,Senate,SLV,S,2026-01-23,2026-02-15,Joint,"$1,001 - $15,000",23
R,John Boozman,Senate,FISV,S,2026-01-29,2026-02-15,Joint,"$1,001 - $15,000",17
R,John Boozman,Senate,PPLT,S,2026-01-23,2026-02-15,Joint,"$1,001 - $15,000",23
R,John Boozman,Senate,PALL,S,2026-01-23,2026-02-15,Joint,"$1,001 - $15,000",23
R,John Boozman,Senate,V,P,2026-01-15,2026-02-15,Joint,"$1,001 - $15,000",31
R,John Boozman,Senate,VNQI,P,2026-01-23,2026-02-15,Joint,"$1,001 - $15,000",23
R,John Boozman,Senate,TPYP,P,2026-01-23,2026-02-15,Joint,"$1,001 - $15,000",23
R,John Boozman,Senate,LITP,P,2026-01-23,2026-02-15,Joint,"$1,001 - $15,000",23
R,John Boozman,Senate,PYPL,P,2026-01-29,2026-02-15,Joint,"$1,001 - $15,000",17
R,John Boozman,Senate,RNWGX,P,2026-01-23,2026-02-15,Joint,"$1,001 - $15,000",23
R,John Boozman,Senate,NFLX,P,2026-01-08,2026-02-15,Joint,"$1,001 - $15,000",38
R,John Boozman,Senate,JMBS,P,2026-01-23,2026-02-15,Joint,"$1,001 - $15,000",23
R,John Boozman,Senate,IVV,P,2026-01-23,2026-02-15,Joint,"$1,001 - $15,000",23
R,John Boozman,Senate,CMBS,P,2026-01-23,2026-02-15,Joint,"$1,001 - $15,000",23
R,John Boozman,Senate,MBB,P,2026-01-23,2026-02-15,Joint,"$1,001 - $15,000",23
R,John Boozman,Senate,TBLL,P,2026-01-23,2026-02-15,Joint,"$1,001 - $15,000",23
R,John Boozman,Senate,GIGB,P,2026-01-23,2026-02-15,Joint,"$1,001 - $15,000",23
R,John Boozman,Senate,GEM,P,2026-01-23,2026-02-15,Joint,"$1,001 - $15,000",23
R,John Boozman,Senate,FTGC,P,2026-01-23,2026-02-15,Joint,"$1,001 - $15,000",23
R,John Boozman,Senate,EIPI,P,2026-01-23,2026-02-15,Joint,"$1,001 - $15,000",23
R,John Boozman,Senate,XOM,P,2026-01-08,2026-02-15,Joint,"$1,001 - $15,000",38
R,John Boozman,Senate,ETN,P,2026-01-29,2026-02-15,Joint,"$1,001 - $15,000",17
R,John Boozman,Senate,DIS,P,2026-01-08,2026-02-15,Joint,"$1,001 - $15,000",38
R,John Boozman,Senate,DXCM,P,2026-01-26,2026-02-15,Joint,"$1,001 - $15,000",20
R,John Boozman,Senate,CVS,P,2026-01-29,2026-02-15,Joint,"$1,001 - $15,000",17
R,John Boozman,Senate,CAT,P,2026-01-29,2026-02-15,Joint,"$1,001 - $15,000",17
R,John Boozman,Senate,AAPL,P,2026-01-15,2026-02-15,Joint,"$1,001 - $15,000",31
D,John W Hickenlooper,Senate,LOW,S,2026-01-14,2026-02-06,Self,"$50,001 - $100,000",23
D,John W Hickenlooper,Senate,TJX,S,2026-01-14,2026-02-06,Self,"$50,001 - $100,000",23
D,John W Hickenlooper,Senate,ETN,P,2026-01-14,2026-02-06,Self,"$50,001 - $100,000",23
D,John W Hickenlooper,Senate,UBER,P,2026-01-14,2026-02-06,Self,"$100,001 - $250,000",23
R,Shelley M Capito,Senate,SBUX,S,2026-01-28,2026-02-05,Spouse,"$1,001 - $15,000",8
R,Markwayne Mullin,Senate,VSEC,P,2026-01-05,2026-02-04,Spouse,"$15,001 - $50,000",30
R,Markwayne Mullin,Senate,MPWR,P,2026-01-05,2026-02-04,Spouse,"$15,001 - $50,000",30
R,Markwayne Mullin,Senate,MCK,P,2026-01-05,2026-02-04,Spouse,"$15,001 - $50,000",30
R,Markwayne Mullin,Senate,LRN,P,2026-01-05,2026-02-04,Spouse,"$15,001 - $50,000",30
R,Markwayne Mullin,Senate,FCFS,P,2026-01-05,2026-02-04,Spouse,"$15,001 - $50,000",30
R,Markwayne Mullin,Senate,CRS,P,2026-01-05,2026-02-04,Spouse,"$15,001 - $50,000",30
R,Markwayne Mullin,Senate,C,P,2026-01-05,2026-02-04,Spouse,"$15,001 - $50,000",30
R,Markwayne Mullin,Senate,APG,P,2026-01-05,2026-02-04,Spouse,"$15,001 - $50,000",30
R,Markwayne Mullin,Senate,AMKR,P,2026-01-05,2026-02-04,Spouse,"$15,001 - $50,000",30
R,Markwayne Mullin,Senate,ADBE,P,2026-01-05,2026-02-04,Spouse,"$15,001 - $50,000",30
D,Sheldon Whitehouse,Senate,SBUX,S,2026-01-09,2026-02-04,Self,"$1,001 - $15,000",26
D,Sheldon Whitehouse,Senate,NVDA,S,2026-01-09,2026-02-04,Self,"$1,001 - $15,000",26
D,Sheldon Whitehouse,Senate,HD,S,2026-01-09,2026-02-04,Self,"$1,001 - $15,000",26
D,Sheldon Whitehouse,Senate,MCD,S,2026-01-09,2026-02-04,Spouse,"$15,001 - $50,000",26
D,Tina Smith,Senate,BRK.B,S,2026-01-27,2026-01-30,Spouse,"$100,001 - $250,000",3
R,Katie Britt,Senate,JPM,S,2026-01-28,2026-01-29,Spouse,"$1,001 - $15,000",1
R,Katie Britt,Senate,XOM,P,2025-04-14,2026-01-26,Spouse,"$1,001 - $15,000",287
R,Katie Britt,Senate,JPM,P,2025-04-14,2026-01-26,Spouse,"$1,001 - $15,000",287
R,Katie Britt,Senate,GOOG,P,2025-04-14,2026-01-26,Spouse,"$1,001 - $15,000",287
R,Katie Britt,Senate,EOG,P,2025-04-14,2026-01-26,Spouse,"$1,001 - $15,000",287
R,Katie Britt,Senate,AAPL,P,2025-04-14,2026-01-26,Spouse,"$1,001 - $15,000",287
R,Katie Britt,Senate,AMZN,P,2025-04-14,2026-01-26,Spouse,"$1,001 - $15,000",287
R,Katie Britt,Senate,WMT,P,2025-04-14,2026-01-26,Spouse,"$1,001 - $15,000",287
R,Katie Britt,Senate,V,P,2025-04-14,2026-01-26,Spouse,"$1,001 - $15,000",287
R,Katie Britt,Senate,MSFT,P,2025-04-14,2026-01-26,Spouse,"$1,001 - $15,000",287
R,Katie Britt,Senate,UNH,P,2025-04-14,2026-01-26,Spouse,"$1,001 - $15,000",287
R,Katie Britt,Senate,NVDA,P,2025-04-14,2026-01-26,Spouse,"$1,001 - $15,000",287
R,Katie Britt,Senate,AMZN,P,2025-04-30,2026-01-26,Spouse,"$1,001 - $15,000",271
R,Katie Britt,Senate,AAPL,P,2025-04-30,2026-01-26,Spouse,"$1,001 - $15,000",271
R,Katie Britt,Senate,UNH,S,2025-04-30,2026-01-26,Spouse,"$1,001 - $15,000",271
R,Katie Britt,Senate,NVDA,P,2025-04-30,2026-01-26,Spouse,"$1,001 - $15,000",271
R,Katie Britt,Senate,XOM,S,2025-04-30,2026-01-26,Spouse,"$1,001 - $15,000",271
R,Katie Britt,Senate,NVDA,S,2025-11-07,2026-01-26,Spouse,"$1,001 - $15,000",80
R,Katie Britt,Senate,AAPL,S,2025-11-07,2026-01-26,Spouse,"$1,001 - $15,000",80
R,Katie Britt,Senate,GOOG,S,2025-11-07,2026-01-26,Spouse,"$1,001 - $15,000",80
R,Katie Britt,Senate,UPS,P,2025-11-07,2026-01-26,Spouse,"$1,001 - $15,000",80
R,Katie Britt,Senate,AMZN,S,2025-11-07,2026-01-26,Spouse,"$1,001 - $15,000",80
R,Katie Britt,Senate,V,P,2025-11-07,2026-01-26,Spouse,"$1,001 - $15,000",80
?,"Angus S King, Jr.",Senate,HON,P,2025-12-29,2026-01-26,Spouse,"$1,001 - $15,000",28
?,"Angus S King, Jr.",Senate,LLY,P,2025-12-29,2026-01-26,Spouse,"$1,001 - $15,000",28
?,"Angus S King, Jr.",Senate,CMCSA,S,2025-12-29,2026-01-26,Spouse,"$1,001 - $15,000",28
D,Gary C Peters,Senate,WPC,P,2026-01-12,2026-01-20,Self,"$15,001 - $50,000",8
D,Gary C Peters,Senate,SWK,P,2026-01-12,2026-01-20,Self,"$15,001 - $50,000",8
R,Markwayne Mullin,Senate,CAT,P,2025-12-29,2026-01-16,Joint,"$15,001 - $50,000",18
R,Markwayne Mullin,Senate,LLY,P,2025-12-29,2026-01-16,Joint,"$15,001 - $50,000",18
R,Markwayne Mullin,Senate,JPM,P,2025-12-29,2026-01-16,Joint,"$50,001 - $100,000",18
R,Markwayne Mullin,Senate,COF,P,2025-12-29,2026-01-16,Joint,"$50,001 - $100,000",18
R,Markwayne Mullin,Senate,RTX,P,2025-12-29,2026-01-16,Joint,"$15,001 - $50,000",18
R,Markwayne Mullin,Senate,GOOGL,P,2025-12-29,2026-01-16,Joint,"$100,001 - $250,000",18
R,Markwayne Mullin,Senate,ICE,P,2025-12-29,2026-01-16,Joint,"$15,001 - $50,000",18
R,Markwayne Mullin,Senate,DE,P,2025-12-29,2026-01-16,Joint,"$15,001 - $50,000",18
R,Markwayne Mullin,Senate,BSX,P,2025-12-29,2026-01-16,Joint,"$15,001 - $50,000",18
R,Markwayne Mullin,Senate,MSFT,P,2025-12-29,2026-01-16,Joint,"$100,001 - $250,000",18
R,Markwayne Mullin,Senate,GS,P,2025-12-29,2026-01-16,Joint,"$15,001 - $50,000",18
R,Markwayne Mullin,Senate,LRCX,P,2025-12-29,2026-01-16,Joint,"$50,001 - $100,000",18
R,Markwayne Mullin,Senate,KO,P,2025-12-29,2026-01-16,Joint,"$15,001 - $50,000",18
R,Markwayne Mullin,Senate,AMZN,P,2025-12-29,2026-01-16,Joint,"$100,001 - $250,000",18
R,Markwayne Mullin,Senate,NVDA,P,2025-12-29,2026-01-16,Joint,"$100,001 - $250,000",18
R,Markwayne Mullin,Senate,CRM,P,2025-12-29,2026-01-16,Joint,"$15,001 - $50,000",18
R,Markwayne Mullin,Senate,IQV,P,2025-12-29,2026-01-16,Joint,"$15,001 - $50,000",18
R,Markwayne Mullin,Senate,ELV,P,2025-12-29,2026-01-16,Joint,"$15,001 - $50,000",18
R,Markwayne Mullin,Senate,AXP,P,2025-12-29,2026-01-16,Joint,"$1,001 - $15,000",18
R,Markwayne Mullin,Senate,CVX,P,2025-12-29,2026-01-16,Joint,"$15,001 - $50,000",18
R,Markwayne Mullin,Senate,AAPL,P,2025-12-29,2026-01-16,Joint,"$100,001 - $250,000",18
R,Markwayne Mullin,Senate,META,P,2025-12-29,2026-01-16,Joint,"$50,001 - $100,000",18
R,Markwayne Mullin,Senate,MA,P,2025-12-29,2026-01-16,Joint,"$50,001 - $100,000",18
R,Markwayne Mullin,Senate,HLT,P,2025-12-29,2026-01-16,Joint,"$15,001 - $50,000",18
R,Markwayne Mullin,Senate,AMAT,P,2025-12-29,2026-01-16,Joint,"$15,001 - $50,000",18
R,Markwayne Mullin,Senate,COST,P,2025-12-29,2026-01-16,Joint,"$15,001 - $50,000",18
R,Markwayne Mullin,Senate,ISRG,P,2025-12-29,2026-01-16,Joint,"$15,001 - $50,000",18
R,Markwayne Mullin,Senate,HD,P,2025-12-29,2026-01-16,Joint,"$15,001 - $50,000",18
R,Markwayne Mullin,Senate,INTU,P,2025-12-29,2026-01-16,Joint,"$15,001 - $50,000",18
R,Markwayne Mullin,Senate,NOW,P,2025-12-29,2026-01-16,Joint,"$15,001 - $50,000",18
R,Markwayne Mullin,Senate,COP,P,2025-12-29,2026-01-16,Joint,"$15,001 - $50,000",18
R,Thomas H Tuberville,Senate,XLU,P,2025-12-17,2026-01-15,Self,"$15,001 - $50,000",29
R,Thomas H Tuberville,Senate,XLP,P,2025-12-17,2026-01-15,Self,"$15,001 - $50,000",29
R,Thomas H Tuberville,Senate,XLV,P,2025-12-17,2026-01-15,Self,"$15,001 - $50,000",29
R,Thomas H Tuberville,Senate,AAPL,S,2025-12-17,2026-01-15,Self,"$50,001 - $100,000",29
R,Thomas H Tuberville,Senate,GOOGL,S,2025-12-17,2026-01-15,Self,"$1,001 - $15,000",29
R,Markwayne Mullin,Senate,PRMB,S,2025-12-18,2026-01-13,Self,"$1,001 - $15,000",26
R,Markwayne Mullin,Senate,MTZ,S,2025-12-18,2026-01-13,Self,"$15,001 - $50,000",26
R,Markwayne Mullin,Senate,LRN,S,2025-12-18,2026-01-13,Self,"$1,001 - $15,000",26
R,Markwayne Mullin,Senate,IRM,S,2025-12-18,2026-01-13,Self,"$1,001 - $15,000",26
R,Markwayne Mullin,Senate,GS,S,2025-12-18,2026-01-13,Self,"$15,001 - $50,000",26
R,Markwayne Mullin,Senate,DELL,S,2025-12-18,2026-01-13,Self,"$15,001 - $50,000",26
R,Markwayne Mullin,Senate,CRDO,S,2025-12-18,2026-01-13,Self,"$15,001 - $50,000",26
R,Markwayne Mullin,Senate,COHR,S,2025-12-18,2026-01-13,Self,"$15,001 - $50,000",26
R,Markwayne Mullin,Senate,AIT,S,2025-12-18,2026-01-13,Self,"$15,001 - $50,000",26
R,Markwayne Mullin,Senate,PRMB,S,2025-12-17,2026-01-13,Joint,"$1,001 - $15,000",27
?,"A. Mitchell McConnell, Jr.",Senate,LAZR,S,2025-12-24,2026-01-13,Spouse,"$1,001 - $15,000",20
R,John Boozman,Senate,SMCI,S,2025-12-31,2026-01-13,Joint,"$1,001 - $15,000",13
R,John Boozman,Senate,KRE,S,2025-12-26,2026-01-13,Joint,"$1,001 - $15,000",18
R,John Boozman,Senate,MSI,S,2025-12-17,2026-01-13,Joint,"$1,001 - $15,000",27
R,John Boozman,Senate,SLV,S,2025-12-24,2026-01-13,Joint,"$1,001 - $15,000",20
R,John Boozman,Senate,TBLL,S,2025-12-11,2026-01-13,Joint,"$1,001 - $15,000",33
R,John Boozman,Senate,BSX,S,2025-12-17,2026-01-13,Joint,"$1,001 - $15,000",27
R,John Boozman,Senate,PPLT,S,2025-12-24,2026-01-13,Joint,"$1,001 - $15,000",20
R,John Boozman,Senate,PALL,S,2025-12-24,2026-01-13,Joint,"$1,001 - $15,000",20
R,John Boozman,Senate,WFC,P,2025-12-17,2026-01-13,Joint,"$1,001 - $15,000",27
R,John Boozman,Senate,SMCI,P,2025-12-11,2026-01-13,Joint,"$1,001 - $15,000",33
R,John Boozman,Senate,SPYM,P,2025-12-24,2026-01-13,Joint,"$15,001 - $50,000",20
R,John Boozman,Senate,MSFT,P,2025-12-17,2026-01-13,Joint,"$1,001 - $15,000",27
R,John Boozman,Senate,IVW,P,2025-12-31,2026-01-13,Joint,"$1,001 - $15,000",13
R,John Boozman,Senate,IJR,P,2025-12-26,2026-01-13,Joint,"$1,001 - $15,000",18
R,John Boozman,Senate,ANET,P,2025-12-11,2026-01-13,Joint,"$1,001 - $15,000",33
R,John Boozman,Senate,AAPL,P,2025-12-17,2026-01-13,Joint,"$1,001 - $15,000",27
D,Gary C Peters,Senate,INTC,S,2025-12-12,2026-01-07,Spouse,"$15,001 - $50,000",26
D,Gary C Peters,Senate,VZ,P,2025-12-12,2026-01-07,Self,"$1,001 - $15,000",26
D,John W Hickenlooper,Senate,FWONK,S,2025-12-10,2026-01-06,Spouse,"$15,001 - $50,000",27
R,Shelley M Capito,Senate,K,S,2025-12-11,2026-01-06,Spouse,"$1,001 - $15,000",26
R,Shelley M Capito,Senate,MSFT,S,2025-12-16,2026-01-06,Spouse,"$1,001 - $15,000",21
R,Shelley M Capito,Senate,AAPL,S,2025-12-16,2026-01-06,Spouse,"$1,001 - $15,000",21
R,Shelley M Capito,Senate,GOOGL,S,2025-12-16,2026-01-06,Spouse,"$1,001 - $15,000",21
R,Lindsey Graham,Senate,BSCP,S,2025-12-17,2026-01-06,Self,"$15,001 - $50,000",20
R,Lindsey Graham,Senate,BSCQ,P,2025-12-31,2026-01-06,Self,"$15,001 - $50,000",6
R,Lindsey Graham,Senate,IBDQ,S,2025-12-18,2026-01-06,Self,"$15,001 - $50,000",19
R,David H McCormick,Senate,BITB,P,2025-11-28,2025-12-26,Self,"$50,001 - $100,000",28
R,David H McCormick,Senate,BITB,P,2025-11-26,2025-12-26,Self,"$50,001 - $100,000",30
?,"A. Mitchell McConnell, Jr.",Senate,WFC,P,2025-12-01,2025-12-19,Spouse,"$1,001 - $15,000",18
R,John Boozman,Senate,VEA,S,2025-11-21,2025-12-08,Joint,"$1,001 - $15,000",17
R,John Boozman,Senate,VNQI,S,2025-11-21,2025-12-08,Joint,"$1,001 - $15,000",17
R,John Boozman,Senate,TPYP,S,2025-11-21,2025-12-08,Joint,"$1,001 - $15,000",17
R,John Boozman,Senate,CRM,S,2025-11-13,2025-12-08,Joint,"$1,001 - $15,000",25
R,John Boozman,Senate,RNWAX,S,2025-11-20,2025-12-08,Joint,"$1,001 - $15,000",18
R,John Boozman,Senate,LLY,S,2025-11-21,2025-12-08,Joint,"$1,001 - $15,000",17
R,John Boozman,Senate,IVV,S,2025-11-21,2025-12-08,Joint,"$1,001 - $15,000",17
R,John Boozman,Senate,IWM,S,2025-11-21,2025-12-08,Joint,"$1,001 - $15,000",17
R,John Boozman,Senate,EFA,S,2025-11-20,2025-12-08,Joint,"$1,001 - $15,000",18
R,John Boozman,Senate,AAXJ,S,2025-11-06,2025-12-08,Joint,"$1,001 - $15,000",32
R,John Boozman,Senate,GEM,S,2025-11-20,2025-12-08,Joint,"$1,001 - $15,000",18
R,John Boozman,Senate,FISV,S,2025-11-21,2025-12-08,Joint,"$1,001 - $15,000",17
R,John Boozman,Senate,FTGC,S,2025-11-21,2025-12-08,Joint,"$1,001 - $15,000",17
R,John Boozman,Senate,EIPI,S,2025-11-21,2025-12-08,Joint,"$1,001 - $15,000",17
R,John Boozman,Senate,VEA,P,2025-11-06,2025-12-08,Joint,"$1,001 - $15,000",32
R,John Boozman,Senate,VWO,P,2025-11-06,2025-12-08,Joint,"$1,001 - $15,000",32
R,John Boozman,Senate,MDY,P,2025-11-21,2025-12-08,Joint,"$1,001 - $15,000",17
R,John Boozman,Senate,PYPL,P,2025-11-21,2025-12-08,Joint,"$1,001 - $15,000",17
R,John Boozman,Senate,JMBS,P,2025-11-21,2025-12-08,Joint,"$1,001 - $15,000",17
R,John Boozman,Senate,CMBS,P,2025-11-21,2025-12-08,Joint,"$1,001 - $15,000",17
R,John Boozman,Senate,MBB,P,2025-11-21,2025-12-08,Joint,"$1,001 - $15,000",17
R,John Boozman,Senate,GIGB,P,2025-11-21,2025-12-08,Joint,"$1,001 - $15,000",17
R,John Boozman,Senate,ANET,P,2025-11-13,2025-12-08,Joint,"$1,001 - $15,000",25
R,John Boozman,Senate,AMZN,P,2025-11-13,2025-12-08,Joint,"$1,001 - $15,000",25
R,John Boozman,Senate,WWSYX,P,2025-11-20,2025-12-08,Joint,"$1,001 - $15,000",18
R,Markwayne Mullin,Senate,COF,P,2025-11-10,2025-12-05,Joint,"$50,001 - $100,000",25
R,Markwayne Mullin,Senate,CSX,S,2025-11-10,2025-12-05,Joint,"$15,001 - $50,000",25
R,Markwayne Mullin,Senate,ZTS,S,2025-11-10,2025-12-05,Joint,"$15,001 - $50,000",25
R,Markwayne Mullin,Senate,PNR,P,2025-11-10,2025-12-05,Joint,"$15,001 - $50,000",25
D,Gary C Peters,Senate,CAG,P,2025-11-14,2025-12-04,Self,"$1,001 - $15,000",20
R,Shelley M Capito,Senate,META,P,2025-11-13,2025-12-04,Spouse,"$1,001 - $15,000",21
R,Shelley M Capito,Senate,PAYX,S,2025-11-13,2025-12-04,Spouse,"$1,001 - $15,000",21
R,Shelley M Capito,Senate,LOW,S,2025-11-13,2025-12-04,Spouse,"$1,001 - $15,000",21
D,Sheldon Whitehouse,Senate,GH,P,2025-11-21,2025-12-01,Self,"$1,001 - $15,000",10
D,Sheldon Whitehouse,Senate,KO,P,2025-11-21,2025-12-01,Self,"$1,001 - $15,000",10
D,Sheldon Whitehouse,Senate,HSY,P,2025-11-21,2025-12-01,Self,"$1,001 - $15,000",10
R,Lindsey Graham,Senate,VWUAX,P,2025-11-06,2025-12-01,Self,"$100,001 - $250,000",25
R,Lindsey Graham,Senate,VWUSX,S,2025-11-06,2025-12-01,Self,"$100,001 - $250,000",25
R,David H McCormick,Senate,BITB,P,2025-11-25,2025-11-27,Self,"$15,001 - $50,000",2
R,David H McCormick,Senate,BITB,P,2025-11-24,2025-11-27,Self,"$50,001 - $100,000",3
D,Tina Smith,Senate,HBAN,S,2025-11-21,2025-11-26,Spouse,"$100,001 - $250,000",5
D,Gary C Peters,Senate,OGN,S,2025-07-10,2025-11-24,Self,"$1,001 - $15,000",137
R,Markwayne Mullin,Senate,FI,S,2025-11-03,2025-11-21,Joint,"$15,001 - $50,000",18
R,Markwayne Mullin,Senate,CMG,S,2025-11-03,2025-11-21,Joint,"$15,001 - $50,000",18
R,Markwayne Mullin,Senate,MSFT,P,2025-11-03,2025-11-21,Joint,"$250,001 - $500,000",18
R,Markwayne Mullin,Senate,BRK.B,S,2025-11-03,2025-11-21,Joint,"$15,001 - $50,000",18
R,Markwayne Mullin,Senate,TMUS,S,2025-11-03,2025-11-21,Joint,"$50,001 - $100,000",18
R,Thomas H Tuberville,Senate,PEP,S,2025-10-07,2025-11-15,Joint,"$15,001 - $50,000",39
R,Thomas H Tuberville,Senate,OC,S,2025-10-07,2025-11-15,Joint,"$15,001 - $50,000",39
R,Thomas H Tuberville,Senate,MSFT,S,2025-10-07,2025-11-15,Joint,"$15,001 - $50,000",39
R,Thomas H Tuberville,Senate,AAPL,S,2025-10-07,2025-11-15,Joint,"$15,001 - $50,000",39
R,Thomas H Tuberville,Senate,GOOGL,S,2025-10-07,2025-11-15,Joint,"$15,001 - $50,000",39
R,Thomas H Tuberville,Senate,ORCL,S,2025-10-07,2025-11-15,Joint,"$15,001 - $50,000",39
R,John Boozman,Senate,TPYP,S,2025-11-03,2025-11-15,Joint,"$1,001 - $15,000",12
R,John Boozman,Senate,URNM,S,2025-10-03,2025-11-15,Joint,"$1,001 - $15,000",43
R,John Boozman,Senate,LITP,S,2025-10-03,2025-11-15,Joint,"$1,001 - $15,000",43
R,John Boozman,Senate,OMC,S,2025-10-31,2025-11-15,Joint,"$1,001 - $15,000",15
R,John Boozman,Senate,SLV,S,2025-10-03,2025-11-15,Joint,"$1,001 - $15,000",43
R,John Boozman,Senate,IQV,S,2025-10-02,2025-11-15,Joint,"$1,001 - $15,000",44
R,John Boozman,Senate,EMLP,S,2025-10-03,2025-11-15,Joint,"$15,001 - $50,000",43
R,John Boozman,Senate,META,P,2025-10-31,2025-11-15,Joint,"$1,001 - $15,000",15
R,John Boozman,Senate,FTGC,P,2025-10-03,2025-11-15,Joint,"$1,001 - $15,000",43
R,John Boozman,Senate,EIPI,P,2025-10-03,2025-11-15,Joint,"$15,001 - $50,000",43
R,John Boozman,Senate,COST,P,2025-10-09,2025-11-15,Joint,"$1,001 - $15,000",37
R,Rafael E Cruz,Senate,GS,S,2025-11-11,2025-11-12,Spouse,"$100,001 - $250,000",1
R,Shelley M Capito,Senate,LLY,P,2025-10-24,2025-11-04,Spouse,"$1,001 - $15,000",11
R,Shelley M Capito,Senate,MSFT,S,2025-10-22,2025-11-04,Spouse,"$1,001 - $15,000",13
R,Shelley M Capito,Senate,PAYX,S,2025-10-21,2025-11-04,Spouse,"$1,001 - $15,000",14
R,Shelley M Capito,Senate,LOW,S,2025-10-21,2025-11-04,Spouse,"$1,001 - $15,000",14
R,Shelley M Capito,Senate,LOW,S,2025-10-20,2025-11-04,Spouse,"$1,001 - $15,000",15
R,Shelley M Capito,Senate,COST,S,2025-10-17,2025-11-04,Spouse,"$1,001 - $15,000",18
R,Shelley M Capito,Senate,CVX,S,2025-10-17,2025-11-04,Spouse,"$1,001 - $15,000",18
R,Shelley M Capito,Senate,MSFT,S,2025-10-29,2025-11-04,Spouse,"$15,001 - $50,000",6
R,Shelley M Capito,Senate,IBM,S,2025-10-29,2025-11-04,Spouse,"$15,001 - $50,000",6
D,Sheldon Whitehouse,Senate,PGR,S,2025-10-27,2025-11-03,Spouse,"$15,001 - $50,000",7
D,Sheldon Whitehouse,Senate,NVDA,S,2025-10-20,2025-11-03,Self,"$15,001 - $50,000",14
?,"Jerry Moran,",Senate,GOOG,S,2025-09-23,2025-10-27,Spouse,"$1,001 - $15,000",34
?,"Jerry Moran,",Senate,BRK.B,P,2025-09-23,2025-10-27,Self,"$1,001 - $15,000",34
?,"James Conley Justice, II",Senate,PEBO,S,2025-08-28,2025-10-10,Self,"$250,001 - $500,000",43
R,John Boozman,Senate,ORCL,S,2025-09-12,2025-10-10,Joint,"$1,001 - $15,000",28
R,John Boozman,Senate,MU,S,2025-09-17,2025-10-10,Joint,"$1,001 - $15,000",23
R,John Boozman,Senate,JMBS,S,2025-09-16,2025-10-10,Joint,"$1,001 - $15,000",24
R,John Boozman,Senate,CMBS,S,2025-09-16,2025-10-10,Joint,"$1,001 - $15,000",24
R,John Boozman,Senate,TLT,S,2025-09-16,2025-10-10,Joint,"$15,001 - $50,000",24
R,John Boozman,Senate,MBB,S,2025-09-16,2025-10-10,Joint,"$1,001 - $15,000",24
R,John Boozman,Senate,AGZ,S,2025-09-16,2025-10-10,Joint,"$1,001 - $15,000",24
R,John Boozman,Senate,GBIL,S,2025-09-16,2025-10-10,Joint,"$1,001 - $15,000",24
R,John Boozman,Senate,GIGB,S,2025-09-16,2025-10-10,Joint,"$1,001 - $15,000",24
R,John Boozman,Senate,SCHP,P,2025-09-16,2025-10-10,Joint,"$1,001 - $15,000",24
R,John Boozman,Senate,IEF,P,2025-09-16,2025-10-10,Joint,"$15,001 - $50,000",24
R,John Boozman,Senate,SHY,P,2025-09-16,2025-10-10,Joint,"$1,001 - $15,000",24
R,John Boozman,Senate,IEI,P,2025-09-16,2025-10-10,Joint,"$15,001 - $50,000",24
R,John Boozman,Senate,ETN,P,2025-09-12,2025-10-10,Joint,"$1,001 - $15,000",28
R,John Boozman,Senate,GOOGL,P,2025-09-17,2025-10-10,Joint,"$15,001 - $50,000",23
R,John Boozman,Senate,ADBE,P,2025-09-04,2025-10-10,Joint,"$1,001 - $15,000",36
D,John W Hickenlooper,Senate,INTU,P,2025-09-02,2025-10-06,Self,"$100,001 - $250,000",34
D,John W Hickenlooper,Senate,PEP,S,2025-09-02,2025-10-06,Self,"$100,001 - $250,000",34
D,John W Hickenlooper,Senate,PANW,P,2025-09-02,2025-10-06,Self,"$100,001 - $250,000",34
R,Shelley M Capito,Senate,MSFT,S,2025-09-18,2025-10-05,Spouse,"$15,001 - $50,000",17
R,Shelley M Capito,Senate,AAPL,S,2025-09-18,2025-10-05,Spouse,"$15,001 - $50,000",17
D,Sheldon Whitehouse,Senate,UNH,S,2025-09-04,2025-10-03,Self,"$15,001 - $50,000",29
D,Sheldon Whitehouse,Senate,VZ,S,2025-09-04,2025-10-03,Self,"$1,001 - $15,000",29
D,Sheldon Whitehouse,Senate,NVDA,S,2025-09-04,2025-10-03,Self,"$15,001 - $50,000",29
D,Sheldon Whitehouse,Senate,HON,S,2025-09-04,2025-10-03,Self,"$15,001 - $50,000",29
D,Sheldon Whitehouse,Senate,AMGN,S,2025-09-04,2025-10-03,Self,"$1,001 - $15,000",29
D,Sheldon Whitehouse,Senate,AAPL,S,2025-09-04,2025-10-03,Self,"$15,001 - $50,000",29
D,Sheldon Whitehouse,Senate,MSFT,S,2025-09-04,2025-10-03,Self,"$15,001 - $50,000",29
R,Markwayne Mullin,Senate,WAB,S,2025-09-23,2025-10-01,Self,"$15,001 - $50,000",8
R,Markwayne Mullin,Senate,ADBE,S,2025-09-24,2025-10-01,Joint,"$15,001 - $50,000",7
R,Markwayne Mullin,Senate,UNH,P,2025-09-24,2025-10-01,Joint,"$15,001 - $50,000",7
R,Markwayne Mullin,Senate,NOW,P,2025-09-24,2025-10-01,Joint,"$1,001 - $15,000",7
R,Markwayne Mullin,Senate,INTU,P,2025-09-24,2025-10-01,Joint,"$15,001 - $50,000",7
R,Markwayne Mullin,Senate,ACN,S,2025-09-24,2025-10-01,Joint,"$15,001 - $50,000",7
R,Markwayne Mullin,Senate,ISRG,P,2025-09-24,2025-10-01,Joint,"$50,001 - $100,000",7
R,Markwayne Mullin,Senate,TXN,S,2025-09-24,2025-10-01,Joint,"$15,001 - $50,000",7
R,Markwayne Mullin,Senate,IHF,S,2025-09-24,2025-10-01,Joint,"$15,001 - $50,000",7
D,Adam B Schiff,Senate,AAPL,S,2025-09-22,2025-09-30,Spouse,"$15,001 - $50,000",8
R,John Boozman,Senate,VEA,S,2025-08-01,2025-09-12,Joint,"$1,001 - $15,000",42
R,John Boozman,Senate,EMRZX,S,2025-08-14,2025-09-12,Joint,"$15,001 - $50,000",29
R,John Boozman,Senate,EMRZX,S,2025-08-07,2025-09-12,Joint,"$15,001 - $50,000",36
R,John Boozman,Senate,EMRZX,S,2025-08-01,2025-09-12,Joint,"$1,001 - $15,000",42
R,John Boozman,Senate,URNM,S,2025-08-01,2025-09-12,Joint,"$1,001 - $15,000",42
R,John Boozman,Senate,MU,S,2025-08-22,2025-09-12,Joint,"$1,001 - $15,000",21
R,John Boozman,Senate,IVV,S,2025-08-01,2025-09-12,Joint,"$1,001 - $15,000",42
R,John Boozman,Senate,EFA,S,2025-08-01,2025-09-12,Joint,"$1,001 - $15,000",42
R,John Boozman,Senate,SLV,S,2025-08-01,2025-09-12,Joint,"$1,001 - $15,000",42
R,John Boozman,Senate,TBLL,S,2025-08-01,2025-09-12,Joint,"$15,001 - $50,000",42
R,John Boozman,Senate,GIGB,S,2025-08-01,2025-09-12,Joint,"$1,001 - $15,000",42
R,John Boozman,Senate,GEM,S,2025-08-01,2025-09-12,Joint,"$1,001 - $15,000",42
R,John Boozman,Senate,EMLP,S,2025-08-01,2025-09-12,Joint,"$1,001 - $15,000",42
R,John Boozman,Senate,PPLT,S,2025-08-01,2025-09-12,Joint,"$1,001 - $15,000",42
R,John Boozman,Senate,PALL,S,2025-08-01,2025-09-12,Joint,"$1,001 - $15,000",42
R,John Boozman,Senate,ABBV,S,2025-08-22,2025-09-12,Joint,"$1,001 - $15,000",21
R,John Boozman,Senate,ABBV,S,2025-08-11,2025-09-12,Joint,"$1,001 - $15,000",32
R,John Boozman,Senate,VNQI,P,2025-08-01,2025-09-12,Joint,"$1,001 - $15,000",42
R,John Boozman,Senate,SCHP,P,2025-08-01,2025-09-12,Joint,"$1,001 - $15,000",42
R,John Boozman,Senate,NVDA,P,2025-08-22,2025-09-12,Joint,"$1,001 - $15,000",21
R,John Boozman,Senate,RNWGX,P,2025-08-14,2025-09-12,Joint,"$15,001 - $50,000",29
R,John Boozman,Senate,RNWGX,P,2025-08-07,2025-09-12,Joint,"$15,001 - $50,000",36
R,John Boozman,Senate,RNWGX,P,2025-08-01,2025-09-12,Joint,"$1,001 - $15,000",42
R,John Boozman,Senate,LLY,P,2025-08-22,2025-09-12,Joint,"$1,001 - $15,000",21
R,John Boozman,Senate,LLY,P,2025-08-11,2025-09-12,Joint,"$1,001 - $15,000",32
R,John Boozman,Senate,JMBS,P,2025-08-01,2025-09-12,Joint,"$1,001 - $15,000",42
R,John Boozman,Senate,IWM,P,2025-08-01,2025-09-12,Joint,"$1,001 - $15,000",42
R,John Boozman,Senate,IEF,P,2025-08-01,2025-09-12,Joint,"$1,001 - $15,000",42
R,John Boozman,Senate,SHY,P,2025-08-01,2025-09-12,Joint,"$1,001 - $15,000",42
R,John Boozman,Senate,TLH,P,2025-08-01,2025-09-12,Joint,"$1,001 - $15,000",42
R,John Boozman,Senate,CMBS,P,2025-08-01,2025-09-12,Joint,"$1,001 - $15,000",42
R,John Boozman,Senate,IEI,P,2025-08-01,2025-09-12,Joint,"$1,001 - $15,000",42
R,John Boozman,Senate,TLT,P,2025-08-01,2025-09-12,Joint,"$1,001 - $15,000",42
R,John Boozman,Senate,MBB,P,2025-08-01,2025-09-12,Joint,"$1,001 - $15,000",42
R,John Boozman,Senate,AGZ,P,2025-08-01,2025-09-12,Joint,"$1,001 - $15,000",42
R,John Boozman,Senate,GEM,P,2025-08-01,2025-09-12,Joint,"$1,001 - $15,000",42
R,John Boozman,Senate,WWSYX,P,2025-08-01,2025-09-12,Joint,"$1,001 - $15,000",42
R,John Boozman,Senate,AMD,P,2025-08-07,2025-09-12,Joint,"$1,001 - $15,000",36
?,"A. Mitchell McConnell, Jr.",Senate,WFC,P,2025-09-01,2025-09-12,Spouse,"$1,001 - $15,000",11
D,Sheldon Whitehouse,Senate,UNH,S,2025-08-28,2025-09-03,Spouse,"$15,001 - $50,000",6
D,Sheldon Whitehouse,Senate,LRCX,S,2025-08-28,2025-09-03,Spouse,"$15,001 - $50,000",6
D,Sheldon Whitehouse,Senate,KVUE,S,2025-08-28,2025-09-03,Spouse,"$1,001 - $15,000",6
D,Sheldon Whitehouse,Senate,DHR,S,2025-08-28,2025-09-03,Self,"$1,001 - $15,000",6
R,Shelley M Capito,Senate,BLK,S,2025-08-04,2025-09-03,Spouse,"$1,001 - $15,000",30
R,Shelley M Capito,Senate,SHW,P,2025-08-01,2025-09-03,Spouse,"$1,001 - $15,000",33
R,Shelley M Capito,Senate,PLD,P,2025-08-01,2025-09-03,Spouse,"$1,001 - $15,000",33
R,Markwayne Mullin,Senate,UNH,S,2025-08-01,2025-08-18,Joint,"$15,001 - $50,000",17
?,"Angus S King, Jr.",Senate,VRT,P,2025-07-21,2025-08-18,Spouse,"$1,001 - $15,000",28
?,"Angus S King, Jr.",Senate,UBER,P,2025-07-21,2025-08-18,Spouse,"$1,001 - $15,000",28
?,"Angus S King, Jr.",Senate,TMO,S,2025-07-21,2025-08-18,Spouse,"$1,001 - $15,000",28
?,"Angus S King, Jr.",Senate,PWR,P,2025-07-21,2025-08-18,Spouse,"$1,001 - $15,000",28
?,"Angus S King, Jr.",Senate,PYPL,P,2025-07-21,2025-08-18,Spouse,"$1,001 - $15,000",28
?,"Angus S King, Jr.",Senate,ONON,P,2025-07-21,2025-08-18,Spouse,"$1,001 - $15,000",28
?,"Angus S King, Jr.",Senate,NVDA,P,2025-07-21,2025-08-18,Spouse,"$1,001 - $15,000",28
?,"Angus S King, Jr.",Senate,NFLX,P,2025-07-21,2025-08-18,Spouse,"$1,001 - $15,000",28
?,"Angus S King, Jr.",Senate,MSFT,P,2025-07-21,2025-08-18,Spouse,"$1,001 - $15,000",28
?,"Angus S King, Jr.",Senate,META,P,2025-07-21,2025-08-18,Spouse,"$1,001 - $15,000",28
?,"Angus S King, Jr.",Senate,MRVL,P,2025-07-21,2025-08-18,Spouse,"$1,001 - $15,000",28
?,"Angus S King, Jr.",Senate,LOW,P,2025-07-21,2025-08-18,Spouse,"$1,001 - $15,000",28
?,"Angus S King, Jr.",Senate,KEX,P,2025-07-21,2025-08-18,Spouse,"$1,001 - $15,000",28
?,"Angus S King, Jr.",Senate,JPM,P,2025-07-21,2025-08-18,Spouse,"$1,001 - $15,000",28
?,"Angus S King, Jr.",Senate,XOM,P,2025-07-21,2025-08-18,Spouse,"$1,001 - $15,000",28
?,"Angus S King, Jr.",Senate,BX,P,2025-07-21,2025-08-18,Spouse,"$1,001 - $15,000",28
?,"Angus S King, Jr.",Senate,BAC,P,2025-07-21,2025-08-18,Spouse,"$1,001 - $15,000",28
?,"Angus S King, Jr.",Senate,ADSK,P,2025-07-21,2025-08-18,Spouse,"$1,001 - $15,000",28
?,"Angus S King, Jr.",Senate,ANET,P,2025-07-21,2025-08-18,Spouse,"$1,001 - $15,000",28
?,"Angus S King, Jr.",Senate,AMAT,P,2025-07-21,2025-08-18,Spouse,"$1,001 - $15,000",28
?,"Angus S King, Jr.",Senate,GOOGL,P,2025-07-21,2025-08-18,Spouse,"$1,001 - $15,000",28
?,"Angus S King, Jr.",Senate,AMD,P,2025-07-21,2025-08-18,Spouse,"$1,001 - $15,000",28
?,"Angus S King, Jr.",Senate,UNH,S,2025-07-15,2025-08-18,Spouse,"$1,001 - $15,000",34
R,Markwayne Mullin,Senate,LLY,P,2024-12-11,2025-08-12,Joint,"$50,001 - $100,000",244
R,Markwayne Mullin,Senate,PDBC,P,2024-11-12,2025-08-12,Joint,"$15,001 - $50,000",273
R,Markwayne Mullin,Senate,PCLPX,S,2024-11-12,2025-08-12,Joint,"$15,001 - $50,000",273
R,Markwayne Mullin,Senate,PDBC,P,2024-10-29,2025-08-12,Joint,"$250,001 - $500,000",287
R,John Boozman,Senate,MDLZ,S,2025-07-31,2025-08-06,Joint,"$1,001 - $15,000",6
R,John Boozman,Senate,MU,S,2025-07-01,2025-08-06,Joint,"$1,001 - $15,000",36
R,John Boozman,Senate,JPM,S,2025-07-24,2025-08-06,Joint,"$1,001 - $15,000",13
R,John Boozman,Senate,HYG,S,2025-07-08,2025-08-06,Joint,"$1,001 - $15,000",29
R,John Boozman,Senate,GD,S,2025-07-31,2025-08-06,Joint,"$1,001 - $15,000",6
R,John Boozman,Senate,WMT,P,2025-07-31,2025-08-06,Joint,"$1,001 - $15,000",6
R,John Boozman,Senate,GIGB,P,2025-07-08,2025-08-06,Joint,"$1,001 - $15,000",29
R,John Boozman,Senate,GE,P,2025-07-31,2025-08-06,Joint,"$1,001 - $15,000",6
D,Sheldon Whitehouse,Senate,NVDA,S,2025-07-07,2025-08-04,Spouse,"$15,001 - $50,000",28
D,Sheldon Whitehouse,Senate,ADI,S,2025-07-03,2025-08-04,Self,"$15,001 - $50,000",32
R,Shelley M Capito,Senate,CL,S,2025-07-31,2025-08-04,Spouse,"$1,001 - $15,000",4
R,Shelley M Capito,Senate,PPG,S,2025-07-31,2025-08-04,Spouse,"$1,001 - $15,000",4
R,Shelley M Capito,Senate,GD,S,2025-07-31,2025-08-04,Spouse,"$1,001 - $15,000",4
R,Shelley M Capito,Senate,PPG,S,2025-07-30,2025-08-04,Spouse,"$1,001 - $15,000",5
R,Shelley M Capito,Senate,META,P,2025-07-29,2025-08-04,Spouse,"$1,001 - $15,000",6
R,Shelley M Capito,Senate,GOOGL,P,2025-07-29,2025-08-04,Spouse,"$1,001 - $15,000",6
R,Shelley M Capito,Senate,AVGO,S,2025-07-18,2025-08-04,Spouse,"$1,001 - $15,000",17
R,Shelley M Capito,Senate,JPM,S,2025-07-18,2025-08-04,Spouse,"$1,001 - $15,000",17
R,Shelley M Capito,Senate,MSFT,S,2025-07-18,2025-08-04,Spouse,"$1,001 - $15,000",17
R,Shelley M Capito,Senate,AAPL,S,2025-07-18,2025-08-04,Spouse,"$1,001 - $15,000",17
R,Shelley M Capito,Senate,AFL,S,2025-07-18,2025-08-04,Spouse,"$1,001 - $15,000",17
R,Shelley M Capito,Senate,CB,S,2025-07-17,2025-08-04,Spouse,"$1,001 - $15,000",18
R,Shelley M Capito,Senate,AXP,P,2025-07-01,2025-08-04,Spouse,"$15,001 - $50,000",34
R,Lindsey Graham,Senate,XONE,P,2025-06-30,2025-07-14,Self,"$15,001 - $50,000",14
R,Lindsey Graham,Senate,BSCV,P,2025-06-30,2025-07-14,Self,"$15,001 - $50,000",14
R,John Boozman,Senate,RTX,P,2025-05-30,2025-07-09,Joint,"$1,001 - $15,000",40
R,John Boozman,Senate,NVDA,P,2025-05-13,2025-07-09,Joint,"$1,001 - $15,000",57
R,John Boozman,Senate,META,P,2025-05-30,2025-07-09,Joint,"$1,001 - $15,000",40
R,John Boozman,Senate,META,P,2025-05-16,2025-07-09,Joint,"$1,001 - $15,000",54
R,John Boozman,Senate,HD,P,2025-05-20,2025-07-09,Joint,"$1,001 - $15,000",50
R,John Boozman,Senate,HD,P,2025-05-16,2025-07-09,Joint,"$1,001 - $15,000",54
R,John Boozman,Senate,AVGO,P,2025-05-13,2025-07-09,Joint,"$1,001 - $15,000",57
R,John Boozman,Senate,ATO,P,2025-05-20,2025-07-09,Joint,"$1,001 - $15,000",50
R,John Boozman,Senate,AMZN,P,2025-05-16,2025-07-09,Joint,"$1,001 - $15,000",54
R,John Boozman,Senate,GOOGL,P,2025-05-20,2025-07-09,Joint,"$1,001 - $15,000",50
R,John Boozman,Senate,UNH,S,2025-06-11,2025-07-09,Joint,"$1,001 - $15,000",28
R,John Boozman,Senate,MU,S,2025-06-11,2025-07-09,Joint,"$1,001 - $15,000",28
R,John Boozman,Senate,TBLL,P,2025-06-11,2025-07-09,Joint,"$1,001 - $15,000",28
R,John Boozman,Senate,AVGO,P,2025-06-11,2025-07-09,Joint,"$1,001 - $15,000",28
D,John W Hickenlooper,Senate,CMG,S,2025-06-12,2025-07-07,Spouse,"$100,001 - $250,000",25
?,"A. Mitchell McConnell, Jr.",Senate,LAZR,S,2025-06-26,2025-07-07,Spouse,"$15,001 - $50,000",11
R,Shelley M Capito,Senate,UNH,S,2025-06-23,2025-07-04,Spouse,"$1,001 - $15,000",11
R,Shelley M Capito,Senate,ADI,S,2025-06-18,2025-07-04,Spouse,"$1,001 - $15,000",16
R,Shelley M Capito,Senate,WFC,S,2025-06-18,2025-07-04,Spouse,"$1,001 - $15,000",16
R,Shelley M Capito,Senate,MSFT,S,2025-06-18,2025-07-04,Spouse,"$1,001 - $15,000",16
R,Shelley M Capito,Senate,XOM,S,2025-06-18,2025-07-04,Spouse,"$1,001 - $15,000",16
R,Shelley M Capito,Senate,C,S,2025-06-18,2025-07-04,Spouse,"$1,001 - $15,000",16
D,Ron L Wyden,Senate,PFE,S,2025-06-03,2025-07-02,Spouse,"$1,001 - $15,000",29
?,"A. Mitchell McConnell, Jr.",Senate,WFC,P,2025-06-01,2025-06-19,Spouse,"$1,001 - $15,000",18
?,"Jerry Moran,",Senate,GOOG,P,2025-05-08,2025-06-18,Spouse,"$1,001 - $15,000",41
R,John Boozman,Senate,VLO,S,2025-05-13,2025-06-14,Joint,"$1,001 - $15,000",32
R,John Boozman,Senate,NRG,S,2025-05-20,2025-06-14,Joint,"$1,001 - $15,000",25
R,John Boozman,Senate,LOW,S,2025-05-20,2025-06-14,Joint,"$1,001 - $15,000",25
R,John Boozman,Senate,TBLL,S,2025-05-16,2025-06-14,Joint,"$1,001 - $15,000",29
R,John Boozman,Senate,GD,S,2025-05-20,2025-06-14,Joint,"$1,001 - $15,000",25
R,John Boozman,Senate,FBIN,S,2025-05-30,2025-06-14,Joint,"$1,001 - $15,000",15
R,John Boozman,Senate,DTE,S,2025-05-20,2025-06-14,Joint,"$1,001 - $15,000",25
R,John Boozman,Senate,RTX,P,2025-05-30,2025-06-14,Joint,"$1,001 - $15,000",15
R,John Boozman,Senate,NVDA,P,2025-05-13,2025-06-14,Joint,"$1,001 - $15,000",32
R,John Boozman,Senate,META,P,2025-05-30,2025-06-14,Joint,"$1,001 - $15,000",15
R,John Boozman,Senate,META,P,2025-05-16,2025-06-14,Joint,"$1,001 - $15,000",29
R,John Boozman,Senate,HD,P,2025-05-20,2025-06-14,Joint,"$1,001 - $15,000",25
R,John Boozman,Senate,HD,P,2025-05-16,2025-06-14,Joint,"$1,001 - $15,000",29
R,John Boozman,Senate,ATO,P,2025-05-20,2025-06-14,Joint,"$1,001 - $15,000",25
R,John Boozman,Senate,AMZN,P,2025-05-16,2025-06-14,Joint,"$1,001 - $15,000",29
R,John Boozman,Senate,GOOGL,P,2025-05-20,2025-06-14,Joint,"$1,001 - $15,000",25
R,Shelley M Capito,Senate,GOOGL,P,2025-05-08,2025-06-13,Spouse,"$1,001 - $15,000",36
D,John W Hickenlooper,Senate,LBRDK,P,2025-05-19,2025-06-13,Spouse,"$250,001 - $500,000",25
R,Markwayne Mullin,Senate,ADBE,P,2025-05-13,2025-06-11,Joint,"$15,001 - $50,000",29
R,Markwayne Mullin,Senate,AMAT,P,2025-05-13,2025-06-11,Joint,"$15,001 - $50,000",29
R,Markwayne Mullin,Senate,CSX,P,2025-05-13,2025-06-11,Joint,"$15,001 - $50,000",29
R,Markwayne Mullin,Senate,CVX,P,2025-05-13,2025-06-11,Joint,"$50,001 - $100,000",29
R,Markwayne Mullin,Senate,COP,P,2025-05-13,2025-06-11,Joint,"$15,001 - $50,000",29
R,Markwayne Mullin,Senate,LPLA,P,2025-05-13,2025-06-11,Joint,"$15,001 - $50,000",29
R,Markwayne Mullin,Senate,LHX,P,2025-05-13,2025-06-11,Joint,"$15,001 - $50,000",29
R,Markwayne Mullin,Senate,LRCX,P,2025-05-13,2025-06-11,Joint,"$15,001 - $50,000",29
R,Markwayne Mullin,Senate,SPY,S,2025-05-13,2025-06-11,Joint,"$500,001 - $1,000,000",29
R,Markwayne Mullin,Senate,TXN,P,2025-05-13,2025-06-11,Joint,"$15,001 - $50,000",29
R,Markwayne Mullin,Senate,TMO,P,2025-05-13,2025-06-11,Joint,"$15,001 - $50,000",29
R,Markwayne Mullin,Senate,VLO,P,2025-05-13,2025-06-11,Joint,"$50,001 - $100,000",29
R,Markwayne Mullin,Senate,ZTS,P,2025-05-13,2025-06-11,Joint,"$50,001 - $100,000",29
D,John Fetterman,Senate,GOOG,P,2025-05-15,2025-06-09,Child,"$1,001 - $15,000",25
R,David H McCormick,Senate,IJR,S,2025-05-06,2025-06-04,Self,"$1,001 - $15,000",29
D,John W Hickenlooper,Senate,LBRDK,S,2025-05-09,2025-05-26,Spouse,"$250,001 - $500,000",17
D,John W Hickenlooper,Senate,LBRDK,P,2025-05-09,2025-05-26,Spouse,"$250,001 - $500,000",17
D,John W Hickenlooper,Senate,FWONK,S,2025-05-09,2025-05-26,Spouse,"$15,001 - $50,000",17
D,John W Hickenlooper,Senate,FWONK,P,2025-05-09,2025-05-26,Spouse,"$100,001 - $250,000",17
D,John W Hickenlooper,Senate,SIRI,S,2025-04-25,2025-05-26,Spouse,"$50,001 - $100,000",31
R,Thomas H Tuberville,Senate,BMY,S,2025-04-15,2025-05-15,Self,"$1,001 - $15,000",30
R,Thomas H Tuberville,Senate,PYPL,S,2025-04-15,2025-05-15,Self,"$15,001 - $50,000",30
R,Thomas H Tuberville,Senate,USIG,P,2025-04-15,2025-05-15,Self,"$50,001 - $100,000",30
R,Thomas H Tuberville,Senate,JPM,S,2025-04-15,2025-05-15,Joint,"$15,001 - $50,000",30
R,Thomas H Tuberville,Senate,GOOGL,S,2025-04-15,2025-05-15,Joint,"$15,001 - $50,000",30
R,Thomas H Tuberville,Senate,AMGN,S,2025-04-15,2025-05-15,Joint,"$15,001 - $50,000",30
R,Thomas H Tuberville,Senate,AAPL,S,2025-04-15,2025-05-15,Joint,"$15,001 - $50,000",30
R,Thomas H Tuberville,Senate,ADM,S,2025-04-15,2025-05-15,Joint,"$15,001 - $50,000",30
R,Thomas H Tuberville,Senate,CSX,S,2025-04-15,2025-05-15,Joint,"$15,001 - $50,000",30
R,Thomas H Tuberville,Senate,STZ,S,2025-04-15,2025-05-15,Joint,"$15,001 - $50,000",30
R,Thomas H Tuberville,Senate,DUK,S,2025-04-15,2025-05-15,Joint,"$15,001 - $50,000",30
R,Thomas H Tuberville,Senate,GS,S,2025-04-15,2025-05-15,Joint,"$15,001 - $50,000",30
R,Thomas H Tuberville,Senate,LLY,S,2025-04-15,2025-05-15,Joint,"$15,001 - $50,000",30
R,Thomas H Tuberville,Senate,MA,S,2025-04-15,2025-05-15,Joint,"$15,001 - $50,000",30
R,Thomas H Tuberville,Senate,MSFT,S,2025-04-15,2025-05-15,Joint,"$15,001 - $50,000",30
R,John Boozman,Senate,CRM,S,2025-04-22,2025-05-14,Joint,"$1,001 - $15,000",22
R,John Boozman,Senate,LRCX,S,2025-04-16,2025-05-14,Joint,"$1,001 - $15,000",28
R,John Boozman,Senate,JPM,S,2025-04-08,2025-05-14,Joint,"$1,001 - $15,000",36
R,John Boozman,Senate,IVW,S,2025-04-08,2025-05-14,Joint,"$1,001 - $15,000",36
R,John Boozman,Senate,SHY,S,2025-04-09,2025-05-14,Joint,"$1,001 - $15,000",35
R,John Boozman,Senate,GILD,S,2025-04-16,2025-05-14,Joint,"$1,001 - $15,000",28
R,John Boozman,Senate,BAC,S,2025-04-15,2025-05-14,Joint,"$1,001 - $15,000",29
R,John Boozman,Senate,AMAT,S,2025-04-16,2025-05-14,Joint,"$1,001 - $15,000",28
R,John Boozman,Senate,UNH,P,2025-04-16,2025-05-14,Joint,"$1,001 - $15,000",28
R,John Boozman,Senate,ORCL,P,2025-04-16,2025-05-14,Joint,"$1,001 - $15,000",28
R,John Boozman,Senate,MSFT,P,2025-04-22,2025-05-14,Joint,"$1,001 - $15,000",22
R,John Boozman,Senate,MSFT,P,2025-04-16,2025-05-14,Joint,"$1,001 - $15,000",28
R,John Boozman,Senate,META,P,2025-04-15,2025-05-14,Joint,"$1,001 - $15,000",29
R,John Boozman,Senate,HYG,P,2025-04-09,2025-05-14,Joint,"$1,001 - $15,000",35
R,John Boozman,Senate,FTGC,P,2025-04-08,2025-05-14,Joint,"$1,001 - $15,000",36
R,John Boozman,Senate,AVGO,P,2025-04-08,2025-05-14,Joint,"$1,001 - $15,000",36
D,Sheldon Whitehouse,Senate,HON,S,2025-04-03,2025-05-13,Spouse,"$15,001 - $50,000",40
D,Sheldon Whitehouse,Senate,SBUX,S,2025-04-11,2025-05-13,Spouse,"$1,001 - $15,000",32
D,Sheldon Whitehouse,Senate,NVDA,S,2025-04-14,2025-05-13,Spouse,"$15,001 - $50,000",29
D,Sheldon Whitehouse,Senate,AAPL,S,2025-04-14,2025-05-13,Self,"$15,001 - $50,000",29
D,Sheldon Whitehouse,Senate,SBUX,S,2025-04-14,2025-05-13,Self,"$15,001 - $50,000",29
D,Sheldon Whitehouse,Senate,EL,S,2025-04-29,2025-05-13,Self,"$1,001 - $15,000",14
R,Markwayne Mullin,Senate,COP,S,2025-04-08,2025-05-12,Joint,"$15,001 - $50,000",34
R,Markwayne Mullin,Senate,TMO,S,2025-04-08,2025-05-12,Joint,"$50,001 - $100,000",34
R,Markwayne Mullin,Senate,TXN,S,2025-04-08,2025-05-12,Joint,"$15,001 - $50,000",34
R,Markwayne Mullin,Senate,VLO,S,2025-04-08,2025-05-12,Joint,"$50,001 - $100,000",34
R,Markwayne Mullin,Senate,ZTS,S,2025-04-08,2025-05-12,Joint,"$15,001 - $50,000",34
R,Markwayne Mullin,Senate,CVX,S,2025-04-08,2025-05-12,Joint,"$15,001 - $50,000",34
R,Markwayne Mullin,Senate,LRCX,S,2025-04-08,2025-05-12,Joint,"$50,001 - $100,000",34
R,Markwayne Mullin,Senate,ADBE,S,2025-04-08,2025-05-12,Joint,"$15,001 - $50,000",34
R,Markwayne Mullin,Senate,AMAT,S,2025-04-08,2025-05-12,Joint,"$50,001 - $100,000",34
R,Markwayne Mullin,Senate,CSX,S,2025-04-08,2025-05-12,Joint,"$15,001 - $50,000",34
R,Shelley M Capito,Senate,GOOGL,P,2025-04-29,2025-05-07,Spouse,"$1,001 - $15,000",8
R,Shelley M Capito,Senate,TGT,S,2025-04-11,2025-05-07,Spouse,"$1,001 - $15,000",26
R,Shelley M Capito,Senate,NKE,S,2025-04-10,2025-05-07,Spouse,"$1,001 - $15,000",27
R,David H McCormick,Senate,BITB,P,2025-04-09,2025-04-30,Self,"$15,001 - $50,000",21
R,David H McCormick,Senate,BITB,P,2025-04-07,2025-04-30,Self,"$15,001 - $50,000",23
R,David H McCormick,Senate,BITB,P,2025-04-03,2025-04-30,Self,"$15,001 - $50,000",27
R,David H McCormick,Senate,BITB,P,2025-04-02,2025-04-30,Self,"$15,001 - $50,000",28
R,David H McCormick,Senate,BITB,P,2025-03-31,2025-04-30,Self,"$15,001 - $50,000",30
R,Bernie Moreno,Senate,BEEP,S,2025-03-17,2025-04-30,Self,"$15,001 - $50,000",44
R,David H McCormick,Senate,BITB,P,2025-03-27,2025-04-23,Self,"$50,001 - $100,000",27
R,David H McCormick,Senate,BITB,P,2025-03-25,2025-04-23,Self,"$50,001 - $100,000",29
R,David H McCormick,Senate,BITB,P,2025-03-24,2025-04-23,Self,"$15,001 - $50,000",30
D,John W Hickenlooper,Senate,FWONK,S,2025-03-18,2025-04-21,Spouse,"$50,001 - $100,000",34
R,John Boozman,Senate,IVW,S,2025-03-19,2025-04-20,Joint,"$1,001 - $15,000",32
R,John Boozman,Senate,DTE,S,2025-03-19,2025-04-20,Joint,"$1,001 - $15,000",32
R,John Boozman,Senate,TBLL,P,2025-03-19,2025-04-20,Joint,"$1,001 - $15,000",32
R,John Boozman,Senate,TBLL,P,2025-03-05,2025-04-20,Joint,"$1,001 - $15,000",46
R,John Boozman,Senate,AMAT,P,2025-03-19,2025-04-20,Joint,"$1,001 - $15,000",32
R,Markwayne Mullin,Senate,COF,P,2025-03-19,2025-04-13,Joint,"$15,001 - $50,000",25
R,Shelley M Capito,Senate,META,P,2025-03-26,2025-04-10,Spouse,"$1,001 - $15,000",15
R,Shelley M Capito,Senate,CEG,P,2025-03-26,2025-04-10,Spouse,"$1,001 - $15,000",15
R,David H McCormick,Senate,GS,S,2025-02-28,2025-03-29,Spouse,"$1,000,001 - $5,000,000",29
R,David H McCormick,Senate,BITB,P,2025-03-20,2025-03-29,Self,"$50,001 - $100,000",9
R,David H McCormick,Senate,BITB,P,2025-03-13,2025-03-29,Self,"$15,001 - $50,000",16
R,David H McCormick,Senate,BITB,P,2025-03-11,2025-03-29,Self,"$15,001 - $50,000",18
R,David H McCormick,Senate,BITB,P,2025-03-10,2025-03-29,Self,"$50,001 - $100,000",19
R,David H McCormick,Senate,BITB,P,2025-03-05,2025-03-29,Self,"$15,001 - $50,000",24
R,David H McCormick,Senate,BITB,P,2025-03-03,2025-03-29,Self,"$50,001 - $100,000",26
R,David H McCormick,Senate,BITB,P,2025-02-28,2025-03-29,Self,"$15,001 - $50,000",29
R,David H McCormick,Senate,BITB,P,2025-02-27,2025-03-29,Self,"$50,001 - $100,000",30
D,Tina Smith,Senate,PEP,S,2025-02-11,2025-03-19,Spouse,"$100,001 - $250,000",36
D,Tina Smith,Senate,GIS,S,2025-02-11,2025-03-19,Spouse,"$100,001 - $250,000",36
R,David H McCormick,Senate,BITB,P,2025-02-26,2025-03-19,Self,"$15,001 - $50,000",21
R,David H McCormick,Senate,BITB,P,2025-02-25,2025-03-19,Self,"$50,001 - $100,000",22
?,"A. Mitchell McConnell, Jr.",Senate,WFC,P,2025-03-03,2025-03-12,Spouse,"$1,001 - $15,000",9
R,John Boozman,Senate,QSR,S,2025-02-04,2025-03-06,Joint,"$1,001 - $15,000",30
R,John Boozman,Senate,PFE,S,2025-02-13,2025-03-06,Joint,"$1,001 - $15,000",21
R,John Boozman,Senate,LRCX,S,2025-02-05,2025-03-06,Joint,"$1,001 - $15,000",29
R,John Boozman,Senate,JPM,S,2025-02-05,2025-03-06,Joint,"$1,001 - $15,000",29
R,John Boozman,Senate,IVW,S,2025-02-26,2025-03-06,Joint,"$1,001 - $15,000",8
R,John Boozman,Senate,IVW,S,2025-02-14,2025-03-06,Joint,"$1,001 - $15,000",20
R,John Boozman,Senate,FTGC,S,2025-02-26,2025-03-06,Joint,"$1,001 - $15,000",8
R,John Boozman,Senate,EMLP,S,2025-02-26,2025-03-06,Joint,"$1,001 - $15,000",8
R,John Boozman,Senate,DIS,S,2025-02-13,2025-03-06,Joint,"$1,001 - $15,000",21
R,John Boozman,Senate,BAC,S,2025-02-05,2025-03-06,Joint,"$1,001 - $15,000",29
R,John Boozman,Senate,URNM,P,2025-02-25,2025-03-06,Joint,"$1,001 - $15,000",9
R,John Boozman,Senate,LITP,P,2025-02-26,2025-03-06,Joint,"$1,001 - $15,000",8
R,John Boozman,Senate,NVDA,P,2025-02-26,2025-03-06,Joint,"$1,001 - $15,000",8
R,John Boozman,Senate,MSI,P,2025-02-26,2025-03-06,Joint,"$1,001 - $15,000",8
R,John Boozman,Senate,MSFT,P,2025-02-14,2025-03-06,Joint,"$1,001 - $15,000",20
R,John Boozman,Senate,MSFT,P,2025-02-05,2025-03-06,Joint,"$1,001 - $15,000",29
R,John Boozman,Senate,MA,P,2025-02-05,2025-03-06,Joint,"$1,001 - $15,000",29
R,John Boozman,Senate,TBLL,P,2025-02-26,2025-03-06,Joint,"$1,001 - $15,000",8
R,John Boozman,Senate,ECL,P,2025-02-26,2025-03-06,Joint,"$1,001 - $15,000",8
R,John Boozman,Senate,BSX,P,2025-02-13,2025-03-06,Joint,"$1,001 - $15,000",21
R,John Boozman,Senate,AXP,P,2025-02-26,2025-03-06,Joint,"$1,001 - $15,000",8
R,John Boozman,Senate,AXP,P,2025-02-05,2025-03-06,Joint,"$1,001 - $15,000",29
R,John Boozman,Senate,AMZN,P,2025-02-26,2025-03-06,Joint,"$1,001 - $15,000",8
R,John Boozman,Senate,AMZN,P,2025-02-04,2025-03-06,Joint,"$1,001 - $15,000",30
R,John Boozman,Senate,GOOGL,P,2025-02-13,2025-03-06,Joint,"$1,001 - $15,000",21
R,Shelley M Capito,Senate,CMCSA,S,2025-02-24,2025-03-06,Spouse,"$1,001 - $15,000",10
R,Shelley M Capito,Senate,ACN,S,2025-02-24,2025-03-06,Spouse,"$1,001 - $15,000",10
R,Shelley M Capito,Senate,ABT,S,2025-02-24,2025-03-06,Spouse,"$1,001 - $15,000",10
R,Shelley M Capito,Senate,AAPL,S,2025-02-05,2025-03-06,Spouse,"$1,001 - $15,000",29
R,Shelley M Capito,Senate,CEG,P,2025-02-04,2025-03-06,Spouse,"$1,001 - $15,000",30
R,Shelley M Capito,Senate,MSFT,S,2025-02-04,2025-03-06,Spouse,"$1,001 - $15,000",30
R,David H McCormick,Senate,BITB,P,2025-02-26,2025-03-05,Self,"$15,001 - $50,000",7
R,David H McCormick,Senate,BITB,P,2025-02-25,2025-03-05,Self,"$50,001 - $100,000",8
R,Markwayne Mullin,Senate,WAB,P,2025-02-03,2025-02-27,Joint,"$1,001 - $15,000",24
R,Markwayne Mullin,Senate,PRMB,P,2025-02-03,2025-02-27,Joint,"$1,001 - $15,000",24
R,Markwayne Mullin,Senate,MTZ,P,2025-02-03,2025-02-27,Joint,"$1,001 - $15,000",24
R,Markwayne Mullin,Senate,LRN,P,2025-02-03,2025-02-27,Joint,"$1,001 - $15,000",24
R,Markwayne Mullin,Senate,IRM,P,2025-02-03,2025-02-27,Joint,"$1,001 - $15,000",24
R,Markwayne Mullin,Senate,GS,P,2025-02-03,2025-02-27,Joint,"$1,001 - $15,000",24
R,Markwayne Mullin,Senate,DELL,P,2025-02-03,2025-02-27,Joint,"$1,001 - $15,000",24
R,Markwayne Mullin,Senate,CRDO,P,2025-02-03,2025-02-27,Joint,"$1,001 - $15,000",24
R,Markwayne Mullin,Senate,COHR,P,2025-02-03,2025-02-27,Joint,"$1,001 - $15,000",24
R,Markwayne Mullin,Senate,AIT,P,2025-02-03,2025-02-27,Joint,"$1,001 - $15,000",24
R,Markwayne Mullin,Senate,VAW,S,2025-02-13,2025-02-27,Joint,"$100,001 - $250,000",14
R,Markwayne Mullin,Senate,LHX,P,2025-02-13,2025-02-27,Joint,"$15,001 - $50,000",14
R,Markwayne Mullin,Senate,STZ,S,2025-02-13,2025-02-27,Joint,"$15,001 - $50,000",14
R,Markwayne Mullin,Senate,LPLA,P,2025-02-13,2025-02-27,Joint,"$50,001 - $100,000",14
R,Markwayne Mullin,Senate,ACN,P,2025-02-13,2025-02-27,Joint,"$50,001 - $100,000",14
R,Markwayne Mullin,Senate,IQV,P,2025-02-13,2025-02-27,Joint,"$15,001 - $50,000",14
R,Markwayne Mullin,Senate,TJX,P,2025-02-13,2025-02-27,Joint,"$15,001 - $50,000",14
R,Markwayne Mullin,Senate,AMD,S,2025-02-13,2025-02-27,Joint,"$50,001 - $100,000",14
R,Markwayne Mullin,Senate,MSFT,P,2025-02-13,2025-02-27,Joint,"$50,001 - $100,000",14
R,Markwayne Mullin,Senate,AMZN,P,2025-02-13,2025-02-27,Joint,"$15,001 - $50,000",14
R,Markwayne Mullin,Senate,DHR,S,2025-02-13,2025-02-27,Joint,"$15,001 - $50,000",14
R,Markwayne Mullin,Senate,HON,S,2025-02-13,2025-02-27,Joint,"$15,001 - $50,000",14
R,Markwayne Mullin,Senate,PM,P,2025-02-13,2025-02-27,Joint,"$15,001 - $50,000",14
R,Markwayne Mullin,Senate,BRK,S,2025-02-13,2025-02-27,Joint,"$15,001 - $50,000",14
R,Ashley Moody,Senate,MU,P,2025-01-22,2025-02-21,Self,"$50,001 - $100,000",30
R,Ashley Moody,Senate,AMAT,P,2025-01-22,2025-02-21,Self,"$100,001 - $250,000",30
R,Ashley Moody,Senate,HWM,P,2025-01-22,2025-02-21,Self,"$50,001 - $100,000",30
R,Ashley Moody,Senate,OKTA,S,2025-01-21,2025-02-21,Self,"$50,001 - $100,000",31
D,Ron L Wyden,Senate,IRBT,S,2025-02-06,2025-02-21,Spouse,"$1,001 - $15,000",15
D,Ron L Wyden,Senate,SOLV,S,2025-02-06,2025-02-21,Spouse,"$1,001 - $15,000",15
D,Ron L Wyden,Senate,LLY,S,2025-02-10,2025-02-21,Spouse,"$50,001 - $100,000",11
D,Ron L Wyden,Senate,LLY,P,2025-01-22,2025-02-21,Spouse,"$50,001 - $100,000",30
R,Thomas H Tuberville,Senate,TSCO,S,2025-01-10,2025-02-14,Joint,"$15,001 - $50,000",35
R,Thomas H Tuberville,Senate,CARR,S,2025-01-10,2025-02-14,Joint,"$1,001 - $15,000",35
R,Thomas H Tuberville,Senate,TXN,S,2025-01-10,2025-02-14,Joint,"$15,001 - $50,000",35
R,Thomas H Tuberville,Senate,DEO,S,2025-01-10,2025-02-14,Joint,"$15,001 - $50,000",35
R,Thomas H Tuberville,Senate,MSFT,S,2025-01-10,2025-02-14,Joint,"$15,001 - $50,000",35
R,Thomas H Tuberville,Senate,AAPL,S,2025-01-10,2025-02-14,Joint,"$15,001 - $50,000",35
R,Shelley M Capito,Senate,PSX,S,2025-01-17,2025-02-13,Spouse,"$1,001 - $15,000",27
R,Shelley M Capito,Senate,JPM,S,2025-01-17,2025-02-13,Spouse,"$1,001 - $15,000",27
R,Shelley M Capito,Senate,MSFT,S,2025-01-17,2025-02-13,Spouse,"$1,001 - $15,000",27
R,Shelley M Capito,Senate,LOW,S,2025-01-17,2025-02-13,Spouse,"$1,001 - $15,000",27
R,Shelley M Capito,Senate,ITW,S,2025-01-17,2025-02-13,Spouse,"$1,001 - $15,000",27
R,Shelley M Capito,Senate,GWW,S,2025-01-17,2025-02-13,Spouse,"$1,001 - $15,000",27
R,Shelley M Capito,Senate,CB,S,2025-01-17,2025-02-13,Spouse,"$1,001 - $15,000",27
R,Shelley M Capito,Senate,BLK,S,2025-01-17,2025-02-13,Spouse,"$1,001 - $15,000",27
R,Shelley M Capito,Senate,AAPL,S,2025-01-17,2025-02-13,Spouse,"$1,001 - $15,000",27
R,Shelley M Capito,Senate,AFL,S,2025-01-17,2025-02-13,Spouse,"$1,001 - $15,000",27
R,Shelley M Capito,Senate,MSFT,S,2025-01-03,2025-02-13,Spouse,"$1,001 - $15,000",41
R,David H McCormick,Senate,RUM,S,2025-01-16,2025-02-09,Self,"$1,000,001 - $5,000,000",24
R,John Boozman,Senate,SPY,S,2025-01-16,2025-02-08,Joint,"$1,001 - $15,000",23
R,John Boozman,Senate,IVW,S,2025-01-28,2025-02-08,Joint,"$1,001 - $15,000",11
R,John Boozman,Senate,QQQ,S,2025-01-14,2025-02-08,Joint,"$1,001 - $15,000",25
R,John Boozman,Senate,HPQ,S,2025-01-28,2025-02-08,Joint,"$1,001 - $15,000",11
R,John Boozman,Senate,EBAY,S,2025-01-14,2025-02-08,Joint,"$1,001 - $15,000",25
R,John Boozman,Senate,CSCO,S,2025-01-14,2025-02-08,Joint,"$1,001 - $15,000",25
R,John Boozman,Senate,CRM,P,2025-01-14,2025-02-08,Joint,"$1,001 - $15,000",25
R,John Boozman,Senate,NVDA,P,2025-01-14,2025-02-08,Joint,"$1,001 - $15,000",25
R,John Boozman,Senate,NRG,P,2025-01-28,2025-02-08,Joint,"$1,001 - $15,000",11
R,John Boozman,Senate,MA,P,2025-01-14,2025-02-08,Joint,"$1,001 - $15,000",25
R,John Boozman,Senate,TBLL,P,2025-01-28,2025-02-08,Joint,"$1,001 - $15,000",11
R,John Boozman,Senate,TBLL,P,2025-01-16,2025-02-08,Joint,"$1,001 - $15,000",23
R,Marco Rubio,Senate,CSCO,S,2025-01-07,2025-02-06,Self,"$1,001 - $15,000",30
R,Marco Rubio,Senate,KO,S,2025-01-07,2025-02-06,Self,"$1,001 - $15,000",30
R,Markwayne Mullin,Senate,ABT,S,2025-01-08,2025-01-31,Joint,"$1,001 - $15,000",23
R,Markwayne Mullin,Senate,IEFA,S,2025-01-08,2025-01-31,Joint,"$15,001 - $50,000",23
R,Markwayne Mullin,Senate,EZU,S,2025-01-08,2025-01-31,Joint,"$15,001 - $50,000",23
R,Markwayne Mullin,Senate,WAB,P,2025-01-02,2025-01-31,Spouse,"$15,001 - $50,000",29
R,Markwayne Mullin,Senate,PRMB,P,2025-01-02,2025-01-31,Spouse,"$15,001 - $50,000",29
R,Markwayne Mullin,Senate,MTZ,P,2025-01-02,2025-01-31,Spouse,"$15,001 - $50,000",29
R,Markwayne Mullin,Senate,LRN,P,2025-01-02,2025-01-31,Spouse,"$15,001 - $50,000",29
R,Markwayne Mullin,Senate,IRM,P,2025-01-02,2025-01-31,Spouse,"$15,001 - $50,000",29
R,Markwayne Mullin,Senate,GS,P,2025-01-02,2025-01-31,Spouse,"$15,001 - $50,000",29
R,Markwayne Mullin,Senate,DELL,P,2025-01-02,2025-01-31,Spouse,"$15,001 - $50,000",29
R,Markwayne Mullin,Senate,CRDO,P,2025-01-02,2025-01-31,Spouse,"$15,001 - $50,000",29
R,Markwayne Mullin,Senate,COHR,P,2025-01-02,2025-01-31,Spouse,"$15,001 - $50,000",29
R,Markwayne Mullin,Senate,AIT,P,2025-01-02,2025-01-31,Spouse,"$15,001 - $50,000",29
?,"Jerry Moran,",Senate,BRK.B,P,2024-12-16,2025-01-18,Self,"$1,001 - $15,000",33
R,John Boozman,Senate,AMAT,S,2024-12-23,2025-01-14,Joint,"$1,001 - $15,000",22
D,Sheldon Whitehouse,Senate,NVDA,S,2025-01-06,2025-01-08,Self,"$15,001 - $50,000",2
D,Sheldon Whitehouse,Senate,LRCX,S,2024-12-19,2025-01-08,Self,"$15,001 - $50,000",20
D,Sheldon Whitehouse,Senate,AAPL,S,2024-12-19,2025-01-08,Self,"$15,001 - $50,000",20
R,Shelley M Capito,Senate,GE,P,2024-12-27,2025-01-06,Spouse,"$1,001 - $15,000",10
R,Shelley M Capito,Senate,UNH,S,2024-12-20,2025-01-06,Spouse,"$1,001 - $15,000",17
R,Shelley M Capito,Senate,LOW,S,2024-12-13,2025-01-06,Spouse,"$1,001 - $15,000",24
R,Shelley M Capito,Senate,AVGO,P,2024-12-12,2025-01-06,Spouse,"$1,001 - $15,000",25
R,Shelley M Capito,Senate,MSFT,S,2024-12-16,2025-01-06,Spouse,"$1,001 - $15,000",21
?,"A. Mitchell McConnell, Jr.",Senate,WFC,P,2024-12-02,2025-01-04,Spouse,"$1,001 - $15,000",33
R,Markwayne Mullin,Senate,VNQ,P,2024-12-26,2025-01-03,Joint,"$1,001 - $15,000",8
R,Markwayne Mullin,Senate,PCLPX,P,2024-12-26,2025-01-03,Joint,"$250,001 - $500,000",8
R,Markwayne Mullin,Senate,CFSSX,P,2024-12-26,2025-01-03,Joint,"$100,001 - $250,000",8
R,Markwayne Mullin,Senate,GICIX,P,2024-12-26,2025-01-03,Joint,"$50,001 - $100,000",8
R,Markwayne Mullin,Senate,PDBC,S,2024-12-26,2025-01-03,Joint,"$250,001 - $500,000",8
R,Markwayne Mullin,Senate,IEMG,P,2024-12-26,2025-01-03,Joint,"$50,001 - $100,000",8
D,Thomas R Carper,Senate,AY,S,2024-12-13,2025-01-02,Spouse,"$1,001 - $15,000",20
R,Markwayne Mullin,Senate,LRN,P,2024-07-30,2024-12-31,Spouse,"$1,001 - $15,000",154
R,Markwayne Mullin,Senate,SFM,S,2024-12-18,2024-12-31,Spouse,"$15,001 - $50,000",13
R,Markwayne Mullin,Senate,OLLI,S,2024-12-18,2024-12-31,Spouse,"$15,001 - $50,000",13
R,Markwayne Mullin,Senate,LRN,S,2024-12-18,2024-12-31,Spouse,"$15,001 - $50,000",13
R,Markwayne Mullin,Senate,GS,S,2024-12-18,2024-12-31,Spouse,"$15,001 - $50,000",13
R,Markwayne Mullin,Senate,FRPT,S,2024-12-18,2024-12-31,Spouse,"$15,001 - $50,000",13
R,Markwayne Mullin,Senate,ETN,S,2024-12-18,2024-12-31,Spouse,"$15,001 - $50,000",13
R,Markwayne Mullin,Senate,ELF,S,2024-12-18,2024-12-31,Spouse,"$1,001 - $15,000",13
R,Markwayne Mullin,Senate,CYBR,S,2024-12-18,2024-12-31,Spouse,"$15,001 - $50,000",13
R,Markwayne Mullin,Senate,BMI,S,2024-12-18,2024-12-31,Spouse,"$15,001 - $50,000",13
R,Markwayne Mullin,Senate,AXON,S,2024-12-18,2024-12-31,Spouse,"$15,001 - $50,000",13
R,Markwayne Mullin,Senate,ABT,S,2024-12-11,2024-12-31,Joint,"$15,001 - $50,000",20
R,Markwayne Mullin,Senate,PEP,S,2024-12-11,2024-12-31,Joint,"$15,001 - $50,000",20
R,Markwayne Mullin,Senate,AMAT,P,2024-12-11,2024-12-31,Joint,"$15,001 - $50,000",20
?,"William F Hagerty, IV",Senate,EQC,S,2024-12-13,2024-12-30,Self,"$1,001 - $15,000",17
R,Markwayne Mullin,Senate,IEFA,P,2024-11-27,2024-12-19,Joint,"$100,001 - $250,000",22
R,Markwayne Mullin,Senate,IEMG,P,2024-11-27,2024-12-19,Joint,"$1,001 - $15,000",22
R,Markwayne Mullin,Senate,EZU,P,2024-11-27,2024-12-19,Joint,"$100,001 - $250,000",22
R,John Boozman,Senate,VWO,S,2024-11-20,2024-12-17,Joint,"$1,001 - $15,000",27
R,John Boozman,Senate,SWKS,S,2024-11-20,2024-12-17,Joint,"$1,001 - $15,000",27
R,John Boozman,Senate,BBEU,S,2024-11-20,2024-12-17,Joint,"$1,001 - $15,000",27
R,John Boozman,Senate,SPY,P,2024-11-13,2024-12-17,Joint,"$1,001 - $15,000",34
R,John Boozman,Senate,AAXJ,P,2024-11-20,2024-12-17,Joint,"$1,001 - $15,000",27
D,Sheldon Whitehouse,Senate,MET,S,2024-11-19,2024-12-05,Spouse,"$1,001 - $15,000",16
D,Sheldon Whitehouse,Senate,KVUE,S,2024-11-18,2024-12-05,Self,"$1,001 - $15,000",17
R,Markwayne Mullin,Senate,PCLPX,S,2024-11-12,2024-12-03,Joint,"$15,001 - $50,000",21
R,Markwayne Mullin,Senate,HIYS,P,2024-10-29,2024-12-03,Joint,"$250,001 - $500,000",35
D,Tina Smith,Senate,TCMD,P,2024-11-12,2024-11-21,Spouse,"$50,001 - $100,000",9
R,Thomas H Tuberville,Senate,ADBE,S,2024-10-29,2024-11-15,Joint,"$15,001 - $50,000",17
R,Thomas H Tuberville,Senate,AAPL,S,2024-10-29,2024-11-15,Joint,"$15,001 - $50,000",17
R,Thomas H Tuberville,Senate,CTVA,S,2024-10-29,2024-11-15,Joint,"$1,001 - $15,000",17
R,Thomas H Tuberville,Senate,HON,S,2024-10-29,2024-11-15,Joint,"$15,001 - $50,000",17
R,Thomas H Tuberville,Senate,JNJ,S,2024-10-29,2024-11-15,Joint,"$15,001 - $50,000",17
R,Thomas H Tuberville,Senate,KMB,S,2024-10-29,2024-11-15,Joint,"$15,001 - $50,000",17
R,Thomas H Tuberville,Senate,MCD,S,2024-10-29,2024-11-15,Joint,"$15,001 - $50,000",17
R,Thomas H Tuberville,Senate,MSFT,S,2024-10-29,2024-11-15,Joint,"$15,001 - $50,000",17
R,Thomas H Tuberville,Senate,OC,S,2024-10-29,2024-11-15,Joint,"$15,001 - $50,000",17
R,Thomas H Tuberville,Senate,TRV,S,2024-10-29,2024-11-15,Joint,"$15,001 - $50,000",17
D,Gary C Peters,Senate,LEG,S,2024-10-31,2024-11-14,Self,"$1,001 - $15,000",14
D,Gary C Peters,Senate,LW,S,2024-10-31,2024-11-14,Self,"$1,001 - $15,000",14
D,Gary C Peters,Senate,IVZ,S,2024-10-17,2024-11-14,Self,"$1,001 - $15,000",28
R,Shelley M Capito,Senate,CSL,P,2024-10-08,2024-11-12,Spouse,"$1,001 - $15,000",35
R,Markwayne Mullin,Senate,LRN,P,2024-07-30,2024-11-08,Self,"$1,001 - $15,000",101
D,Sheldon Whitehouse,Senate,KO,P,2024-10-08,2024-11-07,Self,"$1,001 - $15,000",30
D,Sheldon Whitehouse,Senate,TSLA,S,2024-10-28,2024-11-07,Spouse,"$100,001 - $250,000",10
D,Sheldon Whitehouse,Senate,CELH,S,2024-10-08,2024-11-07,Self,"$1,001 - $15,000",30
D,Sheldon Whitehouse,Senate,SBUX,S,2024-10-29,2024-11-07,Spouse,"$1,001 - $15,000",9
D,Sheldon Whitehouse,Senate,VZ,S,2024-10-29,2024-11-07,Spouse,"$1,001 - $15,000",9
D,Sheldon Whitehouse,Senate,MA,S,2024-10-29,2024-11-07,Spouse,"$1,001 - $15,000",9
D,Sheldon Whitehouse,Senate,DIS,S,2024-10-29,2024-11-07,Spouse,"$1,001 - $15,000",9
D,Sheldon Whitehouse,Senate,HON,S,2024-10-29,2024-11-07,Self,"$1,001 - $15,000",9
D,Sheldon Whitehouse,Senate,TSLA,S,2024-10-11,2024-11-07,Self,"$15,001 - $50,000",27
D,Sheldon Whitehouse,Senate,LLY,P,2024-10-30,2024-11-07,Self,"$15,001 - $50,000",8
R,John Boozman,Senate,FI,S,2024-09-26,2024-10-18,Joint,"$1,001 - $15,000",22
R,John Boozman,Senate,VEA,S,2024-09-09,2024-10-18,Joint,"$1,001 - $15,000",39
R,John Boozman,Senate,VNQI,S,2024-09-06,2024-10-18,Joint,"$1,001 - $15,000",42
R,John Boozman,Senate,MDY,S,2024-09-09,2024-10-18,Joint,"$1,001 - $15,000",39
R,John Boozman,Senate,TPYP,S,2024-09-06,2024-10-18,Joint,"$15,001 - $50,000",42
R,John Boozman,Senate,IVV,S,2024-10-06,2024-10-18,Joint,"$1,001 - $15,000",12
R,John Boozman,Senate,IWM,S,2024-10-09,2024-10-18,Joint,"$1,001 - $15,000",9
R,John Boozman,Senate,EFA,S,2024-09-09,2024-10-18,Joint,"$1,001 - $15,000",39
R,John Boozman,Senate,EMLP,S,2024-09-06,2024-10-18,Joint,"$1,001 - $15,000",42
R,John Boozman,Senate,WWSYX,S,2024-09-06,2024-10-18,Joint,"$1,001 - $15,000",42
R,John Boozman,Senate,SCHP,P,2024-09-06,2024-10-18,Joint,"$1,001 - $15,000",42
R,John Boozman,Senate,JMBS,P,2024-09-06,2024-10-18,Joint,"$1,001 - $15,000",42
R,John Boozman,Senate,IVV,P,2024-09-06,2024-10-18,Joint,"$1,001 - $15,000",42
R,John Boozman,Senate,IEF,P,2024-09-06,2024-10-18,Joint,"$1,001 - $15,000",42
R,John Boozman,Senate,SHY,P,2024-09-06,2024-10-18,Joint,"$1,001 - $15,000",42
R,John Boozman,Senate,TLH,P,2024-09-06,2024-10-18,Joint,"$1,001 - $15,000",42
R,John Boozman,Senate,CMBS,P,2024-09-06,2024-10-18,Joint,"$1,001 - $15,000",42
R,John Boozman,Senate,IEI,P,2024-09-06,2024-10-18,Joint,"$1,001 - $15,000",42
R,John Boozman,Senate,TLT,P,2024-09-06,2024-10-18,Joint,"$1,001 - $15,000",42
R,John Boozman,Senate,MBB,P,2024-09-06,2024-10-18,Joint,"$1,001 - $15,000",42
R,John Boozman,Senate,AGZ,P,2024-09-06,2024-10-18,Joint,"$1,001 - $15,000",42
R,John Boozman,Senate,TBLL,P,2024-09-06,2024-10-18,Joint,"$15,001 - $50,000",42
R,John Boozman,Senate,GIGB,P,2024-09-06,2024-10-18,Joint,"$1,001 - $15,000",42
R,John Boozman,Senate,FTGC,P,2024-09-06,2024-10-18,Joint,"$15,001 - $50,000",42
R,John Boozman,Senate,PPLT,P,2024-09-06,2024-10-18,Joint,"$1,001 - $15,000",42
R,John Boozman,Senate,PALL,P,2024-09-06,2024-10-18,Joint,"$1,001 - $15,000",42
D,John W Hickenlooper,Senate,LSXMK,S,2024-09-06,2024-10-15,Spouse,"$100,001 - $250,000",39
D,John W Hickenlooper,Senate,CMG,S,2024-09-12,2024-10-15,Spouse,"$100,001 - $250,000",33
D,Sheldon Whitehouse,Senate,AMGN,S,2024-09-17,2024-10-10,Self,"$1,001 - $15,000",23
R,Shelley M Capito,Senate,NSC,S,2024-09-25,2024-10-05,Spouse,"$1,001 - $15,000",10
R,Shelley M Capito,Senate,NKE,S,2024-09-20,2024-10-05,Spouse,"$1,001 - $15,000",15
R,Shelley M Capito,Senate,MSFT,S,2024-09-20,2024-10-05,Spouse,"$1,001 - $15,000",15
R,Shelley M Capito,Senate,GWW,S,2024-09-20,2024-10-05,Spouse,"$1,001 - $15,000",15
R,Shelley M Capito,Senate,AAPL,S,2024-09-20,2024-10-05,Spouse,"$1,001 - $15,000",15
R,Shelley M Capito,Senate,ACN,S,2024-09-20,2024-10-05,Spouse,"$1,001 - $15,000",15
R,Markwayne Mullin,Senate,EW,S,2024-08-20,2024-09-19,Joint,"$15,001 - $50,000",30
R,Markwayne Mullin,Senate,IQV,P,2024-08-20,2024-09-19,Joint,"$15,001 - $50,000",30
R,Markwayne Mullin,Senate,SBUX,S,2024-08-20,2024-09-19,Joint,"$15,001 - $50,000",30
R,Markwayne Mullin,Senate,TJX,P,2024-08-20,2024-09-19,Joint,"$15,001 - $50,000",30
D,John W Hickenlooper,Senate,BATRK,S,2024-08-30,2024-09-19,Spouse,"$50,001 - $100,000",20
D,John W Hickenlooper,Senate,BATRK,S,2024-08-28,2024-09-19,Spouse,"$250,001 - $500,000",22
D,John W Hickenlooper,Senate,BATRK,P,2024-08-28,2024-09-19,Spouse,"$100,001 - $250,000",22
?,"A. Mitchell McConnell, Jr.",Senate,WFC,P,2024-09-01,2024-09-16,Spouse,"$1,001 - $15,000",15
R,Susan M Collins,Senate,GL,S,2024-08-05,2024-09-13,Spouse,"$15,001 - $50,000",39
R,Thomas H Tuberville,Senate,AAPL,S,2024-08-26,2024-09-13,Self,"$15,001 - $50,000",18
R,Thomas H Tuberville,Senate,MDT,S,2024-08-26,2024-09-13,Joint,"$15,001 - $50,000",18
R,Thomas H Tuberville,Senate,CVS,S,2024-08-26,2024-09-13,Joint,"$1,001 - $15,000",18
R,Thomas H Tuberville,Senate,UPS,S,2024-08-26,2024-09-13,Joint,"$15,001 - $50,000",18
D,John W Hickenlooper,Senate,LINE,P,2024-07-25,2024-09-05,Spouse,"$50,001 - $100,000",42
R,Shelley M Capito,Senate,NKE,P,2024-08-28,2024-09-05,Spouse,"$1,001 - $15,000",8
R,Shelley M Capito,Senate,AVGO,P,2024-08-27,2024-09-05,Spouse,"$1,001 - $15,000",9
R,Shelley M Capito,Senate,NSC,S,2024-08-22,2024-09-05,Spouse,"$1,001 - $15,000",14
D,Sheldon Whitehouse,Senate,SNOW,S,2024-08-15,2024-09-04,Spouse,"$1,001 - $15,000",20
?,"Jerry Moran,",Senate,BRK.B,S,2024-07-29,2024-08-29,Spouse,"$1,001 - $15,000",31
D,Sheldon Whitehouse,Senate,JNJ,S,2024-07-03,2024-08-21,Spouse,"$15,001 - $50,000",49
D,Sheldon Whitehouse,Senate,CAG,S,2024-07-30,2024-08-21,Spouse,"$1,001 - $15,000",22
D,Sheldon Whitehouse,Senate,MCD,S,2024-07-03,2024-08-21,Self,"$1,001 - $15,000",49
D,Sheldon Whitehouse,Senate,DIS,S,2024-07-25,2024-08-21,Self,"$1,001 - $15,000",27
R,Shelley M Capito,Senate,AVGO,P,2024-07-01,2024-08-11,Spouse,"$1,001 - $15,000",41
R,Shelley M Capito,Senate,PEP,S,2024-07-25,2024-08-11,Spouse,"$1,001 - $15,000",17
R,Shelley M Capito,Senate,LOW,S,2024-07-25,2024-08-11,Spouse,"$1,001 - $15,000",17
R,Shelley M Capito,Senate,MSFT,S,2024-07-17,2024-08-11,Spouse,"$1,001 - $15,000",25
R,Shelley M Capito,Senate,XOM,S,2024-07-17,2024-08-11,Spouse,"$1,001 - $15,000",25
R,Shelley M Capito,Senate,C,S,2024-07-17,2024-08-11,Spouse,"$1,001 - $15,000",25
R,John Boozman,Senate,VEA,P,2024-07-18,2024-08-06,Joint,"$1,001 - $15,000",19
R,John Boozman,Senate,MSI,P,2024-07-26,2024-08-06,Joint,"$1,001 - $15,000",11
R,John Boozman,Senate,GOOGL,P,2024-07-26,2024-08-06,Joint,"$1,001 - $15,000",11
R,John Boozman,Senate,MDY,S,2024-07-18,2024-08-06,Joint,"$1,001 - $15,000",19
R,John Boozman,Senate,LRCX,S,2024-07-26,2024-08-06,Joint,"$1,001 - $15,000",11
D,Gary C Peters,Senate,OTIS,S,2024-07-17,2024-08-05,Self,"$1,001 - $15,000",19
R,Katie Britt,Senate,ONEW,S,2024-07-24,2024-07-29,Joint,"$1,001 - $15,000",5
D,Sheldon Whitehouse,Senate,GS,P,2024-06-27,2024-07-16,Self,"$1,001 - $15,000",19
D,Sheldon Whitehouse,Senate,HD,P,2024-06-13,2024-07-16,Self,"$1,001 - $15,000",33
D,Sheldon Whitehouse,Senate,MSFT,P,2024-06-13,2024-07-16,Self,"$1,001 - $15,000",33
R,Markwayne Mullin,Senate,IWB,S,2024-06-12,2024-07-12,Joint,"$50,001 - $100,000",30
R,Markwayne Mullin,Senate,CMCSA,S,2024-06-12,2024-07-12,Joint,"$15,001 - $50,000",30
R,Markwayne Mullin,Senate,PH,P,2024-06-12,2024-07-12,Joint,"$15,001 - $50,000",30
R,Markwayne Mullin,Senate,NKE,S,2024-06-12,2024-07-12,Joint,"$15,001 - $50,000",30
R,Markwayne Mullin,Senate,IWB,S,2024-06-13,2024-07-12,Joint,"$500,001 - $1,000,000",29
R,Shelley M Capito,Senate,APD,S,2024-06-27,2024-07-11,Spouse,"$1,001 - $15,000",14
R,John Boozman,Senate,MDY,S,2024-06-04,2024-07-11,Joint,"$1,001 - $15,000",37
R,John Boozman,Senate,NMVZX,S,2024-06-24,2024-07-11,Joint,"$1,001 - $15,000",17
R,John Boozman,Senate,IVV,S,2024-07-04,2024-07-11,Joint,"$1,001 - $15,000",7
R,John Boozman,Senate,EFA,S,2024-06-04,2024-07-11,Joint,"$15,001 - $50,000",37
R,John Boozman,Senate,IEF,S,2024-06-26,2024-07-11,Joint,"$1,001 - $15,000",15
R,John Boozman,Senate,SHY,S,2024-06-26,2024-07-11,Joint,"$1,001 - $15,000",15
R,John Boozman,Senate,CMCSA,S,2024-06-20,2024-07-11,Joint,"$1,001 - $15,000",21
R,John Boozman,Senate,VEA,P,2024-06-04,2024-07-11,Joint,"$15,001 - $50,000",37
R,John Boozman,Senate,DALCX,P,2024-06-24,2024-07-11,Joint,"$1,001 - $15,000",17
R,John Boozman,Senate,SPY,P,2024-06-04,2024-07-11,Joint,"$1,001 - $15,000",37
R,John Boozman,Senate,SCHP,P,2024-06-26,2024-07-11,Joint,"$1,001 - $15,000",15
R,John Boozman,Senate,MSFT,P,2024-06-20,2024-07-11,Joint,"$1,001 - $15,000",21
R,John Boozman,Senate,NMVZX,P,2024-06-04,2024-07-11,Joint,"$1,001 - $15,000",37
R,John Boozman,Senate,JMBS,P,2024-06-26,2024-07-11,Joint,"$1,001 - $15,000",15
R,John Boozman,Senate,TLH,P,2024-06-26,2024-07-11,Joint,"$1,001 - $15,000",15
R,John Boozman,Senate,GEM,P,2024-06-04,2024-07-11,Joint,"$1,001 - $15,000",37
R,Thomas H Tuberville,Senate,ARKK,P,2024-05-07,2024-06-14,Joint,"$1,001 - $15,000",38
R,Thomas H Tuberville,Senate,ARKK,P,2024-05-10,2024-06-14,Joint,"$1,001 - $15,000",35
R,Thomas H Tuberville,Senate,XBI,P,2024-05-08,2024-06-14,Joint,"$1,001 - $15,000",37
R,Thomas H Tuberville,Senate,INTC,S,2024-05-13,2024-06-14,Joint,"$100,001 - $250,000",32
R,Thomas H Tuberville,Senate,CLF,S,2024-05-13,2024-06-14,Joint,"$100,001 - $250,000",32
R,Thomas H Tuberville,Senate,CLF,P,2024-05-10,2024-06-14,Joint,"$1,001 - $15,000",35
R,Thomas H Tuberville,Senate,GILD,P,2024-05-10,2024-06-14,Joint,"$1,001 - $15,000",35
R,Thomas H Tuberville,Senate,PARA,S,2024-05-10,2024-06-14,Joint,"$100,001 - $250,000",35
R,Thomas H Tuberville,Senate,INTC,S,2024-05-10,2024-06-14,Joint,"$100,001 - $250,000",35
R,Thomas H Tuberville,Senate,CLF,S,2024-05-10,2024-06-14,Joint,"$1,001 - $15,000",35
R,Thomas H Tuberville,Senate,KEY,P,2024-05-09,2024-06-14,Joint,"$1,001 - $15,000",36
R,Thomas H Tuberville,Senate,INTC,P,2024-05-09,2024-06-14,Joint,"$50,001 - $100,000",36
R,Thomas H Tuberville,Senate,GOLD,P,2024-05-08,2024-06-14,Joint,"$1,001 - $15,000",37
R,Thomas H Tuberville,Senate,ADBE,P,2024-05-08,2024-06-14,Joint,"$15,001 - $50,000",37
R,Thomas H Tuberville,Senate,SWKS,S,2024-05-08,2024-06-14,Joint,"$1,001 - $15,000",37
R,Thomas H Tuberville,Senate,INTC,P,2024-05-08,2024-06-14,Joint,"$100,001 - $250,000",37
R,Thomas H Tuberville,Senate,GILD,S,2024-05-08,2024-06-14,Joint,"$1,001 - $15,000",37
R,Thomas H Tuberville,Senate,FITB,P,2024-05-07,2024-06-14,Joint,"$1,001 - $15,000",38
R,Thomas H Tuberville,Senate,GOLD,P,2024-05-07,2024-06-14,Joint,"$1,001 - $15,000",38
R,Thomas H Tuberville,Senate,CLF,P,2024-05-07,2024-06-14,Joint,"$1,001 - $15,000",38
R,Thomas H Tuberville,Senate,CVX,P,2024-05-07,2024-06-14,Joint,"$1,001 - $15,000",38
R,Thomas H Tuberville,Senate,CCJ,P,2024-05-07,2024-06-14,Joint,"$1,001 - $15,000",38
R,Thomas H Tuberville,Senate,LSCC,S,2024-05-07,2024-06-14,Joint,"$1,001 - $15,000",38
R,Thomas H Tuberville,Senate,INTC,P,2024-05-07,2024-06-14,Joint,"$100,001 - $250,000",38
R,Thomas H Tuberville,Senate,FITB,S,2024-05-07,2024-06-14,Joint,"$15,001 - $50,000",38
R,Thomas H Tuberville,Senate,GOLD,S,2024-05-07,2024-06-14,Joint,"$100,001 - $250,000",38
R,Thomas H Tuberville,Senate,WMS,S,2024-05-07,2024-06-14,Joint,"$1,001 - $15,000",38
R,Thomas H Tuberville,Senate,WAT,S,2024-05-03,2024-06-14,Joint,"$1,001 - $15,000",42
R,Thomas H Tuberville,Senate,V,S,2024-05-03,2024-06-14,Joint,"$1,001 - $15,000",42
R,Thomas H Tuberville,Senate,VRTX,S,2024-05-03,2024-06-14,Joint,"$1,001 - $15,000",42
R,Thomas H Tuberville,Senate,VRSK,S,2024-05-03,2024-06-14,Joint,"$1,001 - $15,000",42
R,Thomas H Tuberville,Senate,UI,S,2024-05-03,2024-06-14,Joint,"$1,001 - $15,000",42
R,Thomas H Tuberville,Senate,TER,S,2024-05-03,2024-06-14,Joint,"$1,001 - $15,000",42
R,Thomas H Tuberville,Senate,TEL,S,2024-05-03,2024-06-14,Joint,"$1,001 - $15,000",42
R,Thomas H Tuberville,Senate,SNPS,S,2024-05-03,2024-06-14,Joint,"$1,001 - $15,000",42
R,Thomas H Tuberville,Senate,SOLV,P,2024-05-03,2024-06-14,Joint,"$1,001 - $15,000",42
R,Thomas H Tuberville,Senate,RMD,S,2024-05-03,2024-06-14,Joint,"$1,001 - $15,000",42
R,Thomas H Tuberville,Senate,RELX,S,2024-05-03,2024-06-14,Joint,"$1,001 - $15,000",42
R,Thomas H Tuberville,Senate,QLYS,S,2024-05-03,2024-06-14,Joint,"$1,001 - $15,000",42
R,Thomas H Tuberville,Senate,PG,S,2024-05-03,2024-06-14,Joint,"$1,001 - $15,000",42
R,Thomas H Tuberville,Senate,PFE,S,2024-05-03,2024-06-14,Joint,"$15,001 - $50,000",42
R,Thomas H Tuberville,Senate,PEP,S,2024-05-03,2024-06-14,Joint,"$1,001 - $15,000",42
R,Thomas H Tuberville,Senate,PYPL,S,2024-05-03,2024-06-14,Joint,"$100,001 - $250,000",42
R,Thomas H Tuberville,Senate,PAYX,S,2024-05-03,2024-06-14,Joint,"$1,001 - $15,000",42
R,Thomas H Tuberville,Senate,ODFL,S,2024-05-03,2024-06-14,Joint,"$1,001 - $15,000",42
R,Thomas H Tuberville,Senate,NDSN,S,2024-05-03,2024-06-14,Joint,"$1,001 - $15,000",42
R,Thomas H Tuberville,Senate,NXPI,S,2024-05-03,2024-06-14,Joint,"$1,001 - $15,000",42
R,Thomas H Tuberville,Senate,NFLX,S,2024-05-03,2024-06-14,Joint,"$1,001 - $15,000",42
R,Thomas H Tuberville,Senate,MSI,S,2024-05-03,2024-06-14,Joint,"$1,001 - $15,000",42
R,Thomas H Tuberville,Senate,MCO,S,2024-05-03,2024-06-14,Joint,"$1,001 - $15,000",42
R,Thomas H Tuberville,Senate,MPWR,S,2024-05-03,2024-06-14,Joint,"$1,001 - $15,000",42
R,Thomas H Tuberville,Senate,MA,S,2024-05-03,2024-06-14,Joint,"$1,001 - $15,000",42
R,Thomas H Tuberville,Senate,LULU,S,2024-05-03,2024-06-14,Joint,"$1,001 - $15,000",42
R,Thomas H Tuberville,Senate,KLAC,S,2024-05-03,2024-06-14,Joint,"$1,001 - $15,000",42
R,Thomas H Tuberville,Senate,INFY,S,2024-05-03,2024-06-14,Joint,"$1,001 - $15,000",42
R,Thomas H Tuberville,Senate,ITW,S,2024-05-03,2024-06-14,Joint,"$1,001 - $15,000",42
R,Thomas H Tuberville,Senate,HUMA,S,2024-05-03,2024-06-14,Joint,"$1,001 - $15,000",42
R,Thomas H Tuberville,Senate,HSY,S,2024-05-03,2024-06-14,Joint,"$1,001 - $15,000",42
R,Thomas H Tuberville,Senate,JKHY,S,2024-05-03,2024-06-14,Joint,"$1,001 - $15,000",42
R,Thomas H Tuberville,Senate,GGG,S,2024-05-03,2024-06-14,Joint,"$1,001 - $15,000",42
R,Thomas H Tuberville,Senate,GRMN,S,2024-05-03,2024-06-14,Joint,"$1,001 - $15,000",42
R,Thomas H Tuberville,Senate,GLPI,S,2024-05-03,2024-06-14,Joint,"$1,001 - $15,000",42
R,Thomas H Tuberville,Senate,FDS,S,2024-05-03,2024-06-14,Joint,"$1,001 - $15,000",42
R,Thomas H Tuberville,Senate,ELS,S,2024-05-03,2024-06-14,Joint,"$1,001 - $15,000",42
R,Thomas H Tuberville,Senate,DECK,S,2024-05-03,2024-06-14,Joint,"$1,001 - $15,000",42
R,Thomas H Tuberville,Senate,CPRT,S,2024-05-03,2024-06-14,Joint,"$1,001 - $15,000",42
R,Thomas H Tuberville,Senate,CBSH,S,2024-05-03,2024-06-14,Joint,"$1,001 - $15,000",42
R,Thomas H Tuberville,Senate,CTAS,S,2024-05-03,2024-06-14,Joint,"$1,001 - $15,000",42
R,Thomas H Tuberville,Senate,CDNS,S,2024-05-03,2024-06-14,Joint,"$1,001 - $15,000",42
R,Thomas H Tuberville,Senate,DOW,S,2024-05-03,2024-06-14,Joint,"$1,001 - $15,000",42
R,Thomas H Tuberville,Senate,BRO,S,2024-05-03,2024-06-14,Joint,"$1,001 - $15,000",42
R,Thomas H Tuberville,Senate,ASML,S,2024-05-03,2024-06-14,Joint,"$15,001 - $50,000",42
R,Thomas H Tuberville,Senate,A,S,2024-05-03,2024-06-14,Joint,"$1,001 - $15,000",42
?,"A. Mitchell McConnell, Jr.",Senate,WFC,P,2024-06-04,2024-06-13,Spouse,"$1,001 - $15,000",9
D,John W Hickenlooper,Senate,FWONK,S,2024-06-03,2024-06-10,Spouse,"$100,001 - $250,000",7
D,John W Hickenlooper,Senate,FWONK,P,2024-06-03,2024-06-10,Spouse,"$100,001 - $250,000",7
D,John W Hickenlooper,Senate,FWONK,S,2024-05-20,2024-06-10,Spouse,"$250,001 - $500,000",21
D,John W Hickenlooper,Senate,FWONK,P,2024-05-20,2024-06-10,Spouse,"$100,001 - $250,000",21
R,Markwayne Mullin,Senate,IWB,S,2024-05-08,2024-06-07,Joint,"$100,001 - $250,000",30
D,Sheldon Whitehouse,Senate,CCI,P,2024-05-10,2024-06-06,Self,"$1,001 - $15,000",27
D,Sheldon Whitehouse,Senate,DEO,S,2024-05-08,2024-06-06,Self,"$15,001 - $50,000",29
R,John Boozman,Senate,GIGB,P,2024-05-31,2024-06-05,Joint,"$1,001 - $15,000",5
R,John Boozman,Senate,IVW,S,2024-05-31,2024-06-05,Joint,"$1,001 - $15,000",5
R,John Boozman,Senate,EFA,S,2024-05-31,2024-06-05,Joint,"$1,001 - $15,000",5
D,Thomas R Carper,Senate,TGT,P,2024-05-22,2024-06-03,Spouse,"$1,001 - $15,000",12
D,Thomas R Carper,Senate,ATKR,S,2024-05-09,2024-06-03,Spouse,"$1,001 - $15,000",25
D,Thomas R Carper,Senate,TTE,S,2024-05-09,2024-06-03,Spouse,"$1,001 - $15,000",25
D,Thomas R Carper,Senate,SBUX,S,2024-05-09,2024-06-03,Spouse,"$1,001 - $15,000",25
D,Thomas R Carper,Senate,EMR,P,2024-05-09,2024-06-03,Spouse,"$1,001 - $15,000",25
D,Thomas R Carper,Senate,OXY,P,2024-05-09,2024-06-03,Spouse,"$1,001 - $15,000",25
D,Gary C Peters,Senate,SOLV,S,2024-05-14,2024-05-23,Self,"$1,001 - $15,000",9
D,Gary C Peters,Senate,CCL,S,2024-05-14,2024-05-23,Self,"$1,001 - $15,000",9
D,Gary C Peters,Senate,SLB,S,2024-05-14,2024-05-23,Self,"$1,001 - $15,000",9
D,Gary C Peters,Senate,IFF,S,2024-05-14,2024-05-23,Self,"$15,001 - $50,000",9
D,Sheldon Whitehouse,Senate,RTX,S,2024-04-09,2024-05-20,Spouse,"$15,001 - $50,000",41
D,Sheldon Whitehouse,Senate,DHR,S,2024-04-09,2024-05-20,Spouse,"$15,001 - $50,000",41
D,Sheldon Whitehouse,Senate,UL,S,2024-04-09,2024-05-20,Spouse,"$1,001 - $15,000",41
D,Sheldon Whitehouse,Senate,IR,S,2024-04-09,2024-05-20,Spouse,"$1,001 - $15,000",41
D,Sheldon Whitehouse,Senate,NVS,S,2024-04-09,2024-05-20,Self,"$1,001 - $15,000",41
R,Thomas H Tuberville,Senate,WBA,S,2024-04-30,2024-05-15,Joint,"$50,001 - $100,000",15
R,Thomas H Tuberville,Senate,PYPL,P,2024-04-30,2024-05-15,Joint,"$1,001 - $15,000",15
R,Thomas H Tuberville,Senate,SBLK,S,2024-04-30,2024-05-15,Joint,"$50,001 - $100,000",15
R,Thomas H Tuberville,Senate,SSBK,S,2024-04-30,2024-05-15,Joint,"$50,001 - $100,000",15
R,Thomas H Tuberville,Senate,OXY,S,2024-04-30,2024-05-15,Joint,"$15,001 - $50,000",15
R,Thomas H Tuberville,Senate,NVDA,S,2024-04-30,2024-05-15,Joint,"$15,001 - $50,000",15
R,Thomas H Tuberville,Senate,KEY,S,2024-04-30,2024-05-15,Joint,"$50,001 - $100,000",15
R,Thomas H Tuberville,Senate,GOGL,S,2024-04-30,2024-05-15,Joint,"$50,001 - $100,000",15
R,Thomas H Tuberville,Senate,XOM,S,2024-04-30,2024-05-15,Joint,"$50,001 - $100,000",15
R,Thomas H Tuberville,Senate,CVX,S,2024-04-30,2024-05-15,Joint,"$100,001 - $250,000",15
R,Thomas H Tuberville,Senate,HUMA,S,2024-04-30,2024-05-15,Joint,"$50,001 - $100,000",15
R,Thomas H Tuberville,Senate,LSCC,P,2024-04-29,2024-05-15,Joint,"$1,001 - $15,000",16
R,Thomas H Tuberville,Senate,CVX,P,2024-04-29,2024-05-15,Joint,"$1,001 - $15,000",16
R,Thomas H Tuberville,Senate,CCL,P,2024-04-29,2024-05-15,Joint,"$1,001 - $15,000",16
R,Thomas H Tuberville,Senate,QCOM,P,2024-04-29,2024-05-15,Joint,"$15,001 - $50,000",16
R,Thomas H Tuberville,Senate,CLX,P,2024-04-29,2024-05-15,Joint,"$1,001 - $15,000",16
R,Thomas H Tuberville,Senate,SWKS,P,2024-04-29,2024-05-15,Joint,"$15,001 - $50,000",16
R,Thomas H Tuberville,Senate,MMM,S,2024-04-29,2024-05-15,Joint,"$15,001 - $50,000",16
R,Thomas H Tuberville,Senate,PAC,S,2024-04-29,2024-05-15,Joint,"$1,001 - $15,000",16
R,Thomas H Tuberville,Senate,KMB,P,2024-04-18,2024-05-15,Joint,"$1,001 - $15,000",27
R,Thomas H Tuberville,Senate,NTES,S,2024-04-18,2024-05-15,Joint,"$1,001 - $15,000",27
R,Thomas H Tuberville,Senate,SWKS,S,2024-04-05,2024-05-15,Joint,"$15,001 - $50,000",40
R,Thomas H Tuberville,Senate,TEL,P,2024-04-05,2024-05-15,Joint,"$1,001 - $15,000",40
R,Thomas H Tuberville,Senate,SNPS,P,2024-04-05,2024-05-15,Joint,"$1,001 - $15,000",40
R,Thomas H Tuberville,Senate,SWKS,P,2024-04-05,2024-05-15,Joint,"$1,001 - $15,000",40
R,Thomas H Tuberville,Senate,QLYS,P,2024-04-05,2024-05-15,Joint,"$1,001 - $15,000",40
R,Thomas H Tuberville,Senate,ODFL,P,2024-04-05,2024-05-15,Joint,"$1,001 - $15,000",40
R,Thomas H Tuberville,Senate,NFLX,P,2024-04-05,2024-05-15,Joint,"$1,001 - $15,000",40
R,Thomas H Tuberville,Senate,MSI,P,2024-04-05,2024-05-15,Joint,"$1,001 - $15,000",40
R,Thomas H Tuberville,Senate,NTES,P,2024-04-05,2024-05-15,Joint,"$1,001 - $15,000",40
R,Thomas H Tuberville,Senate,LULU,P,2024-04-05,2024-05-15,Joint,"$1,001 - $15,000",40
R,Thomas H Tuberville,Senate,LSCC,P,2024-04-05,2024-05-15,Joint,"$1,001 - $15,000",40
R,Thomas H Tuberville,Senate,JKHY,P,2024-04-05,2024-05-15,Joint,"$1,001 - $15,000",40
R,Thomas H Tuberville,Senate,PAC,P,2024-04-05,2024-05-15,Joint,"$1,001 - $15,000",40
R,Thomas H Tuberville,Senate,GILD,P,2024-04-05,2024-05-15,Joint,"$1,001 - $15,000",40
R,Thomas H Tuberville,Senate,DECK,P,2024-04-05,2024-05-15,Joint,"$1,001 - $15,000",40
R,Thomas H Tuberville,Senate,CBSH,P,2024-04-05,2024-05-15,Joint,"$1,001 - $15,000",40
R,Thomas H Tuberville,Senate,BRO,P,2024-04-05,2024-05-15,Joint,"$1,001 - $15,000",40
R,Thomas H Tuberville,Senate,A,P,2024-04-05,2024-05-15,Joint,"$1,001 - $15,000",40
R,Thomas H Tuberville,Senate,AMAT,P,2024-04-04,2024-05-15,Joint,"$1,001 - $15,000",41
R,Thomas H Tuberville,Senate,WU,S,2024-04-04,2024-05-15,Joint,"$1,001 - $15,000",41
R,Thomas H Tuberville,Senate,SSD,S,2024-04-04,2024-05-15,Joint,"$1,001 - $15,000",41
R,Thomas H Tuberville,Senate,ROK,S,2024-04-04,2024-05-15,Joint,"$1,001 - $15,000",41
R,Thomas H Tuberville,Senate,QSR,S,2024-04-04,2024-05-15,Joint,"$1,001 - $15,000",41
R,Thomas H Tuberville,Senate,REGN,S,2024-04-04,2024-05-15,Joint,"$1,001 - $15,000",41
R,Thomas H Tuberville,Senate,PHM,S,2024-04-04,2024-05-15,Joint,"$1,001 - $15,000",41
R,Thomas H Tuberville,Senate,PAYC,S,2024-04-04,2024-05-15,Joint,"$1,001 - $15,000",41
R,Thomas H Tuberville,Senate,NDAQ,S,2024-04-04,2024-05-15,Joint,"$1,001 - $15,000",41
R,Thomas H Tuberville,Senate,KEYS,S,2024-04-04,2024-05-15,Joint,"$1,001 - $15,000",41
R,Thomas H Tuberville,Senate,LSCC,S,2024-04-03,2024-05-15,Joint,"$1,001 - $15,000",42
R,Thomas H Tuberville,Senate,BMY,P,2024-04-03,2024-05-15,Joint,"$1,001 - $15,000",42
R,Thomas H Tuberville,Senate,ABBV,P,2024-04-03,2024-05-15,Joint,"$1,001 - $15,000",42
R,Thomas H Tuberville,Senate,GILD,S,2024-04-03,2024-05-15,Joint,"$1,001 - $15,000",42
R,Thomas H Tuberville,Senate,MCHP,P,2024-04-03,2024-05-15,Joint,"$1,001 - $15,000",42
R,Thomas H Tuberville,Senate,CCJ,S,2024-04-03,2024-05-15,Joint,"$1,001 - $15,000",42
R,Thomas H Tuberville,Senate,MCHP,S,2024-04-03,2024-05-15,Joint,"$1,001 - $15,000",42
R,Thomas H Tuberville,Senate,LLY,S,2024-04-03,2024-05-15,Joint,"$15,001 - $50,000",42
R,Thomas H Tuberville,Senate,FTNT,S,2024-04-03,2024-05-15,Joint,"$1,001 - $15,000",42
R,Thomas H Tuberville,Senate,IEX,S,2024-04-03,2024-05-15,Joint,"$1,001 - $15,000",42
R,Thomas H Tuberville,Senate,EXR,S,2024-04-03,2024-05-15,Joint,"$1,001 - $15,000",42
R,Thomas H Tuberville,Senate,BMY,S,2024-04-03,2024-05-15,Joint,"$1,001 - $15,000",42
R,Thomas H Tuberville,Senate,AVGO,S,2024-04-03,2024-05-15,Joint,"$15,001 - $50,000",42
R,Shelley M Capito,Senate,JPM,S,2024-04-23,2024-05-13,Spouse,"$1,001 - $15,000",20
R,Shelley M Capito,Senate,MSFT,S,2024-04-23,2024-05-13,Spouse,"$1,001 - $15,000",20
R,Shelley M Capito,Senate,AAPL,S,2024-04-23,2024-05-13,Spouse,"$1,001 - $15,000",20
R,Shelley M Capito,Senate,MSFT,S,2024-04-09,2024-05-13,Spouse,"$1,001 - $15,000",34
R,Shelley M Capito,Senate,GWW,S,2024-04-09,2024-05-13,Spouse,"$1,001 - $15,000",34
R,Shelley M Capito,Senate,SPGI,S,2024-04-09,2024-05-13,Spouse,"$1,001 - $15,000",34
R,Shelley M Capito,Senate,AAPL,S,2024-04-09,2024-05-13,Spouse,"$1,001 - $15,000",34
R,Lindsey Graham,Senate,VIG,S,2023-12-28,2024-05-08,Self,"$15,001 - $50,000",132
R,Lindsey Graham,Senate,USFR,P,2023-12-28,2024-05-08,Self,"$15,001 - $50,000",132
R,John Boozman,Senate,HES,S,2024-03-28,2024-05-08,Joint,"$1,001 - $15,000",41
R,John Boozman,Senate,AMAT,P,2024-03-28,2024-05-08,Joint,"$1,001 - $15,000",41
R,John Boozman,Senate,SCHP,S,2024-02-20,2024-05-08,Joint,"$1,001 - $15,000",78
R,John Boozman,Senate,IEF,S,2024-02-20,2024-05-08,Joint,"$1,001 - $15,000",78
R,John Boozman,Senate,TLH,P,2024-02-20,2024-05-08,Joint,"$1,001 - $15,000",78
R,John Boozman,Senate,TLT,P,2024-02-20,2024-05-08,Joint,"$1,001 - $15,000",78
R,John Boozman,Senate,EFA,S,2024-04-11,2024-05-07,Joint,"$15,001 - $50,000",26
R,John Boozman,Senate,CMBS,S,2024-04-16,2024-05-07,Joint,"$1,001 - $15,000",21
R,John Boozman,Senate,JMBS,P,2024-04-16,2024-05-07,Joint,"$1,001 - $15,000",21
R,John Boozman,Senate,SCZ,P,2024-04-11,2024-05-07,Joint,"$15,001 - $50,000",26
R,Markwayne Mullin,Senate,ZTS,S,2024-04-03,2024-05-02,Self,"$1,001 - $15,000",29
R,Markwayne Mullin,Senate,ZTS,S,2024-04-03,2024-05-01,Joint,"$1,001 - $15,000",28
D,Thomas R Carper,Senate,VLO,S,2024-04-11,2024-04-30,Spouse,"$1,001 - $15,000",19
D,Thomas R Carper,Senate,ENB,P,2024-04-11,2024-04-30,Spouse,"$1,001 - $15,000",19
D,Sheldon Whitehouse,Senate,UL,S,2024-03-22,2024-04-24,Self,"$1,001 - $15,000",33
D,Sheldon Whitehouse,Senate,CMCSA,S,2024-03-13,2024-04-24,Self,"$15,001 - $50,000",42
R,Rafael E Cruz,Senate,GS,S,2024-04-15,2024-04-24,Spouse,"$250,001 - $500,000",9
D,Tina Smith,Senate,PODD,S,2024-04-04,2024-04-19,Spouse,"$50,001 - $100,000",15
D,Tina Smith,Senate,NEE,S,2024-04-04,2024-04-19,Spouse,"$100,001 - $250,000",15
?,"Angus S King, Jr.",Senate,VZ,P,2024-03-07,2024-04-17,Spouse,"$1,001 - $15,000",41
R,Thomas H Tuberville,Senate,WBA,P,2024-03-21,2024-04-15,Joint,"$15,001 - $50,000",25
R,Thomas H Tuberville,Senate,PARA,P,2024-03-21,2024-04-15,Joint,"$15,001 - $50,000",25
R,Thomas H Tuberville,Senate,HUMA,P,2024-03-21,2024-04-15,Joint,"$1,001 - $15,000",25
R,Thomas H Tuberville,Senate,QCOM,S,2024-03-13,2024-04-15,Joint,"$15,001 - $50,000",33
R,Thomas H Tuberville,Senate,ADBE,S,2024-03-13,2024-04-15,Joint,"$1,001 - $15,000",33
R,Thomas H Tuberville,Senate,AMAT,S,2024-03-08,2024-04-15,Joint,"$1,001 - $15,000",38
R,Thomas H Tuberville,Senate,AAPL,S,2024-03-12,2024-04-15,Self,"$15,001 - $50,000",34
R,Thomas H Tuberville,Senate,ACN,S,2024-03-12,2024-04-15,Joint,"$1,001 - $15,000",34
R,Thomas H Tuberville,Senate,CSX,S,2024-03-12,2024-04-15,Joint,"$15,001 - $50,000",34
R,Thomas H Tuberville,Senate,JPM,S,2024-03-12,2024-04-15,Joint,"$1,001 - $15,000",34
R,Thomas H Tuberville,Senate,TXN,S,2024-03-12,2024-04-15,Joint,"$1,001 - $15,000",34
D,Ron L Wyden,Senate,UPS,S,2024-03-27,2024-04-12,Spouse,"$100,001 - $250,000",16
D,John W Hickenlooper,Senate,LSXMK,S,2024-03-12,2024-04-11,Spouse,"$15,001 - $50,000",30
D,Thomas R Carper,Senate,D,P,2024-03-28,2024-03-29,Spouse,"$1,001 - $15,000",1
D,Thomas R Carper,Senate,MOS,S,2024-03-28,2024-03-29,Spouse,"$1,001 - $15,000",1
D,Thomas R Carper,Senate,NTR,P,2024-03-28,2024-03-29,Spouse,"$1,001 - $15,000",1
D,Thomas R Carper,Senate,INOD,S,2024-03-21,2024-03-29,Spouse,"$1,001 - $15,000",8
D,Thomas R Carper,Senate,SOFI,S,2024-03-21,2024-03-29,Spouse,"$1,001 - $15,000",8
D,Thomas R Carper,Senate,ALTM,P,2024-03-21,2024-03-29,Spouse,"$1,001 - $15,000",8
D,Thomas R Carper,Senate,SQM,P,2024-03-13,2024-03-29,Spouse,"$1,001 - $15,000",16
D,Thomas R Carper,Senate,ETRN,S,2024-03-11,2024-03-29,Spouse,"$1,001 - $15,000",18
D,Thomas R Carper,Senate,NVDA,P,2024-03-07,2024-03-29,Spouse,"$1,001 - $15,000",22
D,Thomas R Carper,Senate,AAPL,S,2024-03-07,2024-03-29,Spouse,"$1,001 - $15,000",22
?,"A. Mitchell McConnell, Jr.",Senate,WFC,P,2024-03-05,2024-03-19,Spouse,"$1,001 - $15,000",14
R,Thomas H Tuberville,Senate,QCOM,S,2024-02-27,2024-03-15,Joint,"$15,001 - $50,000",17
R,Thomas H Tuberville,Senate,SBLK,P,2024-02-27,2024-03-15,Joint,"$50,001 - $100,000",17
R,Thomas H Tuberville,Senate,SSBK,P,2024-02-27,2024-03-15,Joint,"$50,001 - $100,000",17
R,Thomas H Tuberville,Senate,PFE,P,2024-02-27,2024-03-15,Joint,"$1,001 - $15,000",17
R,Thomas H Tuberville,Senate,GOGL,P,2024-02-27,2024-03-15,Joint,"$50,001 - $100,000",17
R,Thomas H Tuberville,Senate,AMAT,S,2024-02-16,2024-03-15,Joint,"$15,001 - $50,000",28
R,Thomas H Tuberville,Senate,KEY,S,2024-02-12,2024-03-15,Joint,"$1,001 - $15,000",32
R,Thomas H Tuberville,Senate,HUMA,P,2024-02-12,2024-03-15,Joint,"$15,001 - $50,000",32
R,Shelley M Capito,Senate,ZTS,P,2024-02-27,2024-03-15,Spouse,"$15,001 - $50,000",17
R,Shelley M Capito,Senate,SBUX,P,2024-02-23,2024-03-15,Spouse,"$15,001 - $50,000",21
R,Shelley M Capito,Senate,BDX,S,2024-02-15,2024-03-15,Spouse,"$1,001 - $15,000",29
R,Shelley M Capito,Senate,MDT,S,2024-02-09,2024-03-15,Spouse,"$1,001 - $15,000",35
D,Thomas R Carper,Senate,TGT,P,2024-02-16,2024-03-04,Spouse,"$1,001 - $15,000",17
D,Thomas R Carper,Senate,EQNR,S,2024-02-16,2024-03-04,Spouse,"$1,001 - $15,000",17
R,Thomas H Tuberville,Senate,INTC,S,2024-01-24,2024-02-14,Joint,"$15,001 - $50,000",21
R,Thomas H Tuberville,Senate,CLF,S,2024-01-22,2024-02-14,Joint,"$1,001 - $15,000",23
R,Thomas H Tuberville,Senate,SCCO,S,2024-01-22,2024-02-14,Joint,"$1,001 - $15,000",23
R,Thomas H Tuberville,Senate,MNST,S,2024-01-22,2024-02-14,Joint,"$1,001 - $15,000",23
R,Thomas H Tuberville,Senate,MMC,S,2024-01-22,2024-02-14,Joint,"$1,001 - $15,000",23
R,Thomas H Tuberville,Senate,IDXX,S,2024-01-22,2024-02-14,Joint,"$1,001 - $15,000",23
R,Thomas H Tuberville,Senate,META,S,2024-01-22,2024-02-14,Joint,"$1,001 - $15,000",23
R,Thomas H Tuberville,Senate,AON,S,2024-01-22,2024-02-14,Joint,"$1,001 - $15,000",23
R,Thomas H Tuberville,Senate,PG,P,2024-01-19,2024-02-14,Joint,"$1,001 - $15,000",26
R,Thomas H Tuberville,Senate,XP,S,2024-01-19,2024-02-14,Joint,"$15,001 - $50,000",26
R,Thomas H Tuberville,Senate,SSBK,S,2024-01-19,2024-02-14,Joint,"$1,001 - $15,000",26
R,Thomas H Tuberville,Senate,PAM,S,2024-01-19,2024-02-14,Joint,"$1,001 - $15,000",26
R,Thomas H Tuberville,Senate,NVO,S,2024-01-19,2024-02-14,Joint,"$15,001 - $50,000",26
R,Thomas H Tuberville,Senate,LRCX,S,2024-01-19,2024-02-14,Joint,"$1,001 - $15,000",26
R,Thomas H Tuberville,Senate,IBM,S,2024-01-19,2024-02-14,Joint,"$1,001 - $15,000",26
R,Thomas H Tuberville,Senate,GNTX,S,2024-01-19,2024-02-14,Joint,"$15,001 - $50,000",26
R,Thomas H Tuberville,Senate,RACE,S,2024-01-19,2024-02-14,Joint,"$1,001 - $15,000",26
R,Thomas H Tuberville,Senate,CFG,S,2024-01-19,2024-02-14,Joint,"$15,001 - $50,000",26
R,Thomas H Tuberville,Senate,ADSK,S,2024-01-19,2024-02-14,Joint,"$1,001 - $15,000",26
R,Thomas H Tuberville,Senate,AMAT,S,2024-01-19,2024-02-14,Joint,"$1,001 - $15,000",26
R,Thomas H Tuberville,Senate,AAPL,S,2024-01-19,2024-02-14,Joint,"$250,001 - $500,000",26
R,Thomas H Tuberville,Senate,ADI,S,2024-01-19,2024-02-14,Joint,"$1,001 - $15,000",26
R,Thomas H Tuberville,Senate,APH,S,2024-01-19,2024-02-14,Joint,"$1,001 - $15,000",26
R,Thomas H Tuberville,Senate,AMGN,S,2024-01-19,2024-02-14,Joint,"$15,001 - $50,000",26
R,Thomas H Tuberville,Senate,AME,S,2024-01-19,2024-02-14,Joint,"$1,001 - $15,000",26
R,Thomas H Tuberville,Senate,GOOGL,S,2024-01-19,2024-02-14,Joint,"$1,001 - $15,000",26
R,Thomas H Tuberville,Senate,GOOG,S,2024-01-19,2024-02-14,Joint,"$1,001 - $15,000",26
R,Thomas H Tuberville,Senate,AMD,S,2024-01-19,2024-02-14,Joint,"$15,001 - $50,000",26
R,Thomas H Tuberville,Senate,ADBE,S,2024-01-19,2024-02-14,Joint,"$1,001 - $15,000",26
R,Thomas H Tuberville,Senate,ABBV,S,2024-01-19,2024-02-14,Joint,"$1,001 - $15,000",26
R,Thomas H Tuberville,Senate,HUMA,S,2024-01-19,2024-02-14,Joint,"$1,001 - $15,000",26
R,Thomas H Tuberville,Senate,AAPL,P,2024-01-10,2024-02-14,Joint,"$1,001 - $15,000",35
R,Thomas H Tuberville,Senate,GOOGL,S,2024-01-03,2024-02-14,Joint,"$1,001 - $15,000",42
R,Thomas H Tuberville,Senate,AAPL,S,2024-01-03,2024-02-14,Joint,"$15,001 - $50,000",42
R,Thomas H Tuberville,Senate,BMY,S,2024-01-03,2024-02-14,Joint,"$1,001 - $15,000",42
R,Thomas H Tuberville,Senate,LLY,S,2024-01-03,2024-02-14,Joint,"$15,001 - $50,000",42
R,Thomas H Tuberville,Senate,MSFT,S,2024-01-03,2024-02-14,Joint,"$15,001 - $50,000",42
R,Thomas H Tuberville,Senate,ORCL,S,2024-01-03,2024-02-14,Joint,"$1,001 - $15,000",42
R,Thomas H Tuberville,Senate,SLF,S,2024-01-03,2024-02-14,Joint,"$15,001 - $50,000",42
R,Thomas H Tuberville,Senate,DGX,S,2024-01-03,2024-02-14,Joint,"$15,001 - $50,000",42
R,Thomas H Tuberville,Senate,UNP,S,2024-01-03,2024-02-14,Joint,"$15,001 - $50,000",42
R,Shelley M Capito,Senate,ES,S,2024-01-19,2024-02-14,Spouse,"$1,001 - $15,000",26
R,Shelley M Capito,Senate,ENB,S,2024-01-19,2024-02-14,Self,"$1,001 - $15,000",26
R,Daniel S Sullivan,Senate,RPM,S,2024-01-24,2024-02-09,Joint,"$15,001 - $50,000",16
D,Thomas R Carper,Senate,AES,P,2024-01-17,2024-02-02,Spouse,"$1,001 - $15,000",16
D,Thomas R Carper,Senate,TTE,S,2024-01-17,2024-02-02,Spouse,"$1,001 - $15,000",16
D,Thomas R Carper,Senate,SBUX,P,2024-01-17,2024-02-02,Spouse,"$1,001 - $15,000",16
D,Thomas R Carper,Senate,VLO,P,2024-01-17,2024-02-02,Spouse,"$1,001 - $15,000",16
D,Thomas R Carper,Senate,MET,S,2024-01-17,2024-02-02,Spouse,"$1,001 - $15,000",16
D,Thomas R Carper,Senate,CME,P,2024-01-17,2024-02-02,Spouse,"$1,001 - $15,000",16
D,Thomas R Carper,Senate,ETRN,P,2024-01-17,2024-02-02,Spouse,"$1,001 - $15,000",16
D,Thomas R Carper,Senate,ABT,S,2024-01-17,2024-02-02,Spouse,"$1,001 - $15,000",16
D,Thomas R Carper,Senate,S,S,2024-01-02,2024-02-02,Spouse,"$1,001 - $15,000",31
D,Thomas R Carper,Senate,DELL,P,2024-01-02,2024-02-02,Spouse,"$1,001 - $15,000",31
R,Markwayne Mullin,Senate,ZTS,P,2024-01-04,2024-01-26,Spouse,"$1,001 - $15,000",22
R,Markwayne Mullin,Senate,SFM,P,2024-01-04,2024-01-26,Spouse,"$1,001 - $15,000",22
R,Markwayne Mullin,Senate,OLLI,P,2024-01-04,2024-01-26,Spouse,"$1,001 - $15,000",22
R,Markwayne Mullin,Senate,GS,P,2024-01-04,2024-01-26,Spouse,"$1,001 - $15,000",22
R,Markwayne Mullin,Senate,FRPT,P,2024-01-04,2024-01-26,Spouse,"$1,001 - $15,000",22
R,Markwayne Mullin,Senate,ETN,P,2024-01-04,2024-01-26,Spouse,"$1,001 - $15,000",22
R,Markwayne Mullin,Senate,ELF,P,2024-01-04,2024-01-26,Spouse,"$1,001 - $15,000",22
R,Markwayne Mullin,Senate,CYBR,P,2024-01-04,2024-01-26,Spouse,"$1,001 - $15,000",22
R,Markwayne Mullin,Senate,BMI,P,2024-01-04,2024-01-26,Spouse,"$1,001 - $15,000",22
R,Markwayne Mullin,Senate,AXON,P,2024-01-04,2024-01-26,Spouse,"$1,001 - $15,000",22
R,Markwayne Mullin,Senate,ADBE,P,2024-01-02,2024-01-26,Joint,"$15,001 - $50,000",24
R,Markwayne Mullin,Senate,AMD,P,2024-01-02,2024-01-26,Joint,"$15,001 - $50,000",24
R,Markwayne Mullin,Senate,AAPL,P,2024-01-02,2024-01-26,Joint,"$50,001 - $100,000",24
R,Markwayne Mullin,Senate,AMAT,P,2024-01-02,2024-01-26,Joint,"$15,001 - $50,000",24
R,Markwayne Mullin,Senate,META,P,2024-01-02,2024-01-26,Joint,"$15,001 - $50,000",24
R,Markwayne Mullin,Senate,LRCX,P,2024-01-02,2024-01-26,Joint,"$15,001 - $50,000",24
R,Markwayne Mullin,Senate,NVDA,P,2024-01-02,2024-01-26,Joint,"$15,001 - $50,000",24
R,Markwayne Mullin,Senate,SHOP,S,2023-12-22,2024-01-26,Self,"$1,001 - $15,000",35
R,Markwayne Mullin,Senate,PYPL,S,2023-12-22,2024-01-26,Self,"$1,001 - $15,000",35
R,Markwayne Mullin,Senate,PODD,S,2023-12-22,2024-01-26,Self,"$1,001 - $15,000",35
R,Markwayne Mullin,Senate,INST,S,2023-12-22,2024-01-26,Self,"$1,001 - $15,000",35
R,Markwayne Mullin,Senate,HUBB,S,2023-12-22,2024-01-26,Self,"$1,001 - $15,000",35
R,Markwayne Mullin,Senate,FN,S,2023-12-22,2024-01-26,Self,"$1,001 - $15,000",35
R,Markwayne Mullin,Senate,FCFS,S,2023-12-22,2024-01-26,Self,"$1,001 - $15,000",35
R,Markwayne Mullin,Senate,EXLS,S,2023-12-22,2024-01-26,Self,"$1,001 - $15,000",35
R,Markwayne Mullin,Senate,CTVA,S,2023-12-22,2024-01-26,Self,"$1,001 - $15,000",35
R,Markwayne Mullin,Senate,CELH,S,2023-12-22,2024-01-26,Self,"$1,001 - $15,000",35
R,Lindsey Graham,Senate,VIG,S,2024-01-26,2024-01-26,Self,"$15,001 - $50,000",0
R,Lindsey Graham,Senate,USFR,P,2024-01-26,2024-01-26,Self,"$15,001 - $50,000",0
D,Gary C Peters,Senate,D,S,2023-12-28,2024-01-25,Self,"$1,001 - $15,000",28
R,Rick Scott,Senate,VAXX,S,2023-12-20,2024-01-19,Spouse,"$1,001 - $15,000",30
D,Sheldon Whitehouse,Senate,SNOW,P,2023-12-14,2024-01-18,Spouse,"$1,001 - $15,000",35
D,Sheldon Whitehouse,Senate,LLY,P,2023-12-14,2024-01-18,Spouse,"$1,001 - $15,000",35
D,Sheldon Whitehouse,Senate,TGT,S,2023-12-07,2024-01-18,Self,"$15,001 - $50,000",42
D,Sheldon Whitehouse,Senate,KO,P,2023-12-07,2024-01-18,Self,"$1,001 - $15,000",42
D,Sheldon Whitehouse,Senate,PFE,S,2023-12-11,2024-01-18,Self,"$1,001 - $15,000",38
?,"Jerry Moran,",Senate,VZ,S,2023-12-14,2024-01-17,Spouse,"$1,001 - $15,000",34
?,"Jerry Moran,",Senate,USB,S,2023-12-14,2024-01-17,Spouse,"$1,001 - $15,000",34
?,"Jerry Moran,",Senate,CI,S,2023-12-14,2024-01-17,Spouse,"$1,001 - $15,000",34
?,"Jerry Moran,",Senate,PII,S,2023-12-14,2024-01-17,Spouse,"$1,001 - $15,000",34
?,"Jerry Moran,",Senate,MSFT,S,2023-12-14,2024-01-17,Spouse,"$1,001 - $15,000",34
?,"Jerry Moran,",Senate,META,S,2023-12-14,2024-01-17,Spouse,"$1,001 - $15,000",34
?,"Jerry Moran,",Senate,KR,S,2023-12-14,2024-01-17,Spouse,"$1,001 - $15,000",34
?,"Jerry Moran,",Senate,KMB,S,2023-12-14,2024-01-17,Spouse,"$1,001 - $15,000",34
?,"Jerry Moran,",Senate,JNJ,S,2023-12-14,2024-01-17,Spouse,"$1,001 - $15,000",34
?,"Jerry Moran,",Senate,INTC,S,2023-12-14,2024-01-17,Spouse,"$1,001 - $15,000",34
?,"Jerry Moran,",Senate,XOM,S,2023-12-14,2024-01-17,Spouse,"$1,001 - $15,000",34
?,"Jerry Moran,",Senate,DVA,S,2023-12-14,2024-01-17,Spouse,"$1,001 - $15,000",34
?,"Jerry Moran,",Senate,CVS,S,2023-12-14,2024-01-17,Spouse,"$1,001 - $15,000",34
?,"Jerry Moran,",Senate,CMCSA,S,2023-12-14,2024-01-17,Spouse,"$1,001 - $15,000",34
?,"Jerry Moran,",Senate,CSCO,S,2023-12-14,2024-01-17,Spouse,"$1,001 - $15,000",34
?,"Jerry Moran,",Senate,CVX,S,2023-12-14,2024-01-17,Spouse,"$1,001 - $15,000",34
?,"Jerry Moran,",Senate,BRK.B,P,2023-12-14,2024-01-17,Spouse,"$1,001 - $15,000",34
?,"Jerry Moran,",Senate,BK,S,2023-12-14,2024-01-17,Spouse,"$1,001 - $15,000",34
?,"Jerry Moran,",Senate,BAC,S,2023-12-14,2024-01-17,Spouse,"$1,001 - $15,000",34
?,"Jerry Moran,",Senate,AAPL,S,2023-12-14,2024-01-17,Spouse,"$1,001 - $15,000",34
?,"Jerry Moran,",Senate,GOOG,S,2023-12-14,2024-01-17,Spouse,"$1,001 - $15,000",34
?,"Jerry Moran,",Senate,PFE,S,2023-12-14,2024-01-17,Self,"$1,001 - $15,000",34
?,"Jerry Moran,",Senate,HAL,S,2023-12-14,2024-01-17,Self,"$15,001 - $50,000",34
?,"Jerry Moran,",Senate,AMZN,S,2023-12-14,2024-01-17,Self,"$1,001 - $15,000",34
?,"Angus S King, Jr.",Senate,VZ,S,2023-12-27,2024-01-16,Spouse,"$1,001 - $15,000",20
?,"Angus S King, Jr.",Senate,EA,P,2023-12-27,2024-01-16,Spouse,"$1,001 - $15,000",20
R,Shelley M Capito,Senate,JPM,S,2023-12-19,2024-01-12,Spouse,"$1,001 - $15,000",24
R,Shelley M Capito,Senate,MSFT,S,2023-12-19,2024-01-12,Spouse,"$1,001 - $15,000",24
R,Shelley M Capito,Senate,AAPL,S,2023-12-19,2024-01-12,Spouse,"$1,001 - $15,000",24
R,Shelley M Capito,Senate,ADI,S,2023-12-19,2024-01-12,Spouse,"$1,001 - $15,000",24
R,Shelley M Capito,Senate,ACN,S,2023-12-19,2024-01-12,Spouse,"$1,001 - $15,000",24
R,Shelley M Capito,Senate,SPGI,P,2023-12-01,2024-01-12,Spouse,"$1,001 - $15,000",42
R,Shelley M Capito,Senate,CMCSA,P,2023-12-01,2024-01-12,Spouse,"$1,001 - $15,000",42
R,Shelley M Capito,Senate,CSCO,P,2023-12-01,2024-01-12,Spouse,"$1,001 - $15,000",42
R,Shelley M Capito,Senate,CVX,P,2023-12-01,2024-01-12,Spouse,"$1,001 - $15,000",42
R,Shelley M Capito,Senate,TFC,S,2023-12-29,2024-01-12,Self,"$15,001 - $50,000",14
R,Shelley M Capito,Senate,PFE,S,2023-12-18,2024-01-12,Spouse,"$1,001 - $15,000",25
R,Shelley M Capito,Senate,MDLZ,S,2023-12-18,2024-01-12,Spouse,"$1,001 - $15,000",25
R,Shelley M Capito,Senate,MSFT,S,2023-12-18,2024-01-12,Spouse,"$1,001 - $15,000",25
R,Shelley M Capito,Senate,KO,S,2023-12-18,2024-01-12,Spouse,"$1,001 - $15,000",25
R,Thomas H Tuberville,Senate,PARA,P,2023-12-26,2024-01-12,Joint,"$15,001 - $50,000",17
R,Thomas H Tuberville,Senate,VZ,S,2023-12-26,2024-01-12,Joint,"$15,001 - $50,000",17
R,Thomas H Tuberville,Senate,RF,S,2023-12-26,2024-01-12,Joint,"$15,001 - $50,000",17
R,Thomas H Tuberville,Senate,KEY,P,2023-12-26,2024-01-12,Joint,"$15,001 - $50,000",17
R,Thomas H Tuberville,Senate,UAA,S,2023-12-19,2024-01-12,Joint,"$15,001 - $50,000",24
R,Thomas H Tuberville,Senate,CVX,S,2023-12-18,2024-01-12,Joint,"$1,001 - $15,000",25
R,Thomas H Tuberville,Senate,GOLD,S,2023-12-18,2024-01-12,Joint,"$1,001 - $15,000",25
R,Thomas H Tuberville,Senate,GOLD,P,2023-12-18,2024-01-12,Joint,"$50,001 - $100,000",25
R,Thomas H Tuberville,Senate,CVX,P,2023-12-14,2024-01-12,Joint,"$50,001 - $100,000",29
R,Thomas H Tuberville,Senate,CVX,P,2023-12-13,2024-01-12,Joint,"$100,001 - $250,000",30
R,Thomas H Tuberville,Senate,DVA,S,2023-12-12,2024-01-12,Joint,"$1,001 - $15,000",31
R,Thomas H Tuberville,Senate,GOLD,P,2023-12-12,2024-01-12,Joint,"$15,001 - $50,000",31
R,Thomas H Tuberville,Senate,GOLD,P,2023-12-11,2024-01-12,Joint,"$1,001 - $15,000",32
D,John W Hickenlooper,Senate,CMG,S,2023-12-13,2024-01-11,Spouse,"$100,001 - $250,000",29
?,"William F Hagerty, IV",Senate,DDOG,S,2023-12-27,2024-01-10,Self,"$1,001 - $15,000",14
R,John Boozman,Senate,LRCX,S,2023-12-20,2024-01-08,Self,"$1,001 - $15,000",19
R,John Boozman,Senate,GBIL,S,2023-12-12,2024-01-08,Self,"$1,001 - $15,000",27
R,John Boozman,Senate,PFE,P,2023-12-20,2024-01-08,Self,"$1,001 - $15,000",19
R,John Boozman,Senate,PPLT,P,2023-12-12,2024-01-08,Self,"$1,001 - $15,000",27
R,John Boozman,Senate,PALL,P,2023-12-12,2024-01-08,Self,"$1,001 - $15,000",27
D,Thomas R Carper,Senate,SBUX,P,2023-12-11,2024-01-03,Spouse,"$1,001 - $15,000",23
D,Thomas R Carper,Senate,VLO,P,2023-12-11,2024-01-03,Spouse,"$1,001 - $15,000",23
D,Thomas R Carper,Senate,DGX,S,2023-12-11,2024-01-03,Spouse,"$1,001 - $15,000",23
D,Thomas R Carper,Senate,TSM,S,2023-12-11,2024-01-03,Spouse,"$1,001 - $15,000",23
D,Thomas R Carper,Senate,AGX,S,2023-12-11,2024-01-03,Spouse,"$1,001 - $15,000",23
D,Thomas R Carper,Senate,MOS,S,2023-12-11,2024-01-03,Spouse,"$1,001 - $15,000",23
D,Thomas R Carper,Senate,GLPI,P,2023-12-11,2024-01-03,Spouse,"$1,001 - $15,000",23
D,Thomas R Carper,Senate,FNF,S,2023-12-11,2024-01-03,Spouse,"$1,001 - $15,000",23
D,Thomas R Carper,Senate,FLNG,P,2023-12-11,2024-01-03,Spouse,"$1,001 - $15,000",23
D,Thomas R Carper,Senate,IRM,S,2023-12-11,2024-01-03,Spouse,"$1,001 - $15,000",23
D,Thomas R Carper,Senate,FMC,P,2023-12-11,2024-01-03,Spouse,"$1,001 - $15,000",23
D,Thomas R Carper,Senate,KMB,P,2023-12-11,2024-01-03,Spouse,"$1,001 - $15,000",23
R,Markwayne Mullin,Senate,VLTO,S,2023-12-05,2023-12-28,Joint,"$1,001 - $15,000",23
R,Shelley M Capito,Senate,WFC,S,2023-11-27,2023-12-19,Spouse,"$1,001 - $15,000",22
R,Shelley M Capito,Senate,SHEL,S,2023-11-27,2023-12-19,Spouse,"$1,001 - $15,000",22
?,"A. Mitchell McConnell, Jr.",Senate,WFC,P,2023-12-05,2023-12-18,Spouse,"$1,001 - $15,000",13
R,Thomas H Tuberville,Senate,MDLZ,P,2023-11-22,2023-12-15,Joint,"$1,001 - $15,000",23
R,Thomas H Tuberville,Senate,CLF,S,2023-11-21,2023-12-15,Joint,"$1,001 - $15,000",24
R,Thomas H Tuberville,Senate,KEY,P,2023-11-21,2023-12-15,Joint,"$15,001 - $50,000",24
R,Thomas H Tuberville,Senate,FGBI,S,2023-11-21,2023-12-15,Joint,"$15,001 - $50,000",24
R,Thomas H Tuberville,Senate,ABBV,S,2023-11-20,2023-12-15,Joint,"$1,001 - $15,000",25
R,Thomas H Tuberville,Senate,BMY,S,2023-11-16,2023-12-15,Joint,"$1,001 - $15,000",29
R,Thomas H Tuberville,Senate,AMAT,S,2023-11-15,2023-12-15,Joint,"$1,001 - $15,000",30
R,Thomas H Tuberville,Senate,MCHP,S,2023-11-15,2023-12-15,Joint,"$1,001 - $15,000",30
R,Thomas H Tuberville,Senate,OXY,S,2023-11-14,2023-12-15,Joint,"$1,001 - $15,000",31
R,Thomas H Tuberville,Senate,CLF,S,2023-11-09,2023-12-15,Joint,"$1,001 - $15,000",36
R,Thomas H Tuberville,Senate,MSFT,S,2023-11-09,2023-12-15,Joint,"$1,001 - $15,000",36
R,Thomas H Tuberville,Senate,X,P,2023-11-07,2023-12-15,Joint,"$1,001 - $15,000",38
R,John Boozman,Senate,SHY,S,2023-11-07,2023-12-12,Self,"$1,001 - $15,000",35
R,John Boozman,Senate,CMBS,S,2023-11-07,2023-12-12,Self,"$1,001 - $15,000",35
R,John Boozman,Senate,TLT,S,2023-11-29,2023-12-12,Self,"$1,001 - $15,000",13
R,John Boozman,Senate,AGZ,S,2023-11-07,2023-12-12,Self,"$1,001 - $15,000",35
R,John Boozman,Senate,GBIL,S,2023-11-07,2023-12-12,Self,"$1,001 - $15,000",35
R,John Boozman,Senate,GIGB,S,2023-11-07,2023-12-12,Self,"$1,001 - $15,000",35
R,John Boozman,Senate,JMBS,P,2023-11-07,2023-12-12,Self,"$1,001 - $15,000",35
R,John Boozman,Senate,SHY,P,2023-11-29,2023-12-12,Self,"$1,001 - $15,000",13
R,John Boozman,Senate,TLH,P,2023-11-08,2023-12-12,Self,"$1,001 - $15,000",34
R,John Boozman,Senate,TLT,P,2023-11-07,2023-12-12,Self,"$1,001 - $15,000",35
R,John Boozman,Senate,MBB,P,2023-11-07,2023-12-12,Self,"$1,001 - $15,000",35
R,Shelley M Capito,Senate,MSFT,S,2023-11-30,2023-12-11,Spouse,"$1,001 - $15,000",11
D,Sheldon Whitehouse,Senate,CELH,P,2023-11-08,2023-12-07,Self,"$1,001 - $15,000",29
D,Sheldon Whitehouse,Senate,VLTO,S,2023-11-29,2023-12-07,Spouse,"$1,001 - $15,000",8
D,Sheldon Whitehouse,Senate,KMB,S,2023-11-16,2023-12-07,Self,"$50,001 - $100,000",21
D,Tina Smith,Senate,AORT,P,2023-11-16,2023-11-20,Spouse,"$50,001 - $100,000",4
D,Tina Smith,Senate,TCMD,P,2023-11-08,2023-11-20,Spouse,"$100,001 - $250,000",12
D,Tina Smith,Senate,AORT,P,2023-11-10,2023-11-20,Spouse,"$50,001 - $100,000",10
R,Thomas H Tuberville,Senate,KMB,S,2023-10-31,2023-11-16,Joint,"$1,001 - $15,000",16
R,Thomas H Tuberville,Senate,CLX,S,2023-10-31,2023-11-16,Joint,"$50,001 - $100,000",16
R,Thomas H Tuberville,Senate,CLF,S,2023-10-31,2023-11-16,Joint,"$1,001 - $15,000",16
R,Thomas H Tuberville,Senate,HPQ,S,2023-10-31,2023-11-16,Joint,"$15,001 - $50,000",16
R,Thomas H Tuberville,Senate,HPQ,P,2023-10-30,2023-11-16,Joint,"$15,001 - $50,000",17
R,Thomas H Tuberville,Senate,CLX,P,2023-10-25,2023-11-16,Joint,"$100,001 - $250,000",22
R,Thomas H Tuberville,Senate,HPQ,P,2023-10-23,2023-11-16,Joint,"$15,001 - $50,000",24
R,Thomas H Tuberville,Senate,HPQ,S,2023-10-23,2023-11-16,Joint,"$15,001 - $50,000",24
R,Thomas H Tuberville,Senate,CLF,P,2023-10-23,2023-11-16,Joint,"$15,001 - $50,000",24
R,Thomas H Tuberville,Senate,CLF,P,2023-10-18,2023-11-16,Joint,"$15,001 - $50,000",29
R,Thomas H Tuberville,Senate,AMAT,S,2023-10-17,2023-11-16,Joint,"$1,001 - $15,000",30
R,Thomas H Tuberville,Senate,TSLA,P,2023-10-17,2023-11-16,Joint,"$1,001 - $15,000",30
R,Thomas H Tuberville,Senate,KO,P,2023-10-17,2023-11-16,Joint,"$1,001 - $15,000",30
R,Thomas H Tuberville,Senate,TXN,P,2023-10-17,2023-11-16,Joint,"$1,001 - $15,000",30
R,Thomas H Tuberville,Senate,WU,P,2023-10-17,2023-11-16,Joint,"$1,001 - $15,000",30
R,Thomas H Tuberville,Senate,UNP,S,2023-10-17,2023-11-16,Joint,"$1,001 - $15,000",30
R,Thomas H Tuberville,Senate,MMM,P,2023-10-17,2023-11-16,Joint,"$15,001 - $50,000",30
R,Thomas H Tuberville,Senate,TSLA,S,2023-10-17,2023-11-16,Joint,"$1,001 - $15,000",30
R,Thomas H Tuberville,Senate,SCCO,P,2023-10-17,2023-11-16,Joint,"$1,001 - $15,000",30
R,Thomas H Tuberville,Senate,SWKS,S,2023-10-17,2023-11-16,Joint,"$1,001 - $15,000",30
R,Thomas H Tuberville,Senate,ROK,P,2023-10-17,2023-11-16,Joint,"$1,001 - $15,000",30
R,Thomas H Tuberville,Senate,RMD,P,2023-10-17,2023-11-16,Joint,"$1,001 - $15,000",30
R,Thomas H Tuberville,Senate,PHM,P,2023-10-17,2023-11-16,Joint,"$1,001 - $15,000",30
R,Thomas H Tuberville,Senate,NXPI,P,2023-10-17,2023-11-16,Joint,"$1,001 - $15,000",30
R,Thomas H Tuberville,Senate,MCO,P,2023-10-17,2023-11-16,Joint,"$1,001 - $15,000",30
R,Thomas H Tuberville,Senate,MNST,P,2023-10-17,2023-11-16,Joint,"$1,001 - $15,000",30
R,Thomas H Tuberville,Senate,MPWR,P,2023-10-17,2023-11-16,Joint,"$1,001 - $15,000",30
R,Thomas H Tuberville,Senate,MCHP,P,2023-10-17,2023-11-16,Joint,"$1,001 - $15,000",30
R,Thomas H Tuberville,Senate,MMC,P,2023-10-17,2023-11-16,Joint,"$1,001 - $15,000",30
R,Thomas H Tuberville,Senate,ITW,P,2023-10-17,2023-11-16,Joint,"$1,001 - $15,000",30
R,Thomas H Tuberville,Senate,GGG,P,2023-10-17,2023-11-16,Joint,"$1,001 - $15,000",30
R,Thomas H Tuberville,Senate,FTNT,P,2023-10-17,2023-11-16,Joint,"$1,001 - $15,000",30
R,Thomas H Tuberville,Senate,META,P,2023-10-17,2023-11-16,Joint,"$1,001 - $15,000",30
R,Thomas H Tuberville,Senate,KO,S,2023-10-17,2023-11-16,Joint,"$1,001 - $15,000",30
R,Thomas H Tuberville,Senate,BMY,P,2023-10-17,2023-11-16,Joint,"$1,001 - $15,000",30
R,Thomas H Tuberville,Senate,AMAT,P,2023-10-17,2023-11-16,Joint,"$1,001 - $15,000",30
R,Thomas H Tuberville,Senate,AON,P,2023-10-17,2023-11-16,Joint,"$1,001 - $15,000",30
R,Thomas H Tuberville,Senate,WMS,P,2023-10-17,2023-11-16,Joint,"$1,001 - $15,000",30
R,Thomas H Tuberville,Senate,ABBV,P,2023-10-17,2023-11-16,Joint,"$1,001 - $15,000",30
R,Thomas H Tuberville,Senate,SKY,S,2023-10-16,2023-11-16,Joint,"$1,001 - $15,000",31
R,Thomas H Tuberville,Senate,RRC,S,2023-10-16,2023-11-16,Joint,"$1,001 - $15,000",31
R,Thomas H Tuberville,Senate,ODFL,S,2023-10-16,2023-11-16,Joint,"$1,001 - $15,000",31
R,Thomas H Tuberville,Senate,NSC,S,2023-10-16,2023-11-16,Joint,"$1,001 - $15,000",31
R,Thomas H Tuberville,Senate,MRK,S,2023-10-16,2023-11-16,Joint,"$1,001 - $15,000",31
R,Thomas H Tuberville,Senate,JNJ,S,2023-10-16,2023-11-16,Joint,"$1,001 - $15,000",31
R,Thomas H Tuberville,Senate,JKHY,S,2023-10-16,2023-11-16,Joint,"$1,001 - $15,000",31
R,Thomas H Tuberville,Senate,GSK,S,2023-10-16,2023-11-16,Joint,"$1,001 - $15,000",31
R,Thomas H Tuberville,Senate,GIS,S,2023-10-16,2023-11-16,Joint,"$1,001 - $15,000",31
R,Thomas H Tuberville,Senate,DIOD,S,2023-10-16,2023-11-16,Joint,"$1,001 - $15,000",31
R,Thomas H Tuberville,Senate,CBSH,S,2023-10-16,2023-11-16,Joint,"$1,001 - $15,000",31
R,Thomas H Tuberville,Senate,CRUS,S,2023-10-16,2023-11-16,Joint,"$1,001 - $15,000",31
R,Thomas H Tuberville,Senate,CSX,S,2023-10-16,2023-11-16,Joint,"$1,001 - $15,000",31
R,Thomas H Tuberville,Senate,ADP,S,2023-10-16,2023-11-16,Joint,"$1,001 - $15,000",31
R,Thomas H Tuberville,Senate,A,S,2023-10-16,2023-11-16,Joint,"$1,001 - $15,000",31
R,Thomas H Tuberville,Senate,TXN,P,2023-10-11,2023-11-16,Joint,"$1,001 - $15,000",36
R,Thomas H Tuberville,Senate,X,P,2023-10-11,2023-11-16,Joint,"$1,001 - $15,000",36
R,Thomas H Tuberville,Senate,LPX,P,2023-10-11,2023-11-16,Joint,"$1,001 - $15,000",36
R,Thomas H Tuberville,Senate,TXN,S,2023-10-11,2023-11-16,Joint,"$15,001 - $50,000",36
R,Thomas H Tuberville,Senate,X,S,2023-10-11,2023-11-16,Joint,"$1,001 - $15,000",36
R,Thomas H Tuberville,Senate,LPX,S,2023-10-11,2023-11-16,Joint,"$1,001 - $15,000",36
R,Thomas H Tuberville,Senate,NU,S,2023-10-11,2023-11-16,Joint,"$100,001 - $250,000",36
R,Thomas H Tuberville,Senate,KR,S,2023-10-11,2023-11-16,Joint,"$50,001 - $100,000",36
R,Thomas H Tuberville,Senate,KR,P,2023-10-03,2023-11-16,Joint,"$50,001 - $100,000",44
R,John Boozman,Senate,AES,S,2023-10-05,2023-11-07,Self,"$1,001 - $15,000",33
D,Thomas R Carper,Senate,RVNC,P,2023-10-04,2023-11-02,Spouse,"$1,001 - $15,000",29
D,Thomas R Carper,Senate,GPCR,S,2023-10-04,2023-11-02,Spouse,"$1,001 - $15,000",29
R,Markwayne Mullin,Senate,ABT,P,2023-10-03,2023-11-01,Joint,"$1,001 - $15,000",29
R,Markwayne Mullin,Senate,ADBE,P,2023-10-03,2023-11-01,Joint,"$1,001 - $15,000",29
R,Markwayne Mullin,Senate,AMD,P,2023-10-03,2023-11-01,Joint,"$1,001 - $15,000",29
R,Markwayne Mullin,Senate,GOOGL,P,2023-10-03,2023-11-01,Joint,"$1,001 - $15,000",29
R,Markwayne Mullin,Senate,AMZN,P,2023-10-03,2023-11-01,Joint,"$1,001 - $15,000",29
R,Markwayne Mullin,Senate,AXP,P,2023-10-03,2023-11-01,Joint,"$1,001 - $15,000",29
R,Markwayne Mullin,Senate,ELV,P,2023-10-03,2023-11-01,Joint,"$1,001 - $15,000",29
R,Markwayne Mullin,Senate,AAPL,P,2023-10-03,2023-11-01,Joint,"$1,001 - $15,000",29
R,Markwayne Mullin,Senate,AMAT,P,2023-10-03,2023-11-01,Joint,"$1,001 - $15,000",29
R,Markwayne Mullin,Senate,AZO,P,2023-10-03,2023-11-01,Joint,"$1,001 - $15,000",29
R,Markwayne Mullin,Senate,BRK.B,P,2023-10-03,2023-11-01,Joint,"$1,001 - $15,000",29
R,Markwayne Mullin,Senate,BLK,P,2023-10-03,2023-11-01,Joint,"$1,001 - $15,000",29
R,Markwayne Mullin,Senate,BSX,P,2023-10-03,2023-11-01,Joint,"$1,001 - $15,000",29
R,Markwayne Mullin,Senate,CSX,P,2023-10-03,2023-11-01,Joint,"$1,001 - $15,000",29
R,Markwayne Mullin,Senate,CAT,P,2023-10-03,2023-11-01,Joint,"$1,001 - $15,000",29
R,Markwayne Mullin,Senate,CVX,P,2023-10-03,2023-11-01,Joint,"$1,001 - $15,000",29
R,Markwayne Mullin,Senate,CMG,P,2023-10-03,2023-11-01,Joint,"$1,001 - $15,000",29
R,Markwayne Mullin,Senate,KO,P,2023-10-03,2023-11-01,Joint,"$1,001 - $15,000",29
R,Markwayne Mullin,Senate,CMCSA,P,2023-10-03,2023-11-01,Joint,"$1,001 - $15,000",29
R,Markwayne Mullin,Senate,COP,P,2023-10-03,2023-11-01,Joint,"$1,001 - $15,000",29
R,Markwayne Mullin,Senate,STZ,P,2023-10-03,2023-11-01,Joint,"$1,001 - $15,000",29
R,Markwayne Mullin,Senate,COST,P,2023-10-03,2023-11-01,Joint,"$1,001 - $15,000",29
R,Markwayne Mullin,Senate,DE,P,2023-10-03,2023-11-01,Joint,"$1,001 - $15,000",29
R,Markwayne Mullin,Senate,EW,P,2023-10-03,2023-11-01,Joint,"$1,001 - $15,000",29
R,Markwayne Mullin,Senate,EMR,P,2023-10-03,2023-11-01,Joint,"$1,001 - $15,000",29
R,Markwayne Mullin,Senate,META,P,2023-10-03,2023-11-01,Joint,"$1,001 - $15,000",29
R,Markwayne Mullin,Senate,FI,P,2023-10-03,2023-11-01,Joint,"$1,001 - $15,000",29
R,Markwayne Mullin,Senate,GS,P,2023-10-03,2023-11-01,Joint,"$1,001 - $15,000",29
R,Markwayne Mullin,Senate,HLT,P,2023-10-03,2023-11-01,Joint,"$1,001 - $15,000",29
R,Markwayne Mullin,Senate,HD,P,2023-10-03,2023-11-01,Joint,"$1,001 - $15,000",29
R,Markwayne Mullin,Senate,HON,P,2023-10-03,2023-11-01,Joint,"$1,001 - $15,000",29
R,Markwayne Mullin,Senate,ICE,P,2023-10-03,2023-11-01,Joint,"$1,001 - $15,000",29
R,Markwayne Mullin,Senate,JPM,P,2023-10-03,2023-11-01,Joint,"$1,001 - $15,000",29
R,Markwayne Mullin,Senate,LRCX,P,2023-10-03,2023-11-01,Joint,"$1,001 - $15,000",29
R,Markwayne Mullin,Senate,LLY,P,2023-10-03,2023-11-01,Joint,"$1,001 - $15,000",29
R,Markwayne Mullin,Senate,MA,P,2023-10-03,2023-11-01,Joint,"$1,001 - $15,000",29
R,Markwayne Mullin,Senate,MSFT,P,2023-10-03,2023-11-01,Joint,"$1,001 - $15,000",29
R,Markwayne Mullin,Senate,NKE,P,2023-10-03,2023-11-01,Joint,"$1,001 - $15,000",29
R,Markwayne Mullin,Senate,NVDA,P,2023-10-03,2023-11-01,Joint,"$1,001 - $15,000",29
R,Markwayne Mullin,Senate,PANW,P,2023-10-03,2023-11-01,Joint,"$1,001 - $15,000",29
R,Markwayne Mullin,Senate,PEP,P,2023-10-03,2023-11-01,Joint,"$1,001 - $15,000",29
R,Markwayne Mullin,Senate,PG,P,2023-10-03,2023-11-01,Joint,"$1,001 - $15,000",29
R,Markwayne Mullin,Senate,RTX,P,2023-10-03,2023-11-01,Joint,"$1,001 - $15,000",29
R,Markwayne Mullin,Senate,SPGI,P,2023-10-03,2023-11-01,Joint,"$1,001 - $15,000",29
R,Markwayne Mullin,Senate,CRM,P,2023-10-03,2023-11-01,Joint,"$1,001 - $15,000",29
R,Markwayne Mullin,Senate,SHW,P,2023-10-03,2023-11-01,Joint,"$1,001 - $15,000",29
R,Markwayne Mullin,Senate,SBUX,P,2023-10-03,2023-11-01,Joint,"$1,001 - $15,000",29
R,Markwayne Mullin,Senate,TXN,P,2023-10-03,2023-11-01,Joint,"$1,001 - $15,000",29
R,Markwayne Mullin,Senate,TMO,P,2023-10-03,2023-11-01,Joint,"$15,001 - $50,000",29
R,Markwayne Mullin,Senate,UNP,P,2023-10-03,2023-11-01,Joint,"$1,001 - $15,000",29
R,Markwayne Mullin,Senate,UNH,P,2023-10-03,2023-11-01,Joint,"$1,001 - $15,000",29
R,Markwayne Mullin,Senate,V,P,2023-10-03,2023-11-01,Joint,"$1,001 - $15,000",29
R,Markwayne Mullin,Senate,ZTS,P,2023-10-03,2023-11-01,Joint,"$1,001 - $15,000",29
D,JD Vance,Senate,WMT,S,2023-10-03,2023-10-23,Self,"$50,001 - $100,000",20
R,John P Ricketts,Senate,YUM,S,2023-09-21,2023-10-20,Spouse,"$50,001 - $100,000",29
R,John P Ricketts,Senate,WAL,S,2023-09-21,2023-10-20,Spouse,"$50,001 - $100,000",29
R,John P Ricketts,Senate,VZ,S,2023-09-21,2023-10-20,Spouse,"$50,001 - $100,000",29
R,John P Ricketts,Senate,UNP,S,2023-09-21,2023-10-20,Spouse,"$100,001 - $250,000",29
R,John P Ricketts,Senate,UNH,S,2023-09-21,2023-10-20,Spouse,"$100,001 - $250,000",29
R,John P Ricketts,Senate,PNC,S,2023-09-21,2023-10-20,Spouse,"$50,001 - $100,000",29
R,John P Ricketts,Senate,PM,S,2023-09-21,2023-10-20,Spouse,"$100,001 - $250,000",29
R,John P Ricketts,Senate,PLD,S,2023-09-21,2023-10-20,Spouse,"$50,001 - $100,000",29
R,John P Ricketts,Senate,PG,S,2023-09-21,2023-10-20,Spouse,"$100,001 - $250,000",29
R,John P Ricketts,Senate,NTR,S,2023-09-21,2023-10-20,Spouse,"$50,001 - $100,000",29
R,John P Ricketts,Senate,MRK,S,2023-09-21,2023-10-20,Spouse,"$50,001 - $100,000",29
R,John P Ricketts,Senate,MDT,S,2023-09-21,2023-10-20,Spouse,"$50,001 - $100,000",29
R,John P Ricketts,Senate,MCD,S,2023-09-21,2023-10-20,Spouse,"$100,001 - $250,000",29
R,John P Ricketts,Senate,KO,S,2023-09-21,2023-10-20,Spouse,"$100,001 - $250,000",29
R,John P Ricketts,Senate,JNJ,S,2023-09-21,2023-10-20,Spouse,"$100,001 - $250,000",29
R,John P Ricketts,Senate,GD,S,2023-09-21,2023-10-20,Spouse,"$100,001 - $250,000",29
R,John P Ricketts,Senate,EQNR,S,2023-09-21,2023-10-20,Spouse,"$100,001 - $250,000",29
R,John P Ricketts,Senate,EMR,S,2023-09-21,2023-10-20,Spouse,"$100,001 - $250,000",29
R,John P Ricketts,Senate,CVS,S,2023-09-21,2023-10-20,Spouse,"$50,001 - $100,000",29
R,John P Ricketts,Senate,CUBE,S,2023-09-21,2023-10-20,Spouse,"$50,001 - $100,000",29
R,John P Ricketts,Senate,CF,S,2023-09-21,2023-10-20,Spouse,"$50,001 - $100,000",29
R,John P Ricketts,Senate,BRK.B,S,2023-09-21,2023-10-20,Spouse,"$100,001 - $250,000",29
R,John P Ricketts,Senate,APA,S,2023-09-21,2023-10-20,Spouse,"$50,001 - $100,000",29
R,John P Ricketts,Senate,ADP,S,2023-09-21,2023-10-20,Spouse,"$50,001 - $100,000",29
R,John P Ricketts,Senate,ABT,S,2023-09-21,2023-10-20,Spouse,"$100,001 - $250,000",29
D,Sheldon Whitehouse,Senate,C,S,2023-09-20,2023-10-17,Spouse,"$1,001 - $15,000",27
D,Sheldon Whitehouse,Senate,PYPL,S,2023-09-20,2023-10-17,Spouse,"$1,001 - $15,000",27
D,Sheldon Whitehouse,Senate,T,S,2023-09-20,2023-10-17,Spouse,"$1,001 - $15,000",27
D,Sheldon Whitehouse,Senate,BTO,S,2023-09-20,2023-10-17,Spouse,"$1,001 - $15,000",27
D,Sheldon Whitehouse,Senate,WBD,S,2023-09-20,2023-10-17,Spouse,"$1,001 - $15,000",27
D,Sheldon Whitehouse,Senate,INTC,S,2023-09-20,2023-10-17,Spouse,"$1,001 - $15,000",27
D,Sheldon Whitehouse,Senate,MET,S,2023-09-20,2023-10-17,Self,"$1,001 - $15,000",27
D,Sheldon Whitehouse,Senate,IR,S,2023-09-20,2023-10-17,Self,"$1,001 - $15,000",27
D,Sheldon Whitehouse,Senate,KVUE,P,2023-09-20,2023-10-17,Self,"$1,001 - $15,000",27
D,Sheldon Whitehouse,Senate,VZ,P,2023-09-20,2023-10-17,Self,"$1,001 - $15,000",27
D,Sheldon Whitehouse,Senate,NVS,P,2023-09-20,2023-10-17,Self,"$15,001 - $50,000",27
D,Sheldon Whitehouse,Senate,MMM,S,2023-09-20,2023-10-17,Self,"$15,001 - $50,000",27
D,Sheldon Whitehouse,Senate,TSLA,P,2023-09-20,2023-10-17,Self,"$1,001 - $15,000",27
D,Sheldon Whitehouse,Senate,SQ,S,2023-09-20,2023-10-17,Self,"$1,001 - $15,000",27
D,Sheldon Whitehouse,Senate,LLY,P,2023-09-20,2023-10-17,Self,"$15,001 - $50,000",27
R,Shelley M Capito,Senate,SPGI,P,2023-09-27,2023-10-14,Spouse,"$1,001 - $15,000",17
R,Shelley M Capito,Senate,UNH,P,2023-09-22,2023-10-14,Spouse,"$1,001 - $15,000",22
R,Shelley M Capito,Senate,ACN,P,2023-09-22,2023-10-14,Spouse,"$1,001 - $15,000",22
R,Shelley M Capito,Senate,RTX,S,2023-09-21,2023-10-14,Spouse,"$1,001 - $15,000",23
R,Shelley M Capito,Senate,USB,S,2023-09-01,2023-10-14,Spouse,"$1,001 - $15,000",43
R,Thomas H Tuberville,Senate,LLY,S,2023-09-08,2023-10-13,Joint,"$1,001 - $15,000",35
R,Thomas H Tuberville,Senate,PRU,S,2023-09-07,2023-10-13,Joint,"$15,001 - $50,000",36
R,Thomas H Tuberville,Senate,TSN,S,2023-09-07,2023-10-13,Joint,"$1,001 - $15,000",36
R,Thomas H Tuberville,Senate,AAPL,S,2023-09-07,2023-10-13,Self,"$15,001 - $50,000",36
R,Thomas H Tuberville,Senate,KR,P,2023-09-28,2023-10-13,Joint,"$15,001 - $50,000",15
R,Thomas H Tuberville,Senate,CLX,P,2023-09-20,2023-10-13,Joint,"$100,001 - $250,000",23
R,Thomas H Tuberville,Senate,FITB,S,2023-09-18,2023-10-13,Joint,"$1,001 - $15,000",25
R,Thomas H Tuberville,Senate,TXN,S,2023-09-18,2023-10-13,Joint,"$1,001 - $15,000",25
R,Thomas H Tuberville,Senate,LPX,S,2023-09-18,2023-10-13,Joint,"$1,001 - $15,000",25
R,Thomas H Tuberville,Senate,PARA,S,2023-09-18,2023-10-13,Joint,"$1,001 - $15,000",25
R,Thomas H Tuberville,Senate,PARA,P,2023-09-18,2023-10-13,Joint,"$50,001 - $100,000",25
R,Thomas H Tuberville,Senate,TXN,P,2023-09-18,2023-10-13,Joint,"$100,001 - $250,000",25
R,Thomas H Tuberville,Senate,KMB,P,2023-09-15,2023-10-13,Joint,"$15,001 - $50,000",28
R,Thomas H Tuberville,Senate,TXN,P,2023-09-14,2023-10-13,Joint,"$50,001 - $100,000",29
R,Thomas H Tuberville,Senate,CLF,P,2023-09-14,2023-10-13,Joint,"$1,001 - $15,000",29
R,Thomas H Tuberville,Senate,INTC,S,2023-09-13,2023-10-13,Joint,"$1,001 - $15,000",30
R,Thomas H Tuberville,Senate,QCOM,S,2023-09-13,2023-10-13,Joint,"$15,001 - $50,000",30
R,Thomas H Tuberville,Senate,QCOM,P,2023-09-13,2023-10-13,Joint,"$1,001 - $15,000",30
R,Thomas H Tuberville,Senate,KMB,P,2023-09-13,2023-10-13,Joint,"$50,001 - $100,000",30
R,Thomas H Tuberville,Senate,LPX,P,2023-09-12,2023-10-13,Joint,"$100,001 - $250,000",31
R,Thomas H Tuberville,Senate,KMB,P,2023-09-08,2023-10-13,Joint,"$15,001 - $50,000",35
R,Thomas H Tuberville,Senate,CLF,P,2023-09-08,2023-10-13,Joint,"$50,001 - $100,000",35
R,Thomas H Tuberville,Senate,CLF,P,2023-09-07,2023-10-13,Joint,"$50,001 - $100,000",36
R,Thomas H Tuberville,Senate,QCOM,S,2023-09-01,2023-10-13,Joint,"$1,001 - $15,000",42
R,Markwayne Mullin,Senate,ABT,P,2023-09-13,2023-10-12,Joint,"$15,001 - $50,000",29
R,Markwayne Mullin,Senate,ADBE,P,2023-09-13,2023-10-12,Joint,"$15,001 - $50,000",29
R,Markwayne Mullin,Senate,AMD,P,2023-09-13,2023-10-12,Joint,"$15,001 - $50,000",29
R,Markwayne Mullin,Senate,GOOGL,P,2023-09-13,2023-10-12,Joint,"$15,001 - $50,000",29
R,Markwayne Mullin,Senate,AMZN,P,2023-09-13,2023-10-12,Joint,"$50,001 - $100,000",29
R,Markwayne Mullin,Senate,AXP,P,2023-09-13,2023-10-12,Joint,"$15,001 - $50,000",29
R,Markwayne Mullin,Senate,ELV,P,2023-09-13,2023-10-12,Joint,"$15,001 - $50,000",29
R,Markwayne Mullin,Senate,AAPL,P,2023-09-13,2023-10-12,Joint,"$50,001 - $100,000",29
R,Markwayne Mullin,Senate,AMAT,P,2023-09-13,2023-10-12,Joint,"$15,001 - $50,000",29
R,Markwayne Mullin,Senate,AZO,P,2023-09-13,2023-10-12,Joint,"$15,001 - $50,000",29
R,Markwayne Mullin,Senate,BRK.B,P,2023-09-13,2023-10-12,Joint,"$15,001 - $50,000",29
R,Markwayne Mullin,Senate,BLK,P,2023-09-13,2023-10-12,Joint,"$15,001 - $50,000",29
R,Markwayne Mullin,Senate,BSX,P,2023-09-13,2023-10-12,Joint,"$15,001 - $50,000",29
R,Markwayne Mullin,Senate,CSX,P,2023-09-13,2023-10-12,Joint,"$15,001 - $50,000",29
R,Markwayne Mullin,Senate,CAT,P,2023-09-13,2023-10-12,Joint,"$15,001 - $50,000",29
R,Markwayne Mullin,Senate,CVX,P,2023-09-13,2023-10-12,Joint,"$15,001 - $50,000",29
R,Markwayne Mullin,Senate,CMG,P,2023-09-13,2023-10-12,Joint,"$15,001 - $50,000",29
R,Markwayne Mullin,Senate,KO,P,2023-09-13,2023-10-12,Joint,"$15,001 - $50,000",29
R,Markwayne Mullin,Senate,CMCSA,P,2023-09-13,2023-10-12,Joint,"$15,001 - $50,000",29
R,Markwayne Mullin,Senate,COP,P,2023-09-13,2023-10-12,Joint,"$15,001 - $50,000",29
R,Markwayne Mullin,Senate,STZ,P,2023-09-13,2023-10-12,Joint,"$15,001 - $50,000",29
R,Markwayne Mullin,Senate,COST,P,2023-09-18,2023-10-12,Joint,"$15,001 - $50,000",24
R,Markwayne Mullin,Senate,DHR,P,2023-09-13,2023-10-12,Joint,"$15,001 - $50,000",29
R,Markwayne Mullin,Senate,DE,P,2023-09-13,2023-10-12,Joint,"$15,001 - $50,000",29
R,Markwayne Mullin,Senate,EW,P,2023-09-13,2023-10-12,Joint,"$15,001 - $50,000",29
R,Markwayne Mullin,Senate,EMR,P,2023-09-13,2023-10-12,Joint,"$15,001 - $50,000",29
R,Markwayne Mullin,Senate,META,P,2023-09-13,2023-10-12,Joint,"$50,001 - $100,000",29
R,Markwayne Mullin,Senate,FI,P,2023-09-13,2023-10-12,Joint,"$15,001 - $50,000",29
R,Markwayne Mullin,Senate,GS,P,2023-09-13,2023-10-12,Joint,"$15,001 - $50,000",29
R,Markwayne Mullin,Senate,HLT,P,2023-09-13,2023-10-12,Joint,"$15,001 - $50,000",29
R,Markwayne Mullin,Senate,HD,P,2023-09-13,2023-10-12,Joint,"$15,001 - $50,000",29
R,Markwayne Mullin,Senate,HON,P,2023-09-13,2023-10-12,Joint,"$15,001 - $50,000",29
R,Markwayne Mullin,Senate,ICE,P,2023-09-13,2023-10-12,Joint,"$15,001 - $50,000",29
R,Markwayne Mullin,Senate,JPM,P,2023-09-13,2023-10-12,Joint,"$15,001 - $50,000",29
R,Markwayne Mullin,Senate,KLAC,P,2023-09-13,2023-10-12,Joint,"$50,001 - $100,000",29
R,Markwayne Mullin,Senate,LRCX,P,2023-09-13,2023-10-12,Joint,"$15,001 - $50,000",29
R,Markwayne Mullin,Senate,LLY,P,2023-09-13,2023-10-12,Joint,"$15,001 - $50,000",29
R,Markwayne Mullin,Senate,MA,P,2023-09-13,2023-10-12,Joint,"$15,001 - $50,000",29
R,Markwayne Mullin,Senate,MSFT,P,2023-09-13,2023-10-12,Joint,"$15,001 - $50,000",29
R,Markwayne Mullin,Senate,NKE,P,2023-09-13,2023-10-12,Joint,"$15,001 - $50,000",29
R,Markwayne Mullin,Senate,NVDA,P,2023-09-13,2023-10-12,Joint,"$15,001 - $50,000",29
R,Markwayne Mullin,Senate,PANW,P,2023-09-13,2023-10-12,Joint,"$15,001 - $50,000",29
R,Markwayne Mullin,Senate,PEP,P,2023-09-13,2023-10-12,Joint,"$15,001 - $50,000",29
R,Markwayne Mullin,Senate,PG,P,2023-09-13,2023-10-12,Joint,"$15,001 - $50,000",29
R,Markwayne Mullin,Senate,RTX,P,2023-09-13,2023-10-12,Joint,"$15,001 - $50,000",29
R,Markwayne Mullin,Senate,SPGI,P,2023-09-13,2023-10-12,Joint,"$15,001 - $50,000",29
R,Markwayne Mullin,Senate,CRM,P,2023-09-13,2023-10-12,Joint,"$15,001 - $50,000",29
R,Markwayne Mullin,Senate,SHW,P,2023-09-13,2023-10-12,Joint,"$15,001 - $50,000",29
R,Markwayne Mullin,Senate,SBUX,P,2023-09-13,2023-10-12,Joint,"$15,001 - $50,000",29
R,Markwayne Mullin,Senate,TMUS,P,2023-09-13,2023-10-12,Joint,"$15,001 - $50,000",29
R,Markwayne Mullin,Senate,TXN,P,2023-09-13,2023-10-12,Joint,"$15,001 - $50,000",29
R,Markwayne Mullin,Senate,TMO,P,2023-09-13,2023-10-12,Joint,"$15,001 - $50,000",29
R,Markwayne Mullin,Senate,UNP,P,2023-09-13,2023-10-12,Joint,"$15,001 - $50,000",29
R,Markwayne Mullin,Senate,UNH,P,2023-09-13,2023-10-12,Joint,"$15,001 - $50,000",29
R,Markwayne Mullin,Senate,VLO,P,2023-09-13,2023-10-12,Joint,"$50,001 - $100,000",29
R,Markwayne Mullin,Senate,V,P,2023-09-13,2023-10-12,Joint,"$15,001 - $50,000",29
R,Markwayne Mullin,Senate,ZTS,P,2023-09-13,2023-10-12,Joint,"$15,001 - $50,000",29
R,Daniel S Sullivan,Senate,ZTS,S,2023-08-22,2023-09-22,Joint,"$1,001 - $15,000",31
R,Daniel S Sullivan,Senate,ULTA,S,2023-08-22,2023-09-22,Joint,"$1,001 - $15,000",31
R,Daniel S Sullivan,Senate,TSCO,S,2023-08-22,2023-09-22,Joint,"$1,001 - $15,000",31
R,Daniel S Sullivan,Senate,TJX,S,2023-08-22,2023-09-22,Joint,"$15,001 - $50,000",31
R,Daniel S Sullivan,Senate,TMO,S,2023-08-22,2023-09-22,Joint,"$1,001 - $15,000",31
R,Daniel S Sullivan,Senate,LUV,S,2023-08-22,2023-09-22,Joint,"$1,001 - $15,000",31
R,Daniel S Sullivan,Senate,PPG,S,2023-08-22,2023-09-22,Joint,"$1,001 - $15,000",31
R,Daniel S Sullivan,Senate,PNC,S,2023-08-22,2023-09-22,Joint,"$1,001 - $15,000",31
R,Daniel S Sullivan,Senate,PXD,S,2023-08-22,2023-09-22,Joint,"$1,001 - $15,000",31
R,Daniel S Sullivan,Senate,NTRS,S,2023-08-22,2023-09-22,Joint,"$1,001 - $15,000",31
R,Daniel S Sullivan,Senate,MSFT,S,2023-08-22,2023-09-22,Joint,"$50,001 - $100,000",31
R,Daniel S Sullivan,Senate,MA,S,2023-08-22,2023-09-22,Joint,"$1,001 - $15,000",31
R,Daniel S Sullivan,Senate,LRCX,S,2023-08-22,2023-09-22,Joint,"$1,001 - $15,000",31
R,Daniel S Sullivan,Senate,LH,S,2023-08-22,2023-09-22,Joint,"$1,001 - $15,000",31
R,Daniel S Sullivan,Senate,JPM,S,2023-08-22,2023-09-22,Joint,"$1,001 - $15,000",31
R,Daniel S Sullivan,Senate,JNJ,S,2023-08-22,2023-09-22,Joint,"$1,001 - $15,000",31
R,Daniel S Sullivan,Senate,HON,S,2023-08-22,2023-09-22,Joint,"$1,001 - $15,000",31
R,Daniel S Sullivan,Senate,CVS,S,2023-08-22,2023-09-22,Joint,"$1,001 - $15,000",31
R,Daniel S Sullivan,Senate,COST,S,2023-08-22,2023-09-22,Joint,"$1,001 - $15,000",31
R,Daniel S Sullivan,Senate,CHD,S,2023-08-22,2023-09-22,Joint,"$1,001 - $15,000",31
R,Daniel S Sullivan,Senate,CVX,S,2023-08-22,2023-09-22,Joint,"$1,001 - $15,000",31
R,Daniel S Sullivan,Senate,SCHW,S,2023-08-22,2023-09-22,Joint,"$1,001 - $15,000",31
R,Daniel S Sullivan,Senate,BMY,S,2023-08-22,2023-09-22,Joint,"$1,001 - $15,000",31
R,Daniel S Sullivan,Senate,BKNG,S,2023-08-22,2023-09-22,Joint,"$1,001 - $15,000",31
R,Daniel S Sullivan,Senate,BLK,S,2023-08-22,2023-09-22,Joint,"$1,001 - $15,000",31
R,Daniel S Sullivan,Senate,AAPL,S,2023-08-22,2023-09-22,Joint,"$15,001 - $50,000",31
R,Daniel S Sullivan,Senate,APH,S,2023-08-22,2023-09-22,Joint,"$1,001 - $15,000",31
R,Daniel S Sullivan,Senate,AME,S,2023-08-22,2023-09-22,Joint,"$1,001 - $15,000",31
R,Daniel S Sullivan,Senate,AXP,S,2023-08-22,2023-09-22,Joint,"$1,001 - $15,000",31
R,Daniel S Sullivan,Senate,AMZN,S,2023-08-22,2023-09-22,Joint,"$1,001 - $15,000",31
R,Daniel S Sullivan,Senate,GOOG,S,2023-08-22,2023-09-22,Joint,"$15,001 - $50,000",31
R,Daniel S Sullivan,Senate,ALGN,S,2023-08-22,2023-09-22,Joint,"$1,001 - $15,000",31
R,Daniel S Sullivan,Senate,ACN,S,2023-08-22,2023-09-22,Joint,"$15,001 - $50,000",31
R,Daniel S Sullivan,Senate,ZTS,S,2023-08-22,2023-09-18,Joint,"$1,001 - $15,000",27
R,Daniel S Sullivan,Senate,ULTA,S,2023-08-22,2023-09-18,Joint,"$1,001 - $15,000",27
R,Daniel S Sullivan,Senate,TSCO,S,2023-08-22,2023-09-18,Joint,"$1,001 - $15,000",27
R,Daniel S Sullivan,Senate,TJX,S,2023-08-22,2023-09-18,Joint,"$15,001 - $50,000",27
R,Daniel S Sullivan,Senate,TMO,S,2023-08-22,2023-09-18,Joint,"$1,001 - $15,000",27
R,Daniel S Sullivan,Senate,LUV,S,2023-08-22,2023-09-18,Joint,"$1,001 - $15,000",27
R,Daniel S Sullivan,Senate,PPG,S,2023-08-22,2023-09-18,Joint,"$1,001 - $15,000",27
R,Daniel S Sullivan,Senate,PNC,S,2023-08-22,2023-09-18,Joint,"$1,001 - $15,000",27
R,Daniel S Sullivan,Senate,PXD,S,2023-08-22,2023-09-18,Joint,"$1,001 - $15,000",27
R,Daniel S Sullivan,Senate,NTRS,S,2023-08-22,2023-09-18,Joint,"$1,001 - $15,000",27
R,Daniel S Sullivan,Senate,MSFT,S,2023-08-22,2023-09-18,Joint,"$50,001 - $100,000",27
R,Daniel S Sullivan,Senate,MA,S,2023-08-22,2023-09-18,Joint,"$1,001 - $15,000",27
R,Daniel S Sullivan,Senate,LRCX,S,2023-08-22,2023-09-18,Joint,"$1,001 - $15,000",27
R,Daniel S Sullivan,Senate,LH,S,2023-08-22,2023-09-18,Joint,"$1,001 - $15,000",27
R,Daniel S Sullivan,Senate,JPM,S,2023-08-22,2023-09-18,Joint,"$1,001 - $15,000",27
R,Daniel S Sullivan,Senate,JNJ,S,2023-08-22,2023-09-18,Joint,"$1,001 - $15,000",27
R,Daniel S Sullivan,Senate,HON,S,2023-08-22,2023-09-18,Joint,"$1,001 - $15,000",27
R,Daniel S Sullivan,Senate,CVS,S,2023-08-22,2023-09-18,Joint,"$1,001 - $15,000",27
R,Daniel S Sullivan,Senate,COST,S,2023-08-22,2023-09-18,Joint,"$1,001 - $15,000",27
R,Daniel S Sullivan,Senate,CHD,S,2023-08-22,2023-09-18,Joint,"$1,001 - $15,000",27
R,Daniel S Sullivan,Senate,CVX,S,2023-08-22,2023-09-18,Joint,"$1,001 - $15,000",27
R,Daniel S Sullivan,Senate,SCHW,S,2023-08-22,2023-09-18,Joint,"$1,001 - $15,000",27
R,Daniel S Sullivan,Senate,BMY,S,2023-08-22,2023-09-18,Joint,"$1,001 - $15,000",27
R,Daniel S Sullivan,Senate,BKNG,S,2023-08-22,2023-09-18,Joint,"$1,001 - $15,000",27
R,Daniel S Sullivan,Senate,BLK,S,2023-08-22,2023-09-18,Joint,"$1,001 - $15,000",27
R,Daniel S Sullivan,Senate,AAPL,S,2023-08-22,2023-09-18,Joint,"$15,001 - $50,000",27
R,Daniel S Sullivan,Senate,APH,S,2023-08-22,2023-09-18,Joint,"$1,001 - $15,000",27
R,Daniel S Sullivan,Senate,AME,S,2023-08-22,2023-09-18,Joint,"$1,001 - $15,000",27
R,Daniel S Sullivan,Senate,AXP,S,2023-08-22,2023-09-18,Joint,"$1,001 - $15,000",27
R,Daniel S Sullivan,Senate,AMZN,S,2023-08-22,2023-09-18,Joint,"$1,001 - $15,000",27
R,Daniel S Sullivan,Senate,GOOG,S,2023-08-22,2023-09-18,Joint,"$15,001 - $50,000",27
R,Daniel S Sullivan,Senate,ALGN,S,2023-08-22,2023-09-18,Joint,"$1,001 - $15,000",27
R,Daniel S Sullivan,Senate,ACN,S,2023-08-22,2023-09-18,Joint,"$15,001 - $50,000",27
R,Thomas H Tuberville,Senate,QCOM,P,2023-08-31,2023-09-15,Joint,"$100,001 - $250,000",15
R,Thomas H Tuberville,Senate,INTC,P,2023-08-18,2023-09-15,Joint,"$1,001 - $15,000",28
R,Thomas H Tuberville,Senate,F,P,2023-08-14,2023-09-15,Joint,"$1,001 - $15,000",32
R,Thomas H Tuberville,Senate,F,S,2023-08-14,2023-09-15,Joint,"$100,001 - $250,000",32
R,Rick Scott,Senate,WTT,S,2023-08-15,2023-09-15,Spouse,"$1,000,001 - $5,000,000",31
?,"A. Mitchell McConnell, Jr.",Senate,WFC,P,2023-09-01,2023-09-15,Spouse,"$1,001 - $15,000",14
R,Shelley M Capito,Senate,MSFT,S,2023-08-22,2023-09-15,Spouse,"$1,001 - $15,000",24
R,Shelley M Capito,Senate,LOW,S,2023-08-22,2023-09-15,Spouse,"$1,001 - $15,000",24
R,Shelley M Capito,Senate,AAPL,S,2023-08-22,2023-09-15,Spouse,"$1,001 - $15,000",24
R,Shelley M Capito,Senate,FDS,S,2023-08-02,2023-09-15,Spouse,"$1,001 - $15,000",44
R,Shelley M Capito,Senate,AFL,S,2023-08-02,2023-09-15,Spouse,"$1,001 - $15,000",44
D,Mark R Warner,Senate,ROAD,S,2023-08-08,2023-09-12,Self,"$250,001 - $500,000",35
R,John Boozman,Senate,FEP,S,2023-08-29,2023-09-07,Self,"$15,001 - $50,000",9
R,John Boozman,Senate,BBEU,P,2023-08-29,2023-09-07,Self,"$15,001 - $50,000",9
D,Thomas R Carper,Senate,RMD,P,2023-08-29,2023-09-05,Spouse,"$1,001 - $15,000",7
D,Thomas R Carper,Senate,INOD,P,2023-08-29,2023-09-05,Spouse,"$1,001 - $15,000",7
D,Thomas R Carper,Senate,NEE,P,2023-08-29,2023-09-05,Spouse,"$1,001 - $15,000",7
D,Thomas R Carper,Senate,SWKS,S,2023-08-29,2023-09-05,Spouse,"$1,001 - $15,000",7
D,Thomas R Carper,Senate,AQN,S,2023-08-29,2023-09-05,Spouse,"$1,001 - $15,000",7
D,Thomas R Carper,Senate,CRWD,S,2023-08-29,2023-09-05,Spouse,"$1,001 - $15,000",7
D,Thomas R Carper,Senate,NTLA,S,2023-08-25,2023-09-05,Spouse,"$1,001 - $15,000",11
D,Thomas R Carper,Senate,ROK,P,2023-08-22,2023-09-05,Spouse,"$1,001 - $15,000",14
D,Thomas R Carper,Senate,MPW,S,2023-08-22,2023-09-05,Spouse,"$1,001 - $15,000",14
D,Thomas R Carper,Senate,BAH,S,2023-08-15,2023-09-05,Spouse,"$1,001 - $15,000",21
D,Thomas R Carper,Senate,RMBS,S,2023-08-10,2023-09-05,Spouse,"$1,001 - $15,000",26
D,Thomas R Carper,Senate,SOFI,P,2023-08-10,2023-09-05,Spouse,"$1,001 - $15,000",26
D,Thomas R Carper,Senate,FTNT,S,2023-08-04,2023-09-05,Spouse,"$1,001 - $15,000",32
R,Thomas H Tuberville,Senate,CCL,S,2023-07-27,2023-08-14,Joint,"$1,001 - $15,000",18
R,Thomas H Tuberville,Senate,CLF,S,2023-07-25,2023-08-14,Joint,"$1,001 - $15,000",20
R,Thomas H Tuberville,Senate,WBA,P,2023-07-25,2023-08-14,Joint,"$1,001 - $15,000",20
R,Thomas H Tuberville,Senate,VZ,P,2023-07-25,2023-08-14,Joint,"$1,001 - $15,000",20
R,Thomas H Tuberville,Senate,UAA,P,2023-07-25,2023-08-14,Joint,"$1,001 - $15,000",20
R,Thomas H Tuberville,Senate,MMM,P,2023-07-25,2023-08-14,Joint,"$1,001 - $15,000",20
R,Thomas H Tuberville,Senate,PFE,P,2023-07-25,2023-08-14,Joint,"$1,001 - $15,000",20
R,Thomas H Tuberville,Senate,KEY,P,2023-07-25,2023-08-14,Joint,"$1,001 - $15,000",20
R,Thomas H Tuberville,Senate,FGBI,P,2023-07-25,2023-08-14,Joint,"$1,001 - $15,000",20
R,Thomas H Tuberville,Senate,HUMA,P,2023-07-25,2023-08-14,Joint,"$1,001 - $15,000",20
R,Thomas H Tuberville,Senate,PG,S,2023-07-24,2023-08-14,Joint,"$1,001 - $15,000",21
R,Thomas H Tuberville,Senate,CLF,P,2023-07-24,2023-08-14,Joint,"$50,001 - $100,000",21
R,Thomas H Tuberville,Senate,TXN,S,2023-07-19,2023-08-14,Joint,"$1,001 - $15,000",26
R,Thomas H Tuberville,Senate,LPX,S,2023-07-13,2023-08-14,Joint,"$1,001 - $15,000",32
D,Thomas R Carper,Senate,VZ,P,2023-07-10,2023-08-02,Spouse,"$1,001 - $15,000",23
D,Thomas R Carper,Senate,FNF,P,2023-07-10,2023-08-02,Spouse,"$1,001 - $15,000",23
R,Daniel S Sullivan,Senate,SYK,S,2022-11-30,2023-07-26,Joint,"$1,001 - $15,000",238
R,Daniel S Sullivan,Senate,PYPL,S,2022-11-30,2023-07-26,Joint,"$1,001 - $15,000",238
R,Daniel S Sullivan,Senate,META,S,2022-11-30,2023-07-26,Joint,"$1,001 - $15,000",238
R,Daniel S Sullivan,Senate,MDT,S,2022-11-30,2023-07-26,Joint,"$1,001 - $15,000",238
R,Daniel S Sullivan,Senate,MLM,S,2022-11-30,2023-07-26,Joint,"$1,001 - $15,000",238
R,Daniel S Sullivan,Senate,FFIV,S,2022-11-30,2023-07-26,Joint,"$1,001 - $15,000",238
R,Daniel S Sullivan,Senate,ELAN,S,2022-11-30,2023-07-26,Joint,"$1,001 - $15,000",238
R,Daniel S Sullivan,Senate,CMCSA,S,2022-11-30,2023-07-26,Joint,"$1,001 - $15,000",238
R,Daniel S Sullivan,Senate,BAX,S,2022-11-30,2023-07-26,Joint,"$1,001 - $15,000",238
R,Daniel S Sullivan,Senate,GOOG,S,2022-11-30,2023-07-26,Joint,"$1,001 - $15,000",238
R,Daniel S Sullivan,Senate,ADBE,S,2022-11-30,2023-07-26,Joint,"$1,001 - $15,000",238
R,Daniel S Sullivan,Senate,RPM,S,2022-11-30,2023-07-26,Joint,"$15,001 - $50,000",238
R,Daniel S Sullivan,Senate,ZTS,P,2022-11-30,2023-07-26,Joint,"$1,001 - $15,000",238
R,Daniel S Sullivan,Senate,TJX,P,2022-11-30,2023-07-26,Joint,"$1,001 - $15,000",238
R,Daniel S Sullivan,Senate,TMO,P,2022-11-30,2023-07-26,Joint,"$1,001 - $15,000",238
R,Daniel S Sullivan,Senate,MSFT,P,2022-11-30,2023-07-26,Joint,"$15,001 - $50,000",238
R,Daniel S Sullivan,Senate,LRCX,P,2022-11-30,2023-07-26,Joint,"$1,001 - $15,000",238
R,Shelley M Capito,Senate,MSFT,S,2023-06-12,2023-07-17,Spouse,"$15,001 - $50,000",35
R,Shelley M Capito,Senate,CB,S,2023-06-12,2023-07-17,Spouse,"$1,001 - $15,000",35
R,Shelley M Capito,Senate,AMGN,S,2023-06-12,2023-07-17,Spouse,"$1,001 - $15,000",35
R,Shelley M Capito,Senate,MSFT,S,2023-06-22,2023-07-17,Spouse,"$1,001 - $15,000",25
R,Shelley M Capito,Senate,NKE,P,2023-06-14,2023-07-17,Spouse,"$1,001 - $15,000",33
R,Shelley M Capito,Senate,AAPL,P,2023-06-14,2023-07-17,Spouse,"$1,001 - $15,000",33
R,Shelley M Capito,Senate,CLX,S,2023-06-14,2023-07-17,Spouse,"$1,001 - $15,000",33
R,Shelley M Capito,Senate,WMT,S,2023-06-07,2023-07-17,Spouse,"$1,001 - $15,000",40
R,Thomas R Tillis,Senate,KD,S,2022-08-30,2023-07-15,Self,"$1,001 - $15,000",319
R,Thomas H Tuberville,Senate,CLF,S,2023-06-29,2023-07-14,Joint,"$1,001 - $15,000",15
R,Thomas H Tuberville,Senate,X,S,2023-06-20,2023-07-14,Joint,"$50,001 - $100,000",24
R,Thomas H Tuberville,Senate,MSFT,S,2023-06-20,2023-07-14,Joint,"$250,001 - $500,000",24
R,Thomas H Tuberville,Senate,CLF,P,2023-06-20,2023-07-14,Joint,"$15,001 - $50,000",24
R,Thomas H Tuberville,Senate,X,S,2023-06-14,2023-07-14,Joint,"$1,001 - $15,000",30
R,Thomas H Tuberville,Senate,CCL,S,2023-06-13,2023-07-14,Joint,"$1,001 - $15,000",31
R,Thomas H Tuberville,Senate,TSLA,S,2023-06-13,2023-07-14,Joint,"$1,001 - $15,000",31
R,Thomas H Tuberville,Senate,WBA,P,2023-06-13,2023-07-14,Joint,"$15,001 - $50,000",31
R,Thomas H Tuberville,Senate,UAA,P,2023-06-13,2023-07-14,Joint,"$1,001 - $15,000",31
R,Thomas H Tuberville,Senate,DVA,S,2023-06-12,2023-07-14,Joint,"$1,001 - $15,000",32
R,Thomas H Tuberville,Senate,CVX,P,2023-06-12,2023-07-14,Joint,"$1,001 - $15,000",32
R,Thomas H Tuberville,Senate,WBA,P,2023-06-12,2023-07-14,Joint,"$1,001 - $15,000",32
R,Thomas H Tuberville,Senate,PFE,P,2023-06-12,2023-07-14,Joint,"$1,001 - $15,000",32
R,Thomas H Tuberville,Senate,KEY,P,2023-06-12,2023-07-14,Joint,"$1,001 - $15,000",32
R,Thomas H Tuberville,Senate,FGBI,P,2023-06-12,2023-07-14,Joint,"$1,001 - $15,000",32
R,Thomas H Tuberville,Senate,FITB,P,2023-06-12,2023-07-14,Joint,"$1,001 - $15,000",32
R,Thomas H Tuberville,Senate,CFG,P,2023-06-12,2023-07-14,Joint,"$1,001 - $15,000",32
R,Thomas H Tuberville,Senate,COF,S,2023-06-09,2023-07-14,Joint,"$1,001 - $15,000",35
R,Thomas H Tuberville,Senate,X,S,2023-06-08,2023-07-14,Joint,"$1,001 - $15,000",36
R,Thomas H Tuberville,Senate,QCOM,P,2023-06-08,2023-07-14,Joint,"$1,001 - $15,000",36
R,Thomas H Tuberville,Senate,QCOM,P,2023-06-06,2023-07-14,Joint,"$50,001 - $100,000",38
R,Thomas H Tuberville,Senate,CVX,S,2023-06-05,2023-07-14,Joint,"$1,001 - $15,000",39
R,Thomas H Tuberville,Senate,QCOM,S,2023-06-05,2023-07-14,Joint,"$1,001 - $15,000",39
R,Thomas H Tuberville,Senate,QCOM,P,2023-06-02,2023-07-14,Joint,"$100,001 - $250,000",42
R,Thomas H Tuberville,Senate,QCOM,P,2023-06-01,2023-07-14,Joint,"$100,001 - $250,000",43
R,Thomas H Tuberville,Senate,CLF,P,2023-06-01,2023-07-14,Joint,"$15,001 - $50,000",43
D,Gary C Peters,Senate,IFF,P,2023-06-06,2023-06-30,Self,"$1,001 - $15,000",24
D,Thomas R Carper,Senate,ETN,S,2023-06-20,2023-06-30,Spouse,"$1,001 - $15,000",10
D,Thomas R Carper,Senate,TT,P,2023-06-20,2023-06-30,Spouse,"$1,001 - $15,000",10
D,Thomas R Carper,Senate,NVDA,S,2023-05-25,2023-06-30,Spouse,"$1,001 - $15,000",36
D,Thomas R Carper,Senate,BAH,P,2023-05-22,2023-06-30,Spouse,"$1,001 - $15,000",39
D,Thomas R Carper,Senate,NTLA,P,2023-05-22,2023-06-30,Spouse,"$1,001 - $15,000",39
D,Thomas R Carper,Senate,KEYS,S,2023-05-22,2023-06-30,Spouse,"$1,001 - $15,000",39
D,Thomas R Carper,Senate,DIS,S,2023-05-22,2023-06-30,Spouse,"$1,001 - $15,000",39
D,Thomas R Carper,Senate,PYPL,S,2023-05-09,2023-06-30,Spouse,"$1,001 - $15,000",52
?,"Angus S King, Jr.",Senate,MMM,S,2023-05-19,2023-06-20,Spouse,"$1,001 - $15,000",32
D,John W Hickenlooper,Senate,SIRI,S,2023-06-09,2023-06-15,Spouse,"$15,001 - $50,000",6
D,John W Hickenlooper,Senate,CMG,S,2023-05-26,2023-06-15,Spouse,"$100,001 - $250,000",20
D,John W Hickenlooper,Senate,VZ,S,2023-05-10,2023-06-15,Self,"$100,001 - $250,000",36
D,John W Hickenlooper,Senate,INTC,S,2023-05-10,2023-06-15,Self,"$100,001 - $250,000",36
D,John W Hickenlooper,Senate,AMT,S,2023-05-10,2023-06-15,Self,"$100,001 - $250,000",36
R,Thomas H Tuberville,Senate,CLF,S,2023-05-25,2023-06-15,Joint,"$1,001 - $15,000",21
R,Thomas H Tuberville,Senate,CLF,P,2023-05-25,2023-06-15,Joint,"$15,001 - $50,000",21
R,Thomas H Tuberville,Senate,V,P,2023-05-24,2023-06-15,Joint,"$1,001 - $15,000",22
R,Thomas H Tuberville,Senate,CLF,P,2023-05-24,2023-06-15,Joint,"$1,001 - $15,000",22
R,Thomas H Tuberville,Senate,PYPL,S,2023-05-23,2023-06-15,Joint,"$15,001 - $50,000",23
R,Thomas H Tuberville,Senate,OXY,S,2023-05-22,2023-06-15,Joint,"$1,001 - $15,000",24
R,Thomas H Tuberville,Senate,OXY,P,2023-05-22,2023-06-15,Joint,"$15,001 - $50,000",24
R,Thomas H Tuberville,Senate,AAPL,S,2023-05-19,2023-06-15,Joint,"$1,001 - $15,000",27
R,Thomas H Tuberville,Senate,X,S,2023-05-19,2023-06-15,Joint,"$1,001 - $15,000",27
R,Thomas H Tuberville,Senate,OXY,S,2023-05-19,2023-06-15,Joint,"$1,001 - $15,000",27
R,Thomas H Tuberville,Senate,CLF,S,2023-05-18,2023-06-15,Joint,"$1,001 - $15,000",28
R,Thomas H Tuberville,Senate,CLX,S,2023-05-17,2023-06-15,Joint,"$1,001 - $15,000",29
R,Thomas H Tuberville,Senate,F,S,2023-05-17,2023-06-15,Joint,"$1,001 - $15,000",29
R,Thomas H Tuberville,Senate,CLF,S,2023-05-17,2023-06-15,Joint,"$1,001 - $15,000",29
R,Thomas H Tuberville,Senate,PYPL,P,2023-05-11,2023-06-15,Joint,"$250,001 - $500,000",35
R,Thomas H Tuberville,Senate,PYPL,P,2023-05-10,2023-06-15,Joint,"$250,001 - $500,000",36
R,Thomas H Tuberville,Senate,CLX,S,2023-05-08,2023-06-15,Joint,"$1,001 - $15,000",38
R,Thomas H Tuberville,Senate,PG,S,2023-05-08,2023-06-15,Joint,"$1,001 - $15,000",38
R,Thomas H Tuberville,Senate,X,S,2023-05-08,2023-06-15,Joint,"$1,001 - $15,000",38
R,Thomas H Tuberville,Senate,GOLD,S,2023-05-08,2023-06-15,Joint,"$1,001 - $15,000",38
R,Thomas H Tuberville,Senate,WBA,P,2023-05-08,2023-06-15,Joint,"$1,001 - $15,000",38
R,Thomas H Tuberville,Senate,RF,P,2023-05-08,2023-06-15,Joint,"$1,001 - $15,000",38
R,Thomas H Tuberville,Senate,QCOM,P,2023-05-08,2023-06-15,Joint,"$1,001 - $15,000",38
R,Thomas H Tuberville,Senate,NU,P,2023-05-08,2023-06-15,Joint,"$15,001 - $50,000",38
R,Thomas H Tuberville,Senate,KEY,P,2023-05-08,2023-06-15,Joint,"$1,001 - $15,000",38
R,Thomas H Tuberville,Senate,FGBI,P,2023-05-08,2023-06-15,Joint,"$1,001 - $15,000",38
R,Thomas H Tuberville,Senate,FITB,P,2023-05-08,2023-06-15,Joint,"$1,001 - $15,000",38
R,Thomas H Tuberville,Senate,CFG,P,2023-05-08,2023-06-15,Joint,"$1,001 - $15,000",38
R,Shelley M Capito,Senate,XOM,S,2023-05-10,2023-06-14,Spouse,"$1,001 - $15,000",35
R,Shelley M Capito,Senate,C,S,2023-05-10,2023-06-14,Spouse,"$1,001 - $15,000",35
R,Shelley M Capito,Senate,BMY,S,2023-05-10,2023-06-14,Spouse,"$1,001 - $15,000",35
?,"A. Mitchell McConnell, Jr.",Senate,WFC,P,2023-06-05,2023-06-14,Spouse,"$1,001 - $15,000",9
D,Sheldon Whitehouse,Senate,ESS,S,2023-04-18,2023-05-17,Spouse,"$1,001 - $15,000",29
D,John W Hickenlooper,Senate,TTD,S,2023-04-28,2023-05-15,Spouse,"$15,001 - $50,000",17
D,John W Hickenlooper,Senate,PTON,S,2023-04-28,2023-05-15,Spouse,"$1,001 - $15,000",17
D,John W Hickenlooper,Senate,DIS,S,2023-04-28,2023-05-15,Spouse,"$15,001 - $50,000",17
D,John W Hickenlooper,Senate,CMCSA,S,2023-04-28,2023-05-15,Spouse,"$15,001 - $50,000",17
D,John W Hickenlooper,Senate,CCCS,S,2023-04-28,2023-05-15,Spouse,"$15,001 - $50,000",17
D,John W Hickenlooper,Senate,AMZN,S,2023-04-28,2023-05-15,Spouse,"$15,001 - $50,000",17
D,John W Hickenlooper,Senate,BABA,S,2023-04-28,2023-05-15,Spouse,"$1,001 - $15,000",17
D,John W Hickenlooper,Senate,SNAP,S,2023-04-28,2023-05-15,Spouse,"$1,001 - $15,000",17
D,John W Hickenlooper,Senate,PINS,S,2023-04-28,2023-05-15,Spouse,"$1,001 - $15,000",17
D,John W Hickenlooper,Senate,CARG,S,2023-04-12,2023-05-15,Spouse,"$1,001 - $15,000",33
D,John W Hickenlooper,Senate,BBY,S,2023-04-12,2023-05-15,Spouse,"$1,001 - $15,000",33
D,John W Hickenlooper,Senate,CMG,S,2023-05-01,2023-05-15,Spouse,"$100,001 - $250,000",14
D,Ron L Wyden,Senate,STX,S,2022-11-11,2023-05-15,Spouse,"$15,001 - $50,000",185
D,Ron L Wyden,Senate,BALL,S,2022-11-11,2023-05-15,Spouse,"$15,001 - $50,000",185
D,Ron L Wyden,Senate,COUP,S,2022-11-11,2023-05-15,Spouse,"$15,001 - $50,000",185
D,Ron L Wyden,Senate,DIS,S,2022-11-11,2023-05-15,Spouse,"$50,001 - $100,000",185
D,Ron L Wyden,Senate,META,S,2022-11-11,2023-05-15,Spouse,"$50,001 - $100,000",185
D,Ron L Wyden,Senate,FDX,S,2022-11-11,2023-05-15,Spouse,"$50,001 - $100,000",185
D,Ron L Wyden,Senate,IRBT,S,2022-11-11,2023-05-15,Spouse,"$15,001 - $50,000",185
D,Ron L Wyden,Senate,MTCH,S,2022-11-11,2023-05-15,Spouse,"$15,001 - $50,000",185
D,Ron L Wyden,Senate,NFLX,S,2022-11-11,2023-05-15,Spouse,"$50,001 - $100,000",185
D,Ron L Wyden,Senate,PYPL,S,2022-11-11,2023-05-15,Spouse,"$100,001 - $250,000",185
D,Ron L Wyden,Senate,SQ,S,2022-11-11,2023-05-15,Spouse,"$15,001 - $50,000",185
D,Ron L Wyden,Senate,MMM,S,2022-11-11,2023-05-15,Spouse,"$1,001 - $15,000",185
D,Ron L Wyden,Senate,WDAY,S,2022-11-11,2023-05-15,Spouse,"$1,001 - $15,000",185
R,Shelley M Capito,Senate,UPS,S,2023-04-04,2023-05-15,Spouse,"$1,001 - $15,000",41
R,Shelley M Capito,Senate,MCD,S,2023-04-04,2023-05-15,Spouse,"$1,001 - $15,000",41
R,Shelley M Capito,Senate,DUK,S,2023-04-04,2023-05-15,Spouse,"$15,001 - $50,000",41
R,Thomas H Tuberville,Senate,CLF,S,2023-04-28,2023-05-12,Joint,"$1,001 - $15,000",14
R,Thomas H Tuberville,Senate,F,P,2023-04-28,2023-05-12,Joint,"$15,001 - $50,000",14
R,Thomas H Tuberville,Senate,F,P,2023-04-27,2023-05-12,Joint,"$100,001 - $250,000",15
R,Thomas H Tuberville,Senate,F,P,2023-04-26,2023-05-12,Joint,"$15,001 - $50,000",16
R,Thomas H Tuberville,Senate,ATVI,S,2023-04-26,2023-05-12,Joint,"$100,001 - $250,000",16
R,Thomas H Tuberville,Senate,CLF,S,2023-04-24,2023-05-12,Joint,"$1,001 - $15,000",18
R,Thomas H Tuberville,Senate,X,S,2023-04-24,2023-05-12,Joint,"$50,001 - $100,000",18
R,Thomas H Tuberville,Senate,CLF,P,2023-04-24,2023-05-12,Joint,"$15,001 - $50,000",18
R,Thomas H Tuberville,Senate,OXY,S,2023-04-18,2023-05-12,Joint,"$1,001 - $15,000",24
R,Thomas H Tuberville,Senate,KMB,S,2023-04-14,2023-05-12,Joint,"$1,001 - $15,000",28
R,Thomas H Tuberville,Senate,MMM,P,2023-04-14,2023-05-12,Joint,"$1,001 - $15,000",28
R,Thomas H Tuberville,Senate,MRO,S,2023-04-14,2023-05-12,Joint,"$1,001 - $15,000",28
R,Thomas H Tuberville,Senate,KR,S,2023-04-10,2023-05-12,Joint,"$1,001 - $15,000",32
R,Thomas H Tuberville,Senate,MDLZ,S,2023-04-10,2023-05-12,Joint,"$1,001 - $15,000",32
R,Thomas H Tuberville,Senate,PARA,S,2023-04-10,2023-05-12,Joint,"$1,001 - $15,000",32
R,Thomas H Tuberville,Senate,HPQ,S,2023-04-10,2023-05-12,Joint,"$1,001 - $15,000",32
R,Thomas H Tuberville,Senate,TSLA,S,2023-04-04,2023-05-12,Joint,"$15,001 - $50,000",38
R,Thomas H Tuberville,Senate,TXN,S,2023-04-03,2023-05-12,Joint,"$15,001 - $50,000",39
R,Thomas H Tuberville,Senate,XP,P,2023-04-03,2023-05-12,Joint,"$1,001 - $15,000",39
R,Thomas H Tuberville,Senate,VCTR,S,2023-04-03,2023-05-12,Joint,"$1,001 - $15,000",39
R,Thomas H Tuberville,Senate,VZ,P,2023-04-03,2023-05-12,Joint,"$1,001 - $15,000",39
R,Thomas H Tuberville,Senate,TREX,S,2023-04-03,2023-05-12,Joint,"$1,001 - $15,000",39
R,Thomas H Tuberville,Senate,MMM,P,2023-04-03,2023-05-12,Joint,"$1,001 - $15,000",39
R,Thomas H Tuberville,Senate,TMO,S,2023-04-03,2023-05-12,Joint,"$1,001 - $15,000",39
R,Thomas H Tuberville,Senate,MSFT,S,2023-04-03,2023-05-12,Joint,"$15,001 - $50,000",39
R,Thomas H Tuberville,Senate,TSLA,P,2023-04-03,2023-05-12,Joint,"$1,001 - $15,000",39
R,Thomas H Tuberville,Senate,SKY,P,2023-04-03,2023-05-12,Joint,"$1,001 - $15,000",39
R,Thomas H Tuberville,Senate,SSD,P,2023-04-03,2023-05-12,Joint,"$1,001 - $15,000",39
R,Thomas H Tuberville,Senate,SCI,S,2023-04-03,2023-05-12,Joint,"$1,001 - $15,000",39
R,Thomas H Tuberville,Senate,QSR,P,2023-04-03,2023-05-12,Joint,"$1,001 - $15,000",39
R,Thomas H Tuberville,Senate,REGN,P,2023-04-03,2023-05-12,Joint,"$1,001 - $15,000",39
R,Thomas H Tuberville,Senate,RRC,P,2023-04-03,2023-05-12,Joint,"$1,001 - $15,000",39
R,Thomas H Tuberville,Senate,RH,S,2023-04-03,2023-05-12,Joint,"$1,001 - $15,000",39
R,Thomas H Tuberville,Senate,PHM,S,2023-04-03,2023-05-12,Joint,"$1,001 - $15,000",39
R,Thomas H Tuberville,Senate,PAM,P,2023-04-03,2023-05-12,Joint,"$1,001 - $15,000",39
R,Thomas H Tuberville,Senate,NSC,P,2023-04-03,2023-05-12,Joint,"$1,001 - $15,000",39
R,Thomas H Tuberville,Senate,NDSN,P,2023-04-03,2023-05-12,Joint,"$1,001 - $15,000",39
R,Thomas H Tuberville,Senate,NVDA,P,2023-04-03,2023-05-12,Joint,"$1,001 - $15,000",39
R,Thomas H Tuberville,Senate,MCO,S,2023-04-03,2023-05-12,Joint,"$1,001 - $15,000",39
R,Thomas H Tuberville,Senate,MPWR,S,2023-04-03,2023-05-12,Joint,"$1,001 - $15,000",39
R,Thomas H Tuberville,Senate,MTD,S,2023-04-03,2023-05-12,Joint,"$1,001 - $15,000",39
R,Thomas H Tuberville,Senate,MMC,S,2023-04-03,2023-05-12,Joint,"$1,001 - $15,000",39
R,Thomas H Tuberville,Senate,MKSI,S,2023-04-03,2023-05-12,Joint,"$1,001 - $15,000",39
R,Thomas H Tuberville,Senate,LMST,S,2023-04-03,2023-05-12,Joint,"$1,001 - $15,000",39
R,Thomas H Tuberville,Senate,ITW,S,2023-04-03,2023-05-12,Joint,"$1,001 - $15,000",39
R,Thomas H Tuberville,Senate,IDXX,P,2023-04-03,2023-05-12,Joint,"$1,001 - $15,000",39
R,Thomas H Tuberville,Senate,GFI,S,2023-04-03,2023-05-12,Joint,"$1,001 - $15,000",39
R,Thomas H Tuberville,Senate,FLT,S,2023-04-03,2023-05-12,Joint,"$1,001 - $15,000",39
R,Thomas H Tuberville,Senate,META,S,2023-04-03,2023-05-12,Joint,"$1,001 - $15,000",39
R,Thomas H Tuberville,Senate,ETSY,S,2023-04-03,2023-05-12,Joint,"$1,001 - $15,000",39
R,Thomas H Tuberville,Senate,EW,S,2023-04-03,2023-05-12,Joint,"$1,001 - $15,000",39
R,Thomas H Tuberville,Senate,DQ,S,2023-04-03,2023-05-12,Joint,"$1,001 - $15,000",39
R,Thomas H Tuberville,Senate,CROX,S,2023-04-03,2023-05-12,Joint,"$1,001 - $15,000",39
R,Thomas H Tuberville,Senate,CSCO,S,2023-04-03,2023-05-12,Joint,"$15,001 - $50,000",39
R,Thomas H Tuberville,Senate,ANET,S,2023-04-03,2023-05-12,Joint,"$15,001 - $50,000",39
R,Thomas H Tuberville,Senate,AMT,S,2023-04-03,2023-05-12,Joint,"$1,001 - $15,000",39
R,Thomas H Tuberville,Senate,ALLE,S,2023-04-03,2023-05-12,Joint,"$1,001 - $15,000",39
R,Thomas H Tuberville,Senate,ABBV,S,2023-04-03,2023-05-12,Joint,"$1,001 - $15,000",39
R,Thomas H Tuberville,Senate,GSK,P,2023-04-03,2023-05-12,Joint,"$1,001 - $15,000",39
R,Thomas H Tuberville,Senate,GNTX,P,2023-04-03,2023-05-12,Joint,"$1,001 - $15,000",39
R,Thomas H Tuberville,Senate,GRMN,P,2023-04-03,2023-05-12,Joint,"$1,001 - $15,000",39
R,Thomas H Tuberville,Senate,DIOD,P,2023-04-03,2023-05-12,Joint,"$1,001 - $15,000",39
R,Thomas H Tuberville,Senate,CBSH,P,2023-04-03,2023-05-12,Joint,"$1,001 - $15,000",39
R,Thomas H Tuberville,Senate,CRUS,P,2023-04-03,2023-05-12,Joint,"$1,001 - $15,000",39
R,Thomas H Tuberville,Senate,AVGO,P,2023-04-03,2023-05-12,Joint,"$1,001 - $15,000",39
R,Thomas H Tuberville,Senate,ADSK,P,2023-04-03,2023-05-12,Joint,"$1,001 - $15,000",39
R,Thomas H Tuberville,Senate,APH,P,2023-04-03,2023-05-12,Joint,"$1,001 - $15,000",39
R,Thomas H Tuberville,Senate,A,P,2023-04-03,2023-05-12,Joint,"$1,001 - $15,000",39
R,Thomas H Tuberville,Senate,CLF,S,2023-04-28,2023-05-11,Joint,"$1,001 - $15,000",13
R,Thomas H Tuberville,Senate,F,P,2023-04-28,2023-05-11,Joint,"$15,001 - $50,000",13
R,Thomas H Tuberville,Senate,F,P,2023-04-27,2023-05-11,Joint,"$100,001 - $250,000",14
R,Thomas H Tuberville,Senate,F,P,2023-04-26,2023-05-11,Joint,"$15,001 - $50,000",15
R,Thomas H Tuberville,Senate,ATVI,S,2023-04-26,2023-05-11,Joint,"$100,001 - $250,000",15
R,Thomas H Tuberville,Senate,CLF,S,2023-04-24,2023-05-11,Joint,"$1,001 - $15,000",17
R,Thomas H Tuberville,Senate,X,S,2023-04-24,2023-05-11,Joint,"$50,001 - $100,000",17
R,Thomas H Tuberville,Senate,CLF,P,2023-04-24,2023-05-11,Joint,"$15,001 - $50,000",17
R,Thomas H Tuberville,Senate,OXY,S,2023-04-18,2023-05-11,Joint,"$1,001 - $15,000",23
R,Thomas H Tuberville,Senate,KMB,S,2023-04-14,2023-05-11,Joint,"$1,001 - $15,000",27
R,Thomas H Tuberville,Senate,MMM,P,2023-04-14,2023-05-11,Joint,"$1,001 - $15,000",27
R,Thomas H Tuberville,Senate,MRO,S,2023-04-14,2023-05-11,Joint,"$1,001 - $15,000",27
R,Thomas H Tuberville,Senate,KR,S,2023-04-10,2023-05-11,Joint,"$1,001 - $15,000",31
R,Thomas H Tuberville,Senate,MDLZ,S,2023-04-10,2023-05-11,Joint,"$1,001 - $15,000",31
R,Thomas H Tuberville,Senate,PARA,S,2023-04-10,2023-05-11,Joint,"$1,001 - $15,000",31
R,Thomas H Tuberville,Senate,HPQ,S,2023-04-10,2023-05-11,Joint,"$1,001 - $15,000",31
R,Thomas H Tuberville,Senate,TSLA,S,2023-04-04,2023-05-11,Joint,"$15,001 - $50,000",37
R,Thomas H Tuberville,Senate,TXN,S,2023-04-03,2023-05-11,Joint,"$15,001 - $50,000",38
R,Thomas H Tuberville,Senate,XP,P,2023-04-03,2023-05-11,Joint,"$1,001 - $15,000",38
R,Thomas H Tuberville,Senate,VCTR,S,2023-04-03,2023-05-11,Joint,"$1,001 - $15,000",38
R,Thomas H Tuberville,Senate,VZ,P,2023-04-03,2023-05-11,Joint,"$1,001 - $15,000",38
R,Thomas H Tuberville,Senate,TREX,S,2023-04-03,2023-05-11,Joint,"$1,001 - $15,000",38
R,Thomas H Tuberville,Senate,MMM,P,2023-04-03,2023-05-11,Joint,"$1,001 - $15,000",38
R,Thomas H Tuberville,Senate,TMO,S,2023-04-03,2023-05-11,Joint,"$1,001 - $15,000",38
R,Thomas H Tuberville,Senate,MSFT,S,2023-04-03,2023-05-11,Joint,"$15,001 - $50,000",38
R,Thomas H Tuberville,Senate,TSLA,P,2023-04-03,2023-05-11,Joint,"$1,001 - $15,000",38
R,Thomas H Tuberville,Senate,SKY,P,2023-04-03,2023-05-11,Joint,"$1,001 - $15,000",38
R,Thomas H Tuberville,Senate,SSD,P,2023-04-03,2023-05-11,Joint,"$1,001 - $15,000",38
R,Thomas H Tuberville,Senate,SCI,S,2023-04-03,2023-05-11,Joint,"$1,001 - $15,000",38
R,Thomas H Tuberville,Senate,QSR,P,2023-04-03,2023-05-11,Joint,"$1,001 - $15,000",38
R,Thomas H Tuberville,Senate,REGN,P,2023-04-03,2023-05-11,Joint,"$1,001 - $15,000",38
R,Thomas H Tuberville,Senate,RRC,P,2023-04-03,2023-05-11,Joint,"$1,001 - $15,000",38
R,Thomas H Tuberville,Senate,RH,S,2023-04-03,2023-05-11,Joint,"$1,001 - $15,000",38
R,Thomas H Tuberville,Senate,PHM,S,2023-04-03,2023-05-11,Joint,"$1,001 - $15,000",38
R,Thomas H Tuberville,Senate,PAM,P,2023-04-03,2023-05-11,Joint,"$1,001 - $15,000",38
R,Thomas H Tuberville,Senate,NSC,P,2023-04-03,2023-05-11,Joint,"$1,001 - $15,000",38
R,Thomas H Tuberville,Senate,NDSN,P,2023-04-03,2023-05-11,Joint,"$1,001 - $15,000",38
R,Thomas H Tuberville,Senate,NVDA,P,2023-04-03,2023-05-11,Joint,"$1,001 - $15,000",38
R,Thomas H Tuberville,Senate,MCO,S,2023-04-03,2023-05-11,Joint,"$1,001 - $15,000",38
R,Thomas H Tuberville,Senate,MPWR,S,2023-04-03,2023-05-11,Joint,"$1,001 - $15,000",38
R,Thomas H Tuberville,Senate,MTD,S,2023-04-03,2023-05-11,Joint,"$1,001 - $15,000",38
R,Thomas H Tuberville,Senate,MMC,S,2023-04-03,2023-05-11,Joint,"$1,001 - $15,000",38
R,Thomas H Tuberville,Senate,MKSI,S,2023-04-03,2023-05-11,Joint,"$1,001 - $15,000",38
R,Thomas H Tuberville,Senate,LMST,S,2023-04-03,2023-05-11,Joint,"$1,001 - $15,000",38
R,Thomas H Tuberville,Senate,ITW,S,2023-04-03,2023-05-11,Joint,"$1,001 - $15,000",38
R,Thomas H Tuberville,Senate,IDXX,P,2023-04-03,2023-05-11,Joint,"$1,001 - $15,000",38
R,Thomas H Tuberville,Senate,GFI,S,2023-04-03,2023-05-11,Joint,"$1,001 - $15,000",38
R,Thomas H Tuberville,Senate,FLT,S,2023-04-03,2023-05-11,Joint,"$1,001 - $15,000",38
R,Thomas H Tuberville,Senate,META,S,2023-04-03,2023-05-11,Joint,"$1,001 - $15,000",38
R,Thomas H Tuberville,Senate,ETSY,S,2023-04-03,2023-05-11,Joint,"$1,001 - $15,000",38
R,Thomas H Tuberville,Senate,EW,S,2023-04-03,2023-05-11,Joint,"$1,001 - $15,000",38
R,Thomas H Tuberville,Senate,DQ,S,2023-04-03,2023-05-11,Joint,"$1,001 - $15,000",38
R,Thomas H Tuberville,Senate,CROX,S,2023-04-03,2023-05-11,Joint,"$1,001 - $15,000",38
R,Thomas H Tuberville,Senate,CSCO,S,2023-04-03,2023-05-11,Joint,"$15,001 - $50,000",38
R,Thomas H Tuberville,Senate,ANET,S,2023-04-03,2023-05-11,Joint,"$15,001 - $50,000",38
R,Thomas H Tuberville,Senate,AMT,S,2023-04-03,2023-05-11,Joint,"$1,001 - $15,000",38
R,Thomas H Tuberville,Senate,ALLE,S,2023-04-03,2023-05-11,Joint,"$1,001 - $15,000",38
R,Thomas H Tuberville,Senate,ABBV,S,2023-04-03,2023-05-11,Joint,"$1,001 - $15,000",38
R,Thomas H Tuberville,Senate,GSK,P,2023-04-03,2023-05-11,Joint,"$1,001 - $15,000",38
R,Thomas H Tuberville,Senate,GNTX,P,2023-04-03,2023-05-11,Joint,"$1,001 - $15,000",38
R,Thomas H Tuberville,Senate,GRMN,P,2023-04-03,2023-05-11,Joint,"$1,001 - $15,000",38
R,Thomas H Tuberville,Senate,DIOD,P,2023-04-03,2023-05-11,Joint,"$1,001 - $15,000",38
R,Thomas H Tuberville,Senate,CBSH,P,2023-04-03,2023-05-11,Joint,"$1,001 - $15,000",38
R,Thomas H Tuberville,Senate,CRUS,P,2023-04-03,2023-05-11,Joint,"$1,001 - $15,000",38
R,Thomas H Tuberville,Senate,AVGO,P,2023-04-03,2023-05-11,Joint,"$1,001 - $15,000",38
R,Thomas H Tuberville,Senate,ADSK,P,2023-04-03,2023-05-11,Joint,"$1,001 - $15,000",38
R,Thomas H Tuberville,Senate,APH,P,2023-04-03,2023-05-11,Joint,"$1,001 - $15,000",38
D,Ladda Tammy Duckworth,Senate,ITW,S,2023-04-11,2023-05-01,Joint,"$15,001 - $50,000",20
D,Thomas R Carper,Senate,NVS,P,2023-04-26,2023-05-01,Spouse,"$1,001 - $15,000",5
D,Thomas R Carper,Senate,TMO,S,2023-04-26,2023-05-01,Spouse,"$1,001 - $15,000",5
D,Thomas R Carper,Senate,LGI,S,2023-04-17,2023-05-01,Spouse,"$1,001 - $15,000",14
D,Thomas R Carper,Senate,BRKR,S,2023-04-17,2023-05-01,Spouse,"$1,001 - $15,000",14
D,Thomas R Carper,Senate,AVNT,S,2023-04-17,2023-05-01,Spouse,"$1,001 - $15,000",14
D,Thomas R Carper,Senate,SNDR,S,2023-04-17,2023-05-01,Spouse,"$1,001 - $15,000",14
D,Thomas R Carper,Senate,MRVL,S,2023-04-17,2023-05-01,Spouse,"$1,001 - $15,000",14
D,Thomas R Carper,Senate,ALGM,S,2023-04-17,2023-05-01,Spouse,"$1,001 - $15,000",14
D,Thomas R Carper,Senate,DIOD,S,2023-04-17,2023-05-01,Spouse,"$1,001 - $15,000",14
D,Thomas R Carper,Senate,VSH,S,2023-04-17,2023-05-01,Spouse,"$1,001 - $15,000",14
D,Thomas R Carper,Senate,UAA,S,2023-04-13,2023-05-01,Spouse,"$1,001 - $15,000",18
D,Thomas R Carper,Senate,UA,S,2023-04-13,2023-05-01,Spouse,"$1,001 - $15,000",18
D,Thomas R Carper,Senate,CSCO,S,2023-04-13,2023-05-01,Spouse,"$15,001 - $50,000",18
R,Daniel S Sullivan,Senate,WFC,S,2023-03-17,2023-04-26,Joint,"$1,001 - $15,000",40
D,Tina Smith,Senate,CSII,S,2023-04-05,2023-04-19,Spouse,"$50,001 - $100,000",14
D,Tina Smith,Senate,MDT,S,2023-04-05,2023-04-19,Spouse,"$100,001 - $250,000",14
D,John W Hickenlooper,Senate,BATRK,S,2023-03-20,2023-04-13,Spouse,"$15,001 - $50,000",24
D,John W Hickenlooper,Senate,FWONK,S,2023-03-20,2023-04-13,Spouse,"$50,001 - $100,000",24
D,John W Hickenlooper,Senate,FWONK,S,2023-03-08,2023-04-13,Spouse,"$500,001 - $1,000,000",36
D,John W Hickenlooper,Senate,FWONK,P,2023-03-08,2023-04-13,Spouse,"$250,001 - $500,000",36
D,John W Hickenlooper,Senate,LBRDK,S,2023-03-20,2023-04-13,Spouse,"$15,001 - $50,000",24
D,John W Hickenlooper,Senate,LSXMK,S,2023-03-20,2023-04-13,Spouse,"$15,001 - $50,000",24
D,John W Hickenlooper,Senate,LTRPA,S,2023-03-20,2023-04-13,Spouse,"$1,001 - $15,000",24
D,John W Hickenlooper,Senate,NOK,S,2023-03-15,2023-04-13,Spouse,"$1,001 - $15,000",29
?,"Angus S King, Jr.",Senate,USB,S,2023-03-20,2023-04-13,Spouse,"$1,001 - $15,000",24
D,Gary C Peters,Senate,TFC,P,2023-03-14,2023-04-12,Self,"$1,001 - $15,000",29
D,Gary C Peters,Senate,O,P,2023-03-14,2023-04-12,Self,"$15,001 - $50,000",29
D,Gary C Peters,Senate,NUE,S,2023-03-13,2023-04-12,Self,"$50,001 - $100,000",30
R,Thomas H Tuberville,Senate,CLF,S,2023-03-21,2023-04-12,Joint,"$1,001 - $15,000",22
R,Thomas H Tuberville,Senate,TSM,P,2023-03-21,2023-04-12,Joint,"$1,001 - $15,000",22
R,Thomas H Tuberville,Senate,X,S,2023-03-21,2023-04-12,Joint,"$1,001 - $15,000",22
R,Thomas H Tuberville,Senate,CLF,P,2023-03-21,2023-04-12,Joint,"$50,001 - $100,000",22
R,Thomas H Tuberville,Senate,X,S,2023-03-20,2023-04-12,Joint,"$50,001 - $100,000",23
R,Thomas H Tuberville,Senate,KMB,P,2023-03-10,2023-04-12,Joint,"$15,001 - $50,000",33
R,Thomas H Tuberville,Senate,BMO,S,2023-03-06,2023-04-12,Joint,"$1,001 - $15,000",37
R,Thomas H Tuberville,Senate,CLF,S,2023-03-03,2023-04-12,Joint,"$1,001 - $15,000",40
D,Thomas R Carper,Senate,AAPL,S,2023-03-07,2023-04-03,Spouse,"$15,001 - $50,000",27
?,"A. Mitchell McConnell, Jr.",Senate,WFC,P,2023-03-03,2023-03-28,Spouse,"$1,001 - $15,000",25
R,Daniel S Sullivan,Senate,SCHW,S,2023-02-10,2023-03-16,Joint,"$1,001 - $15,000",34
R,Daniel S Sullivan,Senate,CHD,P,2023-02-21,2023-03-16,Joint,"$1,001 - $15,000",23
R,Daniel S Sullivan,Senate,CHD,P,2023-02-10,2023-03-16,Joint,"$1,001 - $15,000",34
R,Daniel S Sullivan,Senate,GOOG,P,2023-02-10,2023-03-16,Joint,"$1,001 - $15,000",34
D,Thomas R Carper,Senate,QCOM,S,2023-02-21,2023-03-01,Spouse,"$1,001 - $15,000",8
D,Thomas R Carper,Senate,SBUX,S,2023-02-21,2023-03-01,Spouse,"$1,001 - $15,000",8
D,Thomas R Carper,Senate,SQM,P,2023-02-21,2023-03-01,Spouse,"$1,001 - $15,000",8
D,Thomas R Carper,Senate,WM,P,2023-02-21,2023-03-01,Spouse,"$1,001 - $15,000",8
D,Thomas R Carper,Senate,TSM,S,2023-02-21,2023-03-01,Spouse,"$1,001 - $15,000",8
D,Thomas R Carper,Senate,AGX,P,2023-02-21,2023-03-01,Spouse,"$1,001 - $15,000",8
D,Thomas R Carper,Senate,HASI,P,2023-02-21,2023-03-01,Spouse,"$1,001 - $15,000",8
D,Thomas R Carper,Senate,MOS,P,2023-02-21,2023-03-01,Spouse,"$1,001 - $15,000",8
D,Thomas R Carper,Senate,FPI,P,2023-02-21,2023-03-01,Spouse,"$1,001 - $15,000",8
D,Thomas R Carper,Senate,BSM,P,2023-02-21,2023-03-01,Spouse,"$1,001 - $15,000",8
D,Thomas R Carper,Senate,RTX,P,2023-02-21,2023-03-01,Spouse,"$1,001 - $15,000",8
D,Thomas R Carper,Senate,IRM,S,2023-02-21,2023-03-01,Spouse,"$1,001 - $15,000",8
D,Thomas R Carper,Senate,APO,S,2023-02-21,2023-03-01,Spouse,"$1,001 - $15,000",8
D,Thomas R Carper,Senate,LDP,S,2023-02-15,2023-03-01,Spouse,"$1,001 - $15,000",14
R,Thomas H Tuberville,Senate,GOLD,P,2023-01-23,2023-02-14,Joint,"$1,001 - $15,000",22
R,Thomas H Tuberville,Senate,CLF,S,2023-01-18,2023-02-14,Joint,"$1,001 - $15,000",27
R,Thomas H Tuberville,Senate,CLF,P,2023-01-18,2023-02-14,Joint,"$100,001 - $250,000",27
R,Thomas H Tuberville,Senate,UAA,P,2023-01-13,2023-02-14,Joint,"$15,001 - $50,000",32
R,Thomas H Tuberville,Senate,CLF,S,2023-01-12,2023-02-14,Joint,"$1,001 - $15,000",33
R,Thomas H Tuberville,Senate,V,S,2023-01-11,2023-02-14,Joint,"$1,001 - $15,000",34
R,Thomas H Tuberville,Senate,KO,S,2023-01-11,2023-02-14,Joint,"$1,001 - $15,000",34
R,Thomas H Tuberville,Senate,AAPL,S,2023-01-11,2023-02-14,Joint,"$1,001 - $15,000",34
R,Thomas H Tuberville,Senate,TXN,S,2023-01-11,2023-02-14,Joint,"$1,001 - $15,000",34
R,Thomas H Tuberville,Senate,CLF,S,2023-01-05,2023-02-14,Joint,"$1,001 - $15,000",40
R,Thomas H Tuberville,Senate,X,P,2023-01-05,2023-02-14,Joint,"$1,001 - $15,000",40
R,Thomas H Tuberville,Senate,X,S,2023-01-05,2023-02-14,Joint,"$1,001 - $15,000",40
R,Daniel S Sullivan,Senate,ULTA,S,2023-01-10,2023-02-13,Joint,"$1,001 - $15,000",34
R,Daniel S Sullivan,Senate,PXD,S,2023-01-10,2023-02-13,Joint,"$1,001 - $15,000",34
R,Daniel S Sullivan,Senate,JPM,S,2023-01-10,2023-02-13,Joint,"$1,001 - $15,000",34
R,Daniel S Sullivan,Senate,CVS,S,2023-01-10,2023-02-13,Joint,"$1,001 - $15,000",34
R,Daniel S Sullivan,Senate,BMY,S,2023-01-10,2023-02-13,Joint,"$1,001 - $15,000",34
R,Daniel S Sullivan,Senate,BKNG,S,2023-01-10,2023-02-13,Joint,"$1,001 - $15,000",34
R,Daniel S Sullivan,Senate,ZTS,P,2023-01-10,2023-02-13,Joint,"$1,001 - $15,000",34
R,Daniel S Sullivan,Senate,AMZN,P,2023-01-10,2023-02-13,Joint,"$1,001 - $15,000",34
R,Daniel S Sullivan,Senate,ALGN,P,2023-01-10,2023-02-13,Joint,"$1,001 - $15,000",34
D,Thomas R Carper,Senate,RIO,S,2023-01-18,2023-02-02,Spouse,"$1,001 - $15,000",15
D,Thomas R Carper,Senate,FPI,P,2023-01-18,2023-02-02,Spouse,"$1,001 - $15,000",15
D,Thomas R Carper,Senate,AQN,S,2023-01-12,2023-02-02,Spouse,"$1,001 - $15,000",21
D,Thomas R Carper,Senate,MAXR,S,2023-01-04,2023-02-02,Spouse,"$1,001 - $15,000",29
D,Thomas R Carper,Senate,MGM,P,2023-01-04,2023-02-02,Spouse,"$1,001 - $15,000",29
D,Thomas R Carper,Senate,AMT,P,2023-01-11,2023-02-02,Spouse,"$1,001 - $15,000",22
D,Thomas R Carper,Senate,ATKR,P,2023-01-11,2023-02-02,Spouse,"$1,001 - $15,000",22
D,Thomas R Carper,Senate,HOLX,S,2023-01-11,2023-02-02,Spouse,"$1,001 - $15,000",22
D,Thomas R Carper,Senate,BHP,P,2023-01-11,2023-02-02,Spouse,"$1,001 - $15,000",22
D,Thomas R Carper,Senate,RMD,S,2023-01-11,2023-02-02,Spouse,"$1,001 - $15,000",22
D,Thomas R Carper,Senate,CVS,S,2023-01-11,2023-02-02,Spouse,"$1,001 - $15,000",22
D,Thomas R Carper,Senate,TU,S,2023-01-11,2023-02-02,Spouse,"$1,001 - $15,000",22
D,Thomas R Carper,Senate,DLR,P,2023-01-11,2023-02-02,Spouse,"$1,001 - $15,000",22
D,Thomas R Carper,Senate,AXS,S,2023-01-11,2023-02-02,Spouse,"$1,001 - $15,000",22
D,Thomas R Carper,Senate,CME,P,2023-01-11,2023-02-02,Spouse,"$1,001 - $15,000",22
D,Thomas R Carper,Senate,SAND,P,2023-01-11,2023-02-02,Spouse,"$1,001 - $15,000",22
D,Thomas R Carper,Senate,BSM,P,2023-01-11,2023-02-02,Spouse,"$1,001 - $15,000",22
D,Thomas R Carper,Senate,FLNG,P,2023-01-11,2023-02-02,Spouse,"$1,001 - $15,000",22
D,Thomas R Carper,Senate,EQNR,P,2023-01-11,2023-02-02,Spouse,"$1,001 - $15,000",22
D,Thomas R Carper,Senate,MCD,S,2023-01-11,2023-02-02,Spouse,"$1,001 - $15,000",22
?,"Angus S King, Jr.",Senate,ADBE,S,2022-12-19,2023-01-18,Spouse,"$1,001 - $15,000",30
?,"Angus S King, Jr.",Senate,EA,P,2022-12-21,2023-01-18,Spouse,"$1,001 - $15,000",28
R,Shelley M Capito,Senate,VFC,S,2022-12-15,2023-01-17,Spouse,"$1,001 - $15,000",33
D,Maria Cantwell,Senate,RNWK,S,2022-12-28,2023-01-13,Self,"$15,001 - $50,000",16
R,Thomas H Tuberville,Senate,GOLD,P,2022-12-23,2023-01-13,Joint,"$15,001 - $50,000",21
R,Thomas H Tuberville,Senate,NU,P,2022-12-19,2023-01-13,Joint,"$1,001 - $15,000",25
R,Thomas H Tuberville,Senate,DIS,S,2022-12-15,2023-01-13,Joint,"$15,001 - $50,000",29
R,Thomas H Tuberville,Senate,PG,S,2022-12-09,2023-01-13,Joint,"$1,001 - $15,000",35
R,Thomas H Tuberville,Senate,KMB,S,2022-12-09,2023-01-13,Joint,"$1,001 - $15,000",35
R,Thomas H Tuberville,Senate,PYPL,S,2022-12-09,2023-01-13,Joint,"$100,001 - $250,000",35
R,Thomas H Tuberville,Senate,CLX,S,2022-12-09,2023-01-13,Joint,"$1,001 - $15,000",35
R,Thomas H Tuberville,Senate,PYPL,P,2022-12-08,2023-01-13,Joint,"$15,001 - $50,000",36
R,Thomas H Tuberville,Senate,GOLD,P,2022-12-06,2023-01-13,Joint,"$50,001 - $100,000",38
R,Thomas H Tuberville,Senate,PYPL,P,2022-12-05,2023-01-13,Joint,"$250,001 - $500,000",39
R,Thomas H Tuberville,Senate,QCOM,S,2022-12-02,2023-01-13,Joint,"$15,001 - $50,000",42
R,Thomas H Tuberville,Senate,QCOM,P,2022-12-01,2023-01-13,Joint,"$100,001 - $250,000",43
R,Thomas H Tuberville,Senate,GOLD,P,2022-12-01,2023-01-13,Joint,"$1,001 - $15,000",43
D,Gary C Peters,Senate,WBD,S,2022-12-12,2023-01-10,Self,"$1,001 - $15,000",29
R,Susan M Collins,Senate,AKAM,S,2022-12-20,2023-01-10,Spouse,"$15,001 - $50,000",21
D,Sheldon Whitehouse,Senate,C,S,2022-11-29,2022-12-30,Spouse,"$1,001 - $15,000",31
?,"A. Mitchell McConnell, Jr.",Senate,KR,P,2022-11-29,2022-12-29,Spouse,"$1,001 - $15,000",30
?,"A. Mitchell McConnell, Jr.",Senate,WFC,P,2022-12-05,2022-12-29,Spouse,"$1,001 - $15,000",24
D,John W Hickenlooper,Senate,FWONK,P,2022-12-14,2022-12-22,Spouse,"$50,001 - $100,000",8
D,John W Hickenlooper,Senate,LSXMK,S,2022-12-05,2022-12-22,Spouse,"$250,001 - $500,000",17
D,John W Hickenlooper,Senate,LSXMK,P,2022-12-05,2022-12-22,Spouse,"$100,001 - $250,000",17
D,John W Hickenlooper,Senate,LBRDK,S,2022-11-29,2022-12-22,Spouse,"$50,001 - $100,000",23
D,John W Hickenlooper,Senate,LBRDK,P,2022-11-29,2022-12-22,Spouse,"$50,001 - $100,000",23
R,Daniel S Sullivan,Senate,SYK,S,2022-11-30,2022-12-21,Joint,"$1,001 - $15,000",21
R,Daniel S Sullivan,Senate,PYPL,S,2022-11-30,2022-12-21,Joint,"$1,001 - $15,000",21
R,Daniel S Sullivan,Senate,META,S,2022-11-30,2022-12-21,Joint,"$1,001 - $15,000",21
R,Daniel S Sullivan,Senate,MDT,S,2022-11-30,2022-12-21,Joint,"$1,001 - $15,000",21
R,Daniel S Sullivan,Senate,MLM,S,2022-11-30,2022-12-21,Joint,"$1,001 - $15,000",21
R,Daniel S Sullivan,Senate,FFIV,S,2022-11-30,2022-12-21,Joint,"$1,001 - $15,000",21
R,Daniel S Sullivan,Senate,ELAN,S,2022-11-30,2022-12-21,Joint,"$1,001 - $15,000",21
R,Daniel S Sullivan,Senate,CMCSA,S,2022-11-30,2022-12-21,Joint,"$1,001 - $15,000",21
R,Daniel S Sullivan,Senate,BAX,S,2022-11-30,2022-12-21,Joint,"$1,001 - $15,000",21
R,Daniel S Sullivan,Senate,GOOG,S,2022-11-30,2022-12-21,Joint,"$1,001 - $15,000",21
R,Daniel S Sullivan,Senate,ADBE,S,2022-11-30,2022-12-21,Joint,"$1,001 - $15,000",21
R,Daniel S Sullivan,Senate,RPM,S,2022-11-30,2022-12-21,Joint,"$15,001 - $50,000",21
R,Daniel S Sullivan,Senate,DIS,P,2022-11-22,2022-12-21,Child,"$1,001 - $15,000",29
R,Daniel S Sullivan,Senate,NVDA,P,2022-11-22,2022-12-21,Child,"$1,001 - $15,000",29
R,Daniel S Sullivan,Senate,MSFT,P,2022-11-22,2022-12-21,Child,"$1,001 - $15,000",29
R,Daniel S Sullivan,Senate,META,P,2022-11-22,2022-12-21,Child,"$1,001 - $15,000",29
R,Daniel S Sullivan,Senate,AAPL,P,2022-11-22,2022-12-21,Child,"$1,001 - $15,000",29
R,Daniel S Sullivan,Senate,AMZN,P,2022-11-22,2022-12-21,Child,"$1,001 - $15,000",29
R,Daniel S Sullivan,Senate,GOOG,P,2022-11-22,2022-12-21,Child,"$1,001 - $15,000",29
R,Daniel S Sullivan,Senate,ADBE,P,2022-11-22,2022-12-21,Child,"$1,001 - $15,000",29
R,Daniel S Sullivan,Senate,ZTS,P,2022-11-30,2022-12-21,Joint,"$1,001 - $15,000",21
R,Daniel S Sullivan,Senate,TJX,P,2022-11-30,2022-12-21,Joint,"$1,001 - $15,000",21
R,Daniel S Sullivan,Senate,TMO,P,2022-11-30,2022-12-21,Joint,"$1,001 - $15,000",21
R,Daniel S Sullivan,Senate,MSFT,P,2022-11-30,2022-12-21,Joint,"$15,001 - $50,000",21
R,Daniel S Sullivan,Senate,LRCX,P,2022-11-30,2022-12-21,Joint,"$1,001 - $15,000",21
R,Thomas H Tuberville,Senate,TSM,S,2022-11-23,2022-12-14,Joint,"$1,001 - $15,000",21
R,Thomas H Tuberville,Senate,MSFT,S,2022-11-23,2022-12-14,Joint,"$15,001 - $50,000",21
R,Thomas H Tuberville,Senate,MSFT,P,2022-11-23,2022-12-14,Joint,"$1,001 - $15,000",21
R,Thomas H Tuberville,Senate,INTC,S,2022-11-22,2022-12-14,Joint,"$15,001 - $50,000",22
R,Thomas H Tuberville,Senate,MSFT,S,2022-11-22,2022-12-14,Joint,"$100,001 - $250,000",22
R,Thomas H Tuberville,Senate,F,S,2022-11-22,2022-12-14,Joint,"$100,001 - $250,000",22
R,Thomas H Tuberville,Senate,F,P,2022-11-17,2022-12-14,Joint,"$100,001 - $250,000",27
R,Thomas H Tuberville,Senate,INTC,P,2022-11-09,2022-12-14,Joint,"$100,001 - $250,000",35
R,Thomas H Tuberville,Senate,PYPL,S,2022-11-08,2022-12-14,Joint,"$1,001 - $15,000",36
R,Thomas H Tuberville,Senate,ATVI,P,2022-11-08,2022-12-14,Joint,"$100,001 - $250,000",36
R,Thomas H Tuberville,Senate,PYPL,P,2022-11-07,2022-12-14,Joint,"$100,001 - $250,000",37
R,Thomas H Tuberville,Senate,CLF,P,2022-11-03,2022-12-14,Joint,"$50,001 - $100,000",41
R,Thomas H Tuberville,Senate,NU,P,2022-11-01,2022-12-14,Joint,"$1,001 - $15,000",43
R,Thomas H Tuberville,Senate,CLF,P,2022-11-01,2022-12-14,Joint,"$1,001 - $15,000",43
R,Thomas H Tuberville,Senate,X,S,2022-11-08,2022-12-14,Joint,"$1,001 - $15,000",36
D,Ron L Wyden,Senate,STX,S,2022-11-11,2022-12-11,Spouse,"$15,001 - $50,000",30
D,Ron L Wyden,Senate,BALL,S,2022-11-11,2022-12-11,Spouse,"$15,001 - $50,000",30
D,Ron L Wyden,Senate,COUP,S,2022-11-11,2022-12-11,Spouse,"$15,001 - $50,000",30
D,Ron L Wyden,Senate,DIS,S,2022-11-11,2022-12-11,Spouse,"$50,001 - $100,000",30
D,Ron L Wyden,Senate,META,S,2022-11-11,2022-12-11,Spouse,"$50,001 - $100,000",30
D,Ron L Wyden,Senate,FDX,S,2022-11-11,2022-12-11,Spouse,"$50,001 - $100,000",30
D,Ron L Wyden,Senate,IRBT,S,2022-11-11,2022-12-11,Spouse,"$15,001 - $50,000",30
D,Ron L Wyden,Senate,MTCH,S,2022-11-11,2022-12-11,Spouse,"$15,001 - $50,000",30
D,Ron L Wyden,Senate,NFLX,S,2022-11-11,2022-12-11,Spouse,"$50,001 - $100,000",30
D,Ron L Wyden,Senate,PYPL,S,2022-11-11,2022-12-11,Spouse,"$100,001 - $250,000",30
D,Ron L Wyden,Senate,SQ,S,2022-11-11,2022-12-11,Spouse,"$15,001 - $50,000",30
D,Ron L Wyden,Senate,MMM,S,2022-11-11,2022-12-11,Spouse,"$1,001 - $15,000",30
D,Ron L Wyden,Senate,WDAY,S,2022-11-11,2022-12-11,Spouse,"$1,001 - $15,000",30
D,Thomas R Carper,Senate,WIW,S,2022-11-29,2022-12-09,Spouse,"$1,001 - $15,000",10
D,Thomas R Carper,Senate,WIW,S,2022-11-15,2022-12-09,Spouse,"$15,001 - $50,000",24
D,Thomas R Carper,Senate,WIW,S,2022-11-08,2022-12-09,Spouse,"$1,001 - $15,000",31
D,Thomas R Carper,Senate,LDP,S,2022-11-08,2022-12-09,Spouse,"$1,001 - $15,000",31
D,John W Hickenlooper,Senate,BATRK,S,2022-11-23,2022-11-29,Spouse,"$100,001 - $250,000",6
D,John W Hickenlooper,Senate,BATRK,P,2022-11-23,2022-11-29,Spouse,"$50,001 - $100,000",6
D,John W Hickenlooper,Senate,LBRDA,S,2022-11-14,2022-11-29,Spouse,"$50,001 - $100,000",15
D,John W Hickenlooper,Senate,LBRDA,P,2022-11-14,2022-11-29,Spouse,"$15,001 - $50,000",15
D,John W Hickenlooper,Senate,BATRA,S,2022-11-21,2022-11-29,Spouse,"$15,001 - $50,000",8
D,John W Hickenlooper,Senate,BATRA,P,2022-11-21,2022-11-29,Spouse,"$1,001 - $15,000",8
D,John W Hickenlooper,Senate,BATRK,S,2022-11-21,2022-11-29,Spouse,"$15,001 - $50,000",8
D,John W Hickenlooper,Senate,BATRK,P,2022-11-21,2022-11-29,Spouse,"$1,001 - $15,000",8
R,Shelley M Capito,Senate,UNH,S,2022-10-17,2022-11-13,Spouse,"$1,001 - $15,000",27
R,Shelley M Capito,Senate,JPM,S,2022-10-17,2022-11-13,Spouse,"$1,001 - $15,000",27
R,Shelley M Capito,Senate,MSFT,S,2022-10-17,2022-11-13,Spouse,"$1,001 - $15,000",27
R,Shelley M Capito,Senate,LOW,S,2022-10-17,2022-11-13,Spouse,"$1,001 - $15,000",27
R,Shelley M Capito,Senate,LIN,S,2022-10-17,2022-11-13,Spouse,"$1,001 - $15,000",27
R,Shelley M Capito,Senate,JNJ,S,2022-10-17,2022-11-13,Spouse,"$1,001 - $15,000",27
R,Shelley M Capito,Senate,BLK,S,2022-10-17,2022-11-13,Spouse,"$1,001 - $15,000",27
R,Shelley M Capito,Senate,AAPL,S,2022-10-17,2022-11-13,Spouse,"$1,001 - $15,000",27
R,Shelley M Capito,Senate,AFL,S,2022-10-17,2022-11-13,Spouse,"$1,001 - $15,000",27
R,Shelley M Capito,Senate,WFC,S,2022-10-19,2022-11-13,Spouse,"$1,001 - $15,000",25
R,Thomas H Tuberville,Senate,MSFT,S,2022-10-28,2022-11-10,Joint,"$1,001 - $15,000",13
R,Thomas H Tuberville,Senate,CLF,P,2022-10-31,2022-11-10,Joint,"$15,001 - $50,000",10
R,Thomas H Tuberville,Senate,MSFT,P,2022-10-24,2022-11-10,Joint,"$15,001 - $50,000",17
R,Thomas H Tuberville,Senate,NU,P,2022-10-13,2022-11-10,Joint,"$15,001 - $50,000",28
R,Thomas H Tuberville,Senate,MSFT,P,2022-10-13,2022-11-10,Joint,"$250,001 - $500,000",28
R,Thomas H Tuberville,Senate,NU,P,2022-10-11,2022-11-10,Joint,"$1,001 - $15,000",30
R,Thomas H Tuberville,Senate,XOM,S,2022-10-06,2022-11-10,Joint,"$15,001 - $50,000",35
R,Thomas H Tuberville,Senate,CVX,S,2022-10-06,2022-11-10,Joint,"$15,001 - $50,000",35
R,Thomas H Tuberville,Senate,X,S,2022-10-06,2022-11-10,Joint,"$1,001 - $15,000",35
R,Thomas H Tuberville,Senate,NU,P,2022-10-06,2022-11-10,Joint,"$1,001 - $15,000",35
R,Thomas H Tuberville,Senate,VCTR,P,2022-10-06,2022-11-10,Joint,"$1,001 - $15,000",35
R,Thomas H Tuberville,Senate,VRTX,P,2022-10-06,2022-11-10,Joint,"$1,001 - $15,000",35
R,Thomas H Tuberville,Senate,TREX,P,2022-10-06,2022-11-10,Joint,"$1,001 - $15,000",35
R,Thomas H Tuberville,Senate,SCI,P,2022-10-06,2022-11-10,Joint,"$1,001 - $15,000",35
R,Thomas H Tuberville,Senate,RELX,P,2022-10-06,2022-11-10,Joint,"$1,001 - $15,000",35
R,Thomas H Tuberville,Senate,RH,P,2022-10-06,2022-11-10,Joint,"$1,001 - $15,000",35
R,Thomas H Tuberville,Senate,PHM,P,2022-10-06,2022-11-10,Joint,"$1,001 - $15,000",35
R,Thomas H Tuberville,Senate,PAYC,P,2022-10-06,2022-11-10,Joint,"$1,001 - $15,000",35
R,Thomas H Tuberville,Senate,GIS,P,2022-10-06,2022-11-10,Joint,"$1,001 - $15,000",35
R,Thomas H Tuberville,Senate,GLPI,P,2022-10-06,2022-11-10,Joint,"$1,001 - $15,000",35
R,Thomas H Tuberville,Senate,RACE,P,2022-10-06,2022-11-10,Joint,"$1,001 - $15,000",35
R,Thomas H Tuberville,Senate,XOM,P,2022-10-06,2022-11-10,Joint,"$50,001 - $100,000",35
R,Thomas H Tuberville,Senate,EXR,P,2022-10-06,2022-11-10,Joint,"$1,001 - $15,000",35
R,Thomas H Tuberville,Senate,ETSY,P,2022-10-06,2022-11-10,Joint,"$1,001 - $15,000",35
R,Thomas H Tuberville,Senate,ELS,P,2022-10-06,2022-11-10,Joint,"$1,001 - $15,000",35
R,Thomas H Tuberville,Senate,DQ,P,2022-10-06,2022-11-10,Joint,"$1,001 - $15,000",35
R,Thomas H Tuberville,Senate,CROX,P,2022-10-06,2022-11-10,Joint,"$1,001 - $15,000",35
R,Thomas H Tuberville,Senate,CSCO,P,2022-10-06,2022-11-10,Joint,"$1,001 - $15,000",35
R,Thomas H Tuberville,Senate,AMGN,P,2022-10-06,2022-11-10,Joint,"$1,001 - $15,000",35
R,Thomas H Tuberville,Senate,AMT,P,2022-10-05,2022-11-10,Joint,"$1,001 - $15,000",36
R,Thomas H Tuberville,Senate,ZTS,S,2022-10-05,2022-11-10,Joint,"$1,001 - $15,000",36
R,Thomas H Tuberville,Senate,WIT,S,2022-10-05,2022-11-10,Joint,"$1,001 - $15,000",36
R,Thomas H Tuberville,Senate,SEIC,S,2022-10-05,2022-11-10,Joint,"$1,001 - $15,000",36
R,Thomas H Tuberville,Senate,RMD,S,2022-10-05,2022-11-10,Joint,"$1,001 - $15,000",36
R,Thomas H Tuberville,Senate,TROW,S,2022-10-05,2022-11-10,Joint,"$1,001 - $15,000",36
R,Thomas H Tuberville,Senate,NOC,S,2022-10-05,2022-11-10,Joint,"$1,001 - $15,000",36
R,Thomas H Tuberville,Senate,NVDA,S,2022-10-05,2022-11-10,Joint,"$1,001 - $15,000",36
R,Thomas H Tuberville,Senate,MNST,S,2022-10-05,2022-11-10,Joint,"$1,001 - $15,000",36
R,Thomas H Tuberville,Senate,MSFT,S,2022-10-05,2022-11-10,Joint,"$100,001 - $250,000",36
R,Thomas H Tuberville,Senate,MASI,S,2022-10-05,2022-11-10,Joint,"$1,001 - $15,000",36
R,Thomas H Tuberville,Senate,MKTX,S,2022-10-05,2022-11-10,Joint,"$1,001 - $15,000",36
R,Thomas H Tuberville,Senate,IDXX,S,2022-10-05,2022-11-10,Joint,"$1,001 - $15,000",36
R,Thomas H Tuberville,Senate,HON,S,2022-10-05,2022-11-10,Joint,"$1,001 - $15,000",36
R,Thomas H Tuberville,Senate,GGG,S,2022-10-05,2022-11-10,Joint,"$1,001 - $15,000",36
R,Thomas H Tuberville,Senate,IT,S,2022-10-05,2022-11-10,Joint,"$1,001 - $15,000",36
R,Thomas H Tuberville,Senate,GRMN,S,2022-10-05,2022-11-10,Joint,"$1,001 - $15,000",36
R,Thomas H Tuberville,Senate,FAST,S,2022-10-05,2022-11-10,Joint,"$1,001 - $15,000",36
R,Thomas H Tuberville,Senate,EL,S,2022-10-05,2022-11-10,Joint,"$1,001 - $15,000",36
R,Thomas H Tuberville,Senate,DHI,S,2022-10-05,2022-11-10,Joint,"$1,001 - $15,000",36
R,Thomas H Tuberville,Senate,CHD,S,2022-10-05,2022-11-10,Joint,"$1,001 - $15,000",36
R,Thomas H Tuberville,Senate,AMAT,S,2022-10-05,2022-11-10,Joint,"$1,001 - $15,000",36
R,Thomas H Tuberville,Senate,ALGN,S,2022-10-05,2022-11-10,Joint,"$1,001 - $15,000",36
R,Thomas H Tuberville,Senate,APD,S,2022-10-05,2022-11-10,Joint,"$1,001 - $15,000",36
R,Thomas H Tuberville,Senate,MRO,S,2022-10-04,2022-11-10,Joint,"$1,001 - $15,000",37
R,Thomas H Tuberville,Senate,OXY,S,2022-10-04,2022-11-10,Joint,"$1,001 - $15,000",37
R,Thomas H Tuberville,Senate,OXY,P,2022-10-04,2022-11-10,Joint,"$1,001 - $15,000",37
R,Thomas H Tuberville,Senate,FTBFX,S,2022-10-25,2022-11-10,Self,"$15,001 - $50,000",16
R,Thomas H Tuberville,Senate,FDX,S,2022-10-25,2022-11-10,Joint,"$1,001 - $15,000",16
R,Daniel S Sullivan,Senate,FIVE,S,2022-08-30,2022-11-03,Joint,"$1,001 - $15,000",65
D,Thomas R Carper,Senate,BMN,P,2022-10-27,2022-11-03,Spouse,"$1,001 - $15,000",7
D,Thomas R Carper,Senate,VZ,S,2022-10-17,2022-11-03,Spouse,"$1,001 - $15,000",17
D,Thomas R Carper,Senate,CVS,P,2022-10-17,2022-11-03,Spouse,"$1,001 - $15,000",17
D,Thomas R Carper,Senate,DLR,S,2022-10-17,2022-11-03,Spouse,"$1,001 - $15,000",17
D,Thomas R Carper,Senate,TSM,P,2022-10-17,2022-11-03,Spouse,"$1,001 - $15,000",17
D,Thomas R Carper,Senate,MPW,P,2022-10-17,2022-11-03,Spouse,"$1,001 - $15,000",17
D,Thomas R Carper,Senate,LDP,S,2022-10-17,2022-11-03,Spouse,"$1,001 - $15,000",17
D,Thomas R Carper,Senate,GMRE,S,2022-10-17,2022-11-03,Spouse,"$1,001 - $15,000",17
D,Thomas R Carper,Senate,ABT,P,2022-10-17,2022-11-03,Spouse,"$1,001 - $15,000",17
D,Thomas R Carper,Senate,DIS,S,2022-10-17,2022-11-03,Spouse,"$1,001 - $15,000",17
D,Thomas R Carper,Senate,INTC,S,2022-10-17,2022-11-03,Spouse,"$1,001 - $15,000",17
D,Thomas R Carper,Senate,HQL,S,2022-10-04,2022-11-03,Spouse,"$1,001 - $15,000",30
D,Thomas R Carper,Senate,NID,S,2022-10-04,2022-11-03,Spouse,"$15,001 - $50,000",30
D,Tina Smith,Senate,AORT,P,2022-09-23,2022-10-17,Spouse,"$50,001 - $100,000",24
R,Thomas H Tuberville,Senate,MSFT,S,2022-09-20,2022-10-12,Joint,"$1,001 - $15,000",22
R,Thomas H Tuberville,Senate,X,S,2022-09-20,2022-10-12,Joint,"$1,001 - $15,000",22
R,Thomas H Tuberville,Senate,X,P,2022-09-19,2022-10-12,Joint,"$100,001 - $250,000",23
R,Thomas H Tuberville,Senate,MSFT,P,2022-09-19,2022-10-12,Joint,"$250,001 - $500,000",23
R,Thomas H Tuberville,Senate,ARKK,P,2022-09-19,2022-10-12,Joint,"$1,001 - $15,000",23
R,Thomas H Tuberville,Senate,F,S,2022-09-12,2022-10-12,Joint,"$15,001 - $50,000",30
R,Thomas H Tuberville,Senate,F,P,2022-09-12,2022-10-12,Joint,"$1,001 - $15,000",30
R,Thomas H Tuberville,Senate,ECOM,S,2022-09-07,2022-10-12,Joint,"$500,001 - $1,000,000",35
R,Thomas H Tuberville,Senate,ARKK,P,2022-09-07,2022-10-12,Joint,"$50,001 - $100,000",35
R,Thomas H Tuberville,Senate,NU,P,2022-09-06,2022-10-12,Joint,"$1,001 - $15,000",36
D,Thomas R Carper,Senate,SQM,S,2022-09-08,2022-10-04,Spouse,"$1,001 - $15,000",26
?,"A. Mitchell McConnell, Jr.",Senate,WFC,P,2022-09-06,2022-09-26,Spouse,"$1,001 - $15,000",20
R,Thomas H Tuberville,Senate,IVV,S,2022-08-01,2022-09-15,Self,"$15,001 - $50,000",45
R,Thomas H Tuberville,Senate,EFAV,S,2022-08-01,2022-09-15,Self,"$15,001 - $50,000",45
R,Thomas H Tuberville,Senate,XLY,S,2022-08-01,2022-09-15,Self,"$15,001 - $50,000",45
R,Thomas H Tuberville,Senate,VTRS,S,2022-08-01,2022-09-15,Self,"$1,001 - $15,000",45
R,Thomas H Tuberville,Senate,ABNFX,P,2022-08-01,2022-09-15,Self,"$15,001 - $50,000",45
R,Thomas H Tuberville,Senate,RSP,P,2022-08-01,2022-09-15,Self,"$15,001 - $50,000",45
R,Thomas H Tuberville,Senate,IDV,P,2022-08-01,2022-09-15,Self,"$15,001 - $50,000",45
R,Thomas H Tuberville,Senate,DHS,P,2022-08-01,2022-09-15,Self,"$15,001 - $50,000",45
R,Thomas H Tuberville,Senate,PCNNX,S,2022-08-01,2022-09-15,Self,"$15,001 - $50,000",45
R,Thomas H Tuberville,Senate,JHCBX,S,2022-08-01,2022-09-15,Joint,"$15,001 - $50,000",45
R,Thomas H Tuberville,Senate,ORCL,S,2022-08-01,2022-09-15,Joint,"$1,001 - $15,000",45
R,Thomas H Tuberville,Senate,XLC,S,2022-08-01,2022-09-15,Joint,"$15,001 - $50,000",45
R,Thomas H Tuberville,Senate,TSCO,S,2022-08-01,2022-09-15,Joint,"$1,001 - $15,000",45
R,Thomas H Tuberville,Senate,MUB,P,2022-08-01,2022-09-15,Joint,"$50,001 - $100,000",45
R,Thomas H Tuberville,Senate,OC,P,2022-08-01,2022-09-15,Joint,"$15,001 - $50,000",45
R,Thomas H Tuberville,Senate,SSYS,S,2022-08-26,2022-09-15,Joint,"$50,001 - $100,000",20
R,Thomas H Tuberville,Senate,ARKK,P,2022-08-25,2022-09-15,Joint,"$50,001 - $100,000",21
R,Thomas H Tuberville,Senate,MRO,P,2022-08-18,2022-09-15,Joint,"$1,001 - $15,000",28
R,Thomas H Tuberville,Senate,X,P,2022-08-12,2022-09-15,Joint,"$1,001 - $15,000",34
R,Thomas H Tuberville,Senate,INTC,P,2022-08-05,2022-09-15,Joint,"$1,001 - $15,000",41
R,Thomas H Tuberville,Senate,CLF,S,2022-08-03,2022-09-15,Joint,"$1,001 - $15,000",43
R,Thomas H Tuberville,Senate,PYPL,S,2022-08-03,2022-09-15,Joint,"$15,001 - $50,000",43
?,"William F Hagerty, IV",Senate,BKEPP,S,2022-08-19,2022-09-02,Self,"$15,001 - $50,000",14
D,Thomas R Carper,Senate,SQM,P,2022-08-18,2022-09-02,Spouse,"$1,001 - $15,000",15
D,Thomas R Carper,Senate,FAST,S,2022-08-18,2022-09-02,Spouse,"$1,001 - $15,000",15
D,John W Hickenlooper,Senate,FWONK,S,2022-08-11,2022-08-19,Spouse,"$50,001 - $100,000",8
D,John W Hickenlooper,Senate,FWONK,P,2022-08-09,2022-08-19,Spouse,"$15,001 - $50,000",10
R,Thomas H Tuberville,Senate,CLF,P,2022-07-18,2022-08-15,Joint,"$50,001 - $100,000",28
R,Thomas H Tuberville,Senate,ECOM,P,2022-07-14,2022-08-15,Joint,"$100,001 - $250,000",32
R,Shelley M Capito,Senate,GWW,P,2022-07-11,2022-08-10,Spouse,"$1,001 - $15,000",30
R,Shelley M Capito,Senate,COST,P,2022-07-01,2022-08-10,Spouse,"$1,001 - $15,000",40
R,Debra S Fischer,Senate,LMT,S,2022-06-23,2022-07-20,Joint,"$50,001 - $100,000",27
R,Debra S Fischer,Senate,KO,S,2022-06-23,2022-07-20,Joint,"$1,001 - $15,000",27
R,Debra S Fischer,Senate,CSCO,S,2022-06-23,2022-07-20,Joint,"$1,001 - $15,000",27
R,Debra S Fischer,Senate,CAT,S,2022-06-23,2022-07-20,Joint,"$50,001 - $100,000",27
?,"William F Hagerty, IV",Senate,SBNY,S,2021-12-28,2022-07-20,Child,"$15,001 - $50,000",204
R,Shelley M Capito,Senate,INTC,S,2022-06-16,2022-07-15,Spouse,"$15,001 - $50,000",29
R,Shelley M Capito,Senate,F,S,2022-06-16,2022-07-15,Spouse,"$1,001 - $15,000",29
R,Shelley M Capito,Senate,MMM,S,2022-06-30,2022-07-15,Spouse,"$1,001 - $15,000",15
R,Shelley M Capito,Senate,CMS,P,2022-06-01,2022-07-15,Spouse,"$1,001 - $15,000",44
R,Shelley M Capito,Senate,MSFT,S,2022-06-17,2022-07-15,Spouse,"$1,001 - $15,000",28
R,Shelley M Capito,Senate,IBM,S,2022-06-17,2022-07-15,Spouse,"$1,001 - $15,000",28
R,Shelley M Capito,Senate,INTC,S,2022-06-17,2022-07-15,Spouse,"$1,001 - $15,000",28
R,Shelley M Capito,Senate,KO,S,2022-06-17,2022-07-15,Spouse,"$1,001 - $15,000",28
R,Shelley M Capito,Senate,BMY,S,2022-06-17,2022-07-15,Spouse,"$1,001 - $15,000",28
R,Daniel S Sullivan,Senate,RPM,S,2022-06-21,2022-07-14,Joint,"$15,001 - $50,000",23
R,Thomas H Tuberville,Senate,BRK.B,S,2022-06-17,2022-07-13,Joint,"$100,001 - $250,000",26
R,Thomas H Tuberville,Senate,PYPL,P,2022-06-29,2022-07-13,Joint,"$50,001 - $100,000",14
R,Thomas H Tuberville,Senate,QCOM,S,2022-06-28,2022-07-13,Joint,"$50,001 - $100,000",15
R,Thomas H Tuberville,Senate,X,S,2022-06-22,2022-07-13,Joint,"$1,001 - $15,000",21
R,Thomas H Tuberville,Senate,GOLD,P,2022-06-22,2022-07-13,Joint,"$1,001 - $15,000",21
R,Thomas H Tuberville,Senate,GOLD,S,2022-06-22,2022-07-13,Joint,"$50,001 - $100,000",21
R,Thomas H Tuberville,Senate,X,P,2022-06-21,2022-07-13,Joint,"$100,001 - $250,000",22
R,Thomas H Tuberville,Senate,SSYS,P,2022-06-21,2022-07-13,Joint,"$1,001 - $15,000",22
R,Thomas H Tuberville,Senate,INTC,P,2022-06-21,2022-07-13,Joint,"$50,001 - $100,000",22
R,Thomas H Tuberville,Senate,SCCO,S,2022-06-17,2022-07-13,Joint,"$100,001 - $250,000",26
R,Thomas H Tuberville,Senate,PYPL,P,2022-06-17,2022-07-13,Joint,"$100,001 - $250,000",26
R,Thomas H Tuberville,Senate,EVT,S,2022-06-17,2022-07-13,Joint,"$50,001 - $100,000",26
R,Thomas H Tuberville,Senate,CVX,S,2022-06-17,2022-07-13,Joint,"$1,001 - $15,000",26
R,Thomas H Tuberville,Senate,QCOM,P,2022-06-16,2022-07-13,Joint,"$250,001 - $500,000",27
R,Thomas H Tuberville,Senate,PYPL,P,2022-06-16,2022-07-13,Joint,"$1,001 - $15,000",27
R,Thomas H Tuberville,Senate,NVDA,S,2022-06-15,2022-07-13,Joint,"$15,001 - $50,000",28
R,Thomas H Tuberville,Senate,PYPL,S,2022-06-15,2022-07-13,Joint,"$50,001 - $100,000",28
R,Thomas H Tuberville,Senate,PYPL,P,2022-06-15,2022-07-13,Joint,"$50,001 - $100,000",28
R,Thomas H Tuberville,Senate,QCOM,P,2022-06-15,2022-07-13,Joint,"$1,001 - $15,000",28
R,Thomas H Tuberville,Senate,NVDA,P,2022-06-15,2022-07-13,Joint,"$15,001 - $50,000",28
R,Thomas H Tuberville,Senate,SSYS,P,2022-06-14,2022-07-13,Joint,"$1,001 - $15,000",29
R,Thomas H Tuberville,Senate,SSYS,P,2022-06-09,2022-07-13,Joint,"$15,001 - $50,000",34
R,Thomas H Tuberville,Senate,INTC,P,2022-06-09,2022-07-13,Joint,"$15,001 - $50,000",34
R,Thomas H Tuberville,Senate,NVDA,P,2022-06-08,2022-07-13,Joint,"$1,001 - $15,000",35
R,Thomas H Tuberville,Senate,EVT,P,2022-06-06,2022-07-13,Joint,"$15,001 - $50,000",37
R,Thomas H Tuberville,Senate,ECOM,P,2022-06-01,2022-07-13,Joint,"$1,001 - $15,000",42
R,Lindsey Graham,Senate,VTIP,S,2022-06-30,2022-07-13,Self,"$15,001 - $50,000",13
R,Lindsey Graham,Senate,IBDO,P,2022-06-30,2022-07-13,Self,"$1,001 - $15,000",13
R,Lindsey Graham,Senate,IBDQ,P,2022-06-30,2022-07-13,Self,"$15,001 - $50,000",13
D,John W Hickenlooper,Senate,LSXMK,P,2021-11-12,2022-06-13,Spouse,"$100,001 - $250,000",213
D,John W Hickenlooper,Senate,QRTEA,P,2021-05-10,2022-06-13,Spouse,"$250,001 - $500,000",399
D,John W Hickenlooper,Senate,LBRDK,P,2021-09-01,2022-06-13,Spouse,"$15,001 - $50,000",285
D,John W Hickenlooper,Senate,LBRDK,P,2022-05-13,2022-06-13,Spouse,"$15,001 - $50,000",31
D,John W Hickenlooper,Senate,LBRDA,P,2022-05-13,2022-06-13,Spouse,"$1,001 - $15,000",31
D,John W Hickenlooper,Senate,FWONK,P,2022-05-13,2022-06-13,Spouse,"$15,001 - $50,000",31
D,John W Hickenlooper,Senate,FWONA,P,2022-05-13,2022-06-13,Spouse,"$1,001 - $15,000",31
D,John W Hickenlooper,Senate,BATRK,P,2022-03-14,2022-06-13,Spouse,"$1,001 - $15,000",91
D,John W Hickenlooper,Senate,LBRDK,S,2022-05-13,2022-06-13,Spouse,"$15,001 - $50,000",31
D,John W Hickenlooper,Senate,LBRDA,S,2022-05-13,2022-06-13,Spouse,"$15,001 - $50,000",31
D,John W Hickenlooper,Senate,FWONK,S,2022-05-13,2022-06-13,Spouse,"$50,001 - $100,000",31
D,John W Hickenlooper,Senate,FWONA,S,2022-05-13,2022-06-13,Spouse,"$50,001 - $100,000",31
D,John W Hickenlooper,Senate,BATRK,S,2022-03-14,2022-06-13,Spouse,"$15,001 - $50,000",91
D,John W Hickenlooper,Senate,LSXMK,S,2022-03-16,2022-06-13,Spouse,"$15,001 - $50,000",89
D,John W Hickenlooper,Senate,LBRDK,S,2022-03-16,2022-06-13,Spouse,"$50,001 - $100,000",89
D,John W Hickenlooper,Senate,FWONK,S,2022-03-16,2022-06-13,Spouse,"$50,001 - $100,000",89
D,John W Hickenlooper,Senate,CMG,S,2022-05-19,2022-06-13,Spouse,"$50,001 - $100,000",25
R,Thomas H Tuberville,Senate,X,S,2022-05-31,2022-06-13,Joint,"$15,001 - $50,000",13
R,Thomas H Tuberville,Senate,X,P,2022-05-31,2022-06-13,Joint,"$100,001 - $250,000",13
R,Thomas H Tuberville,Senate,PYPL,P,2022-05-20,2022-06-13,Joint,"$50,001 - $100,000",24
R,Thomas H Tuberville,Senate,PYPL,P,2022-05-19,2022-06-13,Joint,"$250,001 - $500,000",25
?,"A. Mitchell McConnell, Jr.",Senate,WFC,P,2022-06-03,2022-06-13,Spouse,"$1,001 - $15,000",10
R,Roy Blunt,Senate,AMBP,P,2022-06-06,2022-06-12,Spouse,"$50,001 - $100,000",6
R,Shelley M Capito,Senate,NEE,S,2022-05-26,2022-06-12,Spouse,"$1,001 - $15,000",17
R,Shelley M Capito,Senate,WEC,S,2022-05-25,2022-06-12,Spouse,"$1,001 - $15,000",18
D,Thomas R Carper,Senate,JCI,S,2022-05-16,2022-06-03,Spouse,"$1,001 - $15,000",18
D,Gary C Peters,Senate,FSK,P,2021-08-27,2022-05-16,Self,"$1,001 - $15,000",262
D,John W Hickenlooper,Senate,LBRDK,S,2021-09-01,2022-05-16,Spouse,"$100,001 - $250,000",257
D,John W Hickenlooper,Senate,LSXMK,S,2021-11-12,2022-05-16,Spouse,"$250,001 - $500,000",185
?,"William F Hagerty, IV",Senate,LMND,S,2022-05-06,2022-05-16,Self,"$1,001 - $15,000",10
R,Thomas H Tuberville,Senate,SQ,S,2022-04-11,2022-05-13,Self,"$1,001 - $15,000",32
R,Thomas H Tuberville,Senate,PYPL,P,2022-04-11,2022-05-13,Self,"$15,001 - $50,000",32
R,Thomas H Tuberville,Senate,PYPL,S,2022-04-28,2022-05-13,Joint,"$50,001 - $100,000",15
R,Thomas H Tuberville,Senate,PYPL,P,2022-04-28,2022-05-13,Joint,"$1,001 - $15,000",15
R,Thomas H Tuberville,Senate,ECOM,P,2022-04-21,2022-05-13,Joint,"$100,001 - $250,000",22
R,John R Thune,Senate,IRT,S,2022-05-05,2022-05-12,Self,"$15,001 - $50,000",7
D,Thomas R Carper,Senate,GOLD,S,2021-11-26,2022-05-04,Spouse,"$1,001 - $15,000",159
R,Roy Blunt,Senate,KHC,S,2022-02-18,2022-04-16,Spouse,"$15,001 - $50,000",57
?,"William F Hagerty, IV",Senate,TACO,S,2022-03-09,2022-04-13,Self,"$15,001 - $50,000",35
R,Thomas H Tuberville,Senate,WST,S,2022-03-30,2022-04-08,Joint,"$1,001 - $15,000",9
R,Thomas H Tuberville,Senate,VEEV,S,2022-03-30,2022-04-08,Joint,"$1,001 - $15,000",9
R,Thomas H Tuberville,Senate,VMW,S,2022-03-30,2022-04-08,Joint,"$1,001 - $15,000",9
R,Thomas H Tuberville,Senate,SNA,S,2022-03-30,2022-04-08,Joint,"$1,001 - $15,000",9
R,Thomas H Tuberville,Senate,SIVB,S,2022-03-30,2022-04-08,Joint,"$1,001 - $15,000",9
R,Thomas H Tuberville,Senate,SPGI,S,2022-03-30,2022-04-08,Joint,"$1,001 - $15,000",9
R,Thomas H Tuberville,Senate,ROK,S,2022-03-30,2022-04-08,Joint,"$1,001 - $15,000",9
R,Thomas H Tuberville,Senate,REGN,S,2022-03-30,2022-04-08,Joint,"$1,001 - $15,000",9
R,Thomas H Tuberville,Senate,NFLX,S,2022-03-30,2022-04-08,Joint,"$1,001 - $15,000",9
R,Thomas H Tuberville,Senate,LMST,P,2022-03-30,2022-04-08,Joint,"$1,001 - $15,000",9
R,Thomas H Tuberville,Senate,KEY,P,2022-03-30,2022-04-08,Joint,"$1,001 - $15,000",9
R,Thomas H Tuberville,Senate,INTU,S,2022-03-30,2022-04-08,Joint,"$1,001 - $15,000",9
R,Thomas H Tuberville,Senate,GNRC,S,2022-03-30,2022-04-08,Joint,"$1,001 - $15,000",9
R,Thomas H Tuberville,Senate,FGBI,P,2022-03-30,2022-04-08,Joint,"$1,001 - $15,000",9
R,Thomas H Tuberville,Senate,FITB,P,2022-03-30,2022-04-08,Joint,"$1,001 - $15,000",9
R,Thomas H Tuberville,Senate,EXP,S,2022-03-30,2022-04-08,Joint,"$1,001 - $15,000",9
R,Thomas H Tuberville,Senate,DEO,S,2022-03-30,2022-04-08,Joint,"$1,001 - $15,000",9
R,Thomas H Tuberville,Senate,CFG,P,2022-03-30,2022-04-08,Joint,"$1,001 - $15,000",9
R,Thomas H Tuberville,Senate,CE,S,2022-03-30,2022-04-08,Joint,"$1,001 - $15,000",9
R,Thomas H Tuberville,Senate,CP,S,2022-03-30,2022-04-08,Joint,"$1,001 - $15,000",9
R,Thomas H Tuberville,Senate,CABO,S,2022-03-30,2022-04-08,Joint,"$1,001 - $15,000",9
R,Thomas H Tuberville,Senate,BKE,S,2022-03-30,2022-04-08,Joint,"$1,001 - $15,000",9
R,Thomas H Tuberville,Senate,BIO,S,2022-03-30,2022-04-08,Joint,"$1,001 - $15,000",9
R,Thomas H Tuberville,Senate,BMO,P,2022-03-30,2022-04-08,Joint,"$1,001 - $15,000",9
R,Thomas H Tuberville,Senate,TMO,P,2022-03-30,2022-04-08,Joint,"$1,001 - $15,000",9
R,Thomas H Tuberville,Senate,RMD,P,2022-03-30,2022-04-08,Joint,"$1,001 - $15,000",9
R,Thomas H Tuberville,Senate,RF,P,2022-03-30,2022-04-08,Joint,"$1,001 - $15,000",9
R,Thomas H Tuberville,Senate,NOC,P,2022-03-30,2022-04-08,Joint,"$1,001 - $15,000",9
R,Thomas H Tuberville,Senate,NDAQ,P,2022-03-30,2022-04-08,Joint,"$1,001 - $15,000",9
R,Thomas H Tuberville,Senate,MRK,P,2022-03-30,2022-04-08,Joint,"$1,001 - $15,000",9
R,Thomas H Tuberville,Senate,MASI,P,2022-03-30,2022-04-08,Joint,"$1,001 - $15,000",9
R,Thomas H Tuberville,Senate,MMC,P,2022-03-30,2022-04-08,Joint,"$1,001 - $15,000",9
R,Thomas H Tuberville,Senate,MKSI,P,2022-03-30,2022-04-08,Joint,"$1,001 - $15,000",9
R,Thomas H Tuberville,Senate,HUMA,P,2022-03-30,2022-04-08,Joint,"$15,001 - $50,000",9
R,Thomas H Tuberville,Senate,HON,P,2022-03-30,2022-04-08,Joint,"$1,001 - $15,000",9
R,Thomas H Tuberville,Senate,GFI,P,2022-03-30,2022-04-08,Joint,"$1,001 - $15,000",9
R,Thomas H Tuberville,Senate,IT,P,2022-03-30,2022-04-08,Joint,"$1,001 - $15,000",9
R,Thomas H Tuberville,Senate,DHI,P,2022-03-30,2022-04-08,Joint,"$1,001 - $15,000",9
R,Thomas H Tuberville,Senate,CDNS,P,2022-03-30,2022-04-08,Joint,"$1,001 - $15,000",9
R,Thomas H Tuberville,Senate,AME,P,2022-03-30,2022-04-08,Joint,"$1,001 - $15,000",9
R,Thomas H Tuberville,Senate,GOOG,P,2022-03-30,2022-04-08,Joint,"$1,001 - $15,000",9
R,Thomas H Tuberville,Senate,ABBV,P,2022-03-30,2022-04-08,Joint,"$1,001 - $15,000",9
R,Thomas H Tuberville,Senate,GOLD,S,2022-03-23,2022-04-08,Joint,"$1,001 - $15,000",16
R,Thomas H Tuberville,Senate,MSFT,S,2022-03-22,2022-04-08,Joint,"$15,001 - $50,000",17
R,Thomas H Tuberville,Senate,SCCO,P,2022-03-22,2022-04-08,Joint,"$1,001 - $15,000",17
R,Thomas H Tuberville,Senate,NU,P,2022-03-22,2022-04-08,Joint,"$1,001 - $15,000",17
R,Thomas H Tuberville,Senate,ECOM,P,2022-03-21,2022-04-08,Joint,"$15,001 - $50,000",18
R,Thomas H Tuberville,Senate,NU,P,2022-03-21,2022-04-08,Joint,"$15,001 - $50,000",18
R,Thomas H Tuberville,Senate,ECOM,P,2022-03-08,2022-04-08,Joint,"$50,001 - $100,000",31
R,Daniel S Sullivan,Senate,RPM,S,2022-03-04,2022-04-07,Joint,"$1,001 - $15,000",34
D,Thomas R Carper,Senate,MAXR,S,2022-03-07,2022-04-05,Spouse,"$1,001 - $15,000",29
D,Ron L Wyden,Senate,AAPL,S,2022-02-24,2022-03-23,Spouse,"$50,001 - $100,000",27
D,Ron L Wyden,Senate,AAPL,P,2022-02-24,2022-03-23,Spouse,"$50,001 - $100,000",27
D,Sheldon Whitehouse,Senate,TGT,P,2022-01-28,2022-03-16,Self,"$15,001 - $50,000",47
D,Sheldon Whitehouse,Senate,TSLA,P,2022-01-28,2022-03-16,Self,"$15,001 - $50,000",47
?,"A. Mitchell McConnell, Jr.",Senate,WFC,P,2022-03-03,2022-03-14,Spouse,"$1,001 - $15,000",11
R,Thomas H Tuberville,Senate,OXY,S,2022-02-22,2022-03-11,Joint,"$50,001 - $100,000",17
R,Thomas H Tuberville,Senate,ARKK,S,2022-02-17,2022-03-11,Joint,"$1,001 - $15,000",22
R,Thomas H Tuberville,Senate,X,S,2022-02-10,2022-03-11,Joint,"$1,001 - $15,000",29
R,Thomas H Tuberville,Senate,X,P,2022-02-10,2022-03-11,Joint,"$100,001 - $250,000",29
R,Thomas H Tuberville,Senate,PYPL,S,2022-02-09,2022-03-11,Joint,"$1,001 - $15,000",30
R,Thomas H Tuberville,Senate,PYPL,P,2022-02-09,2022-03-11,Joint,"$15,001 - $50,000",30
R,Thomas H Tuberville,Senate,ECOM,S,2022-02-07,2022-03-11,Joint,"$1,001 - $15,000",32
R,Thomas H Tuberville,Senate,PYPL,P,2022-02-07,2022-03-11,Joint,"$50,001 - $100,000",32
R,Thomas H Tuberville,Senate,F,S,2022-02-01,2022-03-11,Joint,"$15,001 - $50,000",38
R,Thomas H Tuberville,Senate,X,S,2022-02-01,2022-03-11,Joint,"$1,001 - $15,000",38
R,Thomas H Tuberville,Senate,MSFT,S,2022-02-01,2022-03-11,Joint,"$15,001 - $50,000",38
R,Thomas H Tuberville,Senate,MRO,S,2022-02-01,2022-03-11,Joint,"$1,001 - $15,000",38
R,Thomas H Tuberville,Senate,CLF,S,2022-02-01,2022-03-11,Joint,"$15,001 - $50,000",38
R,Shelley M Capito,Senate,NEE,S,2022-02-24,2022-03-11,Spouse,"$1,001 - $15,000",15
R,Shelley M Capito,Senate,MSFT,S,2022-02-24,2022-03-11,Spouse,"$1,001 - $15,000",15
R,Shelley M Capito,Senate,LHX,S,2022-02-24,2022-03-11,Spouse,"$1,001 - $15,000",15
R,Shelley M Capito,Senate,LOW,S,2022-02-24,2022-03-11,Spouse,"$1,001 - $15,000",15
R,Shelley M Capito,Senate,AAPL,S,2022-02-24,2022-03-11,Spouse,"$1,001 - $15,000",15
D,Mark R Warner,Senate,ROAD,S,2022-01-31,2022-02-18,Self,"$100,001 - $250,000",18
R,Susan M Collins,Senate,UL,S,2022-01-21,2022-02-17,Spouse,"$15,001 - $50,000",27
R,Susan M Collins,Senate,WEX,S,2022-01-06,2022-02-17,Spouse,"$15,001 - $50,000",42
R,Susan M Collins,Senate,VFC,S,2022-01-06,2022-02-17,Spouse,"$1,001 - $15,000",42
R,Susan M Collins,Senate,OTIS,S,2022-01-06,2022-02-17,Spouse,"$1,001 - $15,000",42
R,Susan M Collins,Senate,HSIC,S,2022-01-06,2022-02-17,Spouse,"$15,001 - $50,000",42
R,Susan M Collins,Senate,CARR,S,2022-01-06,2022-02-17,Spouse,"$1,001 - $15,000",42
R,Susan M Collins,Senate,MMM,S,2022-01-06,2022-02-17,Spouse,"$15,001 - $50,000",42
R,Susan M Collins,Senate,HSY,P,2022-01-21,2022-02-17,Spouse,"$15,001 - $50,000",27
R,Susan M Collins,Senate,NVDA,P,2022-01-06,2022-02-17,Spouse,"$15,001 - $50,000",42
R,Susan M Collins,Senate,LIN,P,2022-01-06,2022-02-17,Spouse,"$15,001 - $50,000",42
R,Susan M Collins,Senate,AMZN,P,2022-01-06,2022-02-17,Spouse,"$15,001 - $50,000",42
R,Thomas H Tuberville,Senate,INTC,S,2022-01-05,2022-02-14,Joint,"$1,001 - $15,000",40
R,Thomas H Tuberville,Senate,GOLD,P,2022-01-24,2022-02-14,Joint,"$50,001 - $100,000",21
R,Thomas H Tuberville,Senate,BABA,P,2022-01-14,2022-02-14,Joint,"$15,001 - $50,000",31
R,Thomas H Tuberville,Senate,QCOM,S,2022-01-14,2022-02-14,Joint,"$15,001 - $50,000",31
R,Thomas H Tuberville,Senate,CLF,S,2022-01-14,2022-02-14,Joint,"$1,001 - $15,000",31
R,Thomas H Tuberville,Senate,CLF,P,2022-01-14,2022-02-14,Joint,"$1,001 - $15,000",31
R,Thomas H Tuberville,Senate,X,S,2022-01-13,2022-02-14,Joint,"$15,001 - $50,000",32
R,Thomas H Tuberville,Senate,INTC,P,2022-01-12,2022-02-14,Joint,"$15,001 - $50,000",33
R,Thomas H Tuberville,Senate,WBA,P,2022-01-12,2022-02-14,Joint,"$1,001 - $15,000",33
R,Thomas H Tuberville,Senate,VZ,P,2022-01-12,2022-02-14,Joint,"$1,001 - $15,000",33
R,Thomas H Tuberville,Senate,MMM,P,2022-01-12,2022-02-14,Joint,"$1,001 - $15,000",33
R,Thomas H Tuberville,Senate,PFE,P,2022-01-12,2022-02-14,Joint,"$1,001 - $15,000",33
R,Thomas H Tuberville,Senate,IBM,P,2022-01-12,2022-02-14,Joint,"$1,001 - $15,000",33
R,Thomas H Tuberville,Senate,KO,P,2022-01-12,2022-02-14,Joint,"$1,001 - $15,000",33
R,Thomas H Tuberville,Senate,CSCO,P,2022-01-12,2022-02-14,Joint,"$1,001 - $15,000",33
R,Thomas H Tuberville,Senate,CVX,P,2022-01-12,2022-02-14,Joint,"$1,001 - $15,000",33
R,Thomas H Tuberville,Senate,DOW,P,2022-01-12,2022-02-14,Joint,"$1,001 - $15,000",33
R,Thomas H Tuberville,Senate,AMGN,P,2022-01-12,2022-02-14,Joint,"$1,001 - $15,000",33
R,Thomas H Tuberville,Senate,CLF,S,2022-01-04,2022-02-14,Joint,"$1,001 - $15,000",41
R,Thomas H Tuberville,Senate,SSYS,S,2022-01-03,2022-02-14,Joint,"$1,001 - $15,000",42
R,Thomas H Tuberville,Senate,DUK,S,2022-01-21,2022-02-14,Joint,"$15,001 - $50,000",24
R,Thomas H Tuberville,Senate,MDT,S,2022-01-21,2022-02-14,Joint,"$15,001 - $50,000",24
R,Thomas H Tuberville,Senate,ABBV,S,2022-01-21,2022-02-14,Joint,"$1,001 - $15,000",24
R,Thomas H Tuberville,Senate,ABC,S,2022-01-21,2022-02-14,Joint,"$15,001 - $50,000",24
R,Thomas H Tuberville,Senate,CTAS,S,2022-01-21,2022-02-14,Joint,"$15,001 - $50,000",24
R,Thomas H Tuberville,Senate,LMT,S,2022-01-21,2022-02-14,Joint,"$15,001 - $50,000",24
R,Thomas H Tuberville,Senate,PEP,S,2022-01-21,2022-02-14,Joint,"$1,001 - $15,000",24
R,Thomas H Tuberville,Senate,PM,S,2022-01-21,2022-02-14,Joint,"$15,001 - $50,000",24
R,Thomas H Tuberville,Senate,PONCX,S,2022-01-21,2022-02-14,Joint,"$15,001 - $50,000",24
R,Thomas H Tuberville,Senate,PG,S,2022-01-21,2022-02-14,Joint,"$15,001 - $50,000",24
R,Thomas H Tuberville,Senate,TSN,S,2022-01-21,2022-02-14,Joint,"$15,001 - $50,000",24
R,Thomas H Tuberville,Senate,XEL,S,2022-01-21,2022-02-14,Joint,"$15,001 - $50,000",24
R,Thomas H Tuberville,Senate,ABQCX,S,2022-01-13,2022-02-14,Joint,"$15,001 - $50,000",32
R,Thomas H Tuberville,Senate,FUN,S,2022-01-13,2022-02-14,Joint,"$15,001 - $50,000",32
R,Thomas H Tuberville,Senate,CRWD,S,2022-01-13,2022-02-14,Joint,"$15,001 - $50,000",32
R,Thomas H Tuberville,Senate,FGSCX,S,2022-01-13,2022-02-14,Joint,"$15,001 - $50,000",32
R,Thomas H Tuberville,Senate,GILD,S,2022-01-13,2022-02-14,Joint,"$1,001 - $15,000",32
R,Thomas H Tuberville,Senate,CLOU,S,2022-01-13,2022-02-14,Joint,"$15,001 - $50,000",32
R,Thomas H Tuberville,Senate,NWL,S,2022-01-13,2022-02-14,Joint,"$15,001 - $50,000",32
R,Thomas H Tuberville,Senate,PEGA,S,2022-01-13,2022-02-14,Joint,"$15,001 - $50,000",32
R,Thomas H Tuberville,Senate,VTRS,S,2022-01-13,2022-02-14,Joint,"$1,001 - $15,000",32
R,Thomas H Tuberville,Senate,ACN,S,2022-01-14,2022-02-14,Joint,"$15,001 - $50,000",31
R,Thomas H Tuberville,Senate,ADBE,S,2022-01-14,2022-02-14,Joint,"$15,001 - $50,000",31
R,Thomas H Tuberville,Senate,AWK,S,2022-01-14,2022-02-14,Joint,"$15,001 - $50,000",31
R,Thomas H Tuberville,Senate,AAPL,S,2022-01-14,2022-02-14,Joint,"$15,001 - $50,000",31
R,Thomas H Tuberville,Senate,CTAS,S,2022-01-14,2022-02-14,Joint,"$15,001 - $50,000",31
R,Thomas H Tuberville,Senate,LLY,S,2022-01-14,2022-02-14,Joint,"$15,001 - $50,000",31
R,Thomas H Tuberville,Senate,MA,S,2022-01-14,2022-02-14,Joint,"$1,001 - $15,000",31
R,Thomas H Tuberville,Senate,MSFT,S,2022-01-14,2022-02-14,Joint,"$15,001 - $50,000",31
R,Thomas H Tuberville,Senate,NEE,S,2022-01-14,2022-02-14,Joint,"$15,001 - $50,000",31
R,Thomas H Tuberville,Senate,RTX,S,2022-01-14,2022-02-14,Joint,"$1,001 - $15,000",31
R,Thomas H Tuberville,Senate,WMT,S,2022-01-14,2022-02-14,Joint,"$1,001 - $15,000",31
D,Thomas R Carper,Senate,WIW,P,2022-01-31,2022-02-03,Spouse,"$1,001 - $15,000",3
D,Thomas R Carper,Senate,NVDA,P,2022-01-31,2022-02-03,Spouse,"$1,001 - $15,000",3
D,Thomas R Carper,Senate,SI,P,2022-01-31,2022-02-03,Spouse,"$1,001 - $15,000",3
D,Thomas R Carper,Senate,C,S,2022-01-18,2022-02-03,Spouse,"$1,001 - $15,000",16
D,Thomas R Carper,Senate,TTE,S,2022-01-18,2022-02-03,Spouse,"$1,001 - $15,000",16
D,Thomas R Carper,Senate,QCOM,S,2022-01-18,2022-02-03,Spouse,"$1,001 - $15,000",16
D,Thomas R Carper,Senate,ARCC,S,2022-01-18,2022-02-03,Spouse,"$1,001 - $15,000",16
D,Thomas R Carper,Senate,LMT,S,2022-01-18,2022-02-03,Spouse,"$1,001 - $15,000",16
D,Thomas R Carper,Senate,CVS,S,2022-01-18,2022-02-03,Spouse,"$1,001 - $15,000",16
D,Thomas R Carper,Senate,NVDA,S,2022-01-18,2022-02-03,Spouse,"$1,001 - $15,000",16
D,Thomas R Carper,Senate,MET,S,2022-01-18,2022-02-03,Spouse,"$1,001 - $15,000",16
D,Thomas R Carper,Senate,AXS,S,2022-01-18,2022-02-03,Spouse,"$1,001 - $15,000",16
D,Thomas R Carper,Senate,GLAD,S,2022-01-18,2022-02-03,Spouse,"$1,001 - $15,000",16
D,Thomas R Carper,Senate,HASI,S,2022-01-18,2022-02-03,Spouse,"$1,001 - $15,000",16
D,Thomas R Carper,Senate,ETN,S,2022-01-18,2022-02-03,Spouse,"$1,001 - $15,000",16
D,Thomas R Carper,Senate,ABBV,S,2022-01-18,2022-02-03,Spouse,"$1,001 - $15,000",16
D,Thomas R Carper,Senate,RTX,S,2022-01-18,2022-02-03,Spouse,"$1,001 - $15,000",16
D,Thomas R Carper,Senate,IRM,S,2022-01-18,2022-02-03,Spouse,"$1,001 - $15,000",16
D,Thomas R Carper,Senate,APO,S,2022-01-18,2022-02-03,Spouse,"$1,001 - $15,000",16
D,Thomas R Carper,Senate,LHX,S,2022-01-18,2022-02-03,Spouse,"$1,001 - $15,000",16
D,Thomas R Carper,Senate,AAPL,S,2022-01-18,2022-02-03,Spouse,"$1,001 - $15,000",16
D,Thomas R Carper,Senate,CSCO,S,2022-01-18,2022-02-03,Spouse,"$1,001 - $15,000",16
D,Thomas R Carper,Senate,GLW,S,2022-01-18,2022-02-03,Spouse,"$1,001 - $15,000",16
D,Thomas R Carper,Senate,INTC,S,2022-01-18,2022-02-03,Spouse,"$1,001 - $15,000",16
D,Thomas R Carper,Senate,V,P,2022-01-18,2022-02-03,Spouse,"$1,001 - $15,000",16
D,Thomas R Carper,Senate,WIW,P,2022-01-18,2022-02-03,Spouse,"$1,001 - $15,000",16
D,Thomas R Carper,Senate,VZ,P,2022-01-18,2022-02-03,Spouse,"$1,001 - $15,000",16
D,Thomas R Carper,Senate,DLR,P,2022-01-18,2022-02-03,Spouse,"$1,001 - $15,000",16
D,Thomas R Carper,Senate,RIO,P,2022-01-18,2022-02-03,Spouse,"$1,001 - $15,000",16
D,Thomas R Carper,Senate,AMT,P,2022-01-18,2022-02-03,Spouse,"$1,001 - $15,000",16
D,Thomas R Carper,Senate,MOS,P,2022-01-18,2022-02-03,Spouse,"$1,001 - $15,000",16
D,Thomas R Carper,Senate,LDP,P,2022-01-18,2022-02-03,Spouse,"$1,001 - $15,000",16
D,Thomas R Carper,Senate,AQN,P,2022-01-18,2022-02-03,Spouse,"$1,001 - $15,000",16
D,Thomas R Carper,Senate,AY,P,2022-01-18,2022-02-03,Spouse,"$1,001 - $15,000",16
D,Thomas R Carper,Senate,JCI,P,2022-01-18,2022-02-03,Spouse,"$1,001 - $15,000",16
D,Thomas R Carper,Senate,GMRE,P,2022-01-18,2022-02-03,Spouse,"$1,001 - $15,000",16
D,Thomas R Carper,Senate,BMY,P,2022-01-18,2022-02-03,Spouse,"$1,001 - $15,000",16
D,Thomas R Carper,Senate,DIS,P,2022-01-18,2022-02-03,Spouse,"$1,001 - $15,000",16
D,Thomas R Carper,Senate,JNJ,P,2022-01-18,2022-02-03,Spouse,"$1,001 - $15,000",16
?,"Jerry Moran,",Senate,USB,S,2021-12-21,2022-01-21,Spouse,"$1,001 - $15,000",31
?,"Jerry Moran,",Senate,MSFT,S,2021-12-21,2022-01-21,Spouse,"$1,001 - $15,000",31
?,"Jerry Moran,",Senate,GILD,S,2021-12-21,2022-01-21,Spouse,"$1,001 - $15,000",31
?,"Jerry Moran,",Senate,XOM,S,2021-12-21,2022-01-21,Spouse,"$1,001 - $15,000",31
?,"Jerry Moran,",Senate,CVS,S,2021-12-21,2022-01-21,Spouse,"$1,001 - $15,000",31
?,"Jerry Moran,",Senate,BRK.B,S,2021-12-21,2022-01-21,Spouse,"$1,001 - $15,000",31
?,"Jerry Moran,",Senate,BAC,S,2021-12-21,2022-01-21,Spouse,"$1,001 - $15,000",31
?,"Jerry Moran,",Senate,AAPL,S,2021-12-21,2022-01-21,Spouse,"$1,001 - $15,000",31
?,"Jerry Moran,",Senate,PII,P,2021-12-21,2022-01-21,Spouse,"$1,001 - $15,000",31
?,"Jerry Moran,",Senate,PFE,P,2021-12-21,2022-01-21,Spouse,"$1,001 - $15,000",31
?,"Jerry Moran,",Senate,KMB,P,2021-12-21,2022-01-21,Spouse,"$1,001 - $15,000",31
?,"Jerry Moran,",Senate,CMCSA,P,2021-12-21,2022-01-21,Spouse,"$1,001 - $15,000",31
?,"Jerry Moran,",Senate,CSCO,P,2021-12-21,2022-01-21,Spouse,"$1,001 - $15,000",31
?,"Jerry Moran,",Senate,CI,P,2021-12-21,2022-01-21,Spouse,"$1,001 - $15,000",31
?,"Jerry Moran,",Senate,BK,P,2021-12-21,2022-01-21,Spouse,"$1,001 - $15,000",31
?,"Jerry Moran,",Senate,KR,S,2021-12-21,2022-01-21,Self,"$1,001 - $15,000",31
?,"Jerry Moran,",Senate,FB,S,2021-12-21,2022-01-21,Self,"$1,001 - $15,000",31
?,"Jerry Moran,",Senate,DVA,S,2021-12-21,2022-01-21,Self,"$1,001 - $15,000",31
?,"Jerry Moran,",Senate,GOOG,S,2021-12-21,2022-01-21,Self,"$1,001 - $15,000",31
?,"Jerry Moran,",Senate,VZ,P,2021-12-21,2022-01-21,Self,"$1,001 - $15,000",31
R,Shelley M Capito,Senate,NVS,S,2021-12-15,2022-01-21,Spouse,"$1,001 - $15,000",37
R,Shelley M Capito,Senate,VZ,S,2021-12-28,2022-01-21,Self,"$1,001 - $15,000",24
R,Shelley M Capito,Senate,MSFT,S,2021-12-17,2022-01-21,Spouse,"$1,001 - $15,000",35
R,Shelley M Capito,Senate,SMFG,S,2021-12-28,2022-01-21,Self,"$1,001 - $15,000",24
R,Shelley M Capito,Senate,AMGN,P,2021-12-15,2022-01-21,Spouse,"$1,001 - $15,000",37
R,Shelley M Capito,Senate,MSFT,S,2021-12-17,2022-01-15,Spouse,"$1,001 - $15,000",29
R,Shelley M Capito,Senate,C,S,2021-12-17,2022-01-15,Spouse,"$1,001 - $15,000",29
R,Shelley M Capito,Senate,SMFG,S,2021-12-28,2022-01-15,Self,"$1,001 - $15,000",18
R,Shelley M Capito,Senate,AMGN,P,2021-12-15,2022-01-15,Spouse,"$1,001 - $15,000",31
R,Thomas H Tuberville,Senate,AAPL,S,2021-12-22,2022-01-12,Joint,"$50,001 - $100,000",21
R,Thomas H Tuberville,Senate,PYPL,S,2021-12-29,2022-01-12,Joint,"$15,001 - $50,000",14
R,Thomas H Tuberville,Senate,QQQ,P,2021-12-29,2022-01-12,Joint,"$1,001 - $15,000",14
R,Thomas H Tuberville,Senate,ECOM,S,2021-12-27,2022-01-12,Joint,"$15,001 - $50,000",16
R,Thomas H Tuberville,Senate,CLF,P,2021-12-23,2022-01-12,Joint,"$1,001 - $15,000",20
R,Thomas H Tuberville,Senate,ECOM,S,2021-12-23,2022-01-12,Joint,"$1,001 - $15,000",20
R,Thomas H Tuberville,Senate,BABA,S,2021-12-23,2022-01-12,Joint,"$50,001 - $100,000",20
R,Thomas H Tuberville,Senate,BABA,P,2021-12-21,2022-01-12,Joint,"$15,001 - $50,000",22
R,Thomas H Tuberville,Senate,BABA,P,2021-12-15,2022-01-12,Joint,"$50,001 - $100,000",28
R,Thomas H Tuberville,Senate,BABA,P,2021-12-14,2022-01-12,Joint,"$50,001 - $100,000",29
R,Thomas H Tuberville,Senate,SSYS,P,2021-12-13,2022-01-12,Joint,"$15,001 - $50,000",30
?,"William F Hagerty, IV",Senate,DDOG,S,2021-12-28,2022-01-10,Self,"$15,001 - $50,000",13
?,"William F Hagerty, IV",Senate,RHP,S,2021-12-23,2022-01-10,Self,"$100,001 - $250,000",18
?,"William F Hagerty, IV",Senate,RNR,S,2021-12-23,2022-01-10,Self,"$250,001 - $500,000",18
?,"William F Hagerty, IV",Senate,RNR,S,2021-12-28,2022-01-10,Self,"$250,001 - $500,000",13
?,"William F Hagerty, IV",Senate,PNFP,S,2021-12-29,2022-01-10,Self,"$100,001 - $250,000",12
?,"William F Hagerty, IV",Senate,ENVA,S,2021-12-29,2022-01-10,Self,"$15,001 - $50,000",12
?,"William F Hagerty, IV",Senate,CCEP,S,2021-12-29,2022-01-10,Self,"$50,001 - $100,000",12
?,"William F Hagerty, IV",Senate,BKEP,S,2021-12-29,2022-01-10,Self,"$15,001 - $50,000",12
?,"William F Hagerty, IV",Senate,NS,S,2021-12-29,2022-01-10,Self,"$50,001 - $100,000",12
?,"William F Hagerty, IV",Senate,CLDT,S,2021-12-29,2022-01-10,Self,"$1,001 - $15,000",12
D,Gary C Peters,Senate,IBM,P,2022-01-03,2022-01-08,Self,"$1,001 - $15,000",5
D,Gary C Peters,Senate,HBAN,P,2021-12-07,2022-01-08,Self,"$1,001 - $15,000",32
D,Thomas R Carper,Senate,CEM,S,2021-12-21,2022-01-04,Spouse,"$1,001 - $15,000",14
?,"William F Hagerty, IV",Senate,VRM,S,2021-12-16,2021-12-22,Self,"$1,001 - $15,000",6
?,"A. Mitchell McConnell, Jr.",Senate,WFC,P,2021-12-03,2021-12-16,Spouse,"$1,001 - $15,000",13
D,John W Hickenlooper,Senate,PYPL,S,2021-11-01,2021-12-10,Self,"$250,001 - $500,000",39
D,John W Hickenlooper,Senate,NVDA,S,2021-11-01,2021-12-10,Self,"$500,001 - $1,000,000",39
D,John W Hickenlooper,Senate,MSFT,S,2021-11-01,2021-12-10,Self,"$250,001 - $500,000",39
D,John W Hickenlooper,Senate,FB,S,2021-10-27,2021-12-10,Self,"$250,001 - $500,000",44
D,John W Hickenlooper,Senate,AAPL,S,2021-10-29,2021-12-10,Self,"$250,001 - $500,000",42
D,John W Hickenlooper,Senate,AMZN,S,2021-10-29,2021-12-10,Self,"$250,001 - $500,000",42
D,John W Hickenlooper,Senate,GOOGL,S,2021-11-01,2021-12-10,Self,"$250,001 - $500,000",39
D,John W Hickenlooper,Senate,TTD,S,2021-11-08,2021-12-10,Spouse,"$15,001 - $50,000",32
R,Thomas H Tuberville,Senate,MSFT,P,2021-11-22,2021-12-10,Joint,"$1,001 - $15,000",18
R,Thomas H Tuberville,Senate,OXY,S,2021-11-22,2021-12-10,Joint,"$1,001 - $15,000",18
R,Thomas H Tuberville,Senate,ECOM,P,2021-11-22,2021-12-10,Joint,"$1,001 - $15,000",18
R,Thomas H Tuberville,Senate,AAPL,P,2021-11-22,2021-12-10,Joint,"$1,001 - $15,000",18
R,Thomas H Tuberville,Senate,PYPL,S,2021-11-17,2021-12-10,Joint,"$1,001 - $15,000",23
R,Thomas H Tuberville,Senate,ADBE,P,2021-11-12,2021-12-10,Joint,"$1,001 - $15,000",28
R,Thomas H Tuberville,Senate,CLF,S,2021-11-08,2021-12-10,Joint,"$15,001 - $50,000",32
R,Thomas H Tuberville,Senate,CLF,P,2021-11-08,2021-12-10,Joint,"$100,001 - $250,000",32
R,Thomas H Tuberville,Senate,F,P,2021-11-05,2021-12-10,Joint,"$1,001 - $15,000",35
R,Thomas H Tuberville,Senate,SSYS,S,2021-11-04,2021-12-10,Joint,"$1,001 - $15,000",36
R,Thomas H Tuberville,Senate,SCCO,P,2021-11-02,2021-12-10,Joint,"$1,001 - $15,000",38
R,Thomas H Tuberville,Senate,SCCO,S,2021-11-02,2021-12-10,Joint,"$1,001 - $15,000",38
D,Gary C Peters,Senate,CAG,P,2021-11-29,2021-12-07,Self,"$1,001 - $15,000",8
D,Gary C Peters,Senate,OFC,P,2021-11-29,2021-12-07,Self,"$1,001 - $15,000",8
D,Thomas R Carper,Senate,BMY,P,2021-11-29,2021-12-04,Spouse,"$1,001 - $15,000",5
D,Thomas R Carper,Senate,CONE,S,2021-11-26,2021-12-04,Spouse,"$1,001 - $15,000",8
D,Thomas R Carper,Senate,GLPI,P,2021-11-26,2021-12-04,Spouse,"$1,001 - $15,000",8
D,Thomas R Carper,Senate,QS,S,2021-11-26,2021-12-04,Spouse,"$1,001 - $15,000",8
D,Thomas R Carper,Senate,LITE,P,2021-11-26,2021-12-04,Spouse,"$1,001 - $15,000",8
D,Thomas R Carper,Senate,GLPI,P,2021-11-16,2021-12-04,Spouse,"$1,001 - $15,000",18
D,Thomas R Carper,Senate,COR,S,2021-11-16,2021-12-04,Spouse,"$1,001 - $15,000",18
D,Thomas R Carper,Senate,CONE,S,2021-11-16,2021-12-04,Spouse,"$1,001 - $15,000",18
?,"William F Hagerty, IV",Senate,DDOG,S,2021-11-08,2021-11-23,Self,"$1,000,001 - $5,000,000",15
D,John W Hickenlooper,Senate,CVX,S,2021-10-28,2021-11-19,Self,"$100,001 - $250,000",22
D,Mark R Warner,Senate,ROAD,S,2021-10-14,2021-11-17,Self,"$50,001 - $100,000",34
R,Patrick J Toomey,Senate,SPG,P,2021-10-15,2021-11-15,Joint,"$1,001 - $15,000",31
R,Shelley M Capito,Senate,PPG,P,2021-10-13,2021-11-12,Spouse,"$1,001 - $15,000",30
R,Thomas H Tuberville,Senate,QCOM,S,2021-10-26,2021-11-10,Joint,"$1,001 - $15,000",15
R,Thomas H Tuberville,Senate,RMD,S,2021-10-26,2021-11-10,Joint,"$1,001 - $15,000",15
R,Thomas H Tuberville,Senate,APAM,S,2021-10-26,2021-11-10,Joint,"$1,001 - $15,000",15
R,Thomas H Tuberville,Senate,AON,S,2021-10-26,2021-11-10,Joint,"$1,001 - $15,000",15
R,Thomas H Tuberville,Senate,X,S,2021-10-21,2021-11-10,Joint,"$1,001 - $15,000",20
R,Thomas H Tuberville,Senate,CALX,P,2021-10-18,2021-11-10,Joint,"$1,001 - $15,000",23
R,Thomas H Tuberville,Senate,CALX,S,2021-10-18,2021-11-10,Joint,"$1,001 - $15,000",23
R,Thomas H Tuberville,Senate,INTC,S,2021-10-18,2021-11-10,Joint,"$1,001 - $15,000",23
R,Thomas H Tuberville,Senate,INTC,P,2021-10-18,2021-11-10,Joint,"$50,001 - $100,000",23
R,Thomas H Tuberville,Senate,AA,S,2021-10-18,2021-11-10,Joint,"$100,001 - $250,000",23
R,Thomas H Tuberville,Senate,X,S,2021-10-18,2021-11-10,Joint,"$1,001 - $15,000",23
R,Thomas H Tuberville,Senate,X,P,2021-10-18,2021-11-10,Joint,"$100,001 - $250,000",23
R,Thomas H Tuberville,Senate,INTC,P,2021-10-15,2021-11-10,Joint,"$15,001 - $50,000",26
R,Thomas H Tuberville,Senate,AA,S,2021-10-15,2021-11-10,Joint,"$1,001 - $15,000",26
R,Thomas H Tuberville,Senate,GE,S,2021-10-18,2021-11-10,Self,"$15,001 - $50,000",23
R,Thomas H Tuberville,Senate,UAA,S,2021-10-18,2021-11-10,Self,"$15,001 - $50,000",23
R,Thomas H Tuberville,Senate,UA,S,2021-10-18,2021-11-10,Self,"$15,001 - $50,000",23
R,Thomas H Tuberville,Senate,BDX,S,2021-10-18,2021-11-10,Joint,"$15,001 - $50,000",23
R,Thomas H Tuberville,Senate,D,S,2021-10-18,2021-11-10,Joint,"$15,001 - $50,000",23
R,Thomas H Tuberville,Senate,DOW,S,2021-10-18,2021-11-10,Joint,"$1,001 - $15,000",23
R,Thomas H Tuberville,Senate,GD,S,2021-10-18,2021-11-10,Joint,"$15,001 - $50,000",23
D,Thomas R Carper,Senate,SNOW,P,2021-10-22,2021-11-02,Spouse,"$1,001 - $15,000",11
R,Thomas H Tuberville,Senate,PG,P,2021-09-30,2021-10-15,Joint,"$1,001 - $15,000",15
R,Thomas H Tuberville,Senate,NFLX,P,2021-09-30,2021-10-15,Joint,"$1,001 - $15,000",15
R,Thomas H Tuberville,Senate,MPWR,P,2021-09-30,2021-10-15,Joint,"$1,001 - $15,000",15
R,Thomas H Tuberville,Senate,KEYS,P,2021-09-30,2021-10-15,Joint,"$1,001 - $15,000",15
R,Thomas H Tuberville,Senate,KLAC,P,2021-09-30,2021-10-15,Joint,"$1,001 - $15,000",15
R,Thomas H Tuberville,Senate,JNJ,P,2021-09-30,2021-10-15,Joint,"$1,001 - $15,000",15
R,Thomas H Tuberville,Senate,INTU,P,2021-09-30,2021-10-15,Joint,"$1,001 - $15,000",15
R,Thomas H Tuberville,Senate,GNRC,P,2021-09-30,2021-10-15,Joint,"$1,001 - $15,000",15
R,Thomas H Tuberville,Senate,EL,P,2021-09-30,2021-10-15,Joint,"$1,001 - $15,000",15
R,Thomas H Tuberville,Senate,EXP,P,2021-09-30,2021-10-15,Joint,"$1,001 - $15,000",15
R,Thomas H Tuberville,Senate,DEO,P,2021-09-30,2021-10-15,Joint,"$1,001 - $15,000",15
R,Thomas H Tuberville,Senate,CTAS,P,2021-09-30,2021-10-15,Joint,"$1,001 - $15,000",15
R,Thomas H Tuberville,Senate,CABO,P,2021-09-30,2021-10-15,Joint,"$1,001 - $15,000",15
R,Thomas H Tuberville,Senate,BKE,P,2021-09-30,2021-10-15,Joint,"$1,001 - $15,000",15
R,Thomas H Tuberville,Senate,ALLE,P,2021-09-30,2021-10-15,Joint,"$1,001 - $15,000",15
R,Thomas H Tuberville,Senate,APD,P,2021-09-30,2021-10-15,Joint,"$1,001 - $15,000",15
R,Thomas H Tuberville,Senate,WAL,S,2021-09-29,2021-10-15,Joint,"$1,001 - $15,000",16
R,Thomas H Tuberville,Senate,MMM,S,2021-09-29,2021-10-15,Joint,"$1,001 - $15,000",16
R,Thomas H Tuberville,Senate,DECK,S,2021-09-29,2021-10-15,Joint,"$1,001 - $15,000",16
R,Thomas H Tuberville,Senate,CLX,S,2021-09-29,2021-10-15,Joint,"$1,001 - $15,000",16
R,Thomas H Tuberville,Senate,CHE,S,2021-09-29,2021-10-15,Joint,"$1,001 - $15,000",16
R,Thomas H Tuberville,Senate,BHP,S,2021-09-29,2021-10-15,Joint,"$1,001 - $15,000",16
R,Thomas H Tuberville,Senate,ATHM,S,2021-09-29,2021-10-15,Joint,"$1,001 - $15,000",16
R,Thomas H Tuberville,Senate,AME,S,2021-09-29,2021-10-15,Joint,"$1,001 - $15,000",16
R,Thomas H Tuberville,Senate,SSYS,P,2021-09-20,2021-10-15,Joint,"$50,001 - $100,000",25
R,Thomas H Tuberville,Senate,X,S,2021-09-20,2021-10-15,Joint,"$15,001 - $50,000",25
R,Thomas H Tuberville,Senate,BABA,S,2021-09-13,2021-10-15,Joint,"$1,001 - $15,000",32
R,Thomas H Tuberville,Senate,BABA,P,2021-09-13,2021-10-15,Joint,"$50,001 - $100,000",32
R,Thomas H Tuberville,Senate,ECOM,P,2021-09-03,2021-10-15,Joint,"$1,001 - $15,000",42
R,Cynthia M Lummis,Senate,J,P,2021-09-03,2021-10-07,Self,"$1,001 - $15,000",34
D,Thomas R Carper,Senate,GOOG,S,2021-09-28,2021-10-04,Spouse,"$1,001 - $15,000",6
D,Thomas R Carper,Senate,AAPL,S,2021-09-28,2021-10-04,Spouse,"$15,001 - $50,000",6
R,Roy Blunt,Senate,NRDY,P,2021-09-27,2021-09-28,Spouse,"$1,001 - $15,000",1
R,Shelley M Capito,Senate,AAPL,P,2021-08-25,2021-09-15,Spouse,"$1,001 - $15,000",21
R,Shelley M Capito,Senate,MSFT,S,2021-08-17,2021-09-15,Spouse,"$1,001 - $15,000",29
R,Shelley M Capito,Senate,AAPL,S,2021-08-17,2021-09-15,Spouse,"$1,001 - $15,000",29
D,Sheldon Whitehouse,Senate,BABA,S,2021-08-30,2021-09-13,Spouse,"$1,001 - $15,000",14
D,Sheldon Whitehouse,Senate,MCHP,S,2021-08-30,2021-09-13,Joint,"$15,001 - $50,000",14
D,Sheldon Whitehouse,Senate,T,S,2021-08-30,2021-09-13,Joint,"$15,001 - $50,000",14
R,Thomas H Tuberville,Senate,CALX,S,2021-08-30,2021-09-08,Joint,"$1,001 - $15,000",9
R,Thomas H Tuberville,Senate,ECOM,S,2021-08-30,2021-09-08,Joint,"$1,001 - $15,000",9
R,Thomas H Tuberville,Senate,CALX,P,2021-08-27,2021-09-08,Joint,"$1,001 - $15,000",12
R,Thomas H Tuberville,Senate,SSYS,P,2021-08-18,2021-09-08,Joint,"$1,001 - $15,000",21
R,Thomas H Tuberville,Senate,SSBK,P,2021-08-12,2021-09-08,Joint,"$50,001 - $100,000",27
R,Thomas H Tuberville,Senate,INTC,S,2021-08-10,2021-09-08,Joint,"$1,001 - $15,000",29
R,Thomas H Tuberville,Senate,OXY,S,2021-08-02,2021-09-08,Joint,"$1,001 - $15,000",37
D,Thomas R Carper,Senate,LMRK,S,2021-08-23,2021-09-01,Spouse,"$1,001 - $15,000",9
D,Thomas R Carper,Senate,WW,P,2021-08-11,2021-09-01,Spouse,"$1,001 - $15,000",21
D,Thomas R Carper,Senate,ARE,S,2021-08-04,2021-09-01,Spouse,"$1,001 - $15,000",28
D,Thomas R Carper,Senate,COR,P,2021-08-04,2021-09-01,Spouse,"$1,001 - $15,000",28
R,Thomas H Tuberville,Senate,F,S,2021-07-30,2021-08-13,Joint,"$15,001 - $50,000",14
R,Thomas H Tuberville,Senate,AA,P,2021-07-29,2021-08-13,Joint,"$1,001 - $15,000",15
R,Thomas H Tuberville,Senate,NVDA,S,2021-07-28,2021-08-13,Joint,"$15,001 - $50,000",16
R,Thomas H Tuberville,Senate,CLF,S,2021-07-21,2021-08-13,Joint,"$1,001 - $15,000",23
R,Thomas H Tuberville,Senate,CLF,P,2021-07-21,2021-08-13,Joint,"$100,001 - $250,000",23
R,Thomas H Tuberville,Senate,CLF,S,2021-07-20,2021-08-13,Joint,"$1,001 - $15,000",24
R,Thomas H Tuberville,Senate,CLF,S,2021-07-19,2021-08-13,Joint,"$50,001 - $100,000",25
R,Thomas H Tuberville,Senate,AA,S,2021-07-19,2021-08-13,Joint,"$50,001 - $100,000",25
R,Thomas H Tuberville,Senate,BABA,S,2021-07-14,2021-08-13,Joint,"$15,001 - $50,000",30
R,Thomas H Tuberville,Senate,BABA,P,2021-07-14,2021-08-13,Joint,"$15,001 - $50,000",30
R,Thomas H Tuberville,Senate,QQQ,P,2021-07-06,2021-08-13,Joint,"$1,001 - $15,000",38
R,Thomas H Tuberville,Senate,INTC,S,2021-07-01,2021-08-13,Joint,"$1,001 - $15,000",43
R,Thomas H Tuberville,Senate,CRWD,P,2021-07-16,2021-08-13,Joint,"$15,001 - $50,000",28
R,Thomas H Tuberville,Senate,NWL,P,2021-07-16,2021-08-13,Joint,"$15,001 - $50,000",28
R,Thomas H Tuberville,Senate,PEGA,P,2021-07-16,2021-08-13,Joint,"$15,001 - $50,000",28
R,Thomas H Tuberville,Senate,PEP,P,2021-07-16,2021-08-13,Joint,"$15,001 - $50,000",28
R,Thomas H Tuberville,Senate,XLY,P,2021-07-16,2021-08-13,Self,"$15,001 - $50,000",28
R,Thomas H Tuberville,Senate,MTUM,P,2021-07-16,2021-08-13,Self,"$15,001 - $50,000",28
R,Thomas H Tuberville,Senate,SQ,P,2021-07-16,2021-08-13,Self,"$15,001 - $50,000",28
R,Thomas H Tuberville,Senate,DTD,P,2021-07-16,2021-08-13,Self,"$15,001 - $50,000",28
R,Shelley M Capito,Senate,RDSA,S,2021-07-26,2021-08-11,Spouse,"$1,001 - $15,000",16
R,Shelley M Capito,Senate,MSFT,S,2021-07-26,2021-08-11,Spouse,"$1,001 - $15,000",16
R,Shelley M Capito,Senate,IBM,S,2021-07-26,2021-08-11,Spouse,"$1,001 - $15,000",16
R,Shelley M Capito,Senate,INTC,S,2021-07-26,2021-08-11,Spouse,"$1,001 - $15,000",16
R,Shelley M Capito,Senate,C,S,2021-07-26,2021-08-11,Spouse,"$1,001 - $15,000",16
D,John W Hickenlooper,Senate,PINS,P,2021-07-30,2021-08-09,Spouse,"$15,001 - $50,000",10
D,John W Hickenlooper,Senate,SNAP,S,2021-07-27,2021-08-09,Spouse,"$15,001 - $50,000",13
R,Patrick J Toomey,Senate,TSLA,S,2020-12-22,2021-08-05,Child,"$1,001 - $15,000",226
R,Patrick J Toomey,Senate,SHOP,P,2020-12-22,2021-08-05,Child,"$1,001 - $15,000",226
D,Gary C Peters,Senate,O,P,2021-07-21,2021-08-03,Self,"$15,001 - $50,000",13
D,Thomas R Carper,Senate,JCI,P,2021-07-08,2021-08-02,Spouse,"$1,001 - $15,000",25
D,Thomas R Carper,Senate,FAST,P,2021-07-08,2021-08-02,Spouse,"$1,001 - $15,000",25
?,"Angus S King, Jr.",Senate,TMO,P,2021-06-24,2021-07-28,Spouse,"$1,001 - $15,000",34
?,"Angus S King, Jr.",Senate,ADBE,P,2021-06-24,2021-07-28,Spouse,"$1,001 - $15,000",34
R,Thomas H Tuberville,Senate,ALGN,P,2021-03-29,2021-07-23,Joint,"$1,001 - $15,000",116
R,Thomas H Tuberville,Senate,INTC,S,2021-04-05,2021-07-23,Joint,"$1,001 - $15,000",109
R,Thomas H Tuberville,Senate,BABA,S,2021-01-25,2021-07-23,Joint,"$15,001 - $50,000",179
R,Thomas H Tuberville,Senate,CLF,S,2021-01-21,2021-07-23,Joint,"$1,001 - $15,000",183
R,Thomas H Tuberville,Senate,CLF,P,2021-01-21,2021-07-23,Joint,"$15,001 - $50,000",183
R,Thomas H Tuberville,Senate,SDOG,P,2021-01-15,2021-07-23,Joint,"$15,001 - $50,000",189
R,Thomas H Tuberville,Senate,QQQ,S,2021-01-13,2021-07-23,Joint,"$15,001 - $50,000",191
R,Thomas H Tuberville,Senate,TDY,S,2021-01-13,2021-07-23,Joint,"$50,001 - $100,000",191
R,Thomas H Tuberville,Senate,AA,S,2021-01-06,2021-07-23,Joint,"$1,001 - $15,000",198
R,Thomas H Tuberville,Senate,AA,P,2021-01-06,2021-07-23,Joint,"$15,001 - $50,000",198
R,Thomas H Tuberville,Senate,FB,S,2021-01-05,2021-07-23,Joint,"$1,001 - $15,000",199
R,Thomas H Tuberville,Senate,INTC,S,2021-01-04,2021-07-23,Joint,"$1,001 - $15,000",200
R,Thomas H Tuberville,Senate,WY,S,2021-01-04,2021-07-23,Joint,"$50,001 - $100,000",200
R,Thomas H Tuberville,Senate,ONEQ,S,2021-01-04,2021-07-23,Joint,"$100,001 - $250,000",200
R,Thomas H Tuberville,Senate,DG,S,2021-01-04,2021-07-23,Joint,"$50,001 - $100,000",200
R,Thomas H Tuberville,Senate,ADBE,S,2021-02-19,2021-07-23,Joint,"$1,001 - $15,000",154
R,Thomas H Tuberville,Senate,OXY,S,2021-02-16,2021-07-23,Joint,"$1,001 - $15,000",157
R,Thomas H Tuberville,Senate,OXY,P,2021-02-16,2021-07-23,Joint,"$15,001 - $50,000",157
R,Thomas H Tuberville,Senate,ECOM,S,2021-02-11,2021-07-23,Joint,"$1,001 - $15,000",162
R,Thomas H Tuberville,Senate,ECOM,S,2021-02-10,2021-07-23,Joint,"$1,001 - $15,000",163
R,Thomas H Tuberville,Senate,ECOM,P,2021-02-10,2021-07-23,Joint,"$1,001 - $15,000",163
R,Thomas H Tuberville,Senate,VEEV,P,2021-02-09,2021-07-23,Joint,"$1,001 - $15,000",164
R,Thomas H Tuberville,Senate,F,S,2021-02-08,2021-07-23,Joint,"$1,001 - $15,000",165
R,Thomas H Tuberville,Senate,SSYS,S,2021-02-04,2021-07-23,Joint,"$1,001 - $15,000",169
R,Thomas H Tuberville,Senate,MSFT,P,2021-02-03,2021-07-23,Joint,"$1,001 - $15,000",170
R,Thomas H Tuberville,Senate,CSX,S,2021-02-02,2021-07-23,Joint,"$1,001 - $15,000",171
R,Thomas H Tuberville,Senate,WST,P,2021-03-29,2021-07-23,Joint,"$1,001 - $15,000",116
R,Thomas H Tuberville,Senate,WAL,P,2021-03-29,2021-07-23,Joint,"$1,001 - $15,000",116
R,Thomas H Tuberville,Senate,WAT,P,2021-03-29,2021-07-23,Joint,"$1,001 - $15,000",116
R,Thomas H Tuberville,Senate,VMW,P,2021-03-29,2021-07-23,Joint,"$1,001 - $15,000",116
R,Thomas H Tuberville,Senate,MMM,P,2021-03-29,2021-07-23,Joint,"$1,001 - $15,000",116
R,Thomas H Tuberville,Senate,TER,P,2021-03-29,2021-07-23,Joint,"$1,001 - $15,000",116
R,Thomas H Tuberville,Senate,SNA,P,2021-03-29,2021-07-23,Joint,"$1,001 - $15,000",116
R,Thomas H Tuberville,Senate,SIVB,P,2021-03-29,2021-07-23,Joint,"$1,001 - $15,000",116
R,Thomas H Tuberville,Senate,SWKS,P,2021-03-29,2021-07-23,Joint,"$1,001 - $15,000",116
R,Thomas H Tuberville,Senate,SEIC,P,2021-03-29,2021-07-23,Joint,"$1,001 - $15,000",116
R,Thomas H Tuberville,Senate,ROK,P,2021-03-29,2021-07-23,Joint,"$1,001 - $15,000",116
R,Thomas H Tuberville,Senate,REGN,P,2021-03-29,2021-07-23,Joint,"$1,001 - $15,000",116
R,Thomas H Tuberville,Senate,DGX,P,2021-03-29,2021-07-23,Joint,"$1,001 - $15,000",116
R,Thomas H Tuberville,Senate,QCOM,P,2021-03-29,2021-07-23,Joint,"$1,001 - $15,000",116
R,Thomas H Tuberville,Senate,PYPL,P,2021-03-29,2021-07-23,Joint,"$1,001 - $15,000",116
R,Thomas H Tuberville,Senate,ODFL,P,2021-03-29,2021-07-23,Joint,"$1,001 - $15,000",116
R,Thomas H Tuberville,Senate,NDSN,S,2021-03-29,2021-07-23,Joint,"$1,001 - $15,000",116
R,Thomas H Tuberville,Senate,NTES,S,2021-03-29,2021-07-23,Joint,"$1,001 - $15,000",116
R,Thomas H Tuberville,Senate,MRK,S,2021-03-29,2021-07-23,Joint,"$1,001 - $15,000",116
R,Thomas H Tuberville,Senate,JNJ,S,2021-03-29,2021-07-23,Joint,"$1,001 - $15,000",116
R,Thomas H Tuberville,Senate,INTU,S,2021-03-29,2021-07-23,Joint,"$1,001 - $15,000",116
R,Thomas H Tuberville,Senate,IDXX,P,2021-03-29,2021-07-23,Joint,"$1,001 - $15,000",116
R,Thomas H Tuberville,Senate,IEX,P,2021-03-29,2021-07-23,Joint,"$1,001 - $15,000",116
R,Thomas H Tuberville,Senate,HON,S,2021-03-29,2021-07-23,Joint,"$1,001 - $15,000",116
R,Thomas H Tuberville,Senate,HSY,P,2021-03-29,2021-07-23,Joint,"$1,001 - $15,000",116
R,Thomas H Tuberville,Senate,GGG,P,2021-03-29,2021-07-23,Joint,"$1,001 - $15,000",116
R,Thomas H Tuberville,Senate,GNTX,P,2021-03-29,2021-07-23,Joint,"$1,001 - $15,000",116
R,Thomas H Tuberville,Senate,FTNT,S,2021-03-29,2021-07-23,Joint,"$1,001 - $15,000",116
R,Thomas H Tuberville,Senate,EA,S,2021-03-29,2021-07-23,Joint,"$1,001 - $15,000",116
R,Thomas H Tuberville,Senate,EBAY,S,2021-03-29,2021-07-23,Joint,"$1,001 - $15,000",116
R,Thomas H Tuberville,Senate,EW,P,2021-03-29,2021-07-23,Joint,"$1,001 - $15,000",116
R,Thomas H Tuberville,Senate,DECK,P,2021-03-29,2021-07-23,Joint,"$1,001 - $15,000",116
R,Thomas H Tuberville,Senate,CNR,P,2021-03-29,2021-07-23,Joint,"$1,001 - $15,000",116
R,Thomas H Tuberville,Senate,CL,S,2021-03-29,2021-07-23,Joint,"$1,001 - $15,000",116
R,Thomas H Tuberville,Senate,CLX,P,2021-03-29,2021-07-23,Joint,"$1,001 - $15,000",116
R,Thomas H Tuberville,Senate,CHE,P,2021-03-29,2021-07-23,Joint,"$1,001 - $15,000",116
R,Thomas H Tuberville,Senate,CE,P,2021-03-29,2021-07-23,Joint,"$1,001 - $15,000",116
R,Thomas H Tuberville,Senate,BIO,P,2021-03-29,2021-07-23,Joint,"$1,001 - $15,000",116
R,Thomas H Tuberville,Senate,BHP,P,2021-03-29,2021-07-23,Joint,"$1,001 - $15,000",116
R,Thomas H Tuberville,Senate,ATHM,P,2021-03-29,2021-07-23,Joint,"$1,001 - $15,000",116
R,Thomas H Tuberville,Senate,AME,P,2021-03-29,2021-07-23,Joint,"$1,001 - $15,000",116
R,Thomas H Tuberville,Senate,GOOGL,P,2021-03-29,2021-07-23,Joint,"$1,001 - $15,000",116
R,Thomas H Tuberville,Senate,AA,S,2021-03-16,2021-07-23,Joint,"$15,001 - $50,000",129
R,Thomas H Tuberville,Senate,AA,P,2021-03-16,2021-07-23,Joint,"$1,001 - $15,000",129
R,Thomas H Tuberville,Senate,CLF,S,2021-03-12,2021-07-23,Joint,"$1,001 - $15,000",133
R,Thomas H Tuberville,Senate,CLF,P,2021-03-12,2021-07-23,Joint,"$15,001 - $50,000",133
R,Thomas H Tuberville,Senate,ADP,S,2021-03-11,2021-07-23,Joint,"$1,001 - $15,000",134
R,Thomas H Tuberville,Senate,CALX,S,2021-04-27,2021-07-23,Joint,"$1,001 - $15,000",87
R,Thomas H Tuberville,Senate,QQQ,S,2021-04-26,2021-07-23,Joint,"$1,001 - $15,000",88
R,Thomas H Tuberville,Senate,CSX,P,2021-04-21,2021-07-23,Joint,"$1,001 - $15,000",93
R,Thomas H Tuberville,Senate,ECOM,S,2021-04-21,2021-07-23,Joint,"$1,001 - $15,000",93
R,Thomas H Tuberville,Senate,MSFT,P,2021-04-20,2021-07-23,Joint,"$1,001 - $15,000",94
R,Thomas H Tuberville,Senate,FB,P,2021-04-20,2021-07-23,Joint,"$1,001 - $15,000",94
R,Thomas H Tuberville,Senate,ECOM,S,2021-04-19,2021-07-23,Joint,"$1,001 - $15,000",95
R,Thomas H Tuberville,Senate,CLF,S,2021-04-19,2021-07-23,Joint,"$15,001 - $50,000",95
R,Thomas H Tuberville,Senate,CLF,P,2021-04-19,2021-07-23,Joint,"$50,001 - $100,000",95
R,Thomas H Tuberville,Senate,AA,S,2021-04-19,2021-07-23,Joint,"$50,001 - $100,000",95
R,Thomas H Tuberville,Senate,ECOM,S,2021-04-16,2021-07-23,Joint,"$1,001 - $15,000",98
R,Thomas H Tuberville,Senate,ECOM,P,2021-04-16,2021-07-23,Joint,"$15,001 - $50,000",98
R,Thomas H Tuberville,Senate,ADBE,S,2021-04-14,2021-07-23,Joint,"$1,001 - $15,000",100
R,Thomas H Tuberville,Senate,FCX,S,2021-04-14,2021-07-23,Joint,"$15,001 - $50,000",100
R,Thomas H Tuberville,Senate,SSYS,S,2021-04-12,2021-07-23,Joint,"$1,001 - $15,000",102
R,Thomas H Tuberville,Senate,CALX,S,2021-04-08,2021-07-23,Joint,"$1,001 - $15,000",106
R,Thomas H Tuberville,Senate,CALX,S,2021-04-07,2021-07-23,Joint,"$1,001 - $15,000",107
R,Thomas H Tuberville,Senate,OXY,S,2021-04-07,2021-07-23,Joint,"$1,001 - $15,000",107
R,Thomas H Tuberville,Senate,OXY,P,2021-04-07,2021-07-23,Joint,"$50,001 - $100,000",107
R,Thomas H Tuberville,Senate,INTC,P,2021-04-05,2021-07-23,Joint,"$1,001 - $15,000",109
R,Thomas H Tuberville,Senate,EA,P,2021-04-05,2021-07-23,Joint,"$1,001 - $15,000",109
R,Thomas H Tuberville,Senate,PYPL,S,2021-04-01,2021-07-23,Joint,"$1,001 - $15,000",113
R,Thomas H Tuberville,Senate,FCX,S,2021-05-24,2021-07-23,Joint,"$1,001 - $15,000",60
R,Thomas H Tuberville,Senate,FDSWX,S,2021-05-18,2021-07-23,Joint,"$1,001 - $15,000",66
R,Thomas H Tuberville,Senate,FCX,S,2021-05-10,2021-07-23,Joint,"$1,001 - $15,000",74
R,Thomas H Tuberville,Senate,X,S,2021-05-06,2021-07-23,Joint,"$15,001 - $50,000",78
R,Thomas H Tuberville,Senate,X,P,2021-05-06,2021-07-23,Joint,"$100,001 - $250,000",78
R,Thomas H Tuberville,Senate,ADP,P,2021-06-30,2021-07-16,Joint,"$1,001 - $15,000",16
R,Thomas H Tuberville,Senate,OXY,P,2021-06-25,2021-07-16,Joint,"$1,001 - $15,000",21
R,Thomas H Tuberville,Senate,MSFT,S,2021-06-23,2021-07-16,Joint,"$1,001 - $15,000",23
R,Thomas H Tuberville,Senate,AAPL,S,2021-06-23,2021-07-16,Joint,"$1,001 - $15,000",23
R,Thomas H Tuberville,Senate,QCOM,S,2021-06-01,2021-07-16,Joint,"$15,001 - $50,000",45
R,Shelley M Capito,Senate,USB,P,2021-06-24,2021-07-16,Spouse,"$1,001 - $15,000",22
R,Shelley M Capito,Senate,JPM,P,2021-06-23,2021-07-16,Spouse,"$1,001 - $15,000",23
R,Shelley M Capito,Senate,AAPL,P,2021-06-23,2021-07-16,Spouse,"$1,001 - $15,000",23
D,John W Hickenlooper,Senate,OGN,S,2021-06-28,2021-07-09,Self,"$1,001 - $15,000",11
D,John W Hickenlooper,Senate,NOK,P,2021-06-03,2021-07-09,Spouse,"$1,001 - $15,000",36
?,"William F Hagerty, IV",Senate,BA,P,2021-06-08,2021-07-08,Self,"$1,001 - $15,000",30
D,Gary C Peters,Senate,SPG,P,2021-05-25,2021-07-06,Self,"$1,001 - $15,000",42
D,Gary C Peters,Senate,JNPR,P,2021-06-07,2021-07-06,Self,"$1,001 - $15,000",29
D,Thomas R Carper,Senate,RAMP,P,2021-06-29,2021-07-06,Spouse,"$1,001 - $15,000",7
D,Thomas R Carper,Senate,TRIT,S,2021-06-29,2021-07-06,Spouse,"$1,001 - $15,000",7
D,Thomas R Carper,Senate,VSH,P,2021-06-29,2021-07-06,Spouse,"$1,001 - $15,000",7
D,Thomas R Carper,Senate,TTE,P,2021-06-04,2021-07-06,Spouse,"$1,001 - $15,000",32
D,Thomas R Carper,Senate,SBUX,S,2021-06-04,2021-07-06,Spouse,"$1,001 - $15,000",32
D,Thomas R Carper,Senate,NVDA,S,2021-06-04,2021-07-06,Spouse,"$1,001 - $15,000",32
D,Thomas R Carper,Senate,DEO,S,2021-06-04,2021-07-06,Spouse,"$1,001 - $15,000",32
D,Thomas R Carper,Senate,AXS,S,2021-06-04,2021-07-06,Spouse,"$1,001 - $15,000",32
D,Thomas R Carper,Senate,MANT,S,2021-06-04,2021-07-06,Spouse,"$1,001 - $15,000",32
D,Thomas R Carper,Senate,ETN,S,2021-06-04,2021-07-06,Spouse,"$1,001 - $15,000",32
D,Thomas R Carper,Senate,LMRK,P,2021-06-04,2021-07-06,Spouse,"$1,001 - $15,000",32
D,Thomas R Carper,Senate,IRM,S,2021-06-04,2021-07-06,Spouse,"$1,001 - $15,000",32
D,Thomas R Carper,Senate,LHX,S,2021-06-04,2021-07-06,Spouse,"$1,001 - $15,000",32
D,Thomas R Carper,Senate,APO,P,2021-06-04,2021-07-06,Spouse,"$1,001 - $15,000",32
D,Thomas R Carper,Senate,MCD,S,2021-06-04,2021-07-06,Spouse,"$1,001 - $15,000",32
R,Shelley M Capito,Senate,WFC,S,2021-05-10,2021-06-08,Spouse,"$1,001 - $15,000",29
R,Shelley M Capito,Senate,T,S,2021-05-25,2021-06-08,Spouse,"$1,001 - $15,000",14
?,"A. Mitchell McConnell, Jr.",Senate,WFC,P,2021-06-03,2021-06-07,Spouse,"$1,001 - $15,000",4
D,Sheldon Whitehouse,Senate,INTC,S,2021-04-28,2021-06-06,Self,"$15,001 - $50,000",39
D,John W Hickenlooper,Senate,CMG,S,2021-05-19,2021-06-03,Spouse,"$100,001 - $250,000",15
D,John W Hickenlooper,Senate,QRTEA,S,2021-05-10,2021-06-03,Spouse,"$100,001 - $250,000",24
D,John W Hickenlooper,Senate,TTD,P,2021-05-10,2021-06-03,Spouse,"$15,001 - $50,000",24
D,John W Hickenlooper,Senate,PTON,P,2021-05-04,2021-06-03,Spouse,"$1,001 - $15,000",30
R,Shelley M Capito,Senate,WFC,S,2021-04-26,2021-05-19,Spouse,"$1,001 - $15,000",23
D,Thomas R Carper,Senate,V,P,2020-11-20,2021-05-17,Spouse,"$1,001 - $15,000",178
D,Thomas R Carper,Senate,QCOM,P,2020-11-20,2021-05-17,Spouse,"$1,001 - $15,000",178
D,Thomas R Carper,Senate,SNPS,P,2020-11-20,2021-05-17,Spouse,"$1,001 - $15,000",178
D,Thomas R Carper,Senate,GOLD,P,2020-11-20,2021-05-17,Spouse,"$1,001 - $15,000",178
D,Thomas R Carper,Senate,OHI,S,2020-11-20,2021-05-17,Spouse,"$1,001 - $15,000",178
D,Thomas R Carper,Senate,WIW,P,2020-11-20,2021-05-17,Spouse,"$1,001 - $15,000",178
D,Thomas R Carper,Senate,ERIC,P,2020-11-20,2021-05-17,Spouse,"$1,001 - $15,000",178
D,Thomas R Carper,Senate,ARE,P,2020-11-20,2021-05-17,Spouse,"$1,001 - $15,000",178
D,Thomas R Carper,Senate,LGI,P,2020-11-20,2021-05-17,Spouse,"$1,001 - $15,000",178
D,Thomas R Carper,Senate,MRVL,P,2020-11-20,2021-05-17,Spouse,"$1,001 - $15,000",178
D,Thomas R Carper,Senate,BRKR,P,2020-11-20,2021-05-17,Spouse,"$1,001 - $15,000",178
D,Thomas R Carper,Senate,MANT,P,2020-11-20,2021-05-17,Spouse,"$1,001 - $15,000",178
D,Thomas R Carper,Senate,ACIW,P,2020-11-20,2021-05-17,Spouse,"$1,001 - $15,000",178
D,Thomas R Carper,Senate,SWKS,P,2020-11-20,2021-05-17,Spouse,"$1,001 - $15,000",178
D,Thomas R Carper,Senate,NUAN,P,2020-11-20,2021-05-17,Spouse,"$1,001 - $15,000",178
D,Thomas R Carper,Senate,AJRD,P,2020-11-20,2021-05-17,Spouse,"$1,001 - $15,000",178
D,Thomas R Carper,Senate,CONE,P,2020-11-20,2021-05-17,Spouse,"$1,001 - $15,000",178
D,Thomas R Carper,Senate,CEF,P,2020-11-20,2021-05-17,Spouse,"$1,001 - $15,000",178
D,Thomas R Carper,Senate,WW,S,2020-11-20,2021-05-17,Spouse,"$1,001 - $15,000",178
D,Thomas R Carper,Senate,GMAB,P,2020-11-20,2021-05-17,Spouse,"$1,001 - $15,000",178
D,Thomas R Carper,Senate,BAH,P,2020-11-20,2021-05-17,Spouse,"$1,001 - $15,000",178
D,Thomas R Carper,Senate,LDP,P,2020-11-20,2021-05-17,Spouse,"$1,001 - $15,000",178
D,Thomas R Carper,Senate,ABBV,P,2020-11-20,2021-05-17,Spouse,"$1,001 - $15,000",178
D,Thomas R Carper,Senate,HBI,S,2020-11-20,2021-05-17,Spouse,"$1,001 - $15,000",178
D,Thomas R Carper,Senate,ATVI,P,2020-11-20,2021-05-17,Spouse,"$1,001 - $15,000",178
D,Thomas R Carper,Senate,FTNT,P,2020-11-20,2021-05-17,Spouse,"$1,001 - $15,000",178
D,Thomas R Carper,Senate,NTLA,P,2020-11-20,2021-05-17,Spouse,"$1,001 - $15,000",178
D,Thomas R Carper,Senate,MAXR,P,2020-11-20,2021-05-17,Spouse,"$1,001 - $15,000",178
D,Thomas R Carper,Senate,ARNA,P,2020-11-20,2021-05-17,Spouse,"$1,001 - $15,000",178
D,Thomas R Carper,Senate,KEYS,P,2020-11-20,2021-05-17,Spouse,"$1,001 - $15,000",178
D,Thomas R Carper,Senate,PAGS,P,2020-11-20,2021-05-17,Spouse,"$1,001 - $15,000",178
D,Thomas R Carper,Senate,CTVA,S,2020-11-20,2021-05-17,Spouse,"$1,001 - $15,000",178
D,Thomas R Carper,Senate,VIAV,P,2020-11-20,2021-05-17,Spouse,"$1,001 - $15,000",178
D,Thomas R Carper,Senate,SI,P,2020-11-20,2021-05-17,Spouse,"$1,001 - $15,000",178
D,Thomas R Carper,Senate,CRWD,P,2020-11-20,2021-05-17,Spouse,"$1,001 - $15,000",178
D,Thomas R Carper,Senate,DD,S,2020-11-20,2021-05-17,Spouse,"$1,001 - $15,000",178
D,Thomas R Carper,Senate,DOW,S,2020-11-20,2021-05-17,Spouse,"$1,001 - $15,000",178
D,Thomas R Carper,Senate,DDOG,P,2020-11-20,2021-05-17,Spouse,"$1,001 - $15,000",178
D,Thomas R Carper,Senate,EVOP,P,2020-11-20,2021-05-17,Spouse,"$1,001 - $15,000",178
D,Thomas R Carper,Senate,AAPL,S,2020-11-20,2021-05-17,Spouse,"$50,001 - $100,000",178
D,Thomas R Carper,Senate,GLW,P,2020-11-20,2021-05-17,Spouse,"$1,001 - $15,000",178
D,Thomas R Carper,Senate,HAL,S,2020-11-20,2021-05-17,Spouse,"$1,001 - $15,000",178
D,Thomas R Carper,Senate,PAAS,P,2020-11-20,2021-05-17,Spouse,"$1,001 - $15,000",178
D,Thomas R Carper,Senate,TMO,P,2020-11-20,2021-05-17,Spouse,"$1,001 - $15,000",178
D,Thomas R Carper,Senate,RIO,P,2020-11-16,2021-05-17,Spouse,"$1,001 - $15,000",182
D,Thomas R Carper,Senate,LDP,P,2020-08-21,2021-05-17,Spouse,"$1,001 - $15,000",269
D,Thomas R Carper,Senate,TCEHY,S,2020-08-21,2021-05-17,Spouse,"$1,001 - $15,000",269
D,Thomas R Carper,Senate,ARE,S,2020-08-21,2021-05-17,Spouse,"$1,001 - $15,000",269
D,Thomas R Carper,Senate,CONE,S,2020-08-21,2021-05-17,Spouse,"$1,001 - $15,000",269
D,Thomas R Carper,Senate,LDP,P,2020-08-06,2021-05-17,Spouse,"$1,001 - $15,000",284
D,Thomas R Carper,Senate,C,P,2020-07-09,2021-05-17,Spouse,"$1,001 - $15,000",312
D,Thomas R Carper,Senate,QCOM,S,2020-07-09,2021-05-17,Spouse,"$1,001 - $15,000",312
D,Thomas R Carper,Senate,RMD,S,2020-07-09,2021-05-17,Spouse,"$1,001 - $15,000",312
D,Thomas R Carper,Senate,OHI,S,2020-07-09,2021-05-17,Spouse,"$1,001 - $15,000",312
D,Thomas R Carper,Senate,ARCC,S,2020-07-09,2021-05-17,Spouse,"$1,001 - $15,000",312
D,Thomas R Carper,Senate,LMT,P,2020-07-09,2021-05-17,Spouse,"$1,001 - $15,000",312
D,Thomas R Carper,Senate,WIW,P,2020-07-09,2021-05-17,Spouse,"$1,001 - $15,000",312
D,Thomas R Carper,Senate,NVDA,S,2020-07-09,2021-05-17,Spouse,"$1,001 - $15,000",312
D,Thomas R Carper,Senate,AXS,P,2020-07-09,2021-05-17,Spouse,"$1,001 - $15,000",312
D,Thomas R Carper,Senate,MPW,S,2020-07-09,2021-05-17,Spouse,"$1,001 - $15,000",312
D,Thomas R Carper,Senate,GLAD,S,2020-07-09,2021-05-17,Spouse,"$1,001 - $15,000",312
D,Thomas R Carper,Senate,MANT,P,2020-07-09,2021-05-17,Spouse,"$1,001 - $15,000",312
D,Thomas R Carper,Senate,SWKS,S,2020-07-09,2021-05-17,Spouse,"$1,001 - $15,000",312
D,Thomas R Carper,Senate,HASI,S,2020-07-09,2021-05-17,Spouse,"$1,001 - $15,000",312
D,Thomas R Carper,Senate,ABBV,S,2020-07-09,2021-05-17,Spouse,"$1,001 - $15,000",312
D,Thomas R Carper,Senate,LMRK,P,2020-07-09,2021-05-17,Spouse,"$1,001 - $15,000",312
D,Thomas R Carper,Senate,AY,P,2020-07-09,2021-05-17,Spouse,"$1,001 - $15,000",312
D,Thomas R Carper,Senate,IRM,P,2020-07-09,2021-05-17,Spouse,"$1,001 - $15,000",312
D,Thomas R Carper,Senate,LHX,P,2020-07-09,2021-05-17,Spouse,"$1,001 - $15,000",312
D,Thomas R Carper,Senate,APO,S,2020-07-09,2021-05-17,Spouse,"$1,001 - $15,000",312
D,Thomas R Carper,Senate,AAPL,S,2020-07-09,2021-05-17,Spouse,"$1,001 - $15,000",312
D,Thomas R Carper,Senate,PFE,P,2020-07-09,2021-05-17,Spouse,"$1,001 - $15,000",312
D,Thomas R Carper,Senate,TSN,S,2020-07-09,2021-05-17,Spouse,"$1,001 - $15,000",312
D,Thomas R Carper,Senate,TCEHY,S,2020-07-08,2021-05-17,Spouse,"$1,001 - $15,000",313
D,Thomas R Carper,Senate,WIW,P,2020-07-07,2021-05-17,Spouse,"$1,001 - $15,000",314
D,Thomas R Carper,Senate,PYPL,P,2020-04-14,2021-05-17,Spouse,"$1,001 - $15,000",398
D,Thomas R Carper,Senate,CVS,P,2020-04-14,2021-05-17,Spouse,"$1,001 - $15,000",398
D,Thomas R Carper,Senate,SWKS,P,2020-04-14,2021-05-17,Spouse,"$1,001 - $15,000",398
D,Thomas R Carper,Senate,CEF,P,2020-04-14,2021-05-17,Spouse,"$1,001 - $15,000",398
D,Thomas R Carper,Senate,DIS,P,2020-04-14,2021-05-17,Spouse,"$1,001 - $15,000",398
?,"William F Hagerty, IV",Senate,NTRA,S,2021-04-20,2021-05-04,Self,"$1,001 - $15,000",14
D,Thomas R Carper,Senate,NUAN,S,2021-04-13,2021-05-03,Spouse,"$1,001 - $15,000",20
D,Thomas R Carper,Senate,GAN,S,2021-04-13,2021-05-03,Spouse,"$1,001 - $15,000",20
D,Thomas R Carper,Senate,TRIT,P,2021-04-13,2021-05-03,Spouse,"$1,001 - $15,000",20
D,Thomas R Carper,Senate,CWEN,P,2021-04-05,2021-05-03,Spouse,"$1,001 - $15,000",28
?,"David A Perdue , Jr",Senate,DOW,S,2020-04-16,2021-05-02,Joint,"$1,001 - $15,000",381
?,"David A Perdue , Jr",Senate,DD,S,2020-04-14,2021-05-02,Joint,"$50,001 - $100,000",383
?,"David A Perdue , Jr",Senate,BAC,S,2020-04-14,2021-05-02,Joint,"$50,001 - $100,000",383
?,"David A Perdue , Jr",Senate,AAPL,S,2020-04-14,2021-05-02,Joint,"$15,001 - $50,000",383
?,"David A Perdue , Jr",Senate,PFE,S,2020-04-03,2021-05-02,Joint,"$1,001 - $15,000",394
?,"David A Perdue , Jr",Senate,LYV,P,2020-04-06,2021-05-02,Joint,"$1,001 - $15,000",391
?,"David A Perdue , Jr",Senate,LYV,P,2020-04-03,2021-05-02,Joint,"$1,001 - $15,000",394
?,"David A Perdue , Jr",Senate,MU,P,2020-04-01,2021-05-02,Joint,"$1,001 - $15,000",396
?,"David A Perdue , Jr",Senate,DIS,S,2020-04-14,2021-05-02,Joint,"$100,001 - $250,000",383
?,"David A Perdue , Jr",Senate,MU,S,2020-04-14,2021-05-02,Joint,"$50,001 - $100,000",383
?,"David A Perdue , Jr",Senate,MRK,S,2020-04-14,2021-05-02,Joint,"$50,001 - $100,000",383
?,"David A Perdue , Jr",Senate,MRK,S,2020-04-06,2021-05-02,Joint,"$1,001 - $15,000",391
?,"David A Perdue , Jr",Senate,MRK,S,2020-04-03,2021-05-02,Joint,"$15,001 - $50,000",394
?,"David A Perdue , Jr",Senate,GPK,S,2020-04-14,2021-05-02,Joint,"$100,001 - $250,000",383
?,"David A Perdue , Jr",Senate,FDX,S,2020-04-14,2021-05-02,Joint,"$100,001 - $250,000",383
?,"David A Perdue , Jr",Senate,DVN,S,2020-04-14,2021-05-02,Joint,"$15,001 - $50,000",383
?,"David A Perdue , Jr",Senate,DAL,S,2020-04-14,2021-05-02,Joint,"$1,001 - $15,000",383
?,"David A Perdue , Jr",Senate,ALB,S,2020-04-14,2021-05-02,Joint,"$50,001 - $100,000",383
?,"David A Perdue , Jr",Senate,HBI,S,2020-04-14,2021-05-02,Joint,"$100,001 - $250,000",383
?,"David A Perdue , Jr",Senate,URBN,S,2020-04-14,2021-05-02,Joint,"$100,001 - $250,000",383
?,"David A Perdue , Jr",Senate,AXTA,S,2020-04-14,2021-05-02,Joint,"$100,001 - $250,000",383
?,"David A Perdue , Jr",Senate,FEYE,S,2020-04-14,2021-05-02,Joint,"$100,001 - $250,000",383
?,"David A Perdue , Jr",Senate,SBUX,S,2020-04-14,2021-05-02,Joint,"$15,001 - $50,000",383
?,"David A Perdue , Jr",Senate,SBUX,P,2020-04-03,2021-05-02,Joint,"$1,001 - $15,000",394
?,"David A Perdue , Jr",Senate,VIAC,S,2020-04-14,2021-05-02,Joint,"$50,001 - $100,000",383
?,"David A Perdue , Jr",Senate,RF,S,2020-04-14,2021-05-02,Joint,"$50,001 - $100,000",383
?,"David A Perdue , Jr",Senate,WPX,S,2020-04-14,2021-05-02,Joint,"$15,001 - $50,000",383
?,"David A Perdue , Jr",Senate,PFE,S,2020-04-14,2021-05-02,Joint,"$100,001 - $250,000",383
?,"David A Perdue , Jr",Senate,LYV,S,2020-04-14,2021-05-02,Joint,"$15,001 - $50,000",383
?,"David A Perdue , Jr",Senate,GM,S,2020-04-14,2021-05-02,Joint,"$100,001 - $250,000",383
?,"David A Perdue , Jr",Senate,GLW,S,2020-04-14,2021-05-02,Joint,"$100,001 - $250,000",383
?,"David A Perdue , Jr",Senate,CAIFX,S,2020-04-16,2021-05-02,Joint,"$1,001 - $15,000",381
?,"David A Perdue , Jr",Senate,FRIAX,S,2020-04-16,2021-05-02,Joint,"$15,001 - $50,000",381
?,"David A Perdue , Jr",Senate,PBA,P,2020-04-07,2021-05-02,Joint,"$1,001 - $15,000",390
?,"David A Perdue , Jr",Senate,ENB,P,2020-04-06,2021-05-02,Joint,"$1,001 - $15,000",391
?,"David A Perdue , Jr",Senate,TRP,P,2020-04-06,2021-05-02,Joint,"$1,001 - $15,000",391
?,"David A Perdue , Jr",Senate,ORCL,S,2020-04-03,2021-05-02,Joint,"$1,001 - $15,000",394
?,"David A Perdue , Jr",Senate,CEQP,S,2020-04-07,2021-05-02,Joint,"$1,001 - $15,000",390
?,"David A Perdue , Jr",Senate,ORCL,S,2020-04-09,2021-05-02,Joint,"$1,001 - $15,000",388
?,"David A Perdue , Jr",Senate,EQM,S,2020-04-13,2021-05-02,Joint,"$1,001 - $15,000",384
?,"David A Perdue , Jr",Senate,PEP,S,2020-04-14,2021-05-02,Joint,"$50,001 - $100,000",383
?,"David A Perdue , Jr",Senate,NWSA,S,2020-04-14,2021-05-02,Joint,"$15,001 - $50,000",383
?,"David A Perdue , Jr",Senate,ORCL,S,2020-04-14,2021-05-02,Joint,"$15,001 - $50,000",383
?,"David A Perdue , Jr",Senate,CVX,S,2020-04-14,2021-05-02,Joint,"$15,001 - $50,000",383
?,"David A Perdue , Jr",Senate,NKE,S,2020-04-14,2021-05-02,Joint,"$15,001 - $50,000",383
?,"David A Perdue , Jr",Senate,WFC,S,2020-04-14,2021-05-02,Joint,"$15,001 - $50,000",383
?,"David A Perdue , Jr",Senate,JPM,S,2020-04-14,2021-05-02,Joint,"$15,001 - $50,000",383
?,"David A Perdue , Jr",Senate,BMY,S,2020-04-14,2021-05-02,Joint,"$15,001 - $50,000",383
?,"David A Perdue , Jr",Senate,BX,S,2020-04-14,2021-05-02,Joint,"$15,001 - $50,000",383
?,"David A Perdue , Jr",Senate,COST,S,2020-04-14,2021-05-02,Joint,"$50,001 - $100,000",383
?,"David A Perdue , Jr",Senate,AMT,S,2020-04-14,2021-05-02,Joint,"$50,001 - $100,000",383
?,"David A Perdue , Jr",Senate,MA,S,2020-04-14,2021-05-02,Joint,"$50,001 - $100,000",383
?,"David A Perdue , Jr",Senate,ANTM,S,2020-04-14,2021-05-02,Joint,"$15,001 - $50,000",383
?,"David A Perdue , Jr",Senate,BK,S,2020-04-14,2021-05-02,Joint,"$1,001 - $15,000",383
?,"David A Perdue , Jr",Senate,PYPL,S,2020-04-14,2021-05-02,Joint,"$15,001 - $50,000",383
?,"David A Perdue , Jr",Senate,ABBV,S,2020-04-14,2021-05-02,Joint,"$15,001 - $50,000",383
?,"David A Perdue , Jr",Senate,AMZN,S,2020-04-14,2021-05-02,Joint,"$50,001 - $100,000",383
?,"David A Perdue , Jr",Senate,CSCO,S,2020-04-14,2021-05-02,Joint,"$15,001 - $50,000",383
?,"David A Perdue , Jr",Senate,EXR,S,2020-04-14,2021-05-02,Joint,"$15,001 - $50,000",383
?,"David A Perdue , Jr",Senate,BAX,S,2020-04-14,2021-05-02,Joint,"$15,001 - $50,000",383
?,"David A Perdue , Jr",Senate,XOM,S,2020-04-14,2021-05-02,Joint,"$1,001 - $15,000",383
?,"David A Perdue , Jr",Senate,SYK,S,2020-04-14,2021-05-02,Joint,"$1,001 - $15,000",383
?,"David A Perdue , Jr",Senate,COP,S,2020-04-14,2021-05-02,Joint,"$1,001 - $15,000",383
?,"David A Perdue , Jr",Senate,FOX,S,2020-04-14,2021-05-02,Joint,"$15,001 - $50,000",383
?,"David A Perdue , Jr",Senate,CTSH,S,2020-04-14,2021-05-02,Joint,"$15,001 - $50,000",383
?,"David A Perdue , Jr",Senate,ACA,S,2020-04-14,2021-05-02,Joint,"$1,001 - $15,000",383
?,"David A Perdue , Jr",Senate,JNJ,S,2020-04-14,2021-05-02,Joint,"$50,001 - $100,000",383
?,"David A Perdue , Jr",Senate,MDLZ,S,2020-04-14,2021-05-02,Joint,"$15,001 - $50,000",383
?,"David A Perdue , Jr",Senate,BOIVF,S,2020-04-14,2021-05-02,Joint,"$50,001 - $100,000",383
?,"David A Perdue , Jr",Senate,VZ,S,2020-04-14,2021-05-02,Joint,"$15,001 - $50,000",383
?,"David A Perdue , Jr",Senate,USB,S,2020-04-14,2021-05-02,Joint,"$15,001 - $50,000",383
?,"David A Perdue , Jr",Senate,RL,S,2020-04-14,2021-05-02,Joint,"$1,001 - $15,000",383
?,"David A Perdue , Jr",Senate,MSFT,S,2020-04-14,2021-05-02,Joint,"$15,001 - $50,000",383
?,"David A Perdue , Jr",Senate,STT,S,2020-04-14,2021-05-02,Joint,"$15,001 - $50,000",383
?,"David A Perdue , Jr",Senate,UHAL,S,2020-04-14,2021-05-02,Joint,"$15,001 - $50,000",383
?,"David A Perdue , Jr",Senate,KO,S,2020-04-14,2021-05-02,Joint,"$50,001 - $100,000",383
?,"David A Perdue , Jr",Senate,EQM,S,2020-04-14,2021-05-02,Joint,"$1,001 - $15,000",383
?,"David A Perdue , Jr",Senate,GOOGL,S,2020-04-14,2021-05-02,Joint,"$15,001 - $50,000",383
?,"David A Perdue , Jr",Senate,MO,S,2020-04-14,2021-05-02,Joint,"$1,001 - $15,000",383
?,"David A Perdue , Jr",Senate,KMI,S,2020-04-14,2021-05-02,Joint,"$15,001 - $50,000",383
?,"David A Perdue , Jr",Senate,NFLX,S,2020-04-14,2021-05-02,Joint,"$15,001 - $50,000",383
?,"David A Perdue , Jr",Senate,HCA,S,2020-04-14,2021-05-02,Joint,"$15,001 - $50,000",383
?,"David A Perdue , Jr",Senate,V,S,2020-04-14,2021-05-02,Joint,"$15,001 - $50,000",383
?,"David A Perdue , Jr",Senate,PRU,S,2020-04-14,2021-05-02,Joint,"$1,001 - $15,000",383
?,"David A Perdue , Jr",Senate,EMR,S,2020-04-14,2021-05-02,Joint,"$1,001 - $15,000",383
?,"David A Perdue , Jr",Senate,HON,S,2020-04-14,2021-05-02,Joint,"$15,001 - $50,000",383
?,"David A Perdue , Jr",Senate,DOW,S,2020-04-14,2021-05-02,Joint,"$15,001 - $50,000",383
?,"David A Perdue , Jr",Senate,BAH,S,2020-04-14,2021-05-02,Joint,"$15,001 - $50,000",383
?,"David A Perdue , Jr",Senate,M,S,2020-04-14,2021-05-02,Joint,"$15,001 - $50,000",383
?,"David A Perdue , Jr",Senate,SU,S,2020-04-14,2021-05-02,Joint,"$1,001 - $15,000",383
?,"David A Perdue , Jr",Senate,GOOG,S,2020-04-14,2021-05-02,Joint,"$15,001 - $50,000",383
?,"David A Perdue , Jr",Senate,FHB,S,2020-04-14,2021-05-02,Joint,"$1,001 - $15,000",383
?,"David A Perdue , Jr",Senate,BKNG,S,2020-04-14,2021-05-02,Joint,"$15,001 - $50,000",383
?,"David A Perdue , Jr",Senate,FOXA,S,2020-04-14,2021-05-02,Joint,"$15,001 - $50,000",383
?,"David A Perdue , Jr",Senate,HUN,S,2020-04-14,2021-05-02,Joint,"$15,001 - $50,000",383
?,"David A Perdue , Jr",Senate,NWS,S,2020-04-14,2021-05-02,Joint,"$1,001 - $15,000",383
?,"David A Perdue , Jr",Senate,UN,S,2020-04-14,2021-05-02,Joint,"$1,001 - $15,000",383
?,"David A Perdue , Jr",Senate,MSM,S,2020-04-14,2021-05-02,Joint,"$15,001 - $50,000",383
?,"David A Perdue , Jr",Senate,SYY,S,2020-04-14,2021-05-02,Joint,"$15,001 - $50,000",383
?,"David A Perdue , Jr",Senate,PG,S,2020-04-14,2021-05-02,Joint,"$50,001 - $100,000",383
?,"David A Perdue , Jr",Senate,EAF,S,2020-04-14,2021-05-02,Joint,"$1,001 - $15,000",383
?,"David A Perdue , Jr",Senate,PAGP,S,2020-04-15,2021-05-02,Joint,"$1,001 - $15,000",382
?,"David A Perdue , Jr",Senate,PSXP,S,2020-04-15,2021-05-02,Joint,"$1,001 - $15,000",382
?,"David A Perdue , Jr",Senate,SUN,S,2020-04-15,2021-05-02,Joint,"$1,001 - $15,000",382
?,"David A Perdue , Jr",Senate,TCP,S,2020-04-15,2021-05-02,Joint,"$1,001 - $15,000",382
?,"David A Perdue , Jr",Senate,KMI,S,2020-04-15,2021-05-02,Joint,"$1,001 - $15,000",382
?,"David A Perdue , Jr",Senate,EPD,S,2020-04-15,2021-05-02,Joint,"$50,001 - $100,000",382
?,"David A Perdue , Jr",Senate,LNG,S,2020-04-15,2021-05-02,Joint,"$15,001 - $50,000",382
?,"David A Perdue , Jr",Senate,TRP,S,2020-04-15,2021-05-02,Joint,"$1,001 - $15,000",382
?,"David A Perdue , Jr",Senate,MMP,S,2020-04-15,2021-05-02,Joint,"$15,001 - $50,000",382
?,"David A Perdue , Jr",Senate,OKE,S,2020-04-15,2021-05-02,Joint,"$1,001 - $15,000",382
?,"David A Perdue , Jr",Senate,PAA,S,2020-04-15,2021-05-02,Joint,"$15,001 - $50,000",382
?,"David A Perdue , Jr",Senate,ENB,S,2020-04-15,2021-05-02,Joint,"$1,001 - $15,000",382
?,"David A Perdue , Jr",Senate,PBA,S,2020-04-15,2021-05-02,Joint,"$1,001 - $15,000",382
?,"David A Perdue , Jr",Senate,SHLX,S,2020-04-15,2021-05-02,Joint,"$1,001 - $15,000",382
?,"David A Perdue , Jr",Senate,WMB,S,2020-04-15,2021-05-02,Joint,"$15,001 - $50,000",382
?,"David A Perdue , Jr",Senate,TRGP,S,2020-04-15,2021-05-02,Joint,"$1,001 - $15,000",382
?,"David A Perdue , Jr",Senate,MPLX,S,2020-04-15,2021-05-02,Joint,"$15,001 - $50,000",382
?,"David A Perdue , Jr",Senate,ET,S,2020-04-15,2021-05-02,Joint,"$15,001 - $50,000",382
?,"David A Perdue , Jr",Senate,DIS,S,2020-04-16,2021-05-02,Joint,"$1,001 - $15,000",381
?,"David A Perdue , Jr",Senate,COP,S,2020-04-16,2021-05-02,Joint,"$1,001 - $15,000",381
?,"David A Perdue , Jr",Senate,KO,S,2020-04-16,2021-05-02,Joint,"$1,001 - $15,000",381
?,"David A Perdue , Jr",Senate,DD,S,2020-04-16,2021-05-02,Joint,"$1,001 - $15,000",381
?,"David A Perdue , Jr",Senate,C,S,2020-04-16,2021-05-02,Joint,"$1,001 - $15,000",381
?,"David A Perdue , Jr",Senate,HD,S,2020-04-16,2021-05-02,Joint,"$15,001 - $50,000",381
?,"David A Perdue , Jr",Senate,GIS,S,2020-04-16,2021-05-02,Joint,"$1,001 - $15,000",381
?,"David A Perdue , Jr",Senate,BMY,S,2020-04-16,2021-05-02,Joint,"$1,001 - $15,000",381
?,"David A Perdue , Jr",Senate,CAT,S,2020-04-16,2021-05-02,Joint,"$1,001 - $15,000",381
?,"David A Perdue , Jr",Senate,BP,S,2020-04-16,2021-05-02,Joint,"$1,001 - $15,000",381
?,"David A Perdue , Jr",Senate,AAPL,S,2020-04-16,2021-05-02,Joint,"$15,001 - $50,000",381
?,"David A Perdue , Jr",Senate,T,S,2020-04-16,2021-05-02,Joint,"$1,001 - $15,000",381
?,"David A Perdue , Jr",Senate,AFL,S,2020-04-16,2021-05-02,Joint,"$1,001 - $15,000",381
?,"David A Perdue , Jr",Senate,BX,S,2020-04-16,2021-05-02,Joint,"$1,001 - $15,000",381
?,"David A Perdue , Jr",Senate,BA,S,2020-04-16,2021-05-02,Joint,"$1,001 - $15,000",381
?,"David A Perdue , Jr",Senate,JNJ,S,2020-04-16,2021-05-02,Joint,"$1,001 - $15,000",381
?,"David A Perdue , Jr",Senate,SYY,S,2020-04-16,2021-05-02,Joint,"$1,001 - $15,000",381
?,"David A Perdue , Jr",Senate,URI,S,2020-04-16,2021-05-02,Joint,"$1,001 - $15,000",381
?,"David A Perdue , Jr",Senate,WFC,S,2020-04-16,2021-05-02,Joint,"$1,001 - $15,000",381
?,"David A Perdue , Jr",Senate,VZ,S,2020-04-16,2021-05-02,Joint,"$1,001 - $15,000",381
?,"David A Perdue , Jr",Senate,SO,S,2020-04-16,2021-05-02,Joint,"$1,001 - $15,000",381
?,"David A Perdue , Jr",Senate,MRK,S,2020-04-16,2021-05-02,Joint,"$1,001 - $15,000",381
?,"David A Perdue , Jr",Senate,PG,S,2020-04-16,2021-05-02,Joint,"$1,001 - $15,000",381
?,"David A Perdue , Jr",Senate,JPM,S,2020-04-16,2021-05-02,Joint,"$1,001 - $15,000",381
?,"David A Perdue , Jr",Senate,INTC,S,2020-04-16,2021-05-02,Joint,"$1,001 - $15,000",381
?,"David A Perdue , Jr",Senate,LLY,S,2020-04-16,2021-05-02,Joint,"$1,001 - $15,000",381
?,"David A Perdue , Jr",Senate,MSFT,S,2020-04-16,2021-05-02,Joint,"$50,001 - $100,000",381
?,"David A Perdue , Jr",Senate,PYPL,S,2020-04-16,2021-05-02,Joint,"$1,001 - $15,000",381
?,"David A Perdue , Jr",Senate,PM,S,2020-04-16,2021-05-02,Joint,"$1,001 - $15,000",381
?,"David A Perdue , Jr",Senate,NKE,S,2020-04-16,2021-05-02,Joint,"$1,001 - $15,000",381
?,"David A Perdue , Jr",Senate,NSC,S,2020-04-16,2021-05-02,Joint,"$1,001 - $15,000",381
D,Ron L Wyden,Senate,AMAT,S,2021-04-16,2021-04-30,Spouse,"$50,001 - $100,000",14
D,Ron L Wyden,Senate,KLAC,S,2021-04-16,2021-04-30,Spouse,"$50,001 - $100,000",14
D,Ron L Wyden,Senate,MTCH,P,2021-04-01,2021-04-30,Spouse,"$15,001 - $50,000",29
D,Gary C Peters,Senate,VPU,P,2021-04-15,2021-04-22,Self,"$1,001 - $15,000",7
D,Ladda Tammy Duckworth,Senate,VZ,S,2021-04-05,2021-04-16,Joint,"$15,001 - $50,000",11
D,Ladda Tammy Duckworth,Senate,ITW,S,2021-04-05,2021-04-16,Joint,"$1,001 - $15,000",11
D,Ladda Tammy Duckworth,Senate,DIS,S,2021-04-05,2021-04-16,Joint,"$1,001 - $15,000",11
R,Daniel S Sullivan,Senate,RPM,S,2021-03-05,2021-04-13,Joint,"$15,001 - $50,000",39
R,Shelley M Capito,Senate,UBSI,P,2021-03-03,2021-04-12,Spouse,"$100,001 - $250,000",40
R,Shelley M Capito,Senate,USB,P,2021-03-09,2021-04-12,Spouse,"$1,001 - $15,000",34
R,Shelley M Capito,Senate,JPM,P,2021-03-09,2021-04-12,Spouse,"$1,001 - $15,000",34
R,Shelley M Capito,Senate,BLK,P,2021-03-09,2021-04-12,Spouse,"$1,001 - $15,000",34
R,Shelley M Capito,Senate,WFC,P,2021-03-24,2021-04-12,Spouse,"$15,001 - $50,000",19
R,Shelley M Capito,Senate,C,S,2021-03-25,2021-04-12,Spouse,"$1,001 - $15,000",18
D,Ron L Wyden,Senate,AMAT,S,2021-04-06,2021-04-09,Spouse,"$100,001 - $250,000",3
D,Ron L Wyden,Senate,KLAC,S,2021-04-06,2021-04-09,Spouse,"$100,001 - $250,000",3
D,Ron L Wyden,Senate,STZ,S,2021-04-06,2021-04-09,Spouse,"$100,001 - $250,000",3
D,Ron L Wyden,Senate,AVGO,S,2021-04-06,2021-04-09,Spouse,"$100,001 - $250,000",3
D,Ron L Wyden,Senate,INTC,S,2021-04-06,2021-04-09,Spouse,"$15,001 - $50,000",3
?,"William F Hagerty, IV",Senate,QRTEP,P,2021-03-26,2021-04-08,Self,"$15,001 - $50,000",13
D,Ron L Wyden,Senate,AVGO,S,2021-03-30,2021-04-02,Spouse,"$1,001 - $15,000",3
D,Ron L Wyden,Senate,STX,P,2021-03-05,2021-04-02,Spouse,"$1,001 - $15,000",28
D,Ron L Wyden,Senate,AVGO,P,2021-03-04,2021-04-02,Spouse,"$1,001 - $15,000",29
D,Ron L Wyden,Senate,STX,P,2021-03-04,2021-04-02,Spouse,"$1,001 - $15,000",29
D,John W Hickenlooper,Senate,CARG,P,2021-02-12,2021-04-01,Spouse,"$1,001 - $15,000",48
D,John W Hickenlooper,Senate,DGNR,P,2021-02-18,2021-04-01,Spouse,"$1,001 - $15,000",42
D,Ron L Wyden,Senate,STX,P,2021-02-26,2021-03-23,Spouse,"$1,001 - $15,000",25
D,Ron L Wyden,Senate,AMAT,P,2021-02-26,2021-03-23,Spouse,"$1,001 - $15,000",25
D,Ron L Wyden,Senate,KLAC,P,2021-02-26,2021-03-23,Spouse,"$1,001 - $15,000",25
?,"A. Mitchell McConnell, Jr.",Senate,WFC,P,2021-03-03,2021-03-16,Spouse,"$1,001 - $15,000",13
R,Shelley M Capito,Senate,UBSI,P,2021-02-23,2021-03-14,Spouse,"$50,001 - $100,000",19
R,Shelley M Capito,Senate,CSCO,S,2021-02-08,2021-03-14,Spouse,"$1,001 - $15,000",34
R,Patrick J Toomey,Senate,PENN,P,2021-02-09,2021-03-09,Child,"$1,001 - $15,000",28
D,Thomas R Carper,Senate,INTC,P,2021-02-16,2021-03-03,Spouse,"$1,001 - $15,000",15
?,"William F Hagerty, IV",Senate,CTAA,S,2021-02-16,2021-02-19,Self,"$15,001 - $50,000",3
?,"William F Hagerty, IV",Senate,LMND,S,2021-01-08,2021-02-19,Self,"$1,001 - $15,000",42
?,"William F Hagerty, IV",Senate,VRM,P,2021-01-08,2021-02-19,Self,"$1,001 - $15,000",42
D,John W Hickenlooper,Senate,LMACU,P,2021-01-22,2021-02-19,Spouse,"$50,001 - $100,000",28
D,Ron L Wyden,Senate,AAPL,P,2021-01-20,2021-02-18,Child,"$1,001 - $15,000",29
D,Ron L Wyden,Senate,AAPL,P,2021-01-27,2021-02-18,Child,"$1,001 - $15,000",22
D,Ron L Wyden,Senate,DIS,P,2021-01-27,2021-02-18,Child,"$1,001 - $15,000",22
D,Ron L Wyden,Senate,KLAC,P,2021-01-27,2021-02-18,Child,"$1,001 - $15,000",22
?,"Jerry Moran,",Senate,COST,S,2021-01-27,2021-02-08,Spouse,"$1,001 - $15,000",12
R,Patrick J Toomey,Senate,GME,S,2021-01-28,2021-02-08,Child,"$1,001 - $15,000",11
R,Patrick J Toomey,Senate,SHOP,S,2021-01-27,2021-02-08,Child,"$1,001 - $15,000",12
R,Patrick J Toomey,Senate,GME,P,2021-01-27,2021-02-08,Child,"$1,001 - $15,000",12
R,Patrick J Toomey,Senate,TSLA,S,2021-01-27,2021-02-08,Child,"$1,001 - $15,000",12
D,Gary C Peters,Senate,STAG,P,2021-01-15,2021-02-02,Self,"$1,001 - $15,000",18
D,Gary C Peters,Senate,AEP,P,2021-01-15,2021-02-02,Self,"$1,001 - $15,000",18
D,Thomas R Carper,Senate,DD,S,2021-01-27,2021-02-01,Spouse,"$15,001 - $50,000",5
D,Thomas R Carper,Senate,PBA,S,2021-01-26,2021-02-01,Spouse,"$1,001 - $15,000",6
D,Thomas R Carper,Senate,AQN,P,2021-01-26,2021-02-01,Spouse,"$1,001 - $15,000",6
D,Thomas R Carper,Senate,VIAV,S,2021-01-25,2021-02-01,Spouse,"$1,001 - $15,000",7
D,Thomas R Carper,Senate,EVOP,S,2021-01-25,2021-02-01,Spouse,"$1,001 - $15,000",7
D,Thomas R Carper,Senate,FEYE,S,2021-01-11,2021-02-01,Spouse,"$1,001 - $15,000",21
D,Thomas R Carper,Senate,DDOG,S,2021-01-11,2021-02-01,Spouse,"$1,001 - $15,000",21
D,Thomas R Carper,Senate,CAG,S,2021-01-11,2021-02-01,Spouse,"$1,001 - $15,000",21
D,Thomas R Carper,Senate,AJRD,S,2021-01-08,2021-02-01,Spouse,"$1,001 - $15,000",24
R,James M Inhofe,Senate,CRSP,S,2021-01-05,2021-01-15,Self,"$1,001 - $15,000",10
R,Pat Roberts,Senate,FB,P,2020-08-31,2021-01-14,Spouse,"$15,001 - $50,000",136
R,Pat Roberts,Senate,V,P,2020-11-16,2021-01-14,Spouse,"$15,001 - $50,000",59
R,Pat Roberts,Senate,COST,P,2020-11-24,2021-01-14,Spouse,"$15,001 - $50,000",51
R,Pat Roberts,Senate,COST,S,2020-11-04,2021-01-14,Spouse,"$15,001 - $50,000",71
R,Pat Roberts,Senate,BA,S,2020-11-09,2021-01-14,Spouse,"$15,001 - $50,000",66
R,Pat Roberts,Senate,NVDA,S,2020-11-04,2021-01-14,Spouse,"$15,001 - $50,000",71
R,Pat Roberts,Senate,W,P,2020-11-17,2021-01-14,Joint,"$15,001 - $50,000",58
R,Pat Roberts,Senate,DAL,P,2020-11-16,2021-01-14,Spouse,"$1,001 - $15,000",59
R,Pat Roberts,Senate,BA,P,2020-11-16,2021-01-14,Spouse,"$15,001 - $50,000",59
R,Pat Roberts,Senate,DIS,P,2020-11-10,2021-01-14,Spouse,"$1,001 - $15,000",65
R,Susan M Collins,Senate,DNKN,S,2020-12-16,2021-01-12,Spouse,"$50,001 - $100,000",27
R,Shelley M Capito,Senate,UNH,P,2020-12-31,2021-01-12,Spouse,"$1,001 - $15,000",12
R,Shelley M Capito,Senate,PSX,P,2020-12-31,2021-01-12,Spouse,"$1,001 - $15,000",12
R,Shelley M Capito,Senate,AMT,P,2020-12-31,2021-01-12,Spouse,"$1,001 - $15,000",12
R,Shelley M Capito,Senate,SYY,S,2020-12-31,2021-01-12,Spouse,"$1,001 - $15,000",12
R,Shelley M Capito,Senate,PII,S,2020-12-31,2021-01-12,Spouse,"$1,001 - $15,000",12
R,Shelley M Capito,Senate,OTIS,S,2020-12-31,2021-01-12,Spouse,"$1,001 - $15,000",12
R,Shelley M Capito,Senate,XOM,S,2020-12-31,2021-01-12,Spouse,"$1,001 - $15,000",12
R,Shelley M Capito,Senate,CLX,S,2020-12-31,2021-01-12,Spouse,"$1,001 - $15,000",12
R,Shelley M Capito,Senate,CARR,S,2020-12-31,2021-01-12,Self,"$1,001 - $15,000",12
R,Shelley M Capito,Senate,WFC,S,2020-12-15,2021-01-12,Spouse,"$15,001 - $50,000",28
R,Patrick J Toomey,Senate,TSLA,S,2020-12-22,2021-01-08,Child,"$1,001 - $15,000",17
R,Patrick J Toomey,Senate,SHOP,P,2020-12-22,2021-01-08,Child,"$1,001 - $15,000",17
D,Thomas R Carper,Senate,TSLA,P,2020-12-30,2021-01-07,Spouse,"$1,001 - $15,000",8
D,Thomas R Carper,Senate,PBA,S,2020-12-30,2021-01-07,Spouse,"$1,001 - $15,000",8
D,Thomas R Carper,Senate,DD,S,2020-12-30,2021-01-07,Spouse,"$1,001 - $15,000",8
D,Thomas R Carper,Senate,DOW,S,2020-12-30,2021-01-07,Spouse,"$1,001 - $15,000",8
D,Thomas R Carper,Senate,VTRS,S,2020-12-30,2021-01-07,Spouse,"$1,001 - $15,000",8
D,Thomas R Carper,Senate,NTAP,P,2020-12-30,2021-01-07,Spouse,"$1,001 - $15,000",8
D,Thomas R Carper,Senate,BMY,P,2020-12-30,2021-01-07,Spouse,"$1,001 - $15,000",8
D,Gary C Peters,Senate,AEP,P,2020-12-14,2021-01-05,Self,"$1,001 - $15,000",22
R,Pat Roberts,Senate,BA,P,2020-12-22,2020-12-31,Spouse,"$15,001 - $50,000",9
R,Pat Roberts,Senate,PLUG,P,2020-12-22,2020-12-31,Spouse,"$1,001 - $15,000",9
R,Pat Roberts,Senate,SQ,P,2020-12-22,2020-12-31,Spouse,"$15,001 - $50,000",9
R,Pat Roberts,Senate,BA,P,2020-12-21,2020-12-31,Spouse,"$15,001 - $50,000",10
R,Pat Roberts,Senate,NVDA,P,2020-12-21,2020-12-31,Spouse,"$50,001 - $100,000",10
R,Pat Roberts,Senate,EXPI,P,2020-12-21,2020-12-31,Spouse,"$1,001 - $15,000",10
R,Pat Roberts,Senate,ETY,S,2020-12-21,2020-12-31,Spouse,"$100,001 - $250,000",10
R,Pat Roberts,Senate,W,S,2020-12-21,2020-12-31,Spouse,"$50,001 - $100,000",10
R,Pat Roberts,Senate,TSLA,S,2020-12-21,2020-12-31,Spouse,"$1,001 - $15,000",10
R,Pat Roberts,Senate,TSLA,P,2020-12-11,2020-12-31,Spouse,"$1,001 - $15,000",20
R,Pat Roberts,Senate,BA,P,2020-12-07,2020-12-31,Spouse,"$15,001 - $50,000",24
R,Pat Roberts,Senate,TSLA,P,2020-12-07,2020-12-31,Spouse,"$1,001 - $15,000",24
R,Pat Roberts,Senate,BA,S,2020-12-04,2020-12-31,Spouse,"$15,001 - $50,000",27
R,Pat Roberts,Senate,COST,P,2020-12-22,2020-12-31,Spouse,"$15,001 - $50,000",9
R,Pat Roberts,Senate,AAPL,P,2020-12-22,2020-12-31,Spouse,"$15,001 - $50,000",9
R,Pat Roberts,Senate,AAPL,S,2020-12-16,2020-12-31,Spouse,"$100,001 - $250,000",15
R,Pat Roberts,Senate,ZM,P,2020-12-02,2020-12-31,Spouse,"$15,001 - $50,000",29
R,Patrick J Toomey,Senate,AIV,P,2020-11-30,2020-12-29,Self,"$1,001 - $15,000",29
R,James M Inhofe,Senate,CRSP,S,2020-12-22,2020-12-23,Self,"$50,001 - $100,000",1
R,James M Inhofe,Senate,BLK,S,2020-12-15,2020-12-23,Self,"$50,001 - $100,000",8
R,William Cassidy,Senate,WMT,S,2020-11-05,2020-12-08,Spouse,"$1,001 - $15,000",33
R,William Cassidy,Senate,UPS,S,2020-11-05,2020-12-08,Spouse,"$1,001 - $15,000",33
R,William Cassidy,Senate,SBUX,S,2020-11-05,2020-12-08,Spouse,"$1,001 - $15,000",33
R,William Cassidy,Senate,PLD,S,2020-11-05,2020-12-08,Spouse,"$1,001 - $15,000",33
R,William Cassidy,Senate,PG,S,2020-11-05,2020-12-08,Spouse,"$1,001 - $15,000",33
R,William Cassidy,Senate,JPM,S,2020-11-05,2020-12-08,Spouse,"$1,001 - $15,000",33
R,William Cassidy,Senate,MSFT,S,2020-11-05,2020-12-08,Spouse,"$1,001 - $15,000",33
R,William Cassidy,Senate,MDT,S,2020-11-05,2020-12-08,Spouse,"$1,001 - $15,000",33
R,William Cassidy,Senate,LOW,S,2020-11-05,2020-12-08,Spouse,"$1,001 - $15,000",33
R,William Cassidy,Senate,IBM,S,2020-11-05,2020-12-08,Spouse,"$1,001 - $15,000",33
R,William Cassidy,Senate,DOW,S,2020-11-05,2020-12-08,Spouse,"$1,001 - $15,000",33
R,William Cassidy,Senate,DIS,S,2020-11-05,2020-12-08,Spouse,"$1,001 - $15,000",33
R,William Cassidy,Senate,CMCSA,S,2020-11-05,2020-12-08,Spouse,"$1,001 - $15,000",33
R,William Cassidy,Senate,CSCO,S,2020-11-05,2020-12-08,Spouse,"$1,001 - $15,000",33
R,William Cassidy,Senate,CVS,S,2020-11-05,2020-12-08,Spouse,"$1,001 - $15,000",33
R,William Cassidy,Senate,BLK,S,2020-11-05,2020-12-08,Spouse,"$1,001 - $15,000",33
R,William Cassidy,Senate,AAPL,S,2020-11-05,2020-12-08,Spouse,"$1,001 - $15,000",33
R,William Cassidy,Senate,AMGN,S,2020-11-05,2020-12-08,Spouse,"$1,001 - $15,000",33
?,"A. Mitchell McConnell, Jr.",Senate,WFC,P,2020-12-03,2020-12-07,Spouse,"$1,001 - $15,000",4
D,Ron L Wyden,Senate,BYND,S,2020-11-10,2020-12-04,Spouse,"$50,001 - $100,000",24
R,Pat Roberts,Senate,BA,P,2020-11-16,2020-12-03,Spouse,"$15,001 - $50,000",17
R,Pat Roberts,Senate,V,P,2020-11-16,2020-12-03,Spouse,"$15,001 - $50,000",17
R,Pat Roberts,Senate,COST,P,2020-11-24,2020-12-03,Spouse,"$15,001 - $50,000",9
R,Pat Roberts,Senate,COST,S,2020-11-04,2020-12-03,Spouse,"$15,001 - $50,000",29
R,Pat Roberts,Senate,BA,S,2020-11-09,2020-12-03,Spouse,"$15,001 - $50,000",24
R,Pat Roberts,Senate,NVDA,S,2020-11-04,2020-12-03,Spouse,"$15,001 - $50,000",29
R,Pat Roberts,Senate,W,P,2020-11-17,2020-12-03,Joint,"$15,001 - $50,000",16
R,Pat Roberts,Senate,DAL,P,2020-11-16,2020-12-03,Spouse,"$1,001 - $15,000",17
R,Pat Roberts,Senate,DIS,P,2020-11-10,2020-12-03,Spouse,"$1,001 - $15,000",23
D,Thomas R Carper,Senate,V,P,2020-11-20,2020-12-02,Spouse,"$1,001 - $15,000",12
D,Thomas R Carper,Senate,QCOM,P,2020-11-20,2020-12-02,Spouse,"$1,001 - $15,000",12
D,Thomas R Carper,Senate,SNPS,P,2020-11-20,2020-12-02,Spouse,"$1,001 - $15,000",12
D,Thomas R Carper,Senate,GOLD,P,2020-11-20,2020-12-02,Spouse,"$1,001 - $15,000",12
D,Thomas R Carper,Senate,OHI,S,2020-11-20,2020-12-02,Spouse,"$1,001 - $15,000",12
D,Thomas R Carper,Senate,WIW,P,2020-11-20,2020-12-02,Spouse,"$1,001 - $15,000",12
D,Thomas R Carper,Senate,ERIC,P,2020-11-20,2020-12-02,Spouse,"$1,001 - $15,000",12
D,Thomas R Carper,Senate,ARE,P,2020-11-20,2020-12-02,Spouse,"$1,001 - $15,000",12
D,Thomas R Carper,Senate,LGI,P,2020-11-20,2020-12-02,Spouse,"$1,001 - $15,000",12
D,Thomas R Carper,Senate,MRVL,P,2020-11-20,2020-12-02,Spouse,"$1,001 - $15,000",12
D,Thomas R Carper,Senate,BRKR,P,2020-11-20,2020-12-02,Spouse,"$1,001 - $15,000",12
D,Thomas R Carper,Senate,MANT,P,2020-11-20,2020-12-02,Spouse,"$1,001 - $15,000",12
D,Thomas R Carper,Senate,ACIW,P,2020-11-20,2020-12-02,Spouse,"$1,001 - $15,000",12
D,Thomas R Carper,Senate,SWKS,P,2020-11-20,2020-12-02,Spouse,"$1,001 - $15,000",12
D,Thomas R Carper,Senate,NUAN,P,2020-11-20,2020-12-02,Spouse,"$1,001 - $15,000",12
D,Thomas R Carper,Senate,AJRD,P,2020-11-20,2020-12-02,Spouse,"$1,001 - $15,000",12
D,Thomas R Carper,Senate,CONE,P,2020-11-20,2020-12-02,Spouse,"$1,001 - $15,000",12
D,Thomas R Carper,Senate,CEF,P,2020-11-20,2020-12-02,Spouse,"$1,001 - $15,000",12
D,Thomas R Carper,Senate,WW,S,2020-11-20,2020-12-02,Spouse,"$1,001 - $15,000",12
D,Thomas R Carper,Senate,GMAB,P,2020-11-20,2020-12-02,Spouse,"$1,001 - $15,000",12
D,Thomas R Carper,Senate,BAH,P,2020-11-20,2020-12-02,Spouse,"$1,001 - $15,000",12
D,Thomas R Carper,Senate,LDP,P,2020-11-20,2020-12-02,Spouse,"$1,001 - $15,000",12
D,Thomas R Carper,Senate,ABBV,P,2020-11-20,2020-12-02,Spouse,"$1,001 - $15,000",12
D,Thomas R Carper,Senate,HBI,S,2020-11-20,2020-12-02,Spouse,"$1,001 - $15,000",12
D,Thomas R Carper,Senate,ATVI,P,2020-11-20,2020-12-02,Spouse,"$1,001 - $15,000",12
D,Thomas R Carper,Senate,FTNT,P,2020-11-20,2020-12-02,Spouse,"$1,001 - $15,000",12
D,Thomas R Carper,Senate,NTLA,P,2020-11-20,2020-12-02,Spouse,"$1,001 - $15,000",12
D,Thomas R Carper,Senate,MAXR,P,2020-11-20,2020-12-02,Spouse,"$1,001 - $15,000",12
D,Thomas R Carper,Senate,ARNA,P,2020-11-20,2020-12-02,Spouse,"$1,001 - $15,000",12
D,Thomas R Carper,Senate,KEYS,P,2020-11-20,2020-12-02,Spouse,"$1,001 - $15,000",12
D,Thomas R Carper,Senate,PAGS,P,2020-11-20,2020-12-02,Spouse,"$1,001 - $15,000",12
D,Thomas R Carper,Senate,CTVA,S,2020-11-20,2020-12-02,Spouse,"$1,001 - $15,000",12
D,Thomas R Carper,Senate,VIAV,P,2020-11-20,2020-12-02,Spouse,"$1,001 - $15,000",12
D,Thomas R Carper,Senate,SI,P,2020-11-20,2020-12-02,Spouse,"$1,001 - $15,000",12
D,Thomas R Carper,Senate,CRWD,P,2020-11-20,2020-12-02,Spouse,"$1,001 - $15,000",12
D,Thomas R Carper,Senate,DD,S,2020-11-20,2020-12-02,Spouse,"$1,001 - $15,000",12
D,Thomas R Carper,Senate,DOW,S,2020-11-20,2020-12-02,Spouse,"$1,001 - $15,000",12
D,Thomas R Carper,Senate,DDOG,P,2020-11-20,2020-12-02,Spouse,"$1,001 - $15,000",12
D,Thomas R Carper,Senate,EVOP,P,2020-11-20,2020-12-02,Spouse,"$1,001 - $15,000",12
D,Thomas R Carper,Senate,AAPL,S,2020-11-20,2020-12-02,Spouse,"$50,001 - $100,000",12
D,Thomas R Carper,Senate,GLW,P,2020-11-20,2020-12-02,Spouse,"$1,001 - $15,000",12
D,Thomas R Carper,Senate,HAL,S,2020-11-20,2020-12-02,Spouse,"$1,001 - $15,000",12
D,Thomas R Carper,Senate,PAAS,P,2020-11-20,2020-12-02,Spouse,"$1,001 - $15,000",12
D,Thomas R Carper,Senate,TMO,P,2020-11-20,2020-12-02,Spouse,"$1,001 - $15,000",12
D,Thomas R Carper,Senate,RIO,P,2020-11-16,2020-12-02,Spouse,"$1,001 - $15,000",16
D,Ron L Wyden,Senate,NVDA,P,2020-10-16,2020-11-16,Child,"$1,001 - $15,000",31
D,Ron L Wyden,Senate,WDAY,P,2020-10-16,2020-11-16,Child,"$1,001 - $15,000",31
R,Pat Roberts,Senate,BBY,S,2020-10-13,2020-11-05,Spouse,"$1,001 - $15,000",23
R,Pat Roberts,Senate,NVAX,S,2020-10-13,2020-11-05,Spouse,"$1,001 - $15,000",23
D,Sheldon Whitehouse,Senate,CB,S,2020-09-09,2020-10-27,Joint,"$15,001 - $50,000",48
D,Sheldon Whitehouse,Senate,TT,S,2020-09-30,2020-10-27,Joint,"$15,001 - $50,000",27
R,Kelly Loeffler,Senate,ICE,S,2020-09-23,2020-10-16,Spouse,"$1,000,001 - $5,000,000",23
R,Kelly Loeffler,Senate,ICE,P,2020-09-23,2020-10-16,Spouse,"$250,001 - $500,000",23
R,William Cassidy,Senate,AAPL,S,2020-09-11,2020-10-13,Spouse,"$1,001 - $15,000",32
D,Ron L Wyden,Senate,NFLX,S,2020-09-14,2020-10-09,Child,"$1,001 - $15,000",25
D,Ron L Wyden,Senate,NFLX,S,2020-09-23,2020-10-09,Child,"$1,001 - $15,000",16
D,Thomas R Carper,Senate,LDP,P,2020-09-24,2020-10-01,Spouse,"$1,001 - $15,000",7
D,Thomas R Carper,Senate,LDP,P,2020-09-22,2020-10-01,Spouse,"$1,001 - $15,000",9
D,Thomas R Carper,Senate,WIW,P,2020-09-22,2020-10-01,Spouse,"$1,001 - $15,000",9
R,Pat Roberts,Senate,BA,S,2020-09-04,2020-09-30,Spouse,"$15,001 - $50,000",26
R,Pat Roberts,Senate,WMT,S,2020-09-04,2020-09-30,Spouse,"$1,001 - $15,000",26
R,Pat Roberts,Senate,AAPL,P,2020-09-17,2020-09-30,Spouse,"$1,001 - $15,000",13
R,Pat Roberts,Senate,NVDA,P,2020-09-14,2020-09-30,Spouse,"$15,001 - $50,000",16
R,Pat Roberts,Senate,AAPL,P,2020-09-11,2020-09-30,Spouse,"$1,001 - $15,000",19
R,Pat Roberts,Senate,AAPL,P,2020-09-09,2020-09-30,Spouse,"$15,001 - $50,000",21
R,Pat Roberts,Senate,NVDA,S,2020-09-04,2020-09-30,Spouse,"$15,001 - $50,000",26
R,Pat Roberts,Senate,NFLX,P,2020-09-04,2020-09-30,Spouse,"$50,001 - $100,000",26
R,Pat Roberts,Senate,NVDA,P,2020-09-04,2020-09-30,Spouse,"$50,001 - $100,000",26
R,Pat Roberts,Senate,NFLX,S,2020-09-04,2020-09-30,Spouse,"$50,001 - $100,000",26
R,Pat Roberts,Senate,BYND,S,2020-09-04,2020-09-30,Spouse,"$1,001 - $15,000",26
R,Pat Roberts,Senate,AAPL,P,2020-09-03,2020-09-30,Spouse,"$15,001 - $50,000",27
R,Pat Roberts,Senate,AAPL,P,2020-09-02,2020-09-30,Spouse,"$50,001 - $100,000",28
R,Pat Roberts,Senate,TSLA,S,2020-09-01,2020-09-30,Spouse,"$50,001 - $100,000",29
R,Pat Roberts,Senate,W,P,2020-09-16,2020-09-30,Spouse,"$15,001 - $50,000",14
R,Pat Roberts,Senate,ZM,P,2020-09-09,2020-09-30,Spouse,"$15,001 - $50,000",21
R,Pat Roberts,Senate,MSFT,S,2020-09-04,2020-09-30,Spouse,"$50,001 - $100,000",26
R,Pat Roberts,Senate,MSFT,P,2020-09-03,2020-09-30,Spouse,"$15,001 - $50,000",27
D,Ron L Wyden,Senate,W,S,2020-09-02,2020-09-24,Spouse,"$50,001 - $100,000",22
D,Ron L Wyden,Senate,AAPL,P,2020-09-02,2020-09-24,Spouse,"$50,001 - $100,000",22
D,Ron L Wyden,Senate,AMZN,P,2020-09-01,2020-09-24,Spouse,"$15,001 - $50,000",23
D,Ron L Wyden,Senate,AAPL,P,2020-08-27,2020-09-24,Spouse,"$50,001 - $100,000",28
D,Ron L Wyden,Senate,AMWD,S,2020-08-27,2020-09-24,Spouse,"$1,001 - $15,000",28
D,Ron L Wyden,Senate,IRBT,P,2020-08-26,2020-09-24,Spouse,"$1,001 - $15,000",29
D,Ron L Wyden,Senate,UPS,P,2020-08-25,2020-09-24,Spouse,"$50,001 - $100,000",30
D,Ron L Wyden,Senate,FDX,P,2020-08-25,2020-09-24,Spouse,"$15,001 - $50,000",30
D,Ron L Wyden,Senate,W,P,2020-08-24,2020-09-24,Spouse,"$50,001 - $100,000",31
D,Ron L Wyden,Senate,SQ,P,2020-08-24,2020-09-24,Spouse,"$15,001 - $50,000",31
D,Ron L Wyden,Senate,KR,S,2020-08-24,2020-09-24,Spouse,"$50,001 - $100,000",31
D,Ron L Wyden,Senate,CLX,S,2020-08-24,2020-09-24,Spouse,"$1,001 - $15,000",31
D,Ron L Wyden,Senate,AMWD,P,2020-08-24,2020-09-24,Spouse,"$1,001 - $15,000",31
R,William Cassidy,Senate,SBUX,S,2020-08-19,2020-09-18,Spouse,"$1,001 - $15,000",30
R,William Cassidy,Senate,MSFT,S,2020-08-19,2020-09-18,Spouse,"$1,001 - $15,000",30
R,William Cassidy,Senate,LOW,S,2020-08-19,2020-09-18,Spouse,"$1,001 - $15,000",30
R,William Cassidy,Senate,IBM,S,2020-08-19,2020-09-18,Spouse,"$1,001 - $15,000",30
R,William Cassidy,Senate,DIS,S,2020-08-19,2020-09-18,Spouse,"$1,001 - $15,000",30
R,William Cassidy,Senate,CMCSA,S,2020-08-19,2020-09-18,Spouse,"$1,001 - $15,000",30
R,William Cassidy,Senate,CSCO,S,2020-08-19,2020-09-18,Spouse,"$1,001 - $15,000",30
R,William Cassidy,Senate,AAPL,S,2020-08-19,2020-09-18,Spouse,"$1,001 - $15,000",30
?,"Angus S King, Jr.",Senate,VZ,P,2020-08-18,2020-09-16,Spouse,"$1,001 - $15,000",29
?,"Angus S King, Jr.",Senate,SLB,S,2020-08-18,2020-09-16,Spouse,"$1,001 - $15,000",29
?,"Angus S King, Jr.",Senate,XOM,S,2020-08-18,2020-09-16,Spouse,"$1,001 - $15,000",29
?,"Angus S King, Jr.",Senate,COP,S,2020-08-18,2020-09-16,Spouse,"$1,001 - $15,000",29
?,"A. Mitchell McConnell, Jr.",Senate,WFC,P,2020-09-02,2020-09-11,Spouse,"$1,001 - $15,000",9
R,Patrick J Toomey,Senate,TSLA,P,2020-08-28,2020-09-11,Child,"$1,001 - $15,000",14
R,Patrick J Toomey,Senate,AAPL,P,2020-08-27,2020-09-11,Child,"$1,001 - $15,000",15
?,"Jerry Moran,",Senate,WFC,S,2020-08-21,2020-09-08,Spouse,"$1,001 - $15,000",18
?,"Jerry Moran,",Senate,DIS,S,2020-08-21,2020-09-08,Spouse,"$1,001 - $15,000",18
?,"Jerry Moran,",Senate,V,S,2020-08-21,2020-09-08,Spouse,"$1,001 - $15,000",18
?,"Jerry Moran,",Senate,TXN,S,2020-08-21,2020-09-08,Spouse,"$1,001 - $15,000",18
?,"Jerry Moran,",Senate,JPM,S,2020-08-21,2020-09-08,Spouse,"$1,001 - $15,000",18
?,"Jerry Moran,",Senate,KO,S,2020-08-21,2020-09-08,Spouse,"$1,001 - $15,000",18
?,"Jerry Moran,",Senate,AAPL,S,2020-08-21,2020-09-08,Spouse,"$1,001 - $15,000",18
?,"Jerry Moran,",Senate,ALL,S,2020-08-21,2020-09-08,Spouse,"$1,001 - $15,000",18
?,"Jerry Moran,",Senate,ABBV,S,2020-08-21,2020-09-08,Spouse,"$1,001 - $15,000",18
?,"Jerry Moran,",Senate,KR,P,2020-08-21,2020-09-08,Spouse,"$1,001 - $15,000",18
?,"Jerry Moran,",Senate,CVX,P,2020-08-21,2020-09-08,Spouse,"$1,001 - $15,000",18
?,"Jerry Moran,",Senate,OXY,S,2020-08-21,2020-09-08,Self,"$1,001 - $15,000",18
?,"Jerry Moran,",Senate,MPC,S,2020-08-21,2020-09-08,Self,"$1,001 - $15,000",18
?,"Jerry Moran,",Senate,COST,S,2020-08-21,2020-09-08,Self,"$1,001 - $15,000",18
?,"Jerry Moran,",Senate,USB,P,2020-08-21,2020-09-08,Self,"$1,001 - $15,000",18
?,"Jerry Moran,",Senate,JNJ,P,2020-08-21,2020-09-08,Self,"$1,001 - $15,000",18
?,"Jerry Moran,",Senate,INTC,P,2020-08-21,2020-09-08,Self,"$1,001 - $15,000",18
?,"Jerry Moran,",Senate,GILD,P,2020-08-21,2020-09-08,Self,"$1,001 - $15,000",18
?,"Jerry Moran,",Senate,CVS,P,2020-08-21,2020-09-08,Self,"$1,001 - $15,000",18
?,"Jerry Moran,",Senate,BAC,P,2020-08-21,2020-09-08,Self,"$1,001 - $15,000",18
D,Thomas R Carper,Senate,LDP,P,2020-08-21,2020-09-01,Spouse,"$1,001 - $15,000",11
D,Thomas R Carper,Senate,TCEHY,S,2020-08-21,2020-09-01,Spouse,"$1,001 - $15,000",11
D,Thomas R Carper,Senate,ARE,S,2020-08-21,2020-09-01,Spouse,"$1,001 - $15,000",11
D,Thomas R Carper,Senate,CONE,S,2020-08-21,2020-09-01,Spouse,"$1,001 - $15,000",11
D,Thomas R Carper,Senate,LDP,P,2020-08-06,2020-09-01,Spouse,"$1,001 - $15,000",26
R,Pat Roberts,Senate,AAPL,S,2020-08-27,2020-08-30,Spouse,"$50,001 - $100,000",3
R,Pat Roberts,Senate,BA,P,2020-08-05,2020-08-30,Spouse,"$15,001 - $50,000",25
R,Pat Roberts,Senate,WMT,P,2020-08-19,2020-08-30,Spouse,"$1,001 - $15,000",11
R,Pat Roberts,Senate,GOLD,P,2020-08-18,2020-08-30,Spouse,"$1,001 - $15,000",12
R,Pat Roberts,Senate,BBY,P,2020-08-18,2020-08-30,Spouse,"$1,001 - $15,000",12
R,Pat Roberts,Senate,GLD,P,2020-08-18,2020-08-30,Spouse,"$15,001 - $50,000",12
R,Pat Roberts,Senate,NVAX,P,2020-08-17,2020-08-30,Spouse,"$1,001 - $15,000",13
R,Pat Roberts,Senate,TSLA,P,2020-08-03,2020-08-30,Spouse,"$50,001 - $100,000",27
R,Pat Roberts,Senate,AAPL,P,2020-08-03,2020-08-30,Spouse,"$50,001 - $100,000",27
R,Pat Roberts,Senate,AAPL,S,2020-07-31,2020-08-30,Spouse,"$50,001 - $100,000",30
D,Ron L Wyden,Senate,NFLX,P,2020-08-20,2020-08-29,Child,"$1,001 - $15,000",9
D,Ron L Wyden,Senate,NVDA,P,2020-08-21,2020-08-29,Spouse,"$50,001 - $100,000",8
D,Ron L Wyden,Senate,UPS,P,2020-08-21,2020-08-29,Spouse,"$50,001 - $100,000",8
D,Ron L Wyden,Senate,FDX,P,2020-08-21,2020-08-29,Spouse,"$15,001 - $50,000",8
D,Ron L Wyden,Senate,SQ,P,2020-08-21,2020-08-29,Spouse,"$15,001 - $50,000",8
D,Ron L Wyden,Senate,T,S,2020-08-21,2020-08-29,Spouse,"$50,001 - $100,000",8
D,Ron L Wyden,Senate,XOM,S,2020-08-21,2020-08-29,Spouse,"$15,001 - $50,000",8
D,Ron L Wyden,Senate,UPS,P,2020-08-19,2020-08-29,Spouse,"$50,001 - $100,000",10
D,Ron L Wyden,Senate,NVDA,P,2020-08-19,2020-08-29,Spouse,"$15,001 - $50,000",10
D,Ron L Wyden,Senate,KR,P,2020-08-19,2020-08-29,Spouse,"$15,001 - $50,000",10
D,Ron L Wyden,Senate,FDX,P,2020-08-19,2020-08-29,Spouse,"$15,001 - $50,000",10
D,Ron L Wyden,Senate,LOW,P,2020-08-18,2020-08-29,Spouse,"$15,001 - $50,000",11
D,Ron L Wyden,Senate,DHI,P,2020-08-18,2020-08-29,Spouse,"$15,001 - $50,000",11
D,Ron L Wyden,Senate,UPS,P,2020-08-17,2020-08-29,Spouse,"$50,001 - $100,000",12
D,Ron L Wyden,Senate,UPS,P,2020-08-14,2020-08-29,Spouse,"$15,001 - $50,000",15
D,Ron L Wyden,Senate,PSA,P,2020-08-14,2020-08-29,Spouse,"$15,001 - $50,000",15
D,Ron L Wyden,Senate,FDX,P,2020-08-14,2020-08-29,Spouse,"$15,001 - $50,000",15
D,Ron L Wyden,Senate,F,P,2020-08-11,2020-08-29,Spouse,"$15,001 - $50,000",18
D,Ron L Wyden,Senate,DHI,P,2020-08-11,2020-08-29,Spouse,"$50,001 - $100,000",18
D,Ron L Wyden,Senate,AAPL,P,2020-08-07,2020-08-29,Spouse,"$50,001 - $100,000",22
D,Ron L Wyden,Senate,WDAY,P,2020-08-05,2020-08-29,Spouse,"$1,001 - $15,000",24
D,Ron L Wyden,Senate,PSA,P,2020-08-05,2020-08-29,Spouse,"$15,001 - $50,000",24
D,Ron L Wyden,Senate,KR,P,2020-08-05,2020-08-29,Spouse,"$1,001 - $15,000",24
D,Ron L Wyden,Senate,DHI,P,2020-08-05,2020-08-29,Spouse,"$1,001 - $15,000",24
D,Ron L Wyden,Senate,COUP,P,2020-08-05,2020-08-29,Spouse,"$15,001 - $50,000",24
D,Ron L Wyden,Senate,CLX,P,2020-08-05,2020-08-29,Spouse,"$1,001 - $15,000",24
D,Ron L Wyden,Senate,BYND,P,2020-08-05,2020-08-29,Spouse,"$15,001 - $50,000",24
D,Ron L Wyden,Senate,PSA,P,2020-08-04,2020-08-29,Spouse,"$50,001 - $100,000",25
D,Ron L Wyden,Senate,MTCH,P,2020-08-04,2020-08-29,Spouse,"$1,001 - $15,000",25
D,Ron L Wyden,Senate,KR,P,2020-08-04,2020-08-29,Spouse,"$1,001 - $15,000",25
D,Ron L Wyden,Senate,KLAC,P,2020-08-04,2020-08-29,Spouse,"$15,001 - $50,000",25
D,Ron L Wyden,Senate,DIS,P,2020-08-04,2020-08-29,Spouse,"$15,001 - $50,000",25
D,Ron L Wyden,Senate,MAR,S,2020-08-03,2020-08-29,Spouse,"$100,001 - $250,000",26
D,Ron L Wyden,Senate,VAC,S,2020-08-03,2020-08-29,Spouse,"$15,001 - $50,000",26
D,Ron L Wyden,Senate,INTC,S,2020-08-03,2020-08-29,Spouse,"$15,001 - $50,000",26
D,Ron L Wyden,Senate,MSFT,P,2020-07-31,2020-08-29,Spouse,"$50,001 - $100,000",29
D,Ron L Wyden,Senate,OSK,P,2020-07-30,2020-08-29,Spouse,"$15,001 - $50,000",30
D,Ron L Wyden,Senate,NVDA,P,2020-07-30,2020-08-29,Spouse,"$50,001 - $100,000",30
D,Ron L Wyden,Senate,BYND,P,2020-07-30,2020-08-29,Spouse,"$15,001 - $50,000",30
R,Kelly Loeffler,Senate,ICE,S,2020-07-22,2020-08-21,Spouse,"$5,000,001 - $25,000,000",30
R,William Cassidy,Senate,TROW,S,2020-07-15,2020-08-12,Spouse,"$1,001 - $15,000",28
R,William Cassidy,Senate,PLD,P,2020-07-15,2020-08-12,Spouse,"$1,001 - $15,000",28
R,Roy Blunt,Senate,KHC,S,2019-11-26,2020-08-11,Spouse,"$1,001 - $15,000",259
R,Roy Blunt,Senate,MDLZ,S,2019-12-02,2020-08-11,Spouse,"$50,001 - $100,000",253
D,Sheldon Whitehouse,Senate,IBM,S,2019-07-05,2020-08-07,Self,"$1,001 - $15,000",399
R,Patrick J Toomey,Senate,NKLA,S,2020-07-20,2020-08-06,Child,"$1,001 - $15,000",17
R,Patrick J Toomey,Senate,NKLA,P,2020-07-09,2020-08-06,Child,"$1,001 - $15,000",28
R,Patrick J Toomey,Senate,TSLA,S,2020-07-07,2020-08-06,Child,"$1,001 - $15,000",30
R,Patrick J Toomey,Senate,TSLA,P,2020-07-07,2020-08-06,Child,"$1,001 - $15,000",30
?,"Jerry Moran,",Senate,WFC,S,2019-09-25,2020-08-05,Spouse,"$1,001 - $15,000",315
?,"Jerry Moran,",Senate,DIS,S,2019-09-25,2020-08-05,Spouse,"$1,001 - $15,000",315
?,"Jerry Moran,",Senate,V,P,2019-09-25,2020-08-05,Spouse,"$1,001 - $15,000",315
?,"Jerry Moran,",Senate,VZ,S,2019-09-25,2020-08-05,Spouse,"$1,001 - $15,000",315
?,"Jerry Moran,",Senate,TXN,P,2019-09-25,2020-08-05,Spouse,"$1,001 - $15,000",315
?,"Jerry Moran,",Senate,JNK,S,2019-09-25,2020-08-05,Spouse,"$15,001 - $50,000",315
?,"Jerry Moran,",Senate,OXY,P,2019-09-25,2020-08-05,Spouse,"$1,001 - $15,000",315
?,"Jerry Moran,",Senate,MPC,P,2019-09-25,2020-08-05,Spouse,"$1,001 - $15,000",315
?,"Jerry Moran,",Senate,JNJ,P,2019-09-25,2020-08-05,Spouse,"$1,001 - $15,000",315
?,"Jerry Moran,",Senate,INTC,P,2019-09-25,2020-08-05,Spouse,"$1,001 - $15,000",315
?,"Jerry Moran,",Senate,GILD,P,2019-09-25,2020-08-05,Spouse,"$1,001 - $15,000",315
?,"Jerry Moran,",Senate,GIS,S,2019-09-25,2020-08-05,Spouse,"$1,001 - $15,000",315
?,"Jerry Moran,",Senate,FB,P,2019-09-25,2020-08-05,Spouse,"$1,001 - $15,000",315
?,"Jerry Moran,",Senate,XOM,S,2019-09-25,2020-08-05,Spouse,"$1,001 - $15,000",315
?,"Jerry Moran,",Senate,COST,S,2019-09-25,2020-08-05,Spouse,"$1,001 - $15,000",315
?,"Jerry Moran,",Senate,KO,P,2019-09-25,2020-08-05,Spouse,"$1,001 - $15,000",315
?,"Jerry Moran,",Senate,AAPL,S,2019-09-25,2020-08-05,Spouse,"$1,001 - $15,000",315
?,"Jerry Moran,",Senate,USB,S,2019-09-25,2020-08-05,Self,"$1,001 - $15,000",315
?,"Jerry Moran,",Senate,MSFT,S,2019-09-25,2020-08-05,Self,"$1,001 - $15,000",315
?,"Jerry Moran,",Senate,CVS,S,2019-09-25,2020-08-05,Self,"$1,001 - $15,000",315
?,"Jerry Moran,",Senate,BAC,S,2019-09-25,2020-08-05,Self,"$1,001 - $15,000",315
?,"Jerry Moran,",Senate,AMZN,P,2019-09-25,2020-08-05,Self,"$1,001 - $15,000",315
R,Pat Roberts,Senate,TGT,S,2020-07-06,2020-08-05,Spouse,"$1,001 - $15,000",30
R,Pat Roberts,Senate,AAL,S,2020-07-31,2020-08-05,Spouse,"$15,001 - $50,000",5
R,Pat Roberts,Senate,NOC,P,2020-07-02,2020-08-05,Spouse,"$15,001 - $50,000",34
R,Pat Roberts,Senate,AAL,S,2020-07-02,2020-08-05,Spouse,"$1,001 - $15,000",34
R,Pat Roberts,Senate,BA,P,2020-07-02,2020-08-05,Spouse,"$1,001 - $15,000",34
R,Pat Roberts,Senate,MA,S,2020-07-02,2020-08-05,Spouse,"$50,001 - $100,000",34
R,Pat Roberts,Senate,BA,P,2020-07-27,2020-08-05,Spouse,"$1,001 - $15,000",9
R,Pat Roberts,Senate,NFLX,P,2020-07-15,2020-08-05,Spouse,"$1,001 - $15,000",21
R,Pat Roberts,Senate,NFLX,P,2020-07-13,2020-08-05,Spouse,"$1,001 - $15,000",23
R,Pat Roberts,Senate,AAL,S,2020-07-07,2020-08-05,Spouse,"$1,001 - $15,000",29
R,Pat Roberts,Senate,BABA,S,2020-07-02,2020-08-05,Spouse,"$15,001 - $50,000",34
R,Pat Roberts,Senate,WMT,S,2020-07-02,2020-08-05,Spouse,"$1,001 - $15,000",34
R,Pat Roberts,Senate,SPOT,P,2020-07-02,2020-08-05,Spouse,"$1,001 - $15,000",34
R,Pat Roberts,Senate,BYND,P,2020-07-01,2020-08-05,Spouse,"$1,001 - $15,000",35
D,Thomas R Carper,Senate,C,P,2020-07-09,2020-08-04,Spouse,"$1,001 - $15,000",26
D,Thomas R Carper,Senate,QCOM,S,2020-07-09,2020-08-04,Spouse,"$1,001 - $15,000",26
D,Thomas R Carper,Senate,RMD,S,2020-07-09,2020-08-04,Spouse,"$1,001 - $15,000",26
D,Thomas R Carper,Senate,OHI,S,2020-07-09,2020-08-04,Spouse,"$1,001 - $15,000",26
D,Thomas R Carper,Senate,ARCC,S,2020-07-09,2020-08-04,Spouse,"$1,001 - $15,000",26
D,Thomas R Carper,Senate,LMT,P,2020-07-09,2020-08-04,Spouse,"$1,001 - $15,000",26
D,Thomas R Carper,Senate,WIW,P,2020-07-09,2020-08-04,Spouse,"$1,001 - $15,000",26
D,Thomas R Carper,Senate,NVDA,S,2020-07-09,2020-08-04,Spouse,"$1,001 - $15,000",26
D,Thomas R Carper,Senate,AXS,P,2020-07-09,2020-08-04,Spouse,"$1,001 - $15,000",26
D,Thomas R Carper,Senate,MPW,S,2020-07-09,2020-08-04,Spouse,"$1,001 - $15,000",26
D,Thomas R Carper,Senate,GLAD,S,2020-07-09,2020-08-04,Spouse,"$1,001 - $15,000",26
D,Thomas R Carper,Senate,MANT,P,2020-07-09,2020-08-04,Spouse,"$1,001 - $15,000",26
D,Thomas R Carper,Senate,SWKS,S,2020-07-09,2020-08-04,Spouse,"$1,001 - $15,000",26
D,Thomas R Carper,Senate,HASI,S,2020-07-09,2020-08-04,Spouse,"$1,001 - $15,000",26
D,Thomas R Carper,Senate,ABBV,S,2020-07-09,2020-08-04,Spouse,"$1,001 - $15,000",26
D,Thomas R Carper,Senate,LMRK,P,2020-07-09,2020-08-04,Spouse,"$1,001 - $15,000",26
D,Thomas R Carper,Senate,AY,P,2020-07-09,2020-08-04,Spouse,"$1,001 - $15,000",26
D,Thomas R Carper,Senate,IRM,P,2020-07-09,2020-08-04,Spouse,"$1,001 - $15,000",26
D,Thomas R Carper,Senate,LHX,P,2020-07-09,2020-08-04,Spouse,"$1,001 - $15,000",26
D,Thomas R Carper,Senate,APO,S,2020-07-09,2020-08-04,Spouse,"$1,001 - $15,000",26
D,Thomas R Carper,Senate,AAPL,S,2020-07-09,2020-08-04,Spouse,"$1,001 - $15,000",26
D,Thomas R Carper,Senate,PFE,P,2020-07-09,2020-08-04,Spouse,"$1,001 - $15,000",26
D,Thomas R Carper,Senate,TSN,S,2020-07-09,2020-08-04,Spouse,"$1,001 - $15,000",26
D,Thomas R Carper,Senate,TCEHY,S,2020-07-08,2020-08-04,Spouse,"$1,001 - $15,000",27
D,Thomas R Carper,Senate,WIW,P,2020-07-07,2020-08-04,Spouse,"$1,001 - $15,000",28
D,Ron L Wyden,Senate,STX,P,2020-07-02,2020-07-31,Spouse,"$15,001 - $50,000",29
D,Ron L Wyden,Senate,AMZN,P,2020-07-02,2020-07-31,Spouse,"$15,001 - $50,000",29
D,Ron L Wyden,Senate,STX,P,2020-07-06,2020-07-31,Spouse,"$50,001 - $100,000",25
D,Ron L Wyden,Senate,AMZN,P,2020-07-06,2020-07-31,Spouse,"$15,001 - $50,000",25
D,Ron L Wyden,Senate,AAPL,P,2020-07-06,2020-07-31,Spouse,"$50,001 - $100,000",25
D,Ron L Wyden,Senate,KLAC,P,2020-07-06,2020-07-31,Spouse,"$15,001 - $50,000",25
D,Ron L Wyden,Senate,MSFT,P,2020-07-06,2020-07-31,Spouse,"$15,001 - $50,000",25
D,Ron L Wyden,Senate,NVDA,P,2020-07-06,2020-07-31,Spouse,"$15,001 - $50,000",25
D,Ron L Wyden,Senate,TRIP,S,2020-07-07,2020-07-31,Spouse,"$50,001 - $100,000",24
D,Ron L Wyden,Senate,AAPL,P,2020-07-13,2020-07-31,Spouse,"$15,001 - $50,000",18
D,Ron L Wyden,Senate,CAT,S,2020-07-13,2020-07-31,Spouse,"$50,001 - $100,000",18
D,Ron L Wyden,Senate,COST,P,2020-07-13,2020-07-31,Spouse,"$15,001 - $50,000",18
D,Ron L Wyden,Senate,F,P,2020-07-13,2020-07-31,Spouse,"$1,001 - $15,000",18
D,Ron L Wyden,Senate,OSK,P,2020-07-13,2020-07-31,Spouse,"$50,001 - $100,000",18
D,Ron L Wyden,Senate,AAPL,P,2020-07-15,2020-07-31,Spouse,"$15,001 - $50,000",16
D,Ron L Wyden,Senate,AAPL,P,2020-07-20,2020-07-31,Spouse,"$15,001 - $50,000",11
D,Ron L Wyden,Senate,OSK,P,2020-07-20,2020-07-31,Spouse,"$15,001 - $50,000",11
D,Ron L Wyden,Senate,MSFT,P,2020-07-23,2020-07-31,Spouse,"$100,001 - $250,000",8
D,Ron L Wyden,Senate,GOOG,P,2020-07-27,2020-07-31,Spouse,"$15,001 - $50,000",4
D,Ron L Wyden,Senate,FB,P,2020-07-27,2020-07-31,Spouse,"$15,001 - $50,000",4
D,Ron L Wyden,Senate,IRBT,P,2020-07-27,2020-07-31,Spouse,"$15,001 - $50,000",4
D,Ron L Wyden,Senate,NVDA,P,2020-07-27,2020-07-31,Spouse,"$15,001 - $50,000",4
D,Ron L Wyden,Senate,DHI,P,2020-07-28,2020-07-31,Spouse,"$15,001 - $50,000",3
R,James M Inhofe,Senate,AAPL,S,2020-07-15,2020-07-24,Self,"$15,001 - $50,000",9
R,James M Inhofe,Senate,AMZN,S,2020-07-15,2020-07-24,Self,"$15,001 - $50,000",9
R,James M Inhofe,Senate,BAM,S,2020-06-29,2020-07-24,Self,"$1,001 - $15,000",25
R,Daniel S Sullivan,Senate,RPM,S,2020-06-16,2020-07-14,Joint,"$50,001 - $100,000",28
R,Shelley M Capito,Senate,WFC,P,2020-06-25,2020-07-14,Spouse,"$15,001 - $50,000",19
R,Pat Roberts,Senate,NVDA,P,2020-05-29,2020-07-08,Spouse,"$15,001 - $50,000",40
R,Pat Roberts,Senate,AAPL,P,2020-05-29,2020-07-08,Spouse,"$15,001 - $50,000",40
R,Pat Roberts,Senate,AMZN,P,2020-05-04,2020-07-08,Spouse,"$15,001 - $50,000",65
R,Pat Roberts,Senate,NOC,P,2020-05-29,2020-07-08,Spouse,"$15,001 - $50,000",40
R,Pat Roberts,Senate,BYND,S,2020-05-11,2020-07-08,Spouse,"$1,001 - $15,000",58
R,Pat Roberts,Senate,AMZN,P,2020-06-26,2020-07-06,Spouse,"$1,001 - $15,000",10
R,Pat Roberts,Senate,AAL,P,2020-06-04,2020-07-06,Spouse,"$1,001 - $15,000",32
R,Pat Roberts,Senate,BA,P,2020-06-30,2020-07-06,Spouse,"$1,001 - $15,000",6
R,Pat Roberts,Senate,AAL,P,2020-06-30,2020-07-06,Spouse,"$1,001 - $15,000",6
R,Pat Roberts,Senate,BA,P,2020-06-05,2020-07-06,Spouse,"$1,001 - $15,000",31
D,Ron L Wyden,Senate,AMZN,P,2020-06-30,2020-07-02,Spouse,"$15,001 - $50,000",2
D,Ron L Wyden,Senate,AAPL,P,2020-06-26,2020-07-02,Spouse,"$15,001 - $50,000",6
D,Ron L Wyden,Senate,AMZN,P,2020-06-26,2020-07-02,Spouse,"$15,001 - $50,000",6
D,Ron L Wyden,Senate,MSFT,P,2020-06-26,2020-07-02,Spouse,"$15,001 - $50,000",6
D,Ron L Wyden,Senate,NFLX,P,2020-06-26,2020-07-02,Spouse,"$15,001 - $50,000",6
D,Ron L Wyden,Senate,NVDA,P,2020-06-26,2020-07-02,Spouse,"$15,001 - $50,000",6
D,Ron L Wyden,Senate,AAPL,P,2020-06-24,2020-07-02,Spouse,"$15,001 - $50,000",8
D,Ron L Wyden,Senate,COST,P,2020-06-24,2020-07-02,Spouse,"$15,001 - $50,000",8
D,Ron L Wyden,Senate,COUP,P,2020-06-24,2020-07-02,Spouse,"$50,001 - $100,000",8
D,Ron L Wyden,Senate,DIS,P,2020-06-24,2020-07-02,Spouse,"$50,001 - $100,000",8
D,Ron L Wyden,Senate,FB,P,2020-06-24,2020-07-02,Spouse,"$15,001 - $50,000",8
D,Ron L Wyden,Senate,GOOG,P,2020-06-24,2020-07-02,Spouse,"$15,001 - $50,000",8
D,Ron L Wyden,Senate,IRBT,P,2020-06-24,2020-07-02,Spouse,"$15,001 - $50,000",8
D,Ron L Wyden,Senate,MSFT,P,2020-06-24,2020-07-02,Spouse,"$15,001 - $50,000",8
D,Ron L Wyden,Senate,NVDA,P,2020-06-24,2020-07-02,Spouse,"$15,001 - $50,000",8
D,Ron L Wyden,Senate,PYPL,P,2020-06-24,2020-07-02,Spouse,"$15,001 - $50,000",8
D,Ron L Wyden,Senate,AAPL,P,2020-06-23,2020-07-02,Spouse,"$50,001 - $100,000",9
D,Ron L Wyden,Senate,AMAT,P,2020-06-23,2020-07-02,Spouse,"$15,001 - $50,000",9
D,Ron L Wyden,Senate,AVGO,P,2020-06-23,2020-07-02,Spouse,"$15,001 - $50,000",9
D,Ron L Wyden,Senate,COUP,P,2020-06-23,2020-07-02,Spouse,"$15,001 - $50,000",9
D,Ron L Wyden,Senate,MMM,P,2020-06-23,2020-07-02,Spouse,"$50,001 - $100,000",9
D,Ron L Wyden,Senate,MSFT,P,2020-06-23,2020-07-02,Spouse,"$15,001 - $50,000",9
D,Ron L Wyden,Senate,AMAT,P,2020-06-17,2020-07-02,Spouse,"$15,001 - $50,000",15
D,Ron L Wyden,Senate,COUP,P,2020-06-17,2020-07-02,Spouse,"$15,001 - $50,000",15
D,Ron L Wyden,Senate,INTC,P,2020-06-17,2020-07-02,Spouse,"$15,001 - $50,000",15
D,Ron L Wyden,Senate,KLAC,P,2020-06-17,2020-07-02,Spouse,"$15,001 - $50,000",15
D,Ron L Wyden,Senate,MSFT,P,2020-06-17,2020-07-02,Spouse,"$15,001 - $50,000",15
D,Ron L Wyden,Senate,NFLX,P,2020-06-03,2020-07-02,Spouse,"$50,001 - $100,000",29
D,Ron L Wyden,Senate,VMC,P,2020-06-04,2020-07-02,Spouse,"$50,001 - $100,000",28
D,Ron L Wyden,Senate,STZ,P,2020-06-04,2020-07-02,Spouse,"$50,001 - $100,000",28
D,Ron L Wyden,Senate,PYPL,P,2020-06-04,2020-07-02,Spouse,"$15,001 - $50,000",28
D,Ron L Wyden,Senate,MAR,P,2020-06-04,2020-07-02,Spouse,"$15,001 - $50,000",28
D,Ron L Wyden,Senate,KLAC,P,2020-06-04,2020-07-02,Spouse,"$15,001 - $50,000",28
D,Ron L Wyden,Senate,FB,P,2020-06-04,2020-07-02,Spouse,"$15,001 - $50,000",28
D,Ron L Wyden,Senate,AVGO,P,2020-06-04,2020-07-02,Spouse,"$15,001 - $50,000",28
D,Ron L Wyden,Senate,VMC,P,2020-06-05,2020-07-02,Spouse,"$15,001 - $50,000",27
D,Ron L Wyden,Senate,TRIP,P,2020-06-05,2020-07-02,Spouse,"$50,001 - $100,000",27
D,Ron L Wyden,Senate,MAR,P,2020-06-05,2020-07-02,Spouse,"$50,001 - $100,000",27
D,Ron L Wyden,Senate,GOOG,P,2020-06-05,2020-07-02,Spouse,"$15,001 - $50,000",27
D,Ron L Wyden,Senate,FB,P,2020-06-05,2020-07-02,Spouse,"$15,001 - $50,000",27
D,Ron L Wyden,Senate,CAT,P,2020-06-05,2020-07-02,Spouse,"$15,001 - $50,000",27
D,Ron L Wyden,Senate,AMZN,P,2020-06-05,2020-07-02,Spouse,"$15,001 - $50,000",27
D,Ron L Wyden,Senate,AMAT,P,2020-06-05,2020-07-02,Spouse,"$15,001 - $50,000",27
D,Ron L Wyden,Senate,NVDA,P,2020-06-12,2020-07-02,Spouse,"$50,001 - $100,000",20
D,Ron L Wyden,Senate,DIS,P,2020-06-12,2020-07-02,Spouse,"$50,001 - $100,000",20
D,Ron L Wyden,Senate,AMZN,P,2020-06-02,2020-07-02,Spouse,"$15,001 - $50,000",30
D,Ron L Wyden,Senate,BERY,P,2020-06-02,2020-07-02,Spouse,"$50,001 - $100,000",30
?,"A. Mitchell McConnell, Jr.",Senate,WFC,P,2020-06-03,2020-06-23,Spouse,"$1,001 - $15,000",20
R,Daniel S Sullivan,Senate,RPM,S,2020-05-18,2020-06-15,Joint,"$50,001 - $100,000",28
D,Ron L Wyden,Senate,TRIP,P,2020-05-27,2020-06-04,Spouse,"$15,001 - $50,000",8
D,Ron L Wyden,Senate,MAR,P,2020-05-27,2020-06-04,Spouse,"$50,001 - $100,000",8
D,Ron L Wyden,Senate,VAC,P,2020-05-27,2020-06-04,Spouse,"$15,001 - $50,000",8
D,Ron L Wyden,Senate,NVDA,P,2020-05-26,2020-06-04,Spouse,"$100,001 - $250,000",9
D,Ron L Wyden,Senate,VAC,P,2020-05-26,2020-06-04,Spouse,"$15,001 - $50,000",9
D,Ron L Wyden,Senate,GOOG,P,2020-05-21,2020-06-04,Spouse,"$15,001 - $50,000",14
D,Ron L Wyden,Senate,PYPL,P,2020-05-20,2020-06-04,Spouse,"$50,001 - $100,000",15
D,Ron L Wyden,Senate,FB,P,2020-05-20,2020-06-04,Spouse,"$50,001 - $100,000",15
D,Ron L Wyden,Senate,UBER,S,2020-05-11,2020-06-04,Spouse,"$15,001 - $50,000",24
D,Ron L Wyden,Senate,UBER,P,2020-05-08,2020-06-04,Spouse,"$15,001 - $50,000",27
D,Ron L Wyden,Senate,AMZN,P,2020-05-01,2020-06-04,Spouse,"$15,001 - $50,000",34
D,Ron L Wyden,Senate,QSR,P,2020-05-05,2020-06-04,Spouse,"$15,001 - $50,000",30
D,Ron L Wyden,Senate,MCD,P,2020-05-05,2020-06-04,Spouse,"$15,001 - $50,000",30
D,Ron L Wyden,Senate,DPZ,P,2020-05-05,2020-06-04,Spouse,"$50,001 - $100,000",30
D,Ron L Wyden,Senate,BYND,P,2020-05-05,2020-06-04,Spouse,"$15,001 - $50,000",30
D,Ron L Wyden,Senate,STZ,P,2020-05-07,2020-06-04,Spouse,"$15,001 - $50,000",28
D,Ron L Wyden,Senate,MTCH,P,2020-05-07,2020-06-04,Spouse,"$50,001 - $100,000",28
D,Ron L Wyden,Senate,BLL,P,2020-05-07,2020-06-04,Spouse,"$50,001 - $100,000",28
D,Ron L Wyden,Senate,BERY,P,2020-05-07,2020-06-04,Spouse,"$15,001 - $50,000",28
D,Ron L Wyden,Senate,GE,S,2020-05-07,2020-06-04,Spouse,"$1,001 - $15,000",28
D,Ron L Wyden,Senate,TRIP,P,2020-05-27,2020-06-01,Spouse,"$15,001 - $50,000",5
D,Ron L Wyden,Senate,MAR,P,2020-05-27,2020-06-01,Spouse,"$50,001 - $100,000",5
D,Ron L Wyden,Senate,VAC,P,2020-05-27,2020-06-01,Spouse,"$15,001 - $50,000",5
D,Ron L Wyden,Senate,NVDA,P,2020-05-26,2020-06-01,Spouse,"$100,001 - $250,000",6
D,Ron L Wyden,Senate,VAC,P,2020-05-26,2020-06-01,Spouse,"$15,001 - $50,000",6
D,Ron L Wyden,Senate,GOOG,P,2020-05-21,2020-06-01,Spouse,"$15,001 - $50,000",11
D,Ron L Wyden,Senate,PYPL,P,2020-05-20,2020-06-01,Spouse,"$50,001 - $100,000",12
D,Ron L Wyden,Senate,FB,P,2020-05-20,2020-06-01,Spouse,"$50,001 - $100,000",12
D,Ron L Wyden,Senate,UBER,S,2020-05-11,2020-06-01,Spouse,"$15,001 - $50,000",21
D,Ron L Wyden,Senate,UBER,P,2020-05-08,2020-06-01,Spouse,"$15,001 - $50,000",24
D,Ron L Wyden,Senate,AMZN,P,2020-05-01,2020-06-01,Spouse,"$15,001 - $50,000",31
D,Ron L Wyden,Senate,QSR,P,2020-05-05,2020-06-01,Spouse,"$15,001 - $50,000",27
D,Ron L Wyden,Senate,MCD,P,2020-05-05,2020-06-01,Spouse,"$15,001 - $50,000",27
D,Ron L Wyden,Senate,DPZ,P,2020-05-05,2020-06-01,Spouse,"$50,001 - $100,000",27
D,Ron L Wyden,Senate,BYND,P,2020-05-05,2020-06-01,Spouse,"$15,001 - $50,000",27
D,Ron L Wyden,Senate,STZ,P,2020-05-07,2020-06-01,Spouse,"$15,001 - $50,000",25
D,Ron L Wyden,Senate,MTCH,P,2020-05-07,2020-06-01,Spouse,"$50,001 - $100,000",25
D,Ron L Wyden,Senate,BLL,P,2020-05-07,2020-06-01,Spouse,"$50,001 - $100,000",25
D,Ron L Wyden,Senate,BRY,P,2020-05-07,2020-06-01,Spouse,"$15,001 - $50,000",25
D,Ron L Wyden,Senate,GE,S,2020-05-07,2020-06-01,Spouse,"$1,001 - $15,000",25
D,Sheldon Whitehouse,Senate,CARR,S,2020-04-07,2020-05-27,Joint,"$1,001 - $15,000",50
D,Sheldon Whitehouse,Senate,OTIS,S,2020-04-07,2020-05-27,Joint,"$1,001 - $15,000",50
D,Thomas R Carper,Senate,BSTZ,P,2019-06-26,2020-05-25,Spouse,"$1,001 - $15,000",334
R,Kelly Loeffler,Senate,ICE,P,2020-05-20,2020-05-22,Spouse,"$1,000,001 - $5,000,000",2
R,Kelly Loeffler,Senate,ICE,S,2020-05-20,2020-05-22,Spouse,"$5,000,001 - $25,000,000",2
?,"David A Perdue , Jr",Senate,DOW,S,2020-04-16,2020-05-08,Joint,"$1,001 - $15,000",22
?,"David A Perdue , Jr",Senate,DD,S,2020-04-14,2020-05-08,Joint,"$50,001 - $100,000",24
?,"David A Perdue , Jr",Senate,BAC,S,2020-04-14,2020-05-08,Joint,"$50,001 - $100,000",24
?,"David A Perdue , Jr",Senate,AAPL,S,2020-04-14,2020-05-08,Joint,"$15,001 - $50,000",24
?,"David A Perdue , Jr",Senate,PFE,S,2020-04-03,2020-05-08,Joint,"$1,001 - $15,000",35
?,"David A Perdue , Jr",Senate,LYV,P,2020-04-06,2020-05-08,Joint,"$1,001 - $15,000",32
?,"David A Perdue , Jr",Senate,LYV,P,2020-04-03,2020-05-08,Joint,"$1,001 - $15,000",35
?,"David A Perdue , Jr",Senate,MU,P,2020-04-01,2020-05-08,Joint,"$1,001 - $15,000",37
?,"David A Perdue , Jr",Senate,DIS,S,2020-04-14,2020-05-08,Joint,"$100,001 - $250,000",24
?,"David A Perdue , Jr",Senate,MU,S,2020-04-14,2020-05-08,Joint,"$50,001 - $100,000",24
?,"David A Perdue , Jr",Senate,MRK,S,2020-04-14,2020-05-08,Joint,"$50,001 - $100,000",24
?,"David A Perdue , Jr",Senate,MRK,S,2020-04-06,2020-05-08,Joint,"$1,001 - $15,000",32
?,"David A Perdue , Jr",Senate,MRK,S,2020-04-03,2020-05-08,Joint,"$15,001 - $50,000",35
?,"David A Perdue , Jr",Senate,GPK,S,2020-04-14,2020-05-08,Joint,"$100,001 - $250,000",24
?,"David A Perdue , Jr",Senate,FDX,S,2020-04-14,2020-05-08,Joint,"$100,001 - $250,000",24
?,"David A Perdue , Jr",Senate,DVN,S,2020-04-14,2020-05-08,Joint,"$15,001 - $50,000",24
?,"David A Perdue , Jr",Senate,DAL,S,2020-04-14,2020-05-08,Joint,"$1,001 - $15,000",24
?,"David A Perdue , Jr",Senate,ALB,S,2020-04-14,2020-05-08,Joint,"$50,001 - $100,000",24
?,"David A Perdue , Jr",Senate,HBI,S,2020-04-14,2020-05-08,Joint,"$100,001 - $250,000",24
?,"David A Perdue , Jr",Senate,URBN,S,2020-04-14,2020-05-08,Joint,"$100,001 - $250,000",24
?,"David A Perdue , Jr",Senate,AXTA,S,2020-04-14,2020-05-08,Joint,"$100,001 - $250,000",24
?,"David A Perdue , Jr",Senate,FEYE,S,2020-04-14,2020-05-08,Joint,"$100,001 - $250,000",24
?,"David A Perdue , Jr",Senate,SBUX,S,2020-04-14,2020-05-08,Joint,"$15,001 - $50,000",24
?,"David A Perdue , Jr",Senate,SBUX,P,2020-04-03,2020-05-08,Joint,"$1,001 - $15,000",35
?,"David A Perdue , Jr",Senate,VIAC,S,2020-04-14,2020-05-08,Joint,"$50,001 - $100,000",24
?,"David A Perdue , Jr",Senate,RF,S,2020-04-14,2020-05-08,Joint,"$50,001 - $100,000",24
?,"David A Perdue , Jr",Senate,WPX,S,2020-04-14,2020-05-08,Joint,"$15,001 - $50,000",24
?,"David A Perdue , Jr",Senate,PFE,S,2020-04-14,2020-05-08,Joint,"$100,001 - $250,000",24
?,"David A Perdue , Jr",Senate,LYV,S,2020-04-14,2020-05-08,Joint,"$15,001 - $50,000",24
?,"David A Perdue , Jr",Senate,GM,S,2020-04-14,2020-05-08,Joint,"$100,001 - $250,000",24
?,"David A Perdue , Jr",Senate,GLW,S,2020-04-14,2020-05-08,Joint,"$100,001 - $250,000",24
?,"David A Perdue , Jr",Senate,CAIFX,S,2020-04-16,2020-05-08,Joint,"$1,001 - $15,000",22
?,"David A Perdue , Jr",Senate,FRIAX,S,2020-04-16,2020-05-08,Joint,"$15,001 - $50,000",22
?,"David A Perdue , Jr",Senate,PBA,P,2020-04-07,2020-05-08,Joint,"$1,001 - $15,000",31
?,"David A Perdue , Jr",Senate,ENB,P,2020-04-06,2020-05-08,Joint,"$1,001 - $15,000",32
?,"David A Perdue , Jr",Senate,TRP,P,2020-04-06,2020-05-08,Joint,"$1,001 - $15,000",32
?,"David A Perdue , Jr",Senate,ORCL,S,2020-04-03,2020-05-08,Joint,"$1,001 - $15,000",35
?,"David A Perdue , Jr",Senate,CEQP,S,2020-04-07,2020-05-08,Joint,"$1,001 - $15,000",31
?,"David A Perdue , Jr",Senate,ORCL,S,2020-04-09,2020-05-08,Joint,"$1,001 - $15,000",29
?,"David A Perdue , Jr",Senate,EQM,S,2020-04-13,2020-05-08,Joint,"$1,001 - $15,000",25
?,"David A Perdue , Jr",Senate,PEP,S,2020-04-14,2020-05-08,Joint,"$50,001 - $100,000",24
?,"David A Perdue , Jr",Senate,NWSA,S,2020-04-14,2020-05-08,Joint,"$15,001 - $50,000",24
?,"David A Perdue , Jr",Senate,ORCL,S,2020-04-14,2020-05-08,Joint,"$15,001 - $50,000",24
?,"David A Perdue , Jr",Senate,CVX,S,2020-04-14,2020-05-08,Joint,"$15,001 - $50,000",24
?,"David A Perdue , Jr",Senate,NKE,S,2020-04-14,2020-05-08,Joint,"$15,001 - $50,000",24
?,"David A Perdue , Jr",Senate,WFC,S,2020-04-14,2020-05-08,Joint,"$15,001 - $50,000",24
?,"David A Perdue , Jr",Senate,JPM,S,2020-04-14,2020-05-08,Joint,"$15,001 - $50,000",24
?,"David A Perdue , Jr",Senate,BMY,S,2020-04-14,2020-05-08,Joint,"$15,001 - $50,000",24
?,"David A Perdue , Jr",Senate,BX,S,2020-04-14,2020-05-08,Joint,"$15,001 - $50,000",24
?,"David A Perdue , Jr",Senate,COST,S,2020-04-14,2020-05-08,Joint,"$50,001 - $100,000",24
?,"David A Perdue , Jr",Senate,AMT,S,2020-04-14,2020-05-08,Joint,"$50,001 - $100,000",24
?,"David A Perdue , Jr",Senate,MA,S,2020-04-14,2020-05-08,Joint,"$50,001 - $100,000",24
?,"David A Perdue , Jr",Senate,ANTM,S,2020-04-14,2020-05-08,Joint,"$15,001 - $50,000",24
?,"David A Perdue , Jr",Senate,BK,S,2020-04-14,2020-05-08,Joint,"$1,001 - $15,000",24
?,"David A Perdue , Jr",Senate,PYPL,S,2020-04-14,2020-05-08,Joint,"$15,001 - $50,000",24
?,"David A Perdue , Jr",Senate,ABBV,S,2020-04-14,2020-05-08,Joint,"$15,001 - $50,000",24
?,"David A Perdue , Jr",Senate,AMZN,S,2020-04-14,2020-05-08,Joint,"$50,001 - $100,000",24
?,"David A Perdue , Jr",Senate,CSCO,S,2020-04-14,2020-05-08,Joint,"$15,001 - $50,000",24
?,"David A Perdue , Jr",Senate,EXR,S,2020-04-14,2020-05-08,Joint,"$15,001 - $50,000",24
?,"David A Perdue , Jr",Senate,BAX,S,2020-04-14,2020-05-08,Joint,"$15,001 - $50,000",24
?,"David A Perdue , Jr",Senate,XOM,S,2020-04-14,2020-05-08,Joint,"$1,001 - $15,000",24
?,"David A Perdue , Jr",Senate,SYK,S,2020-04-14,2020-05-08,Joint,"$1,001 - $15,000",24
?,"David A Perdue , Jr",Senate,COP,S,2020-04-14,2020-05-08,Joint,"$1,001 - $15,000",24
?,"David A Perdue , Jr",Senate,FOX,S,2020-04-14,2020-05-08,Joint,"$15,001 - $50,000",24
?,"David A Perdue , Jr",Senate,CTSH,S,2020-04-14,2020-05-08,Joint,"$15,001 - $50,000",24
?,"David A Perdue , Jr",Senate,ACA,S,2020-04-14,2020-05-08,Joint,"$1,001 - $15,000",24
?,"David A Perdue , Jr",Senate,JNJ,S,2020-04-14,2020-05-08,Joint,"$50,001 - $100,000",24
?,"David A Perdue , Jr",Senate,MDLZ,S,2020-04-14,2020-05-08,Joint,"$15,001 - $50,000",24
?,"David A Perdue , Jr",Senate,BOIVF,S,2020-04-14,2020-05-08,Joint,"$50,001 - $100,000",24
?,"David A Perdue , Jr",Senate,VZ,S,2020-04-14,2020-05-08,Joint,"$15,001 - $50,000",24
?,"David A Perdue , Jr",Senate,USB,S,2020-04-14,2020-05-08,Joint,"$15,001 - $50,000",24
?,"David A Perdue , Jr",Senate,RL,S,2020-04-14,2020-05-08,Joint,"$1,001 - $15,000",24
?,"David A Perdue , Jr",Senate,MSFT,S,2020-04-14,2020-05-08,Joint,"$15,001 - $50,000",24
?,"David A Perdue , Jr",Senate,STT,S,2020-04-14,2020-05-08,Joint,"$15,001 - $50,000",24
?,"David A Perdue , Jr",Senate,UHAL,S,2020-04-14,2020-05-08,Joint,"$15,001 - $50,000",24
?,"David A Perdue , Jr",Senate,KO,S,2020-04-14,2020-05-08,Joint,"$50,001 - $100,000",24
?,"David A Perdue , Jr",Senate,EQM,S,2020-04-14,2020-05-08,Joint,"$1,001 - $15,000",24
?,"David A Perdue , Jr",Senate,GOOGL,S,2020-04-14,2020-05-08,Joint,"$15,001 - $50,000",24
?,"David A Perdue , Jr",Senate,MO,S,2020-04-14,2020-05-08,Joint,"$1,001 - $15,000",24
?,"David A Perdue , Jr",Senate,KMI,S,2020-04-14,2020-05-08,Joint,"$15,001 - $50,000",24
?,"David A Perdue , Jr",Senate,NFLX,S,2020-04-14,2020-05-08,Joint,"$15,001 - $50,000",24
?,"David A Perdue , Jr",Senate,HCA,S,2020-04-14,2020-05-08,Joint,"$15,001 - $50,000",24
?,"David A Perdue , Jr",Senate,V,S,2020-04-14,2020-05-08,Joint,"$15,001 - $50,000",24
?,"David A Perdue , Jr",Senate,PRU,S,2020-04-14,2020-05-08,Joint,"$1,001 - $15,000",24
?,"David A Perdue , Jr",Senate,EMR,S,2020-04-14,2020-05-08,Joint,"$1,001 - $15,000",24
?,"David A Perdue , Jr",Senate,HON,S,2020-04-14,2020-05-08,Joint,"$15,001 - $50,000",24
?,"David A Perdue , Jr",Senate,DOW,S,2020-04-14,2020-05-08,Joint,"$15,001 - $50,000",24
?,"David A Perdue , Jr",Senate,BAH,S,2020-04-14,2020-05-08,Joint,"$15,001 - $50,000",24
?,"David A Perdue , Jr",Senate,M,S,2020-04-14,2020-05-08,Joint,"$15,001 - $50,000",24
?,"David A Perdue , Jr",Senate,SU,S,2020-04-14,2020-05-08,Joint,"$1,001 - $15,000",24
?,"David A Perdue , Jr",Senate,GOOG,S,2020-04-14,2020-05-08,Joint,"$15,001 - $50,000",24
?,"David A Perdue , Jr",Senate,FHB,S,2020-04-14,2020-05-08,Joint,"$1,001 - $15,000",24
?,"David A Perdue , Jr",Senate,BKNG,S,2020-04-14,2020-05-08,Joint,"$15,001 - $50,000",24
?,"David A Perdue , Jr",Senate,FOXA,S,2020-04-14,2020-05-08,Joint,"$15,001 - $50,000",24
?,"David A Perdue , Jr",Senate,HUN,S,2020-04-14,2020-05-08,Joint,"$15,001 - $50,000",24
?,"David A Perdue , Jr",Senate,NWS,S,2020-04-14,2020-05-08,Joint,"$1,001 - $15,000",24
?,"David A Perdue , Jr",Senate,UN,S,2020-04-14,2020-05-08,Joint,"$1,001 - $15,000",24
?,"David A Perdue , Jr",Senate,MSM,S,2020-04-14,2020-05-08,Joint,"$15,001 - $50,000",24
?,"David A Perdue , Jr",Senate,SYY,S,2020-04-14,2020-05-08,Joint,"$15,001 - $50,000",24
?,"David A Perdue , Jr",Senate,PG,S,2020-04-14,2020-05-08,Joint,"$50,001 - $100,000",24
?,"David A Perdue , Jr",Senate,EAF,S,2020-04-14,2020-05-08,Joint,"$1,001 - $15,000",24
?,"David A Perdue , Jr",Senate,PAGP,S,2020-04-15,2020-05-08,Joint,"$1,001 - $15,000",23
?,"David A Perdue , Jr",Senate,PSXP,S,2020-04-15,2020-05-08,Joint,"$1,001 - $15,000",23
?,"David A Perdue , Jr",Senate,SUN,S,2020-04-15,2020-05-08,Joint,"$1,001 - $15,000",23
?,"David A Perdue , Jr",Senate,TCP,S,2020-04-15,2020-05-08,Joint,"$1,001 - $15,000",23
?,"David A Perdue , Jr",Senate,KMI,S,2020-04-15,2020-05-08,Joint,"$1,001 - $15,000",23
?,"David A Perdue , Jr",Senate,EPD,S,2020-04-15,2020-05-08,Joint,"$50,001 - $100,000",23
?,"David A Perdue , Jr",Senate,LNG,S,2020-04-15,2020-05-08,Joint,"$15,001 - $50,000",23
?,"David A Perdue , Jr",Senate,TRP,S,2020-04-15,2020-05-08,Joint,"$1,001 - $15,000",23
?,"David A Perdue , Jr",Senate,MMP,S,2020-04-15,2020-05-08,Joint,"$15,001 - $50,000",23
?,"David A Perdue , Jr",Senate,OKE,S,2020-04-15,2020-05-08,Joint,"$1,001 - $15,000",23
?,"David A Perdue , Jr",Senate,PAA,S,2020-04-15,2020-05-08,Joint,"$15,001 - $50,000",23
?,"David A Perdue , Jr",Senate,ENB,S,2020-04-15,2020-05-08,Joint,"$1,001 - $15,000",23
?,"David A Perdue , Jr",Senate,PBA,S,2020-04-15,2020-05-08,Joint,"$1,001 - $15,000",23
?,"David A Perdue , Jr",Senate,SHLX,S,2020-04-15,2020-05-08,Joint,"$1,001 - $15,000",23
?,"David A Perdue , Jr",Senate,WMB,S,2020-04-15,2020-05-08,Joint,"$15,001 - $50,000",23
?,"David A Perdue , Jr",Senate,TRGP,S,2020-04-15,2020-05-08,Joint,"$1,001 - $15,000",23
?,"David A Perdue , Jr",Senate,MPLX,S,2020-04-15,2020-05-08,Joint,"$15,001 - $50,000",23
?,"David A Perdue , Jr",Senate,ET,S,2020-04-15,2020-05-08,Joint,"$15,001 - $50,000",23
?,"David A Perdue , Jr",Senate,DIS,S,2020-04-16,2020-05-08,Joint,"$1,001 - $15,000",22
?,"David A Perdue , Jr",Senate,COP,S,2020-04-16,2020-05-08,Joint,"$1,001 - $15,000",22
?,"David A Perdue , Jr",Senate,KO,S,2020-04-16,2020-05-08,Joint,"$1,001 - $15,000",22
?,"David A Perdue , Jr",Senate,DD,S,2020-04-16,2020-05-08,Joint,"$1,001 - $15,000",22
?,"David A Perdue , Jr",Senate,C,S,2020-04-16,2020-05-08,Joint,"$1,001 - $15,000",22
?,"David A Perdue , Jr",Senate,HD,S,2020-04-16,2020-05-08,Joint,"$15,001 - $50,000",22
?,"David A Perdue , Jr",Senate,GIS,S,2020-04-16,2020-05-08,Joint,"$1,001 - $15,000",22
?,"David A Perdue , Jr",Senate,BMY,S,2020-04-16,2020-05-08,Joint,"$1,001 - $15,000",22
?,"David A Perdue , Jr",Senate,CAT,S,2020-04-16,2020-05-08,Joint,"$1,001 - $15,000",22
?,"David A Perdue , Jr",Senate,BP,S,2020-04-16,2020-05-08,Joint,"$1,001 - $15,000",22
?,"David A Perdue , Jr",Senate,AAPL,S,2020-04-16,2020-05-08,Joint,"$15,001 - $50,000",22
?,"David A Perdue , Jr",Senate,T,S,2020-04-16,2020-05-08,Joint,"$1,001 - $15,000",22
?,"David A Perdue , Jr",Senate,AFL,S,2020-04-16,2020-05-08,Joint,"$1,001 - $15,000",22
?,"David A Perdue , Jr",Senate,BX,S,2020-04-16,2020-05-08,Joint,"$1,001 - $15,000",22
?,"David A Perdue , Jr",Senate,BA,S,2020-04-16,2020-05-08,Joint,"$1,001 - $15,000",22
?,"David A Perdue , Jr",Senate,JNJ,S,2020-04-16,2020-05-08,Joint,"$1,001 - $15,000",22
?,"David A Perdue , Jr",Senate,TFC,S,2020-04-16,2020-05-08,Joint,"$1,001 - $15,000",22
?,"David A Perdue , Jr",Senate,SYY,S,2020-04-16,2020-05-08,Joint,"$1,001 - $15,000",22
?,"David A Perdue , Jr",Senate,SOJA,S,2020-04-16,2020-05-08,Joint,"$15,001 - $50,000",22
?,"David A Perdue , Jr",Senate,URI,S,2020-04-16,2020-05-08,Joint,"$1,001 - $15,000",22
?,"David A Perdue , Jr",Senate,WFC,S,2020-04-16,2020-05-08,Joint,"$1,001 - $15,000",22
?,"David A Perdue , Jr",Senate,VZ,S,2020-04-16,2020-05-08,Joint,"$1,001 - $15,000",22
?,"David A Perdue , Jr",Senate,SO,S,2020-04-16,2020-05-08,Joint,"$1,001 - $15,000",22
?,"David A Perdue , Jr",Senate,MRK,S,2020-04-16,2020-05-08,Joint,"$1,001 - $15,000",22
?,"David A Perdue , Jr",Senate,PG,S,2020-04-16,2020-05-08,Joint,"$1,001 - $15,000",22
?,"David A Perdue , Jr",Senate,JPM,S,2020-04-16,2020-05-08,Joint,"$1,001 - $15,000",22
?,"David A Perdue , Jr",Senate,INTC,S,2020-04-16,2020-05-08,Joint,"$1,001 - $15,000",22
?,"David A Perdue , Jr",Senate,LLY,S,2020-04-16,2020-05-08,Joint,"$1,001 - $15,000",22
?,"David A Perdue , Jr",Senate,MSFT,S,2020-04-16,2020-05-08,Joint,"$50,001 - $100,000",22
?,"David A Perdue , Jr",Senate,PYPL,S,2020-04-16,2020-05-08,Joint,"$1,001 - $15,000",22
?,"David A Perdue , Jr",Senate,PM,S,2020-04-16,2020-05-08,Joint,"$1,001 - $15,000",22
?,"David A Perdue , Jr",Senate,NKE,S,2020-04-16,2020-05-08,Joint,"$1,001 - $15,000",22
?,"David A Perdue , Jr",Senate,NSC,S,2020-04-16,2020-05-08,Joint,"$1,001 - $15,000",22
R,James M Inhofe,Senate,V,S,2020-04-13,2020-05-08,Self,"$50,001 - $100,000",25
R,James M Inhofe,Senate,MSFT,S,2020-04-13,2020-05-08,Self,"$50,001 - $100,000",25
D,Thomas R Carper,Senate,UAA,S,2019-12-17,2020-05-06,Spouse,"$1,001 - $15,000",141
D,Thomas R Carper,Senate,UA,S,2019-12-17,2020-05-06,Spouse,"$1,001 - $15,000",141
D,Thomas R Carper,Senate,BP,S,2019-12-17,2020-05-06,Spouse,"$1,001 - $15,000",141
D,Ron L Wyden,Senate,AMAT,P,2020-04-17,2020-05-05,Spouse,"$15,001 - $50,000",18
D,Ron L Wyden,Senate,DIS,P,2020-04-17,2020-05-05,Spouse,"$50,001 - $100,000",18
D,Ron L Wyden,Senate,DNKN,P,2020-04-17,2020-05-05,Spouse,"$15,001 - $50,000",18
D,Ron L Wyden,Senate,F,P,2020-04-17,2020-05-05,Spouse,"$15,001 - $50,000",18
D,Ron L Wyden,Senate,GOOG,P,2020-04-17,2020-05-05,Spouse,"$50,001 - $100,000",18
D,Ron L Wyden,Senate,KLAC,P,2020-04-17,2020-05-05,Spouse,"$15,001 - $50,000",18
D,Ron L Wyden,Senate,SBUX,P,2020-04-17,2020-05-05,Spouse,"$15,001 - $50,000",18
D,Ron L Wyden,Senate,T,P,2020-04-17,2020-05-05,Spouse,"$15,001 - $50,000",18
D,Ron L Wyden,Senate,VMC,P,2020-04-17,2020-05-05,Spouse,"$50,001 - $100,000",18
D,Ron L Wyden,Senate,AMZN,P,2020-05-01,2020-05-05,Spouse,"$15,001 - $50,000",4
D,Ron L Wyden,Senate,TEL,S,2020-04-24,2020-05-05,Spouse,"$1,001 - $15,000",11
D,Ron L Wyden,Senate,JCI,S,2020-04-24,2020-05-05,Spouse,"$1,001 - $15,000",11
D,Ron L Wyden,Senate,C,S,2020-04-24,2020-05-05,Spouse,"$1,001 - $15,000",11
D,Ron L Wyden,Senate,CRWD,S,2020-04-24,2020-05-05,Spouse,"$50,001 - $100,000",11
D,Ron L Wyden,Senate,PYPL,P,2020-04-23,2020-05-05,Spouse,"$50,001 - $100,000",12
D,Ron L Wyden,Senate,CRWD,P,2020-04-21,2020-05-05,Spouse,"$15,001 - $50,000",14
D,Ron L Wyden,Senate,NVDA,P,2020-04-21,2020-05-05,Spouse,"$50,001 - $100,000",14
D,Ron L Wyden,Senate,AMZN,P,2020-04-17,2020-05-05,Spouse,"$50,001 - $100,000",18
D,Ron L Wyden,Senate,UPS,P,2020-04-08,2020-05-05,Spouse,"$15,001 - $50,000",27
D,Ron L Wyden,Senate,GOOG,P,2020-04-08,2020-05-05,Spouse,"$1,001 - $15,000",27
D,Ron L Wyden,Senate,QSR,P,2020-04-06,2020-05-05,Spouse,"$1,001 - $15,000",29
D,Ron L Wyden,Senate,GRUB,P,2020-04-06,2020-05-05,Spouse,"$1,001 - $15,000",29
D,Ron L Wyden,Senate,GOOG,P,2020-04-06,2020-05-05,Spouse,"$1,001 - $15,000",29
D,Ron L Wyden,Senate,IRBT,P,2020-04-06,2020-05-05,Spouse,"$1,001 - $15,000",29
D,Ron L Wyden,Senate,DNKN,P,2020-04-06,2020-05-05,Spouse,"$1,001 - $15,000",29
D,Ron L Wyden,Senate,SBUX,P,2020-04-06,2020-05-05,Spouse,"$1,001 - $15,000",29
D,Ron L Wyden,Senate,T,P,2020-04-06,2020-05-05,Spouse,"$1,001 - $15,000",29
D,Ron L Wyden,Senate,CSCO,P,2020-04-06,2020-05-05,Spouse,"$15,001 - $50,000",29
D,Ron L Wyden,Senate,AMAT,P,2020-04-06,2020-05-05,Spouse,"$15,001 - $50,000",29
D,Ron L Wyden,Senate,KLAC,P,2020-04-06,2020-05-05,Spouse,"$15,001 - $50,000",29
D,Ron L Wyden,Senate,AVGO,P,2020-04-06,2020-05-05,Spouse,"$15,001 - $50,000",29
D,Ron L Wyden,Senate,XOM,P,2020-04-06,2020-05-05,Spouse,"$15,001 - $50,000",29
D,Ron L Wyden,Senate,V,P,2020-04-06,2020-05-05,Spouse,"$15,001 - $50,000",29
D,Ron L Wyden,Senate,CAT,P,2020-04-06,2020-05-05,Spouse,"$15,001 - $50,000",29
D,Ron L Wyden,Senate,AMZN,P,2020-04-06,2020-05-05,Spouse,"$50,001 - $100,000",29
D,Ron L Wyden,Senate,DIS,P,2020-04-06,2020-05-05,Spouse,"$50,001 - $100,000",29
D,Thomas R Carper,Senate,PYPL,P,2020-04-14,2020-05-04,Spouse,"$1,001 - $15,000",20
D,Thomas R Carper,Senate,CVS,P,2020-04-14,2020-05-04,Spouse,"$1,001 - $15,000",20
D,Thomas R Carper,Senate,SWKS,P,2020-04-14,2020-05-04,Spouse,"$1,001 - $15,000",20
D,Thomas R Carper,Senate,CEF,P,2020-04-14,2020-05-04,Spouse,"$1,001 - $15,000",20
D,Thomas R Carper,Senate,DIS,P,2020-04-14,2020-05-04,Spouse,"$1,001 - $15,000",20
D,Thomas R Carper,Senate,CEF,P,2020-04-02,2020-05-04,Spouse,"$1,001 - $15,000",32
D,Thomas R Carper,Senate,FPL,S,2020-04-02,2020-05-04,Spouse,"$1,001 - $15,000",32
D,Thomas R Carper,Senate,DRI,S,2020-04-02,2020-05-04,Spouse,"$1,001 - $15,000",32
D,Thomas R Carper,Senate,QCOM,P,2020-04-02,2020-05-04,Spouse,"$1,001 - $15,000",32
D,Thomas R Carper,Senate,RMD,S,2020-04-02,2020-05-04,Spouse,"$1,001 - $15,000",32
D,Thomas R Carper,Senate,SBUX,P,2020-04-02,2020-05-04,Spouse,"$1,001 - $15,000",32
D,Thomas R Carper,Senate,ARCC,P,2020-04-02,2020-05-04,Spouse,"$1,001 - $15,000",32
D,Thomas R Carper,Senate,CVS,P,2020-04-02,2020-05-04,Spouse,"$1,001 - $15,000",32
D,Thomas R Carper,Senate,DGX,P,2020-04-02,2020-05-04,Spouse,"$1,001 - $15,000",32
D,Thomas R Carper,Senate,ARE,P,2020-04-02,2020-05-04,Spouse,"$1,001 - $15,000",32
D,Thomas R Carper,Senate,LGI,S,2020-04-02,2020-05-04,Spouse,"$1,001 - $15,000",32
D,Thomas R Carper,Senate,PKG,S,2020-04-02,2020-05-04,Spouse,"$1,001 - $15,000",32
D,Thomas R Carper,Senate,MET,P,2020-04-02,2020-05-04,Spouse,"$1,001 - $15,000",32
D,Thomas R Carper,Senate,RTN,P,2020-04-02,2020-05-04,Spouse,"$1,001 - $15,000",32
D,Thomas R Carper,Senate,GLAD,P,2020-04-02,2020-05-04,Spouse,"$1,001 - $15,000",32
D,Thomas R Carper,Senate,SWKS,P,2020-04-02,2020-05-04,Spouse,"$1,001 - $15,000",32
D,Thomas R Carper,Senate,CFG,S,2020-04-02,2020-05-04,Spouse,"$1,001 - $15,000",32
D,Thomas R Carper,Senate,TCEHY,S,2020-04-02,2020-05-04,Spouse,"$1,001 - $15,000",32
D,Thomas R Carper,Senate,MPC,S,2020-04-02,2020-05-04,Spouse,"$1,001 - $15,000",32
D,Thomas R Carper,Senate,KNX,S,2020-04-02,2020-05-04,Spouse,"$1,001 - $15,000",32
D,Thomas R Carper,Senate,CB,S,2020-04-02,2020-05-04,Spouse,"$1,001 - $15,000",32
D,Thomas R Carper,Senate,IRM,S,2020-04-02,2020-05-04,Spouse,"$1,001 - $15,000",32
D,Thomas R Carper,Senate,HPQ,S,2020-04-02,2020-05-04,Spouse,"$1,001 - $15,000",32
D,Thomas R Carper,Senate,LHX,P,2020-04-02,2020-05-04,Spouse,"$1,001 - $15,000",32
D,Thomas R Carper,Senate,APO,P,2020-04-02,2020-05-04,Spouse,"$1,001 - $15,000",32
D,Thomas R Carper,Senate,CAG,S,2020-04-02,2020-05-04,Spouse,"$1,001 - $15,000",32
D,Thomas R Carper,Senate,GLW,P,2020-04-02,2020-05-04,Spouse,"$1,001 - $15,000",32
D,Thomas R Carper,Senate,FITB,S,2020-04-02,2020-05-04,Spouse,"$1,001 - $15,000",32
D,Thomas R Carper,Senate,MSFT,S,2020-04-02,2020-05-04,Spouse,"$1,001 - $15,000",32
D,Thomas R Carper,Senate,NVO,P,2020-04-02,2020-05-04,Spouse,"$1,001 - $15,000",32
D,Thomas R Carper,Senate,PEP,P,2020-04-02,2020-05-04,Spouse,"$1,001 - $15,000",32
D,Thomas R Carper,Senate,TSN,P,2020-04-02,2020-05-04,Spouse,"$1,001 - $15,000",32
R,Pat Roberts,Senate,NFLX,P,2020-04-09,2020-05-02,Spouse,"$50,001 - $100,000",23
R,Pat Roberts,Senate,AAPL,P,2020-04-08,2020-05-02,Spouse,"$1,001 - $15,000",24
R,Pat Roberts,Senate,DIS,P,2020-04-07,2020-05-02,Spouse,"$1,001 - $15,000",25
R,Pat Roberts,Senate,TJX,P,2020-04-07,2020-05-02,Spouse,"$1,001 - $15,000",25
R,Pat Roberts,Senate,NFLX,S,2020-04-06,2020-05-02,Spouse,"$100,001 - $250,000",26
R,Pat Roberts,Senate,TJX,S,2020-04-28,2020-05-02,Spouse,"$1,001 - $15,000",4
R,Pat Roberts,Senate,MSFT,P,2020-04-30,2020-05-02,Spouse,"$15,001 - $50,000",2
R,Pat Roberts,Senate,MA,P,2020-04-29,2020-05-02,Spouse,"$15,001 - $50,000",3
R,Pat Roberts,Senate,BYND,P,2020-04-29,2020-05-02,Spouse,"$1,001 - $15,000",3
R,Pat Roberts,Senate,MSFT,P,2020-04-27,2020-05-02,Spouse,"$15,001 - $50,000",5
R,Pat Roberts,Senate,AAPL,P,2020-04-27,2020-05-02,Spouse,"$15,001 - $50,000",5
R,Pat Roberts,Senate,NVDA,S,2020-04-24,2020-05-02,Spouse,"$50,001 - $100,000",8
R,Pat Roberts,Senate,NFLX,S,2020-04-15,2020-05-02,Spouse,"$50,001 - $100,000",17
R,Pat Roberts,Senate,AMZN,S,2020-04-24,2020-05-02,Spouse,"$50,001 - $100,000",8
R,Pat Roberts,Senate,AMZN,P,2020-04-24,2020-05-02,Spouse,"$15,001 - $50,000",8
R,Pat Roberts,Senate,NFLX,S,2020-04-17,2020-05-02,Spouse,"$15,001 - $50,000",15
R,Pat Roberts,Senate,NFLX,P,2020-04-16,2020-05-02,Spouse,"$15,001 - $50,000",16
R,Kelly Loeffler,Senate,PRU,P,2020-03-12,2020-05-01,Spouse,"$15,001 - $50,000",50
R,Kelly Loeffler,Senate,BKNG,S,2020-03-11,2020-05-01,Joint,"$1,001 - $15,000",51
R,Kelly Loeffler,Senate,BKNG,S,2020-03-10,2020-05-01,Joint,"$15,001 - $50,000",52
R,Kelly Loeffler,Senate,CVX,P,2020-03-09,2020-05-01,Spouse,"$100,001 - $250,000",53
R,Kelly Loeffler,Senate,DD,P,2020-03-09,2020-05-01,Spouse,"$1,001 - $15,000",53
R,Kelly Loeffler,Senate,HELE,S,2020-03-06,2020-05-01,Joint,"$50,001 - $100,000",56
R,Kelly Loeffler,Senate,AIZ,S,2020-03-09,2020-05-01,Spouse,"$15,001 - $50,000",53
R,Kelly Loeffler,Senate,EMR,S,2020-03-09,2020-05-01,Spouse,"$1,001 - $15,000",53
R,Kelly Loeffler,Senate,CR,S,2020-03-09,2020-05-01,Spouse,"$15,001 - $50,000",53
R,Kelly Loeffler,Senate,HIG,S,2020-03-09,2020-05-01,Spouse,"$1,001 - $15,000",53
R,Kelly Loeffler,Senate,TJX,S,2020-03-05,2020-05-01,Joint,"$15,001 - $50,000",57
R,Kelly Loeffler,Senate,BKNG,P,2020-03-06,2020-05-01,Joint,"$15,001 - $50,000",56
R,Kelly Loeffler,Senate,AMGN,S,2020-03-04,2020-05-01,Spouse,"$15,001 - $50,000",58
R,Kelly Loeffler,Senate,AIG,S,2020-03-04,2020-05-01,Spouse,"$1,001 - $15,000",58
R,Kelly Loeffler,Senate,PANW,S,2020-03-04,2020-05-01,Spouse,"$1,001 - $15,000",58
R,Kelly Loeffler,Senate,CVX,S,2020-03-04,2020-05-01,Spouse,"$15,001 - $50,000",58
R,Kelly Loeffler,Senate,BP,S,2020-03-04,2020-05-01,Spouse,"$1,001 - $15,000",58
R,Kelly Loeffler,Senate,ROST,S,2020-03-03,2020-05-01,Joint,"$15,001 - $50,000",59
R,Kelly Loeffler,Senate,LULU,S,2020-03-03,2020-05-01,Joint,"$50,001 - $100,000",59
R,Kelly Loeffler,Senate,FB,S,2020-03-03,2020-05-01,Joint,"$50,001 - $100,000",59
R,Kelly Loeffler,Senate,DD,P,2020-03-02,2020-05-01,Spouse,"$50,001 - $100,000",60
R,Kelly Loeffler,Senate,ROST,S,2020-03-02,2020-05-01,Joint,"$15,001 - $50,000",60
R,Kelly Loeffler,Senate,DD,P,2020-02-28,2020-05-01,Spouse,"$15,001 - $50,000",63
R,Kelly Loeffler,Senate,DD,P,2020-02-27,2020-05-01,Spouse,"$100,001 - $250,000",64
R,Kelly Loeffler,Senate,CME,P,2020-02-26,2020-05-01,Joint,"$100,001 - $250,000",65
R,Kelly Loeffler,Senate,NVDA,S,2020-02-26,2020-05-01,Joint,"$15,001 - $50,000",65
R,Kelly Loeffler,Senate,AZO,S,2020-02-26,2020-05-01,Joint,"$15,001 - $50,000",65
R,Kelly Loeffler,Senate,ADP,S,2020-02-26,2020-05-01,Joint,"$50,001 - $100,000",65
R,Kelly Loeffler,Senate,ARNA,S,2020-02-26,2020-05-01,Joint,"$15,001 - $50,000",65
R,Kelly Loeffler,Senate,AMZN,S,2020-02-25,2020-05-01,Joint,"$15,001 - $50,000",66
R,Kelly Loeffler,Senate,CME,P,2020-02-24,2020-05-01,Joint,"$50,001 - $100,000",67
R,Kelly Loeffler,Senate,AMZN,P,2020-02-24,2020-05-01,Joint,"$15,001 - $50,000",67
R,Kelly Loeffler,Senate,NVDA,S,2020-02-24,2020-05-01,Joint,"$15,001 - $50,000",67
R,Kelly Loeffler,Senate,IPHI,S,2020-02-24,2020-05-01,Joint,"$15,001 - $50,000",67
R,Kelly Loeffler,Senate,FB,S,2020-02-24,2020-05-01,Joint,"$15,001 - $50,000",67
R,Kelly Loeffler,Senate,ARNA,S,2020-02-24,2020-05-01,Joint,"$50,001 - $100,000",67
R,Kelly Loeffler,Senate,DD,S,2020-02-21,2020-05-01,Spouse,"$1,001 - $15,000",70
R,Kelly Loeffler,Senate,K,S,2020-02-21,2020-05-01,Spouse,"$1,001 - $15,000",70
R,Kelly Loeffler,Senate,BABA,S,2020-02-21,2020-05-01,Spouse,"$1,001 - $15,000",70
R,Kelly Loeffler,Senate,AIZ,S,2020-02-20,2020-05-01,Spouse,"$1,001 - $15,000",71
R,Kelly Loeffler,Senate,ABBV,S,2020-02-20,2020-05-01,Spouse,"$1,001 - $15,000",71
R,Kelly Loeffler,Senate,DOCU,S,2020-02-20,2020-05-01,Joint,"$100,001 - $250,000",71
R,Kelly Loeffler,Senate,ORCL,P,2020-02-14,2020-05-01,Joint,"$100,001 - $250,000",77
R,Kelly Loeffler,Senate,XOM,S,2020-02-14,2020-05-01,Joint,"$250,001 - $500,000",77
R,Kelly Loeffler,Senate,CTXS,P,2020-02-14,2020-05-01,Joint,"$100,001 - $250,000",77
R,Kelly Loeffler,Senate,FNKO,S,2020-02-10,2020-05-01,Joint,"$50,001 - $100,000",81
R,Kelly Loeffler,Senate,EEFT,S,2020-02-10,2020-05-01,Joint,"$100,001 - $250,000",81
R,Kelly Loeffler,Senate,ORLY,S,2020-02-07,2020-05-01,Joint,"$15,001 - $50,000",84
R,Kelly Loeffler,Senate,FNKO,S,2020-02-07,2020-05-01,Joint,"$50,001 - $100,000",84
R,Kelly Loeffler,Senate,FNKO,S,2020-02-06,2020-05-01,Joint,"$15,001 - $50,000",85
R,Kelly Loeffler,Senate,AZO,S,2020-02-06,2020-05-01,Joint,"$15,001 - $50,000",85
R,Kelly Loeffler,Senate,ARNA,S,2020-02-06,2020-05-01,Joint,"$50,001 - $100,000",85
R,Kelly Loeffler,Senate,TCEHY,S,2020-02-05,2020-05-01,Joint,"$15,001 - $50,000",86
R,Kelly Loeffler,Senate,ROKU,S,2020-02-05,2020-05-01,Joint,"$100,001 - $250,000",86
R,Kelly Loeffler,Senate,FNKO,S,2020-02-05,2020-05-01,Joint,"$15,001 - $50,000",86
R,Kelly Loeffler,Senate,ARNA,S,2020-02-05,2020-05-01,Joint,"$50,001 - $100,000",86
R,Kelly Loeffler,Senate,TCEHY,S,2020-02-04,2020-05-01,Joint,"$15,001 - $50,000",87
R,Kelly Loeffler,Senate,KL,S,2020-02-04,2020-05-01,Joint,"$50,001 - $100,000",87
R,Kelly Loeffler,Senate,CMCSA,S,2020-02-04,2020-05-01,Joint,"$15,001 - $50,000",87
R,Kelly Loeffler,Senate,AZO,S,2020-02-04,2020-05-01,Joint,"$15,001 - $50,000",87
R,Kelly Loeffler,Senate,HON,S,2020-02-03,2020-05-01,Joint,"$100,001 - $250,000",88
R,Kelly Loeffler,Senate,MRK,S,2020-02-05,2020-05-01,Spouse,"$1,001 - $15,000",86
R,Kelly Loeffler,Senate,DFS,S,2020-02-05,2020-05-01,Spouse,"$1,001 - $15,000",86
R,Kelly Loeffler,Senate,DAL,S,2020-02-05,2020-05-01,Spouse,"$1,001 - $15,000",86
R,Kelly Loeffler,Senate,EMR,S,2020-02-05,2020-05-01,Spouse,"$1,001 - $15,000",86
R,Kelly Loeffler,Senate,CAT,S,2020-02-14,2020-05-01,Spouse,"$1,001 - $15,000",77
R,Kelly Loeffler,Senate,AFL,S,2020-02-14,2020-05-01,Spouse,"$1,001 - $15,000",77
R,Kelly Loeffler,Senate,CMCSA,S,2020-01-14,2020-05-01,Spouse,"$1,001 - $15,000",108
R,Kelly Loeffler,Senate,CSCO,S,2020-01-14,2020-05-01,Spouse,"$1,001 - $15,000",108
R,Kelly Loeffler,Senate,GS,S,2020-01-14,2020-05-01,Spouse,"$1,001 - $15,000",108
R,Kelly Loeffler,Senate,CVX,S,2020-01-14,2020-05-01,Spouse,"$1,001 - $15,000",108
R,Kelly Loeffler,Senate,UL,S,2020-01-14,2020-05-01,Spouse,"$1,001 - $15,000",108
R,Kelly Loeffler,Senate,PRU,S,2020-01-08,2020-05-01,Spouse,"$1,001 - $15,000",114
R,Kelly Loeffler,Senate,TJX,S,2020-01-31,2020-05-01,Joint,"$15,001 - $50,000",91
R,Kelly Loeffler,Senate,ROST,S,2020-01-31,2020-05-01,Joint,"$15,001 - $50,000",91
R,Kelly Loeffler,Senate,AZO,S,2020-01-31,2020-05-01,Joint,"$15,001 - $50,000",91
R,Kelly Loeffler,Senate,AZO,S,2020-01-30,2020-05-01,Joint,"$15,001 - $50,000",92
R,Kelly Loeffler,Senate,ROST,S,2020-01-29,2020-05-01,Joint,"$15,001 - $50,000",93
R,Kelly Loeffler,Senate,KEYS,S,2020-01-29,2020-05-01,Joint,"$100,001 - $250,000",93
R,Kelly Loeffler,Senate,CMCSA,S,2020-01-29,2020-05-01,Joint,"$15,001 - $50,000",93
R,Kelly Loeffler,Senate,REZI,S,2020-01-28,2020-05-01,Joint,"$15,001 - $50,000",94
R,Kelly Loeffler,Senate,REZI,S,2020-01-27,2020-05-01,Joint,"$100,001 - $250,000",95
R,Kelly Loeffler,Senate,DFS,P,2020-01-17,2020-05-01,Spouse,"$250,001 - $500,000",105
R,Kelly Loeffler,Senate,REZI,S,2020-01-24,2020-05-01,Joint,"$50,001 - $100,000",98
R,Kelly Loeffler,Senate,PRU,S,2020-01-17,2020-05-01,Spouse,"$100,001 - $250,000",105
R,Kelly Loeffler,Senate,TEX,S,2020-04-13,2020-05-01,Self,"$15,001 - $50,000",18
R,Kelly Loeffler,Senate,TGT,S,2020-04-14,2020-05-01,Self,"$100,001 - $250,000",17
R,Kelly Loeffler,Senate,STT,S,2020-04-14,2020-05-01,Self,"$100,001 - $250,000",17
R,Kelly Loeffler,Senate,SLB,S,2020-04-14,2020-05-01,Self,"$15,001 - $50,000",17
R,Kelly Loeffler,Senate,KHC,S,2020-04-14,2020-05-01,Self,"$100,001 - $250,000",17
R,Kelly Loeffler,Senate,HIG,S,2020-04-14,2020-05-01,Self,"$100,001 - $250,000",17
R,Kelly Loeffler,Senate,DFS,S,2020-04-14,2020-05-01,Self,"$15,001 - $50,000",17
R,Kelly Loeffler,Senate,CL,S,2020-04-14,2020-05-01,Self,"$100,001 - $250,000",17
R,Kelly Loeffler,Senate,CAT,S,2020-04-14,2020-05-01,Self,"$100,001 - $250,000",17
R,Kelly Loeffler,Senate,BMY,S,2020-04-14,2020-05-01,Self,"$100,001 - $250,000",17
R,Kelly Loeffler,Senate,BP,S,2020-04-14,2020-05-01,Self,"$50,001 - $100,000",17
R,Kelly Loeffler,Senate,AMAT,S,2020-04-13,2020-05-01,Self,"$1,001 - $15,000",18
R,Kelly Loeffler,Senate,AA,S,2020-04-13,2020-05-01,Self,"$15,001 - $50,000",18
R,Kelly Loeffler,Senate,UTX,S,2020-04-14,2020-05-01,Spouse,"$100,001 - $250,000",17
R,Kelly Loeffler,Senate,PRU,S,2020-04-14,2020-05-01,Spouse,"$100,001 - $250,000",17
R,Kelly Loeffler,Senate,K,S,2020-04-14,2020-05-01,Spouse,"$100,001 - $250,000",17
R,Kelly Loeffler,Senate,GS,S,2020-04-14,2020-05-01,Spouse,"$100,001 - $250,000",17
R,Kelly Loeffler,Senate,XOM,S,2020-04-14,2020-05-01,Spouse,"$50,001 - $100,000",17
R,Kelly Loeffler,Senate,DD,S,2020-04-14,2020-05-01,Spouse,"$15,001 - $50,000",17
R,Kelly Loeffler,Senate,DOW,S,2020-04-14,2020-05-01,Spouse,"$15,001 - $50,000",17
R,Kelly Loeffler,Senate,DAL,S,2020-04-14,2020-05-01,Spouse,"$50,001 - $100,000",17
R,Kelly Loeffler,Senate,CVS,S,2020-04-14,2020-05-01,Spouse,"$250,001 - $500,000",17
R,Kelly Loeffler,Senate,CTVA,S,2020-04-14,2020-05-01,Spouse,"$15,001 - $50,000",17
R,Kelly Loeffler,Senate,CTSH,S,2020-04-14,2020-05-01,Spouse,"$100,001 - $250,000",17
R,Kelly Loeffler,Senate,CSCO,S,2020-04-14,2020-05-01,Spouse,"$100,001 - $250,000",17
R,Kelly Loeffler,Senate,AIG,S,2020-04-14,2020-05-01,Spouse,"$15,001 - $50,000",17
R,Kelly Loeffler,Senate,MO,S,2020-04-14,2020-05-01,Spouse,"$15,001 - $50,000",17
R,Kelly Loeffler,Senate,AGN,S,2020-04-14,2020-05-01,Spouse,"$250,001 - $500,000",17
R,Kelly Loeffler,Senate,ABBV,S,2020-04-14,2020-05-01,Spouse,"$250,001 - $500,000",17
R,Kelly Loeffler,Senate,AGCO,S,2020-04-07,2020-05-01,Joint,"$50,001 - $100,000",24
R,Kelly Loeffler,Senate,MPC,S,2020-04-07,2020-05-01,Joint,"$100,001 - $250,000",24
R,Kelly Loeffler,Senate,EBAY,S,2020-04-07,2020-05-01,Joint,"$100,001 - $250,000",24
R,Kelly Loeffler,Senate,VZ,S,2020-04-07,2020-05-01,Joint,"$250,001 - $500,000",24
R,Kelly Loeffler,Senate,CTXS,S,2020-04-07,2020-05-01,Joint,"$100,001 - $250,000",24
R,Kelly Loeffler,Senate,PFE,S,2020-04-07,2020-05-01,Joint,"$100,001 - $250,000",24
R,Kelly Loeffler,Senate,AAPL,S,2020-04-07,2020-05-01,Joint,"$250,001 - $500,000",24
R,Kelly Loeffler,Senate,C,S,2020-04-07,2020-05-01,Joint,"$100,001 - $250,000",24
R,Kelly Loeffler,Senate,PRU,S,2020-04-07,2020-05-01,Joint,"$50,001 - $100,000",24
R,Kelly Loeffler,Senate,CSCO,S,2020-04-07,2020-05-01,Joint,"$100,001 - $250,000",24
R,Kelly Loeffler,Senate,WMT,S,2020-04-07,2020-05-01,Joint,"$100,001 - $250,000",24
R,Kelly Loeffler,Senate,PYPL,S,2020-04-07,2020-05-01,Joint,"$100,001 - $250,000",24
R,Kelly Loeffler,Senate,KMI,S,2020-04-07,2020-05-01,Joint,"$100,001 - $250,000",24
R,Kelly Loeffler,Senate,T,S,2020-04-07,2020-05-01,Joint,"$100,001 - $250,000",24
R,Kelly Loeffler,Senate,MDLZ,S,2020-04-07,2020-05-01,Joint,"$100,001 - $250,000",24
R,Kelly Loeffler,Senate,FDX,S,2020-04-07,2020-05-01,Joint,"$100,001 - $250,000",24
R,Kelly Loeffler,Senate,LOW,S,2020-04-07,2020-05-01,Joint,"$250,001 - $500,000",24
R,Kelly Loeffler,Senate,TFC,S,2020-04-07,2020-05-01,Joint,"$100,001 - $250,000",24
R,Kelly Loeffler,Senate,SAP,S,2020-04-07,2020-05-01,Joint,"$100,001 - $250,000",24
R,Kelly Loeffler,Senate,DOCU,S,2020-04-07,2020-05-01,Joint,"$100,001 - $250,000",24
R,Kelly Loeffler,Senate,LMT,S,2020-04-07,2020-05-01,Joint,"$100,001 - $250,000",24
R,Kelly Loeffler,Senate,DIS,S,2020-04-07,2020-05-01,Joint,"$100,001 - $250,000",24
R,Kelly Loeffler,Senate,AMGN,S,2020-04-07,2020-05-01,Joint,"$250,001 - $500,000",24
R,Kelly Loeffler,Senate,BAC,S,2020-04-07,2020-05-01,Joint,"$100,001 - $250,000",24
R,Kelly Loeffler,Senate,STZ,S,2020-04-07,2020-05-01,Joint,"$100,001 - $250,000",24
R,Kelly Loeffler,Senate,JD,S,2020-04-07,2020-05-01,Joint,"$250,001 - $500,000",24
R,Kelly Loeffler,Senate,KEY,S,2020-04-07,2020-05-01,Joint,"$100,001 - $250,000",24
R,Kelly Loeffler,Senate,ORCL,S,2020-04-07,2020-05-01,Joint,"$100,001 - $250,000",24
R,Kelly Loeffler,Senate,DG,S,2020-03-12,2020-05-01,Joint,"$50,001 - $100,000",50
R,Kelly Loeffler,Senate,DG,S,2020-02-28,2020-05-01,Joint,"$50,001 - $100,000",63
R,Kelly Loeffler,Senate,CME,S,2020-02-28,2020-05-01,Joint,"$50,001 - $100,000",63
R,Kelly Loeffler,Senate,FIS,P,2020-02-27,2020-05-01,Joint,"$15,001 - $50,000",64
R,Kelly Loeffler,Senate,WDC,S,2020-04-07,2020-05-01,Spouse,"$100,001 - $250,000",24
R,Kelly Loeffler,Senate,VMC,P,2020-04-07,2020-05-01,Spouse,"$15,001 - $50,000",24
R,Kelly Loeffler,Senate,UL,P,2020-04-07,2020-05-01,Spouse,"$15,001 - $50,000",24
R,Kelly Loeffler,Senate,TRV,P,2020-04-07,2020-05-01,Spouse,"$15,001 - $50,000",24
R,Kelly Loeffler,Senate,TRV,S,2020-04-07,2020-05-01,Spouse,"$15,001 - $50,000",24
R,Kelly Loeffler,Senate,TRV,P,2020-03-31,2020-05-01,Spouse,"$15,001 - $50,000",31
R,Kelly Loeffler,Senate,TJX,P,2020-04-07,2020-05-01,Spouse,"$15,001 - $50,000",24
R,Kelly Loeffler,Senate,RTX,P,2020-04-07,2020-05-01,Spouse,"$50,001 - $100,000",24
R,Kelly Loeffler,Senate,PRU,P,2020-04-07,2020-05-01,Spouse,"$100,001 - $250,000",24
R,Kelly Loeffler,Senate,PGR,P,2020-04-07,2020-05-01,Spouse,"$1,001 - $15,000",24
R,Kelly Loeffler,Senate,PG,P,2020-04-07,2020-05-01,Spouse,"$15,001 - $50,000",24
R,Kelly Loeffler,Senate,PANW,P,2020-04-07,2020-05-01,Spouse,"$15,001 - $50,000",24
R,Kelly Loeffler,Senate,NNVC,S,2020-04-07,2020-05-01,Spouse,"$1,001 - $15,000",24
R,Kelly Loeffler,Senate,MRK,P,2020-04-07,2020-05-01,Spouse,"$15,001 - $50,000",24
R,Kelly Loeffler,Senate,LLY,P,2020-04-07,2020-05-01,Spouse,"$1,001 - $15,000",24
R,Kelly Loeffler,Senate,KO,P,2020-04-07,2020-05-01,Spouse,"$1,001 - $15,000",24
R,Kelly Loeffler,Senate,K,P,2020-04-07,2020-05-01,Spouse,"$15,001 - $50,000",24
R,Kelly Loeffler,Senate,K,S,2020-04-07,2020-05-01,Spouse,"$100,001 - $250,000",24
R,Kelly Loeffler,Senate,HIG,P,2020-04-07,2020-05-01,Spouse,"$15,001 - $50,000",24
R,Kelly Loeffler,Senate,HIG,S,2020-04-07,2020-05-01,Spouse,"$100,001 - $250,000",24
R,Kelly Loeffler,Senate,GS,P,2020-04-07,2020-05-01,Spouse,"$100,001 - $250,000",24
R,Kelly Loeffler,Senate,GLNCY,S,2020-04-07,2020-05-01,Spouse,"$15,001 - $50,000",24
R,Kelly Loeffler,Senate,ETN,P,2020-04-07,2020-05-01,Spouse,"$1,001 - $15,000",24
R,Kelly Loeffler,Senate,EMR,P,2020-04-07,2020-05-01,Spouse,"$15,001 - $50,000",24
R,Kelly Loeffler,Senate,EMR,S,2020-04-07,2020-05-01,Spouse,"$100,001 - $250,000",24
R,Kelly Loeffler,Senate,DIS,P,2020-04-07,2020-05-01,Spouse,"$50,001 - $100,000",24
R,Kelly Loeffler,Senate,DFS,P,2020-04-07,2020-05-01,Spouse,"$100,001 - $250,000",24
R,Kelly Loeffler,Senate,DD,P,2020-04-07,2020-05-01,Spouse,"$15,001 - $50,000",24
R,Kelly Loeffler,Senate,DD,S,2020-04-07,2020-05-01,Spouse,"$100,001 - $250,000",24
R,Kelly Loeffler,Senate,DAL,P,2020-04-07,2020-05-01,Spouse,"$100,001 - $250,000",24
R,Kelly Loeffler,Senate,DAL,S,2020-04-07,2020-05-01,Spouse,"$50,001 - $100,000",24
R,Kelly Loeffler,Senate,CVX,P,2020-04-07,2020-05-01,Spouse,"$50,001 - $100,000",24
R,Kelly Loeffler,Senate,CVX,S,2020-04-07,2020-05-01,Spouse,"$100,001 - $250,000",24
R,Kelly Loeffler,Senate,CVS,P,2020-04-07,2020-05-01,Spouse,"$1,001 - $15,000",24
R,Kelly Loeffler,Senate,CTSH,P,2020-04-07,2020-05-01,Spouse,"$15,001 - $50,000",24
R,Kelly Loeffler,Senate,CSCO,P,2020-04-07,2020-05-01,Spouse,"$15,001 - $50,000",24
R,Kelly Loeffler,Senate,CR,P,2020-04-07,2020-05-01,Spouse,"$15,001 - $50,000",24
R,Kelly Loeffler,Senate,CR,S,2020-04-07,2020-05-01,Spouse,"$100,001 - $250,000",24
R,Kelly Loeffler,Senate,CMCSA,P,2020-04-07,2020-05-01,Spouse,"$15,001 - $50,000",24
R,Kelly Loeffler,Senate,CL,P,2020-04-07,2020-05-01,Spouse,"$1,001 - $15,000",24
R,Kelly Loeffler,Senate,CAT,P,2020-04-07,2020-05-01,Spouse,"$15,001 - $50,000",24
R,Kelly Loeffler,Senate,CAH,P,2020-04-07,2020-05-01,Spouse,"$1,001 - $15,000",24
R,Kelly Loeffler,Senate,CAH,S,2020-04-07,2020-05-01,Spouse,"$100,001 - $250,000",24
R,Kelly Loeffler,Senate,BP,P,2020-04-07,2020-05-01,Spouse,"$15,001 - $50,000",24
R,Kelly Loeffler,Senate,BABA,P,2020-04-07,2020-05-01,Spouse,"$1,001 - $15,000",24
R,Kelly Loeffler,Senate,AMGN,P,2020-04-07,2020-05-01,Spouse,"$15,001 - $50,000",24
R,Kelly Loeffler,Senate,AIZ,P,2020-04-07,2020-05-01,Spouse,"$15,001 - $50,000",24
R,Kelly Loeffler,Senate,AIZ,S,2020-04-07,2020-05-01,Spouse,"$250,001 - $500,000",24
R,Kelly Loeffler,Senate,AIG,P,2020-04-07,2020-05-01,Spouse,"$50,001 - $100,000",24
R,Kelly Loeffler,Senate,AIG,S,2020-04-07,2020-05-01,Spouse,"$15,001 - $50,000",24
R,Kelly Loeffler,Senate,AFL,P,2020-04-07,2020-05-01,Spouse,"$50,001 - $100,000",24
R,Kelly Loeffler,Senate,ADM,P,2020-04-07,2020-05-01,Spouse,"$1,001 - $15,000",24
R,Kelly Loeffler,Senate,ADM,S,2020-04-07,2020-05-01,Spouse,"$100,001 - $250,000",24
R,Kelly Loeffler,Senate,ABT,P,2020-04-07,2020-05-01,Spouse,"$1,001 - $15,000",24
R,Kelly Loeffler,Senate,ABBV,P,2020-04-07,2020-05-01,Spouse,"$15,001 - $50,000",24
R,Kelly Loeffler,Senate,HELE,S,2020-04-07,2020-05-01,Joint,"$15,001 - $50,000",24
R,Kelly Loeffler,Senate,GOOGL,S,2020-04-07,2020-05-01,Joint,"$250,001 - $500,000",24
R,Kelly Loeffler,Senate,ARNA,S,2020-04-07,2020-05-01,Joint,"$15,001 - $50,000",24
R,Kelly Loeffler,Senate,ADP,S,2020-04-07,2020-05-01,Joint,"$100,001 - $250,000",24
R,Kelly Loeffler,Senate,CME,S,2020-04-07,2020-05-01,Joint,"$100,001 - $250,000",24
R,Kelly Loeffler,Senate,COST,S,2020-04-07,2020-05-01,Joint,"$100,001 - $250,000",24
R,Kelly Loeffler,Senate,DG,S,2020-04-07,2020-05-01,Spouse,"$15,001 - $50,000",24
R,Kelly Loeffler,Senate,FIS,S,2020-04-07,2020-05-01,Joint,"$50,001 - $100,000",24
R,Kelly Loeffler,Senate,IPHI,S,2020-04-07,2020-05-01,Joint,"$50,001 - $100,000",24
R,Kelly Loeffler,Senate,MSFT,S,2020-04-07,2020-05-01,Joint,"$250,001 - $500,000",24
R,Kelly Loeffler,Senate,RTX,S,2020-04-07,2020-05-01,Joint,"$100,001 - $250,000",24
R,Kelly Loeffler,Senate,VTR,S,2020-04-07,2020-05-01,Joint,"$100,001 - $250,000",24
R,Kelly Loeffler,Senate,AIG,P,2020-03-27,2020-05-01,Spouse,"$1,001 - $15,000",35
R,Kelly Loeffler,Senate,WDC,P,2020-03-20,2020-05-01,Spouse,"$100,001 - $250,000",42
R,Kelly Loeffler,Senate,K,P,2020-03-20,2020-05-01,Spouse,"$100,001 - $250,000",42
R,Kelly Loeffler,Senate,EMR,P,2020-03-20,2020-05-01,Spouse,"$250,001 - $500,000",42
R,Kelly Loeffler,Senate,CR,P,2020-03-20,2020-05-01,Spouse,"$100,001 - $250,000",42
R,Kelly Loeffler,Senate,CSCO,P,2020-03-20,2020-05-01,Spouse,"$50,001 - $100,000",42
R,Kelly Loeffler,Senate,ADM,P,2020-03-20,2020-05-01,Spouse,"$100,001 - $250,000",42
R,Kelly Loeffler,Senate,PRU,P,2020-03-20,2020-05-01,Spouse,"$100,001 - $250,000",42
R,Kelly Loeffler,Senate,CVX,P,2020-03-20,2020-05-01,Spouse,"$50,001 - $100,000",42
R,Kelly Loeffler,Senate,DAL,P,2020-03-20,2020-05-01,Spouse,"$50,001 - $100,000",42
R,Kelly Loeffler,Senate,AIZ,P,2020-03-20,2020-05-01,Spouse,"$1,001 - $15,000",42
R,Kelly Loeffler,Senate,HIG,P,2020-03-20,2020-05-01,Spouse,"$100,001 - $250,000",42
R,Kelly Loeffler,Senate,CAH,P,2020-03-20,2020-05-01,Spouse,"$100,001 - $250,000",42
R,Kelly Loeffler,Senate,AIZ,P,2020-03-18,2020-05-01,Spouse,"$250,001 - $500,000",44
R,Kelly Loeffler,Senate,ADM,S,2020-03-18,2020-05-01,Spouse,"$15,001 - $50,000",44
R,Kelly Loeffler,Senate,PRU,P,2020-03-17,2020-05-01,Spouse,"$15,001 - $50,000",45
R,Kelly Loeffler,Senate,DAL,P,2020-03-17,2020-05-01,Spouse,"$50,001 - $100,000",45
R,Kelly Loeffler,Senate,AIG,P,2020-03-16,2020-05-01,Spouse,"$50,001 - $100,000",46
R,Kelly Loeffler,Senate,CVX,P,2020-03-16,2020-05-01,Spouse,"$100,001 - $250,000",46
R,Kelly Loeffler,Senate,CSCO,P,2020-03-13,2020-05-01,Spouse,"$100,001 - $250,000",49
R,Kelly Loeffler,Senate,ADP,S,2020-03-16,2020-05-01,Joint,"$1,001 - $15,000",46
R,Kelly Loeffler,Senate,FIS,S,2020-03-16,2020-05-01,Joint,"$1,001 - $15,000",46
R,Kelly Loeffler,Senate,CME,S,2020-03-16,2020-05-01,Joint,"$15,001 - $50,000",46
R,Kelly Loeffler,Senate,DG,S,2020-03-17,2020-05-01,Joint,"$1,001 - $15,000",45
R,Kelly Loeffler,Senate,TDG,S,2020-03-17,2020-05-01,Joint,"$50,001 - $100,000",45
R,Kelly Loeffler,Senate,CME,P,2020-03-19,2020-05-01,Joint,"$50,001 - $100,000",43
R,Kelly Loeffler,Senate,MSFT,P,2020-03-19,2020-05-01,Joint,"$15,001 - $50,000",43
R,Kelly Loeffler,Senate,TDG,S,2020-03-18,2020-05-01,Joint,"$15,001 - $50,000",44
R,Shelley M Capito,Senate,JPM,P,2020-03-03,2020-04-29,Spouse,"$1,001 - $15,000",57
R,Shelley M Capito,Senate,MSFT,P,2020-03-03,2020-04-29,Spouse,"$1,001 - $15,000",57
R,Shelley M Capito,Senate,JNJ,P,2020-03-03,2020-04-29,Spouse,"$1,001 - $15,000",57
R,Shelley M Capito,Senate,ABT,P,2020-03-03,2020-04-29,Spouse,"$1,001 - $15,000",57
?,"Angus S King, Jr.",Senate,WTRG,S,2020-03-05,2020-04-22,Spouse,"$1,001 - $15,000",48
D,Tina Smith,Senate,DXCM,S,2020-03-17,2020-04-16,Spouse,"$250,001 - $500,000",30
D,Tina Smith,Senate,PODD,S,2020-03-17,2020-04-16,Spouse,"$250,001 - $500,000",30
D,Sheldon Whitehouse,Senate,ILMN,S,2020-03-11,2020-04-14,Self,"$1,001 - $15,000",34
D,Sheldon Whitehouse,Senate,CGNX,S,2020-03-11,2020-04-14,Self,"$15,001 - $50,000",34
D,Sheldon Whitehouse,Senate,SIEGY,S,2020-03-11,2020-04-14,Self,"$15,001 - $50,000",34
R,Daniel S Sullivan,Senate,RPM,S,2020-02-27,2020-04-11,Joint,"$50,001 - $100,000",44
R,James M Inhofe,Senate,BAM,S,2020-03-20,2020-04-10,Self,"$1,001 - $15,000",21
R,James M Inhofe,Senate,C,S,2020-03-09,2020-04-10,Self,"$50,001 - $100,000",32
?,"David A Perdue , Jr",Senate,MU,P,2020-03-31,2020-04-05,Joint,"$1,001 - $15,000",5
?,"David A Perdue , Jr",Senate,MRK,S,2020-03-31,2020-04-05,Joint,"$15,001 - $50,000",5
?,"David A Perdue , Jr",Senate,NWS,P,2020-03-23,2020-04-05,Joint,"$1,001 - $15,000",13
?,"David A Perdue , Jr",Senate,WPX,P,2020-03-02,2020-04-05,Joint,"$1,001 - $15,000",34
?,"David A Perdue , Jr",Senate,KR,S,2020-03-02,2020-04-05,Joint,"$15,001 - $50,000",34
?,"David A Perdue , Jr",Senate,DD,P,2020-03-02,2020-04-05,Joint,"$1,001 - $15,000",34
?,"David A Perdue , Jr",Senate,CZR,S,2020-03-02,2020-04-05,Joint,"$1,001 - $15,000",34
?,"David A Perdue , Jr",Senate,BAC,S,2020-03-02,2020-04-05,Joint,"$15,001 - $50,000",34
?,"David A Perdue , Jr",Senate,KR,S,2020-03-03,2020-04-05,Joint,"$1,001 - $15,000",33
?,"David A Perdue , Jr",Senate,BAC,S,2020-03-04,2020-04-05,Joint,"$1,001 - $15,000",32
?,"David A Perdue , Jr",Senate,KR,S,2020-03-04,2020-04-05,Joint,"$1,001 - $15,000",32
?,"David A Perdue , Jr",Senate,URBN,P,2020-03-04,2020-04-05,Joint,"$1,001 - $15,000",32
?,"David A Perdue , Jr",Senate,GM,P,2020-03-04,2020-04-05,Joint,"$1,001 - $15,000",32
?,"David A Perdue , Jr",Senate,URBN,P,2020-03-05,2020-04-05,Joint,"$1,001 - $15,000",31
?,"David A Perdue , Jr",Senate,KR,S,2020-03-05,2020-04-05,Joint,"$15,001 - $50,000",31
?,"David A Perdue , Jr",Senate,BAC,S,2020-03-06,2020-04-05,Joint,"$1,001 - $15,000",30
?,"David A Perdue , Jr",Senate,MSM,P,2020-03-10,2020-04-05,Joint,"$1,001 - $15,000",26
?,"David A Perdue , Jr",Senate,M,P,2020-03-10,2020-04-05,Joint,"$1,001 - $15,000",26
?,"David A Perdue , Jr",Senate,NWSA,P,2020-03-10,2020-04-05,Joint,"$1,001 - $15,000",26
?,"David A Perdue , Jr",Senate,FOXA,P,2020-03-10,2020-04-05,Joint,"$1,001 - $15,000",26
?,"David A Perdue , Jr",Senate,EAF,P,2020-03-10,2020-04-05,Joint,"$1,001 - $15,000",26
?,"David A Perdue , Jr",Senate,GEL,S,2020-03-11,2020-04-05,Joint,"$1,001 - $15,000",25
?,"David A Perdue , Jr",Senate,ENB,P,2020-03-13,2020-04-05,Joint,"$1,001 - $15,000",23
?,"David A Perdue , Jr",Senate,KR,S,2020-03-13,2020-04-05,Joint,"$1,001 - $15,000",23
?,"David A Perdue , Jr",Senate,TRP,P,2020-03-13,2020-04-05,Joint,"$1,001 - $15,000",23
?,"David A Perdue , Jr",Senate,KR,S,2020-03-16,2020-04-05,Joint,"$1,001 - $15,000",20
?,"David A Perdue , Jr",Senate,AXTA,P,2020-03-16,2020-04-05,Joint,"$1,001 - $15,000",20
?,"David A Perdue , Jr",Senate,RF,P,2020-03-16,2020-04-05,Joint,"$1,001 - $15,000",20
?,"David A Perdue , Jr",Senate,FOX,P,2020-03-16,2020-04-05,Joint,"$1,001 - $15,000",20
?,"David A Perdue , Jr",Senate,LYV,P,2020-03-16,2020-04-05,Joint,"$1,001 - $15,000",20
?,"David A Perdue , Jr",Senate,HUN,P,2020-03-16,2020-04-05,Joint,"$1,001 - $15,000",20
?,"David A Perdue , Jr",Senate,UHAL,P,2020-03-17,2020-04-05,Joint,"$1,001 - $15,000",19
?,"David A Perdue , Jr",Senate,LYV,P,2020-03-17,2020-04-05,Joint,"$1,001 - $15,000",19
?,"David A Perdue , Jr",Senate,AXTA,P,2020-03-17,2020-04-05,Joint,"$1,001 - $15,000",19
?,"David A Perdue , Jr",Senate,PG,S,2020-03-17,2020-04-05,Joint,"$15,001 - $50,000",19
?,"David A Perdue , Jr",Senate,PEP,S,2020-03-17,2020-04-05,Joint,"$15,001 - $50,000",19
?,"David A Perdue , Jr",Senate,NWSA,P,2020-03-17,2020-04-05,Joint,"$1,001 - $15,000",19
?,"David A Perdue , Jr",Senate,FHB,P,2020-03-17,2020-04-05,Joint,"$1,001 - $15,000",19
?,"David A Perdue , Jr",Senate,CTSH,P,2020-03-17,2020-04-05,Joint,"$1,001 - $15,000",19
?,"David A Perdue , Jr",Senate,SYY,P,2020-03-17,2020-04-05,Joint,"$1,001 - $15,000",19
?,"David A Perdue , Jr",Senate,MSM,P,2020-03-17,2020-04-05,Joint,"$1,001 - $15,000",19
?,"David A Perdue , Jr",Senate,KR,S,2020-03-17,2020-04-05,Joint,"$1,001 - $15,000",19
?,"David A Perdue , Jr",Senate,WFC,P,2020-03-17,2020-04-05,Joint,"$1,001 - $15,000",19
?,"David A Perdue , Jr",Senate,HUN,P,2020-03-17,2020-04-05,Joint,"$1,001 - $15,000",19
?,"David A Perdue , Jr",Senate,GM,P,2020-03-18,2020-04-05,Joint,"$1,001 - $15,000",18
?,"David A Perdue , Jr",Senate,LYV,P,2020-03-18,2020-04-05,Joint,"$1,001 - $15,000",18
?,"David A Perdue , Jr",Senate,KR,S,2020-03-18,2020-04-05,Joint,"$1,001 - $15,000",18
?,"David A Perdue , Jr",Senate,BAC,P,2020-03-18,2020-04-05,Joint,"$1,001 - $15,000",18
?,"David A Perdue , Jr",Senate,UHAL,P,2020-03-18,2020-04-05,Joint,"$1,001 - $15,000",18
?,"David A Perdue , Jr",Senate,CDLX,P,2020-03-18,2020-04-05,Joint,"$100,001 - $250,000",18
?,"David A Perdue , Jr",Senate,SBUX,P,2020-03-19,2020-04-05,Joint,"$15,001 - $50,000",17
?,"David A Perdue , Jr",Senate,KR,S,2020-03-19,2020-04-05,Joint,"$1,001 - $15,000",17
?,"David A Perdue , Jr",Senate,GOOG,P,2020-03-19,2020-04-05,Joint,"$1,001 - $15,000",17
?,"David A Perdue , Jr",Senate,CLX,S,2020-03-19,2020-04-05,Joint,"$1,001 - $15,000",17
?,"David A Perdue , Jr",Senate,BOIVF,P,2020-03-20,2020-04-05,Joint,"$1,001 - $15,000",16
?,"David A Perdue , Jr",Senate,SYY,P,2020-03-20,2020-04-05,Joint,"$1,001 - $15,000",16
?,"David A Perdue , Jr",Senate,PAGP,P,2020-03-20,2020-04-05,Joint,"$1,001 - $15,000",16
?,"David A Perdue , Jr",Senate,MSM,P,2020-03-20,2020-04-05,Joint,"$1,001 - $15,000",16
?,"David A Perdue , Jr",Senate,NWSA,P,2020-03-20,2020-04-05,Joint,"$1,001 - $15,000",16
?,"David A Perdue , Jr",Senate,KR,S,2020-03-20,2020-04-05,Joint,"$1,001 - $15,000",16
?,"David A Perdue , Jr",Senate,M,P,2020-03-20,2020-04-05,Joint,"$1,001 - $15,000",16
?,"David A Perdue , Jr",Senate,BAC,P,2020-03-23,2020-04-05,Joint,"$1,001 - $15,000",13
?,"David A Perdue , Jr",Senate,BOIVF,P,2020-03-23,2020-04-05,Joint,"$1,001 - $15,000",13
?,"David A Perdue , Jr",Senate,SBUX,P,2020-03-23,2020-04-05,Joint,"$1,001 - $15,000",13
?,"David A Perdue , Jr",Senate,RL,P,2020-03-23,2020-04-05,Joint,"$1,001 - $15,000",13
?,"David A Perdue , Jr",Senate,SBUX,P,2020-03-24,2020-04-05,Joint,"$1,001 - $15,000",12
?,"David A Perdue , Jr",Senate,BOIVF,P,2020-03-24,2020-04-05,Joint,"$1,001 - $15,000",12
?,"David A Perdue , Jr",Senate,BOIVF,P,2020-03-25,2020-04-05,Joint,"$1,001 - $15,000",11
?,"David A Perdue , Jr",Senate,DOW,P,2020-03-26,2020-04-05,Joint,"$1,001 - $15,000",10
?,"David A Perdue , Jr",Senate,NFLX,P,2020-03-26,2020-04-05,Joint,"$15,001 - $50,000",10
?,"David A Perdue , Jr",Senate,TRP,P,2020-03-26,2020-04-05,Joint,"$1,001 - $15,000",10
?,"David A Perdue , Jr",Senate,BOIVF,P,2020-03-26,2020-04-05,Joint,"$1,001 - $15,000",10
?,"David A Perdue , Jr",Senate,WMB,P,2020-03-26,2020-04-05,Joint,"$1,001 - $15,000",10
?,"David A Perdue , Jr",Senate,LNG,P,2020-03-26,2020-04-05,Joint,"$1,001 - $15,000",10
?,"David A Perdue , Jr",Senate,ORCL,S,2020-03-27,2020-04-05,Joint,"$15,001 - $50,000",9
?,"David A Perdue , Jr",Senate,BOIVF,P,2020-03-27,2020-04-05,Joint,"$1,001 - $15,000",9
?,"David A Perdue , Jr",Senate,VIAC,S,2020-03-27,2020-04-05,Joint,"$1,001 - $15,000",9
?,"David A Perdue , Jr",Senate,MU,P,2020-03-27,2020-04-05,Joint,"$1,001 - $15,000",9
?,"David A Perdue , Jr",Senate,GPK,S,2020-03-27,2020-04-05,Joint,"$15,001 - $50,000",9
?,"David A Perdue , Jr",Senate,SBUX,P,2020-03-27,2020-04-05,Joint,"$1,001 - $15,000",9
?,"David A Perdue , Jr",Senate,GPK,S,2020-03-30,2020-04-05,Joint,"$1,001 - $15,000",6
?,"David A Perdue , Jr",Senate,MU,P,2020-03-30,2020-04-05,Joint,"$1,001 - $15,000",6
D,Thomas R Carper,Senate,VZ,P,2020-03-24,2020-04-01,Spouse,"$1,001 - $15,000",8
D,Thomas R Carper,Senate,CEF,P,2020-03-23,2020-04-01,Spouse,"$1,001 - $15,000",9
D,Thomas R Carper,Senate,DIS,P,2020-03-27,2020-04-01,Spouse,"$1,001 - $15,000",5
D,Thomas R Carper,Senate,SWKS,P,2020-03-27,2020-04-01,Spouse,"$1,001 - $15,000",5
D,Thomas R Carper,Senate,CVS,P,2020-03-27,2020-04-01,Spouse,"$1,001 - $15,000",5
D,Thomas R Carper,Senate,PYPL,P,2020-03-27,2020-04-01,Spouse,"$1,001 - $15,000",5
D,Thomas R Carper,Senate,VOD,S,2020-03-24,2020-04-01,Spouse,"$1,001 - $15,000",8
D,Thomas R Carper,Senate,MPC,S,2020-03-24,2020-04-01,Spouse,"$1,001 - $15,000",8
D,Thomas R Carper,Senate,WFC,S,2020-03-24,2020-04-01,Spouse,"$1,001 - $15,000",8
D,Thomas R Carper,Senate,CSCO,P,2020-03-24,2020-04-01,Spouse,"$1,001 - $15,000",8
D,Thomas R Carper,Senate,ABBV,P,2020-03-24,2020-04-01,Spouse,"$1,001 - $15,000",8
D,Thomas R Carper,Senate,JPM,P,2020-03-24,2020-04-01,Spouse,"$1,001 - $15,000",8
R,Kelly Loeffler,Senate,ICE,S,2020-03-11,2020-03-31,Spouse,"$5,000,001 - $25,000,000",20
R,Kelly Loeffler,Senate,ICE,S,2020-02-26,2020-03-31,Spouse,"$1,000,001 - $5,000,000",34
R,Kelly Loeffler,Senate,ICE,P,2020-02-26,2020-03-31,Spouse,"$1,000,001 - $5,000,000",34
R,Kelly Loeffler,Senate,ICE,P,2020-02-18,2020-03-31,Self,"$5,000,001 - $25,000,000",42
R,Kelly Loeffler,Senate,DD,S,2020-02-21,2020-03-31,Spouse,"$1,001 - $15,000",39
R,Kelly Loeffler,Senate,K,S,2020-02-21,2020-03-31,Spouse,"$1,001 - $15,000",39
R,Kelly Loeffler,Senate,BABA,S,2020-02-21,2020-03-31,Spouse,"$1,001 - $15,000",39
R,Kelly Loeffler,Senate,AIZ,S,2020-02-20,2020-03-31,Spouse,"$1,001 - $15,000",40
R,Kelly Loeffler,Senate,ABBV,S,2020-02-20,2020-03-31,Spouse,"$1,001 - $15,000",40
R,Kelly Loeffler,Senate,DOCU,S,2020-02-20,2020-03-31,Joint,"$100,001 - $250,000",40
R,Kelly Loeffler,Senate,PRU,P,2020-03-13,2020-03-31,Spouse,"$15,001 - $50,000",18
R,Kelly Loeffler,Senate,CVX,P,2020-03-10,2020-03-31,Spouse,"$100,001 - $250,000",21
R,Kelly Loeffler,Senate,DD,P,2020-03-10,2020-03-31,Spouse,"$1,001 - $15,000",21
R,Kelly Loeffler,Senate,AIZ,S,2020-03-09,2020-03-31,Spouse,"$15,001 - $50,000",22
R,Kelly Loeffler,Senate,EMR,S,2020-03-09,2020-03-31,Spouse,"$1,001 - $15,000",22
R,Kelly Loeffler,Senate,CR,S,2020-03-09,2020-03-31,Spouse,"$15,001 - $50,000",22
R,Kelly Loeffler,Senate,HIG,S,2020-03-09,2020-03-31,Spouse,"$1,001 - $15,000",22
R,Kelly Loeffler,Senate,AMGN,S,2020-03-04,2020-03-31,Spouse,"$15,001 - $50,000",27
R,Kelly Loeffler,Senate,AIG,S,2020-03-04,2020-03-31,Spouse,"$1,001 - $15,000",27
R,Kelly Loeffler,Senate,PANW,S,2020-03-04,2020-03-31,Spouse,"$1,001 - $15,000",27
R,Kelly Loeffler,Senate,CVX,S,2020-03-04,2020-03-31,Spouse,"$15,001 - $50,000",27
R,Kelly Loeffler,Senate,BP,S,2020-03-04,2020-03-31,Spouse,"$1,001 - $15,000",27
R,Kelly Loeffler,Senate,DD,P,2020-03-03,2020-03-31,Spouse,"$50,001 - $100,000",28
R,Kelly Loeffler,Senate,DD,P,2020-03-02,2020-03-31,Spouse,"$15,001 - $50,000",29
R,Kelly Loeffler,Senate,DD,P,2020-02-28,2020-03-31,Spouse,"$100,001 - $250,000",32
R,Kelly Loeffler,Senate,BKNG,S,2020-03-11,2020-03-31,Joint,"$1,001 - $15,000",20
R,Kelly Loeffler,Senate,BKNG,S,2020-03-10,2020-03-31,Joint,"$15,001 - $50,000",21
R,Kelly Loeffler,Senate,HELE,S,2020-03-09,2020-03-31,Joint,"$50,001 - $100,000",22
R,Kelly Loeffler,Senate,BKNG,P,2020-03-06,2020-03-31,Joint,"$15,001 - $50,000",25
R,Kelly Loeffler,Senate,TJX,S,2020-03-09,2020-03-31,Joint,"$15,001 - $50,000",22
R,Kelly Loeffler,Senate,ROST,S,2020-03-03,2020-03-31,Joint,"$15,001 - $50,000",28
R,Kelly Loeffler,Senate,LULU,S,2020-03-03,2020-03-31,Joint,"$50,001 - $100,000",28
R,Kelly Loeffler,Senate,FB,S,2020-03-03,2020-03-31,Joint,"$50,001 - $100,000",28
R,Kelly Loeffler,Senate,ROST,S,2020-03-02,2020-03-31,Joint,"$15,001 - $50,000",29
R,Kelly Loeffler,Senate,CME,P,2020-02-26,2020-03-31,Joint,"$100,001 - $250,000",34
R,Kelly Loeffler,Senate,NVDA,S,2020-02-26,2020-03-31,Joint,"$15,001 - $50,000",34
R,Kelly Loeffler,Senate,AZO,S,2020-02-26,2020-03-31,Joint,"$15,001 - $50,000",34
R,Kelly Loeffler,Senate,ADP,S,2020-02-26,2020-03-31,Joint,"$50,001 - $100,000",34
R,Kelly Loeffler,Senate,ARNA,S,2020-02-26,2020-03-31,Joint,"$15,001 - $50,000",34
R,Kelly Loeffler,Senate,AMZN,S,2020-02-27,2020-03-31,Joint,"$15,001 - $50,000",33
R,Kelly Loeffler,Senate,CME,P,2020-02-24,2020-03-31,Joint,"$50,001 - $100,000",36
R,Kelly Loeffler,Senate,AMZN,P,2020-02-24,2020-03-31,Joint,"$15,001 - $50,000",36
R,Kelly Loeffler,Senate,NVDA,S,2020-02-24,2020-03-31,Joint,"$15,001 - $50,000",36
R,Kelly Loeffler,Senate,IPHI,S,2020-02-24,2020-03-31,Joint,"$15,001 - $50,000",36
R,Kelly Loeffler,Senate,FB,S,2020-02-24,2020-03-31,Joint,"$15,001 - $50,000",36
R,Kelly Loeffler,Senate,ARNA,S,2020-02-24,2020-03-31,Joint,"$50,001 - $100,000",36
D,Sheldon Whitehouse,Senate,WM,S,2020-02-13,2020-03-31,Self,"$15,001 - $50,000",47
D,Sheldon Whitehouse,Senate,DLR,P,2020-02-13,2020-03-31,Self,"$15,001 - $50,000",47
R,Pat Roberts,Senate,MSFT,P,2020-03-26,2020-03-28,Spouse,"$1,001 - $15,000",2
R,Pat Roberts,Senate,MSFT,P,2020-03-24,2020-03-28,Spouse,"$1,001 - $15,000",4
R,Pat Roberts,Senate,DIS,P,2020-03-24,2020-03-28,Spouse,"$1,001 - $15,000",4
R,Pat Roberts,Senate,XOM,P,2020-03-26,2020-03-28,Spouse,"$1,001 - $15,000",2
R,Pat Roberts,Senate,CVX,P,2020-03-26,2020-03-28,Spouse,"$1,001 - $15,000",2
R,Pat Roberts,Senate,BA,P,2020-03-26,2020-03-28,Spouse,"$15,001 - $50,000",2
R,Pat Roberts,Senate,WMT,P,2020-03-24,2020-03-28,Spouse,"$1,001 - $15,000",4
R,Pat Roberts,Senate,AAPL,P,2020-03-24,2020-03-28,Spouse,"$15,001 - $50,000",4
R,Pat Roberts,Senate,V,P,2020-03-20,2020-03-28,Spouse,"$15,001 - $50,000",8
R,Pat Roberts,Senate,WMT,S,2020-03-09,2020-03-28,Spouse,"$1,001 - $15,000",19
R,Pat Roberts,Senate,NFLX,P,2020-03-06,2020-03-28,Spouse,"$100,001 - $250,000",22
R,Pat Roberts,Senate,NVDA,S,2020-03-02,2020-03-28,Spouse,"$15,001 - $50,000",26
R,Pat Roberts,Senate,NFLX,S,2020-03-02,2020-03-28,Spouse,"$50,001 - $100,000",26
R,Pat Roberts,Senate,AAPL,P,2020-03-20,2020-03-28,Spouse,"$15,001 - $50,000",8
R,Pat Roberts,Senate,NVDA,P,2020-03-06,2020-03-28,Spouse,"$50,001 - $100,000",22
R,Pat Roberts,Senate,AAPL,P,2020-03-06,2020-03-28,Spouse,"$15,001 - $50,000",22
R,Pat Roberts,Senate,AAPL,S,2020-03-02,2020-03-28,Spouse,"$15,001 - $50,000",26
R,William Cassidy,Senate,WMT,S,2020-03-09,2020-03-27,Spouse,"$1,001 - $15,000",18
R,William Cassidy,Senate,TROW,S,2020-03-09,2020-03-27,Spouse,"$1,001 - $15,000",18
R,William Cassidy,Senate,PG,S,2020-03-09,2020-03-27,Spouse,"$1,001 - $15,000",18
R,William Cassidy,Senate,MSFT,S,2020-03-09,2020-03-27,Spouse,"$1,001 - $15,000",18
R,William Cassidy,Senate,MDT,S,2020-03-09,2020-03-27,Spouse,"$1,001 - $15,000",18
R,William Cassidy,Senate,EMR,S,2020-03-09,2020-03-27,Spouse,"$1,001 - $15,000",18
R,William Cassidy,Senate,BLK,S,2020-03-09,2020-03-27,Spouse,"$1,001 - $15,000",18
R,William Cassidy,Senate,AAPL,S,2020-03-09,2020-03-27,Spouse,"$1,001 - $15,000",18
R,William Cassidy,Senate,AMGN,S,2020-03-09,2020-03-27,Spouse,"$1,001 - $15,000",18
R,William Cassidy,Senate,T,S,2020-03-09,2020-03-27,Spouse,"$1,001 - $15,000",18
R,William Cassidy,Senate,VFC,P,2020-03-09,2020-03-27,Spouse,"$1,001 - $15,000",18
R,William Cassidy,Senate,PSX,P,2020-03-09,2020-03-27,Spouse,"$1,001 - $15,000",18
R,William Cassidy,Senate,MMM,P,2020-03-09,2020-03-27,Spouse,"$1,001 - $15,000",18
R,William Cassidy,Senate,JNJ,P,2020-03-09,2020-03-27,Spouse,"$1,001 - $15,000",18
R,William Cassidy,Senate,DOW,P,2020-03-09,2020-03-27,Spouse,"$1,001 - $15,000",18
?,"Jerry Moran,",Senate,VWO,S,2020-03-10,2020-03-16,Self,"$15,001 - $50,000",6
?,"Jerry Moran,",Senate,HAL,P,2020-03-10,2020-03-16,Joint,"$1,001 - $15,000",6
?,"Jerry Moran,",Senate,XOM,P,2020-03-10,2020-03-16,Self,"$1,001 - $15,000",6
R,James M Inhofe,Senate,BAM,S,2020-02-20,2020-03-13,Self,"$50,001 - $100,000",22
D,Jacklyn S Rosen,Senate,IR,E,2020-02-29,2020-03-13,Joint,"$1,001 - $15,000",13
R,Kelly Loeffler,Senate,ORCL,P,2020-02-14,2020-03-12,Joint,"$100,001 - $250,000",27
R,Kelly Loeffler,Senate,XOM,S,2020-02-14,2020-03-12,Joint,"$250,001 - $500,000",27
R,Kelly Loeffler,Senate,CTXS,P,2020-02-14,2020-03-12,Joint,"$100,001 - $250,000",27
R,Kelly Loeffler,Senate,FNKO,S,2020-02-12,2020-03-12,Joint,"$50,001 - $100,000",29
R,Kelly Loeffler,Senate,EEFT,S,2020-02-12,2020-03-12,Joint,"$100,001 - $250,000",29
R,Kelly Loeffler,Senate,ORLY,S,2020-02-11,2020-03-12,Joint,"$15,001 - $50,000",30
R,Kelly Loeffler,Senate,FNKO,S,2020-02-11,2020-03-12,Joint,"$50,001 - $100,000",30
R,Kelly Loeffler,Senate,FNKO,S,2020-02-10,2020-03-12,Joint,"$15,001 - $50,000",31
R,Kelly Loeffler,Senate,AZO,S,2020-02-10,2020-03-12,Joint,"$15,001 - $50,000",31
R,Kelly Loeffler,Senate,ARNA,S,2020-02-10,2020-03-12,Joint,"$50,001 - $100,000",31
R,Kelly Loeffler,Senate,TCEHY,S,2020-02-07,2020-03-12,Joint,"$15,001 - $50,000",34
R,Kelly Loeffler,Senate,ROKU,S,2020-02-07,2020-03-12,Joint,"$100,001 - $250,000",34
R,Kelly Loeffler,Senate,FNKO,S,2020-02-07,2020-03-12,Joint,"$15,001 - $50,000",34
R,Kelly Loeffler,Senate,ARNA,S,2020-02-07,2020-03-12,Joint,"$50,001 - $100,000",34
R,Kelly Loeffler,Senate,TCEHY,S,2020-02-06,2020-03-12,Joint,"$15,001 - $50,000",35
R,Kelly Loeffler,Senate,KL,S,2020-02-06,2020-03-12,Joint,"$50,001 - $100,000",35
R,Kelly Loeffler,Senate,CMCSA,S,2020-02-06,2020-03-12,Joint,"$15,001 - $50,000",35
R,Kelly Loeffler,Senate,AZO,S,2020-02-06,2020-03-12,Joint,"$15,001 - $50,000",35
R,Kelly Loeffler,Senate,HON,S,2020-02-05,2020-03-12,Joint,"$100,001 - $250,000",36
R,Kelly Loeffler,Senate,MRK,S,2020-02-05,2020-03-12,Spouse,"$1,001 - $15,000",36
R,Kelly Loeffler,Senate,DFS,S,2020-02-05,2020-03-12,Spouse,"$1,001 - $15,000",36
R,Kelly Loeffler,Senate,DAL,S,2020-02-05,2020-03-12,Spouse,"$1,001 - $15,000",36
R,Kelly Loeffler,Senate,EMR,S,2020-02-05,2020-03-12,Spouse,"$1,001 - $15,000",36
R,Kelly Loeffler,Senate,CAT,S,2020-02-14,2020-03-12,Spouse,"$1,001 - $15,000",27
R,Kelly Loeffler,Senate,AFL,S,2020-02-14,2020-03-12,Spouse,"$1,001 - $15,000",27
R,Kelly Loeffler,Senate,CMCSA,S,2020-01-14,2020-03-12,Spouse,"$1,001 - $15,000",58
R,Kelly Loeffler,Senate,CSCO,S,2020-01-14,2020-03-12,Spouse,"$1,001 - $15,000",58
R,Kelly Loeffler,Senate,GS,S,2020-01-14,2020-03-12,Spouse,"$1,001 - $15,000",58
R,Kelly Loeffler,Senate,CVX,S,2020-01-14,2020-03-12,Spouse,"$1,001 - $15,000",58
R,Kelly Loeffler,Senate,UL,S,2020-01-14,2020-03-12,Spouse,"$1,001 - $15,000",58
R,Kelly Loeffler,Senate,PRU,S,2020-01-08,2020-03-12,Spouse,"$1,001 - $15,000",64
R,Kelly Loeffler,Senate,TJX,S,2020-01-31,2020-03-12,Joint,"$15,001 - $50,000",41
R,Kelly Loeffler,Senate,ROST,S,2020-01-31,2020-03-12,Joint,"$15,001 - $50,000",41
R,Kelly Loeffler,Senate,AZO,S,2020-01-31,2020-03-12,Joint,"$15,001 - $50,000",41
R,Kelly Loeffler,Senate,AZO,S,2020-01-30,2020-03-12,Joint,"$15,001 - $50,000",42
R,Kelly Loeffler,Senate,ROST,S,2020-01-29,2020-03-12,Joint,"$15,001 - $50,000",43
R,Kelly Loeffler,Senate,KEYS,S,2020-01-29,2020-03-12,Joint,"$100,001 - $250,000",43
R,Kelly Loeffler,Senate,CMCSA,S,2020-01-29,2020-03-12,Joint,"$15,001 - $50,000",43
R,Kelly Loeffler,Senate,REZI,S,2020-01-28,2020-03-12,Joint,"$15,001 - $50,000",44
R,Kelly Loeffler,Senate,REZI,S,2020-01-27,2020-03-12,Joint,"$100,001 - $250,000",45
R,Kelly Loeffler,Senate,DFS,P,2020-01-21,2020-03-12,Spouse,"$250,001 - $500,000",51
R,Kelly Loeffler,Senate,REZI,S,2020-01-24,2020-03-12,Joint,"$50,001 - $100,000",48
?,"A. Mitchell McConnell, Jr.",Senate,WFC,P,2020-03-04,2020-03-11,Spouse,"$1,001 - $15,000",7
R,Pat Roberts,Senate,WMT,P,2020-02-18,2020-03-04,Spouse,"$1,001 - $15,000",15
R,Pat Roberts,Senate,NVDA,P,2020-02-11,2020-03-04,Spouse,"$15,001 - $50,000",22
R,Pat Roberts,Senate,MSFT,P,2020-02-11,2020-03-04,Spouse,"$15,001 - $50,000",22
?,"David A Perdue , Jr",Senate,GM,P,2020-02-28,2020-03-03,Joint,"$1,001 - $15,000",4
?,"David A Perdue , Jr",Senate,PFE,P,2020-02-28,2020-03-03,Joint,"$15,001 - $50,000",4
?,"David A Perdue , Jr",Senate,DD,P,2020-02-28,2020-03-03,Joint,"$1,001 - $15,000",4
?,"David A Perdue , Jr",Senate,DVN,P,2020-02-28,2020-03-03,Joint,"$1,001 - $15,000",4
?,"David A Perdue , Jr",Senate,CZR,S,2020-02-28,2020-03-03,Joint,"$1,001 - $15,000",4
?,"David A Perdue , Jr",Senate,DD,P,2020-02-27,2020-03-03,Joint,"$1,001 - $15,000",5
?,"David A Perdue , Jr",Senate,PFE,P,2020-02-27,2020-03-03,Joint,"$15,001 - $50,000",5
?,"David A Perdue , Jr",Senate,DAL,P,2020-02-27,2020-03-03,Joint,"$1,001 - $15,000",5
?,"David A Perdue , Jr",Senate,CZR,S,2020-02-27,2020-03-03,Joint,"$1,001 - $15,000",5
?,"David A Perdue , Jr",Senate,PFE,P,2020-02-26,2020-03-03,Joint,"$1,001 - $15,000",6
?,"David A Perdue , Jr",Senate,CZR,S,2020-02-26,2020-03-03,Joint,"$1,001 - $15,000",6
?,"David A Perdue , Jr",Senate,GPK,P,2020-02-26,2020-03-03,Joint,"$1,001 - $15,000",6
?,"David A Perdue , Jr",Senate,DD,P,2020-02-26,2020-03-03,Joint,"$1,001 - $15,000",6
?,"David A Perdue , Jr",Senate,T,S,2020-02-26,2020-03-03,Joint,"$15,001 - $50,000",6
?,"David A Perdue , Jr",Senate,VIAC,P,2020-02-26,2020-03-03,Joint,"$1,001 - $15,000",6
?,"David A Perdue , Jr",Senate,DIS,P,2020-02-26,2020-03-03,Joint,"$15,001 - $50,000",6
?,"David A Perdue , Jr",Senate,CZR,S,2020-02-25,2020-03-03,Joint,"$1,001 - $15,000",7
?,"David A Perdue , Jr",Senate,FEYE,P,2020-02-25,2020-03-03,Joint,"$1,001 - $15,000",7
?,"David A Perdue , Jr",Senate,GPK,P,2020-02-25,2020-03-03,Joint,"$1,001 - $15,000",7
?,"David A Perdue , Jr",Senate,DAL,P,2020-02-25,2020-03-03,Joint,"$1,001 - $15,000",7
?,"David A Perdue , Jr",Senate,T,S,2020-02-25,2020-03-03,Joint,"$15,001 - $50,000",7
?,"David A Perdue , Jr",Senate,VIAC,P,2020-02-25,2020-03-03,Joint,"$1,001 - $15,000",7
?,"David A Perdue , Jr",Senate,DVN,P,2020-02-25,2020-03-03,Joint,"$1,001 - $15,000",7
?,"David A Perdue , Jr",Senate,T,S,2020-02-24,2020-03-03,Joint,"$1,001 - $15,000",8
?,"David A Perdue , Jr",Senate,CZR,S,2020-02-24,2020-03-03,Joint,"$1,001 - $15,000",8
?,"David A Perdue , Jr",Senate,VIAC,P,2020-02-24,2020-03-03,Joint,"$1,001 - $15,000",8
?,"David A Perdue , Jr",Senate,TRP,P,2020-02-24,2020-03-03,Joint,"$1,001 - $15,000",8
?,"David A Perdue , Jr",Senate,DAL,P,2020-02-24,2020-03-03,Joint,"$15,001 - $50,000",8
?,"David A Perdue , Jr",Senate,HBI,P,2020-02-07,2020-03-03,Joint,"$1,001 - $15,000",25
?,"David A Perdue , Jr",Senate,WMB,S,2020-02-10,2020-03-03,Joint,"$1,001 - $15,000",22
?,"David A Perdue , Jr",Senate,TRGP,S,2020-02-10,2020-03-03,Joint,"$1,001 - $15,000",22
?,"David A Perdue , Jr",Senate,HBI,P,2020-02-10,2020-03-03,Joint,"$1,001 - $15,000",22
?,"David A Perdue , Jr",Senate,ET,S,2020-02-10,2020-03-03,Joint,"$1,001 - $15,000",22
?,"David A Perdue , Jr",Senate,AAPL,S,2020-02-11,2020-03-03,Joint,"$1,001 - $15,000",21
?,"David A Perdue , Jr",Senate,ET,S,2020-02-13,2020-03-03,Joint,"$1,001 - $15,000",19
?,"David A Perdue , Jr",Senate,WMB,S,2020-02-19,2020-03-03,Joint,"$1,001 - $15,000",13
?,"David A Perdue , Jr",Senate,TRGP,S,2020-02-19,2020-03-03,Joint,"$1,001 - $15,000",13
?,"David A Perdue , Jr",Senate,MPLX,S,2020-02-19,2020-03-03,Joint,"$1,001 - $15,000",13
?,"David A Perdue , Jr",Senate,ENB,P,2020-02-19,2020-03-03,Joint,"$1,001 - $15,000",13
?,"David A Perdue , Jr",Senate,DCP,S,2020-02-19,2020-03-03,Joint,"$1,001 - $15,000",13
?,"David A Perdue , Jr",Senate,LNG,S,2020-02-19,2020-03-03,Joint,"$1,001 - $15,000",13
?,"David A Perdue , Jr",Senate,ALB,S,2020-02-19,2020-03-03,Joint,"$1,001 - $15,000",13
?,"David A Perdue , Jr",Senate,WES,S,2020-02-20,2020-03-03,Joint,"$1,001 - $15,000",12
?,"David A Perdue , Jr",Senate,SHLX,S,2020-02-20,2020-03-03,Joint,"$1,001 - $15,000",12
?,"David A Perdue , Jr",Senate,OKE,S,2020-02-20,2020-03-03,Joint,"$1,001 - $15,000",12
?,"David A Perdue , Jr",Senate,T,S,2020-02-20,2020-03-03,Joint,"$1,001 - $15,000",12
?,"David A Perdue , Jr",Senate,PSXP,P,2020-02-21,2020-03-03,Joint,"$15,001 - $50,000",11
?,"David A Perdue , Jr",Senate,VIAC,P,2020-02-21,2020-03-03,Joint,"$1,001 - $15,000",11
?,"David A Perdue , Jr",Senate,T,S,2020-02-21,2020-03-03,Joint,"$15,001 - $50,000",11
D,Thomas R Carper,Senate,HQL,P,2020-02-22,2020-03-03,Spouse,"$1,001 - $15,000",10
D,Thomas R Carper,Senate,BSTZ,S,2020-02-22,2020-03-03,Spouse,"$1,001 - $15,000",10
R,John Hoeven,Senate,BMEZ,P,2020-01-29,2020-02-24,Self,"$100,001 - $250,000",26
R,James M Inhofe,Senate,PYPL,S,2020-01-27,2020-02-14,Self,"$15,001 - $50,000",18
R,James M Inhofe,Senate,INTU,S,2020-01-27,2020-02-14,Self,"$50,001 - $100,000",18
R,James M Inhofe,Senate,DHR,S,2020-01-27,2020-02-14,Self,"$50,001 - $100,000",18
R,James M Inhofe,Senate,BAM,S,2020-01-27,2020-02-14,Self,"$50,001 - $100,000",18
R,James M Inhofe,Senate,AAPL,S,2020-01-27,2020-02-14,Self,"$15,001 - $50,000",18
R,Kelly Loeffler,Senate,CMCSA,S,2020-01-14,2020-02-07,Spouse,"$1,001 - $15,000",24
R,Kelly Loeffler,Senate,CSCO,S,2020-01-14,2020-02-07,Spouse,"$1,001 - $15,000",24
R,Kelly Loeffler,Senate,GS,S,2020-01-14,2020-02-07,Spouse,"$1,001 - $15,000",24
R,Kelly Loeffler,Senate,CVX,S,2020-01-14,2020-02-07,Spouse,"$1,001 - $15,000",24
R,Kelly Loeffler,Senate,UL,S,2020-01-14,2020-02-07,Spouse,"$1,001 - $15,000",24
R,Kelly Loeffler,Senate,PRU,S,2020-01-08,2020-02-07,Spouse,"$1,001 - $15,000",30
R,Kelly Loeffler,Senate,TJX,S,2020-01-31,2020-02-07,Spouse,"$15,001 - $50,000",7
R,Kelly Loeffler,Senate,ROST,S,2020-01-31,2020-02-07,Spouse,"$15,001 - $50,000",7
R,Kelly Loeffler,Senate,AZO,S,2020-01-31,2020-02-07,Spouse,"$15,001 - $50,000",7
R,Kelly Loeffler,Senate,AZO,S,2020-01-30,2020-02-07,Spouse,"$15,001 - $50,000",8
R,Kelly Loeffler,Senate,ROST,S,2020-01-29,2020-02-07,Spouse,"$15,001 - $50,000",9
R,Kelly Loeffler,Senate,KEYS,S,2020-01-29,2020-02-07,Spouse,"$100,001 - $250,000",9
R,Kelly Loeffler,Senate,CMCSA,S,2020-01-29,2020-02-07,Spouse,"$15,001 - $50,000",9
R,Kelly Loeffler,Senate,REZI,S,2020-01-28,2020-02-07,Spouse,"$15,001 - $50,000",10
R,Kelly Loeffler,Senate,REZI,S,2020-01-27,2020-02-07,Spouse,"$100,001 - $250,000",11
R,Kelly Loeffler,Senate,DFS,P,2020-01-21,2020-02-07,Spouse,"$250,001 - $500,000",17
R,Kelly Loeffler,Senate,REZI,S,2020-01-24,2020-02-07,Spouse,"$50,001 - $100,000",14
?,"David A Perdue , Jr",Senate,ENTG,S,2020-01-13,2020-02-03,Joint,"$1,001 - $15,000",21
?,"David A Perdue , Jr",Senate,URBN,P,2020-01-13,2020-02-03,Joint,"$1,001 - $15,000",21
?,"David A Perdue , Jr",Senate,BAC,S,2020-01-30,2020-02-03,Joint,"$15,001 - $50,000",4
?,"David A Perdue , Jr",Senate,GLW,P,2020-01-29,2020-02-03,Joint,"$1,001 - $15,000",5
?,"David A Perdue , Jr",Senate,AXTA,S,2020-01-29,2020-02-03,Joint,"$15,001 - $50,000",5
?,"David A Perdue , Jr",Senate,AAPL,S,2020-01-28,2020-02-03,Joint,"$1,001 - $15,000",6
?,"David A Perdue , Jr",Senate,WPX,P,2020-01-27,2020-02-03,Joint,"$1,001 - $15,000",7
?,"David A Perdue , Jr",Senate,GPK,S,2020-01-27,2020-02-03,Joint,"$1,001 - $15,000",7
?,"David A Perdue , Jr",Senate,BAC,S,2020-01-24,2020-02-03,Joint,"$1,001 - $15,000",10
?,"David A Perdue , Jr",Senate,WPX,P,2020-01-24,2020-02-03,Joint,"$1,001 - $15,000",10
?,"David A Perdue , Jr",Senate,DD,P,2020-01-24,2020-02-03,Joint,"$1,001 - $15,000",10
?,"David A Perdue , Jr",Senate,CDLX,S,2020-01-23,2020-02-03,Joint,"$1,000,001 - $5,000,000",11
?,"David A Perdue , Jr",Senate,GPK,S,2020-01-22,2020-02-03,Joint,"$1,001 - $15,000",12
?,"David A Perdue , Jr",Senate,URBN,P,2020-01-21,2020-02-03,Joint,"$1,001 - $15,000",13
?,"David A Perdue , Jr",Senate,GPK,S,2020-01-14,2020-02-03,Joint,"$1,001 - $15,000",20
?,"David A Perdue , Jr",Senate,ENTG,S,2020-01-14,2020-02-03,Joint,"$1,001 - $15,000",20
?,"David A Perdue , Jr",Senate,AAPL,S,2020-01-10,2020-02-03,Joint,"$1,001 - $15,000",24
?,"David A Perdue , Jr",Senate,ENTG,S,2020-01-10,2020-02-03,Joint,"$1,001 - $15,000",24
?,"David A Perdue , Jr",Senate,URBN,P,2020-01-10,2020-02-03,Joint,"$1,001 - $15,000",24
?,"David A Perdue , Jr",Senate,FEYE,S,2020-01-07,2020-02-03,Joint,"$1,001 - $15,000",27
?,"David A Perdue , Jr",Senate,ALB,P,2020-01-06,2020-02-03,Joint,"$1,001 - $15,000",28
R,Pat Roberts,Senate,MA,P,2020-01-21,2020-02-03,Spouse,"$15,001 - $50,000",13
R,Pat Roberts,Senate,KSS,S,2020-01-13,2020-02-03,Spouse,"$1,001 - $15,000",21
R,Pat Roberts,Senate,NFLX,P,2020-01-13,2020-02-03,Spouse,"$15,001 - $50,000",21
R,Pat Roberts,Senate,AMZN,P,2020-01-10,2020-02-03,Spouse,"$15,001 - $50,000",24
R,Pat Roberts,Senate,NFLX,P,2020-01-10,2020-02-03,Spouse,"$15,001 - $50,000",24
R,Pat Roberts,Senate,MA,S,2020-01-06,2020-02-03,Spouse,"$50,001 - $100,000",28
R,Pat Roberts,Senate,NVDA,S,2020-01-06,2020-02-03,Spouse,"$15,001 - $50,000",28
R,Pat Roberts,Senate,AMZN,S,2020-01-06,2020-02-03,Spouse,"$15,001 - $50,000",28
R,Pat Roberts,Senate,ETY,S,2020-01-13,2020-02-03,Spouse,"$15,001 - $50,000",21
R,Pat Roberts,Senate,BABA,P,2020-01-14,2020-02-03,Spouse,"$15,001 - $50,000",20
R,Pat Roberts,Senate,NFLX,S,2020-01-06,2020-02-03,Spouse,"$15,001 - $50,000",28
R,James M Inhofe,Senate,PG,S,2020-01-13,2020-01-23,Self,"$100,001 - $250,000",10
R,James M Inhofe,Senate,BFAM,S,2020-01-13,2020-01-23,Self,"$50,001 - $100,000",10
R,Shelley M Capito,Senate,CMCSA,P,2019-12-16,2020-01-12,Spouse,"$1,001 - $15,000",27
R,Shelley M Capito,Senate,C,S,2019-12-11,2020-01-12,Spouse,"$1,001 - $15,000",32
?,"David A Perdue , Jr",Senate,RF,P,2020-01-03,2020-01-10,Joint,"$15,001 - $50,000",7
?,"David A Perdue , Jr",Senate,ENTG,S,2020-01-02,2020-01-10,Joint,"$1,001 - $15,000",8
?,"David A Perdue , Jr",Senate,ALB,P,2019-12-31,2020-01-10,Joint,"$1,001 - $15,000",10
?,"David A Perdue , Jr",Senate,BAH,P,2019-12-31,2020-01-10,Joint,"$15,001 - $50,000",10
?,"David A Perdue , Jr",Senate,DOW,S,2019-12-31,2020-01-10,Joint,"$1,001 - $15,000",10
?,"David A Perdue , Jr",Senate,KMI,P,2019-12-31,2020-01-10,Joint,"$1,001 - $15,000",10
?,"David A Perdue , Jr",Senate,URBN,P,2019-12-30,2020-01-10,Joint,"$1,001 - $15,000",11
?,"David A Perdue , Jr",Senate,URBN,P,2019-12-23,2020-01-10,Joint,"$1,001 - $15,000",18
?,"David A Perdue , Jr",Senate,ACA,S,2019-12-19,2020-01-10,Joint,"$1,001 - $15,000",22
?,"David A Perdue , Jr",Senate,URBN,P,2019-12-19,2020-01-10,Joint,"$1,001 - $15,000",22
?,"David A Perdue , Jr",Senate,FDX,P,2019-12-18,2020-01-10,Joint,"$15,001 - $50,000",23
?,"David A Perdue , Jr",Senate,PAA,P,2019-12-17,2020-01-10,Joint,"$1,001 - $15,000",24
?,"David A Perdue , Jr",Senate,URBN,P,2019-12-16,2020-01-10,Joint,"$1,001 - $15,000",25
?,"David A Perdue , Jr",Senate,ENTG,S,2019-12-16,2020-01-10,Joint,"$1,001 - $15,000",25
?,"David A Perdue , Jr",Senate,LNG,P,2019-12-16,2020-01-10,Joint,"$1,001 - $15,000",25
?,"David A Perdue , Jr",Senate,SUN,S,2019-12-13,2020-01-10,Joint,"$1,001 - $15,000",28
?,"David A Perdue , Jr",Senate,URBN,P,2019-12-13,2020-01-10,Joint,"$1,001 - $15,000",28
?,"David A Perdue , Jr",Senate,IP,S,2019-12-12,2020-01-10,Joint,"$15,001 - $50,000",29
?,"David A Perdue , Jr",Senate,URBN,P,2019-12-11,2020-01-10,Joint,"$1,001 - $15,000",30
?,"David A Perdue , Jr",Senate,PAA,P,2019-12-10,2020-01-10,Joint,"$1,001 - $15,000",31
?,"David A Perdue , Jr",Senate,URBN,P,2019-12-10,2020-01-10,Joint,"$1,001 - $15,000",31
?,"David A Perdue , Jr",Senate,TRGP,P,2019-12-09,2020-01-10,Joint,"$1,001 - $15,000",32
?,"David A Perdue , Jr",Senate,URBN,P,2019-12-06,2020-01-10,Joint,"$1,001 - $15,000",35
?,"David A Perdue , Jr",Senate,ALB,P,2019-12-05,2020-01-10,Joint,"$1,001 - $15,000",36
?,"David A Perdue , Jr",Senate,URBN,P,2019-12-03,2020-01-10,Joint,"$1,001 - $15,000",38
R,Patrick J Toomey,Senate,PPL,P,2019-12-10,2020-01-09,Self,"$15,001 - $50,000",30
R,John Hoeven,Senate,BIV,P,2019-12-31,2020-01-09,Self,"$100,001 - $250,000",9
R,John Hoeven,Senate,VFIJX,P,2019-12-31,2020-01-09,Self,"$50,001 - $100,000",9
R,John Hoeven,Senate,SLB,P,2019-12-31,2020-01-09,Self,"$50,001 - $100,000",9
R,John Hoeven,Senate,MPC,P,2019-12-31,2020-01-09,Self,"$50,001 - $100,000",9
R,John Hoeven,Senate,TGBAX,S,2019-12-23,2020-01-09,Self,"$100,001 - $250,000",17
R,John Hoeven,Senate,REZI,S,2019-12-23,2020-01-09,Self,"$1,001 - $15,000",17
R,John Hoeven,Senate,KHC,S,2019-12-23,2020-01-09,Self,"$100,001 - $250,000",17
R,John Hoeven,Senate,GTX,S,2019-12-23,2020-01-09,Self,"$1,001 - $15,000",17
D,Sheldon Whitehouse,Senate,IBM,S,2019-12-19,2020-01-08,Joint,"$1,001 - $15,000",20
D,Thomas R Carper,Senate,UAA,S,2019-12-17,2020-01-08,Spouse,"$1,001 - $15,000",22
D,Thomas R Carper,Senate,BP,S,2019-12-17,2020-01-08,Spouse,"$1,001 - $15,000",22
R,Roy Blunt,Senate,KHC,S,2019-11-26,2019-12-28,Spouse,"$1,001 - $15,000",32
R,Roy Blunt,Senate,MDLZ,S,2019-12-02,2019-12-28,Spouse,"$50,001 - $100,000",26
R,James M Inhofe,Senate,EDIT,S,2019-02-04,2019-12-20,Self,"$15,001 - $50,000",319
R,James M Inhofe,Senate,MSFT,S,2019-01-29,2019-12-20,Self,"$15,001 - $50,000",325
R,James M Inhofe,Senate,DHR,S,2019-03-01,2019-12-20,Self,"$15,001 - $50,000",294
R,James M Inhofe,Senate,PYPL,S,2019-06-25,2019-12-20,Self,"$15,001 - $50,000",178
R,John Hoeven,Senate,PRU,P,2019-11-19,2019-12-12,Self,"$100,001 - $250,000",23
R,John Hoeven,Senate,BSTZ,P,2019-11-19,2019-12-12,Self,"$100,001 - $250,000",23
?,"A. Mitchell McConnell, Jr.",Senate,WFC,P,2019-12-04,2019-12-12,Spouse,"$1,001 - $15,000",8
R,Patrick J Toomey,Senate,GE,S,2019-11-05,2019-12-10,Self,"$1,001 - $15,000",35
R,Patrick J Toomey,Senate,ET,S,2019-11-06,2019-12-10,Self,"$1,001 - $15,000",34
R,Patrick J Toomey,Senate,NDAQ,P,2019-11-19,2019-12-10,Child,"$1,001 - $15,000",21
R,Patrick J Toomey,Senate,NDAQ,S,2019-11-19,2019-12-10,Child,"$1,001 - $15,000",21
?,"David A Perdue , Jr",Senate,URBN,P,2019-11-29,2019-12-05,Joint,"$1,001 - $15,000",6
?,"David A Perdue , Jr",Senate,URBN,P,2019-11-26,2019-12-05,Joint,"$1,001 - $15,000",9
?,"David A Perdue , Jr",Senate,AM,S,2019-11-21,2019-12-05,Joint,"$1,001 - $15,000",14
?,"David A Perdue , Jr",Senate,FEYE,S,2019-11-20,2019-12-05,Joint,"$1,001 - $15,000",15
?,"David A Perdue , Jr",Senate,ALB,P,2019-11-20,2019-12-05,Joint,"$1,001 - $15,000",15
?,"David A Perdue , Jr",Senate,ENTG,S,2019-11-19,2019-12-05,Joint,"$1,001 - $15,000",16
?,"David A Perdue , Jr",Senate,FEYE,S,2019-11-19,2019-12-05,Joint,"$1,001 - $15,000",16
?,"David A Perdue , Jr",Senate,SPY,S,2019-11-14,2019-12-05,Joint,"$15,001 - $50,000",21
?,"David A Perdue , Jr",Senate,CTSH,P,2019-11-14,2019-12-05,Joint,"$15,001 - $50,000",21
?,"David A Perdue , Jr",Senate,GPK,S,2019-11-14,2019-12-05,Joint,"$1,001 - $15,000",21
?,"David A Perdue , Jr",Senate,XOM,P,2019-11-14,2019-12-05,Joint,"$15,001 - $50,000",21
?,"David A Perdue , Jr",Senate,TCP,P,2019-11-12,2019-12-05,Joint,"$1,001 - $15,000",23
?,"David A Perdue , Jr",Senate,CBS,P,2019-11-12,2019-12-05,Joint,"$1,001 - $15,000",23
?,"David A Perdue , Jr",Senate,BOIVF,P,2019-11-11,2019-12-05,Joint,"$1,001 - $15,000",24
?,"David A Perdue , Jr",Senate,FDX,P,2019-11-11,2019-12-05,Joint,"$100,001 - $250,000",24
?,"David A Perdue , Jr",Senate,CBS,P,2019-11-11,2019-12-05,Joint,"$15,001 - $50,000",24
?,"David A Perdue , Jr",Senate,SPY,S,2019-11-11,2019-12-05,Joint,"$100,001 - $250,000",24
?,"David A Perdue , Jr",Senate,DVN,P,2019-11-11,2019-12-05,Joint,"$15,001 - $50,000",24
?,"David A Perdue , Jr",Senate,RF,P,2019-11-11,2019-12-05,Joint,"$100,001 - $250,000",24
?,"David A Perdue , Jr",Senate,ALB,P,2019-11-08,2019-12-05,Joint,"$1,001 - $15,000",27
?,"David A Perdue , Jr",Senate,BOIVF,P,2019-11-08,2019-12-05,Joint,"$1,001 - $15,000",27
?,"David A Perdue , Jr",Senate,FEYE,S,2019-11-08,2019-12-05,Joint,"$1,001 - $15,000",27
?,"David A Perdue , Jr",Senate,BOIVF,P,2019-11-07,2019-12-05,Joint,"$1,001 - $15,000",28
?,"David A Perdue , Jr",Senate,ACA,S,2019-11-07,2019-12-05,Joint,"$1,001 - $15,000",28
?,"David A Perdue , Jr",Senate,BOIVF,P,2019-11-06,2019-12-05,Joint,"$1,001 - $15,000",29
?,"David A Perdue , Jr",Senate,BOIVF,P,2019-11-04,2019-12-05,Joint,"$1,001 - $15,000",31
D,Thomas R Carper,Senate,MCD,P,2019-11-04,2019-12-03,Spouse,"$1,001 - $15,000",29
D,Thomas R Carper,Senate,RTN,P,2019-11-04,2019-12-03,Spouse,"$1,001 - $15,000",29
D,Thomas R Carper,Senate,MO,S,2019-11-04,2019-12-03,Spouse,"$1,001 - $15,000",29
D,Thomas R Carper,Senate,TSM,P,2019-11-04,2019-12-03,Spouse,"$1,001 - $15,000",29
D,Thomas R Carper,Senate,DRI,P,2019-11-04,2019-12-03,Spouse,"$1,001 - $15,000",29
R,Rafael E Cruz,Senate,PAGP,S,2019-11-27,2019-12-03,Joint,"$1,001 - $15,000",6
R,Pat Roberts,Senate,MA,P,2019-11-12,2019-12-01,Spouse,"$15,001 - $50,000",19
R,Pat Roberts,Senate,NOC,P,2019-11-04,2019-12-01,Spouse,"$15,001 - $50,000",27
R,Pat Roberts,Senate,DIS,P,2019-11-04,2019-12-01,Spouse,"$1,001 - $15,000",27
R,John Hoeven,Senate,IVZ,P,2019-11-05,2019-11-20,Self,"$50,001 - $100,000",15
R,John Hoeven,Senate,XOM,P,2019-11-05,2019-11-20,Self,"$50,001 - $100,000",15
R,John Hoeven,Senate,TWO,P,2019-11-04,2019-11-20,Self,"$50,001 - $100,000",16
R,John Hoeven,Senate,XOM,P,2019-11-04,2019-11-20,Self,"$50,001 - $100,000",16
R,John Hoeven,Senate,EXC,P,2019-11-04,2019-11-20,Self,"$50,001 - $100,000",16
R,John Hoeven,Senate,CVX,P,2019-11-04,2019-11-20,Self,"$50,001 - $100,000",16
R,Shelley M Capito,Senate,MSFT,S,2019-10-15,2019-11-11,Spouse,"$1,001 - $15,000",27
R,Daniel S Sullivan,Senate,RPM,S,2019-10-08,2019-11-06,Joint,"$15,001 - $50,000",29
?,"David A Perdue , Jr",Senate,ALB,P,2019-10-29,2019-11-05,Joint,"$1,001 - $15,000",7
?,"David A Perdue , Jr",Senate,NFLX,S,2019-10-23,2019-11-05,Joint,"$15,001 - $50,000",13
?,"David A Perdue , Jr",Senate,PEP,S,2019-10-28,2019-11-05,Joint,"$1,001 - $15,000",8
?,"David A Perdue , Jr",Senate,AAPL,S,2019-10-28,2019-11-05,Joint,"$15,001 - $50,000",8
?,"David A Perdue , Jr",Senate,ALB,P,2019-10-28,2019-11-05,Joint,"$1,001 - $15,000",8
?,"David A Perdue , Jr",Senate,DIS,S,2019-10-29,2019-11-05,Joint,"$1,001 - $15,000",7
?,"David A Perdue , Jr",Senate,TCP,P,2019-10-30,2019-11-05,Joint,"$1,001 - $15,000",6
?,"David A Perdue , Jr",Senate,ALB,P,2019-10-31,2019-11-05,Joint,"$1,001 - $15,000",5
?,"David A Perdue , Jr",Senate,EAF,S,2019-09-30,2019-11-05,Joint,"$1,001 - $15,000",36
?,"David A Perdue , Jr",Senate,MSFT,S,2019-09-30,2019-11-05,Joint,"$1,001 - $15,000",36
?,"David A Perdue , Jr",Senate,COP,P,2019-09-30,2019-11-05,Joint,"$1,001 - $15,000",36
?,"David A Perdue , Jr",Senate,STT,S,2019-09-30,2019-11-05,Joint,"$1,001 - $15,000",36
?,"David A Perdue , Jr",Senate,PG,S,2019-09-30,2019-11-05,Joint,"$15,001 - $50,000",36
?,"David A Perdue , Jr",Senate,DIS,S,2019-09-30,2019-11-05,Joint,"$15,001 - $50,000",36
?,"David A Perdue , Jr",Senate,USB,S,2019-09-30,2019-11-05,Joint,"$1,001 - $15,000",36
?,"David A Perdue , Jr",Senate,KO,S,2019-09-30,2019-11-05,Joint,"$1,001 - $15,000",36
?,"David A Perdue , Jr",Senate,MSM,S,2019-09-30,2019-11-05,Joint,"$1,001 - $15,000",36
?,"David A Perdue , Jr",Senate,PEP,S,2019-09-30,2019-11-05,Joint,"$1,001 - $15,000",36
?,"David A Perdue , Jr",Senate,XOM,P,2019-09-30,2019-11-05,Joint,"$1,001 - $15,000",36
?,"David A Perdue , Jr",Senate,NWSA,S,2019-09-30,2019-11-05,Joint,"$1,001 - $15,000",36
?,"David A Perdue , Jr",Senate,SYK,S,2019-09-30,2019-11-05,Joint,"$1,001 - $15,000",36
?,"David A Perdue , Jr",Senate,BOIVF,P,2019-09-30,2019-11-05,Joint,"$1,001 - $15,000",36
?,"David A Perdue , Jr",Senate,ORCL,S,2019-09-30,2019-11-05,Joint,"$1,001 - $15,000",36
?,"David A Perdue , Jr",Senate,FOX,P,2019-09-30,2019-11-05,Joint,"$1,001 - $15,000",36
?,"David A Perdue , Jr",Senate,BK,P,2019-09-30,2019-11-05,Joint,"$1,001 - $15,000",36
?,"David A Perdue , Jr",Senate,BKNG,S,2019-09-30,2019-11-05,Joint,"$1,001 - $15,000",36
?,"David A Perdue , Jr",Senate,ANTM,P,2019-09-30,2019-11-05,Joint,"$1,001 - $15,000",36
?,"David A Perdue , Jr",Senate,SYY,S,2019-09-30,2019-11-05,Joint,"$1,001 - $15,000",36
?,"David A Perdue , Jr",Senate,UHAL,S,2019-09-30,2019-11-05,Joint,"$1,001 - $15,000",36
?,"David A Perdue , Jr",Senate,CBS,P,2019-10-01,2019-11-05,Joint,"$1,001 - $15,000",35
?,"David A Perdue , Jr",Senate,ENTG,S,2019-10-01,2019-11-05,Joint,"$1,001 - $15,000",35
?,"David A Perdue , Jr",Senate,IP,P,2019-10-02,2019-11-05,Joint,"$1,001 - $15,000",34
?,"David A Perdue , Jr",Senate,PBA,S,2019-10-10,2019-11-05,Joint,"$1,001 - $15,000",26
?,"David A Perdue , Jr",Senate,SPY,P,2019-10-11,2019-11-05,Joint,"$15,001 - $50,000",25
?,"David A Perdue , Jr",Senate,CTSH,S,2019-10-11,2019-11-05,Joint,"$15,001 - $50,000",25
?,"David A Perdue , Jr",Senate,XOM,S,2019-10-11,2019-11-05,Joint,"$15,001 - $50,000",25
?,"David A Perdue , Jr",Senate,RF,S,2019-10-11,2019-11-05,Joint,"$100,001 - $250,000",25
?,"David A Perdue , Jr",Senate,MOS,S,2019-10-11,2019-11-05,Joint,"$15,001 - $50,000",25
?,"David A Perdue , Jr",Senate,DVN,S,2019-10-11,2019-11-05,Joint,"$100,001 - $250,000",25
?,"David A Perdue , Jr",Senate,CBS,S,2019-10-11,2019-11-05,Joint,"$100,001 - $250,000",25
?,"David A Perdue , Jr",Senate,FDX,S,2019-10-11,2019-11-05,Joint,"$100,001 - $250,000",25
?,"David A Perdue , Jr",Senate,NWSA,P,2019-10-15,2019-11-05,Joint,"$1,001 - $15,000",21
?,"David A Perdue , Jr",Senate,NWSA,P,2019-10-16,2019-11-05,Joint,"$1,001 - $15,000",20
?,"David A Perdue , Jr",Senate,TRGP,S,2019-10-17,2019-11-05,Joint,"$1,001 - $15,000",19
?,"David A Perdue , Jr",Senate,ENTG,S,2019-10-18,2019-11-05,Joint,"$1,001 - $15,000",18
?,"David A Perdue , Jr",Senate,DOW,S,2019-10-23,2019-11-05,Joint,"$15,001 - $50,000",13
?,"David A Perdue , Jr",Senate,RF,S,2019-10-23,2019-11-05,Joint,"$15,001 - $50,000",13
?,"David A Perdue , Jr",Senate,PAA,P,2019-10-23,2019-11-05,Joint,"$1,001 - $15,000",13
?,"David A Perdue , Jr",Senate,ALB,P,2019-10-25,2019-11-05,Joint,"$15,001 - $50,000",11
R,Pat Roberts,Senate,MSFT,P,2019-10-23,2019-11-03,Spouse,"$1,001 - $15,000",11
R,Pat Roberts,Senate,KTB,S,2019-10-17,2019-11-03,Spouse,"$1,001 - $15,000",17
R,Pat Roberts,Senate,KTB,P,2019-10-01,2019-11-03,Spouse,"$1,001 - $15,000",33
R,Pat Roberts,Senate,AMZN,S,2019-10-01,2019-11-03,Spouse,"$1,001 - $15,000",33
R,Pat Roberts,Senate,MA,P,2019-10-31,2019-11-03,Spouse,"$15,001 - $50,000",3
R,Pat Roberts,Senate,AAPL,S,2019-10-15,2019-11-03,Spouse,"$15,001 - $50,000",19
R,Pat Roberts,Senate,NVDA,P,2019-10-01,2019-11-03,Spouse,"$1,001 - $15,000",33
R,Pat Roberts,Senate,NFLX,P,2019-10-31,2019-11-03,Spouse,"$1,001 - $15,000",3
R,Pat Roberts,Senate,NFLX,P,2019-10-01,2019-11-03,Spouse,"$1,001 - $15,000",33
R,Pat Roberts,Senate,AAPL,P,2019-10-03,2019-11-03,Spouse,"$15,001 - $50,000",31
R,Pat Roberts,Senate,CELG,S,2019-10-01,2019-11-03,Spouse,"$1,001 - $15,000",33
R,John Hoeven,Senate,IBM,P,2019-10-21,2019-10-24,Self,"$50,001 - $100,000",3
?,"Jerry Moran,",Senate,WFC,S,2019-09-25,2019-10-21,Spouse,"$1,001 - $15,000",26
?,"Jerry Moran,",Senate,DIS,S,2019-09-25,2019-10-21,Spouse,"$1,001 - $15,000",26
?,"Jerry Moran,",Senate,VZ,S,2019-09-25,2019-10-21,Spouse,"$1,001 - $15,000",26
?,"Jerry Moran,",Senate,TXN,P,2019-09-25,2019-10-21,Spouse,"$1,001 - $15,000",26
?,"Jerry Moran,",Senate,JNK,S,2019-09-25,2019-10-21,Spouse,"$15,001 - $50,000",26
?,"Jerry Moran,",Senate,OXY,P,2019-09-25,2019-10-21,Spouse,"$1,001 - $15,000",26
?,"Jerry Moran,",Senate,MPC,P,2019-09-25,2019-10-21,Spouse,"$1,001 - $15,000",26
?,"Jerry Moran,",Senate,JNJ,P,2019-09-25,2019-10-21,Spouse,"$1,001 - $15,000",26
?,"Jerry Moran,",Senate,INTC,P,2019-09-25,2019-10-21,Spouse,"$1,001 - $15,000",26
?,"Jerry Moran,",Senate,GILD,P,2019-09-25,2019-10-21,Spouse,"$1,001 - $15,000",26
?,"Jerry Moran,",Senate,GIS,S,2019-09-25,2019-10-21,Spouse,"$1,001 - $15,000",26
?,"Jerry Moran,",Senate,XOM,S,2019-09-25,2019-10-21,Spouse,"$1,001 - $15,000",26
?,"Jerry Moran,",Senate,COST,S,2019-09-25,2019-10-21,Spouse,"$1,001 - $15,000",26
?,"Jerry Moran,",Senate,KO,P,2019-09-25,2019-10-21,Spouse,"$1,001 - $15,000",26
?,"Jerry Moran,",Senate,AAPL,S,2019-09-25,2019-10-21,Spouse,"$1,001 - $15,000",26
?,"Jerry Moran,",Senate,USB,S,2019-09-25,2019-10-21,Self,"$1,001 - $15,000",26
?,"Jerry Moran,",Senate,MSFT,S,2019-09-25,2019-10-21,Self,"$1,001 - $15,000",26
?,"Jerry Moran,",Senate,CVS,S,2019-09-25,2019-10-21,Self,"$1,001 - $15,000",26
?,"Jerry Moran,",Senate,BAC,S,2019-09-25,2019-10-21,Self,"$1,001 - $15,000",26
?,"Jerry Moran,",Senate,AMZN,P,2019-09-25,2019-10-21,Self,"$1,001 - $15,000",26
R,James M Inhofe,Senate,UNH,S,2019-09-30,2019-10-18,Self,"$15,001 - $50,000",18
R,James M Inhofe,Senate,XBI,S,2019-09-30,2019-10-18,Self,"$15,001 - $50,000",18
D,Sheldon Whitehouse,Senate,TSLA,S,2019-08-27,2019-10-08,Joint,"$1,001 - $15,000",42
D,Sheldon Whitehouse,Senate,CVS,P,2019-08-27,2019-10-08,Self,"$1,001 - $15,000",42
D,Sheldon Whitehouse,Senate,T,P,2019-08-27,2019-10-08,Self,"$1,001 - $15,000",42
?,"David A Perdue , Jr",Senate,FDX,P,2019-09-26,2019-09-30,Joint,"$1,001 - $15,000",4
?,"David A Perdue , Jr",Senate,CZR,S,2019-09-04,2019-09-30,Joint,"$1,001 - $15,000",26
?,"David A Perdue , Jr",Senate,CZR,S,2019-09-05,2019-09-30,Joint,"$1,001 - $15,000",25
?,"David A Perdue , Jr",Senate,ENTG,S,2019-09-11,2019-09-30,Joint,"$1,001 - $15,000",19
?,"David A Perdue , Jr",Senate,ENTG,S,2019-09-13,2019-09-30,Joint,"$1,001 - $15,000",17
?,"David A Perdue , Jr",Senate,BPL,S,2019-09-16,2019-09-30,Joint,"$1,001 - $15,000",14
?,"David A Perdue , Jr",Senate,BPL,S,2019-09-17,2019-09-30,Joint,"$1,001 - $15,000",13
?,"David A Perdue , Jr",Senate,ET,P,2019-09-18,2019-09-30,Joint,"$1,001 - $15,000",12
?,"David A Perdue , Jr",Senate,WES,P,2019-09-18,2019-09-30,Joint,"$1,001 - $15,000",12
?,"David A Perdue , Jr",Senate,BPL,S,2019-09-18,2019-09-30,Joint,"$1,001 - $15,000",12
?,"David A Perdue , Jr",Senate,OKE,S,2019-09-19,2019-09-30,Joint,"$1,001 - $15,000",11
?,"David A Perdue , Jr",Senate,AAPL,S,2019-09-19,2019-09-30,Joint,"$15,001 - $50,000",11
?,"David A Perdue , Jr",Senate,DCP,P,2019-09-19,2019-09-30,Joint,"$1,001 - $15,000",11
?,"David A Perdue , Jr",Senate,GPK,S,2019-09-25,2019-09-30,Joint,"$15,001 - $50,000",5
?,"David A Perdue , Jr",Senate,SU,S,2019-09-25,2019-09-30,Joint,"$15,001 - $50,000",5
R,John Hoeven,Senate,NFLX,P,2019-09-24,2019-09-25,Self,"$50,001 - $100,000",1
R,John Hoeven,Senate,KTB,P,2019-09-24,2019-09-25,Self,"$15,001 - $50,000",1
?,"A. Mitchell McConnell, Jr.",Senate,WFC,P,2019-09-01,2019-09-16,Spouse,"$1,001 - $15,000",15
R,William Cassidy,Senate,DD,S,2019-08-01,2019-09-11,Spouse,"$1,001 - $15,000",41
R,Susan M Collins,Senate,CVET,S,2019-08-15,2019-09-10,Spouse,"$1,001 - $15,000",26
R,Susan M Collins,Senate,AKAM,P,2019-08-20,2019-09-10,Spouse,"$15,001 - $50,000",21
?,"David A Perdue , Jr",Senate,T,S,2019-08-26,2019-09-03,Joint,"$1,001 - $15,000",8
?,"David A Perdue , Jr",Senate,T,S,2019-08-22,2019-09-03,Joint,"$15,001 - $50,000",12
?,"David A Perdue , Jr",Senate,ENTG,S,2019-08-21,2019-09-03,Joint,"$1,001 - $15,000",13
?,"David A Perdue , Jr",Senate,ENTG,S,2019-08-19,2019-09-03,Joint,"$1,001 - $15,000",15
?,"David A Perdue , Jr",Senate,CZR,S,2019-08-16,2019-09-03,Joint,"$1,001 - $15,000",18
?,"David A Perdue , Jr",Senate,CZR,S,2019-08-15,2019-09-03,Joint,"$1,001 - $15,000",19
?,"David A Perdue , Jr",Senate,GPK,P,2019-08-15,2019-09-03,Joint,"$1,001 - $15,000",19
?,"David A Perdue , Jr",Senate,ENTG,S,2019-08-15,2019-09-03,Joint,"$1,001 - $15,000",19
?,"David A Perdue , Jr",Senate,M,P,2019-08-15,2019-09-03,Joint,"$1,001 - $15,000",19
?,"David A Perdue , Jr",Senate,BMY,S,2019-08-15,2019-09-03,Joint,"$15,001 - $50,000",19
?,"David A Perdue , Jr",Senate,GPK,P,2019-08-14,2019-09-03,Joint,"$1,001 - $15,000",20
?,"David A Perdue , Jr",Senate,EXR,S,2019-08-13,2019-09-03,Joint,"$1,001 - $15,000",21
?,"David A Perdue , Jr",Senate,GPK,P,2019-08-12,2019-09-03,Joint,"$1,001 - $15,000",22
?,"David A Perdue , Jr",Senate,DIS,S,2019-08-09,2019-09-03,Joint,"$1,001 - $15,000",25
?,"David A Perdue , Jr",Senate,FEYE,P,2019-08-09,2019-09-03,Joint,"$1,001 - $15,000",25
?,"David A Perdue , Jr",Senate,GPK,P,2019-08-09,2019-09-03,Joint,"$1,001 - $15,000",25
?,"David A Perdue , Jr",Senate,GPK,P,2019-08-08,2019-09-03,Joint,"$1,001 - $15,000",26
?,"David A Perdue , Jr",Senate,KR,P,2019-08-08,2019-09-03,Joint,"$1,001 - $15,000",26
?,"David A Perdue , Jr",Senate,M,P,2019-08-08,2019-09-03,Joint,"$1,001 - $15,000",26
?,"David A Perdue , Jr",Senate,KR,P,2019-08-07,2019-09-03,Joint,"$1,001 - $15,000",27
?,"David A Perdue , Jr",Senate,CZR,S,2019-08-07,2019-09-03,Joint,"$1,001 - $15,000",27
?,"David A Perdue , Jr",Senate,STT,P,2019-08-07,2019-09-03,Joint,"$1,001 - $15,000",27
?,"David A Perdue , Jr",Senate,CZR,S,2019-08-06,2019-09-03,Joint,"$1,001 - $15,000",28
?,"David A Perdue , Jr",Senate,KR,P,2019-08-06,2019-09-03,Joint,"$15,001 - $50,000",28
?,"David A Perdue , Jr",Senate,KR,P,2019-08-05,2019-09-03,Joint,"$15,001 - $50,000",29
?,"David A Perdue , Jr",Senate,CZR,S,2019-08-05,2019-09-03,Joint,"$1,001 - $15,000",29
R,Pat Roberts,Senate,NFLX,P,2019-08-14,2019-08-30,Spouse,"$1,001 - $15,000",16
R,Pat Roberts,Senate,AMZN,P,2019-08-14,2019-08-30,Spouse,"$15,001 - $50,000",16
?,"Angus S King, Jr.",Senate,WAT,S,2019-07-23,2019-08-26,Spouse,"$1,001 - $15,000",34
?,"Angus S King, Jr.",Senate,CMCSA,P,2019-07-23,2019-08-26,Spouse,"$1,001 - $15,000",34
R,John Hoeven,Senate,DOW,P,2019-08-22,2019-08-23,Self,"$50,001 - $100,000",1
R,John Hoeven,Senate,CVS,S,2019-07-23,2019-08-15,Self,"$50,001 - $100,000",23
R,John Hoeven,Senate,UPS,S,2019-07-23,2019-08-15,Self,"$100,001 - $250,000",23
R,Patrick J Toomey,Senate,CAPL,S,2018-08-22,2019-08-12,Joint,"$1,001 - $15,000",355
R,Patrick J Toomey,Senate,CAPL,S,2018-08-09,2019-08-12,Joint,"$1,001 - $15,000",368
R,Patrick J Toomey,Senate,PG,S,2018-08-02,2019-08-12,Joint,"$15,001 - $50,000",375
R,Patrick J Toomey,Senate,GE,S,2018-09-06,2019-08-12,Joint,"$1,001 - $15,000",340
R,Patrick J Toomey,Senate,REVB,S,2018-07-27,2019-08-12,Joint,"$15,001 - $50,000",381
R,William Cassidy,Senate,WMT,S,2018-12-07,2019-08-07,Spouse,"$1,001 - $15,000",243
R,William Cassidy,Senate,SBUX,S,2018-12-07,2019-08-07,Spouse,"$1,001 - $15,000",243
R,William Cassidy,Senate,PG,S,2018-12-07,2019-08-07,Spouse,"$1,001 - $15,000",243
R,William Cassidy,Senate,NVS,S,2018-12-07,2019-08-07,Spouse,"$1,001 - $15,000",243
R,William Cassidy,Senate,JPM,P,2018-12-07,2019-08-07,Spouse,"$1,001 - $15,000",243
R,William Cassidy,Senate,MSFT,S,2018-12-07,2019-08-07,Spouse,"$1,001 - $15,000",243
R,William Cassidy,Senate,MDT,S,2018-12-07,2019-08-07,Spouse,"$1,001 - $15,000",243
R,William Cassidy,Senate,FRT,S,2018-12-07,2019-08-07,Spouse,"$1,001 - $15,000",243
R,William Cassidy,Senate,XOM,S,2018-12-07,2019-08-07,Spouse,"$1,001 - $15,000",243
R,William Cassidy,Senate,DIS,S,2018-12-07,2019-08-07,Spouse,"$1,001 - $15,000",243
R,William Cassidy,Senate,CMCSA,S,2018-12-07,2019-08-07,Spouse,"$1,001 - $15,000",243
R,William Cassidy,Senate,CSCO,S,2018-12-07,2019-08-07,Spouse,"$1,001 - $15,000",243
R,William Cassidy,Senate,CVS,S,2018-12-07,2019-08-07,Spouse,"$1,001 - $15,000",243
R,William Cassidy,Senate,AAPL,P,2018-12-07,2019-08-07,Spouse,"$1,001 - $15,000",243
R,William Cassidy,Senate,AMGN,S,2018-12-07,2019-08-07,Spouse,"$1,001 - $15,000",243
R,Patrick J Toomey,Senate,MPLX,S,2019-06-28,2019-08-06,Self,"$1,001 - $15,000",39
R,Patrick J Toomey,Senate,REVB,S,2019-07-31,2019-08-06,Joint,"$15,001 - $50,000",6
D,Thomas R Carper,Senate,CEF,P,2019-07-18,2019-08-05,Spouse,"$1,001 - $15,000",18
D,Thomas R Carper,Senate,ABB,S,2019-07-18,2019-08-05,Spouse,"$1,001 - $15,000",18
D,Thomas R Carper,Senate,SMG,S,2019-07-16,2019-08-05,Spouse,"$1,001 - $15,000",20
D,Thomas R Carper,Senate,CAG,P,2019-07-16,2019-08-05,Spouse,"$1,001 - $15,000",20
?,"David A Perdue , Jr",Senate,T,P,2019-07-25,2019-08-05,Joint,"$1,001 - $15,000",11
?,"David A Perdue , Jr",Senate,KO,P,2019-07-25,2019-08-05,Joint,"$1,001 - $15,000",11
?,"David A Perdue , Jr",Senate,GE,S,2019-07-25,2019-08-05,Joint,"$1,001 - $15,000",11
?,"David A Perdue , Jr",Senate,PYPL,P,2019-07-25,2019-08-05,Joint,"$1,001 - $15,000",11
?,"David A Perdue , Jr",Senate,JCI,S,2019-07-25,2019-08-05,Joint,"$1,001 - $15,000",11
?,"David A Perdue , Jr",Senate,SUN,S,2019-08-02,2019-08-05,Joint,"$1,001 - $15,000",3
?,"David A Perdue , Jr",Senate,KR,P,2019-08-02,2019-08-05,Joint,"$15,001 - $50,000",3
?,"David A Perdue , Jr",Senate,GPK,P,2019-08-02,2019-08-05,Joint,"$1,001 - $15,000",3
?,"David A Perdue , Jr",Senate,CZR,S,2019-08-02,2019-08-05,Joint,"$1,001 - $15,000",3
?,"David A Perdue , Jr",Senate,GPK,P,2019-08-01,2019-08-05,Joint,"$1,001 - $15,000",4
?,"David A Perdue , Jr",Senate,CZR,S,2019-08-01,2019-08-05,Joint,"$1,001 - $15,000",4
?,"David A Perdue , Jr",Senate,ENTG,S,2019-08-01,2019-08-05,Joint,"$1,001 - $15,000",4
?,"David A Perdue , Jr",Senate,HBI,P,2019-08-01,2019-08-05,Joint,"$1,001 - $15,000",4
?,"David A Perdue , Jr",Senate,GPK,P,2019-07-31,2019-08-05,Joint,"$1,001 - $15,000",5
?,"David A Perdue , Jr",Senate,GPK,P,2019-07-30,2019-08-05,Joint,"$1,001 - $15,000",6
?,"David A Perdue , Jr",Senate,CZR,S,2019-07-23,2019-08-05,Joint,"$1,001 - $15,000",13
?,"David A Perdue , Jr",Senate,CZR,S,2019-07-19,2019-08-05,Joint,"$1,001 - $15,000",17
?,"David A Perdue , Jr",Senate,CZR,S,2019-07-18,2019-08-05,Joint,"$1,001 - $15,000",18
?,"David A Perdue , Jr",Senate,CZR,S,2019-07-17,2019-08-05,Joint,"$1,001 - $15,000",19
?,"David A Perdue , Jr",Senate,CZR,S,2019-07-16,2019-08-05,Joint,"$1,001 - $15,000",20
?,"David A Perdue , Jr",Senate,MYL,S,2019-07-15,2019-08-05,Joint,"$1,001 - $15,000",21
?,"David A Perdue , Jr",Senate,ABBV,S,2019-07-15,2019-08-05,Joint,"$15,001 - $50,000",21
?,"David A Perdue , Jr",Senate,BMY,P,2019-07-15,2019-08-05,Joint,"$15,001 - $50,000",21
?,"David A Perdue , Jr",Senate,DOW,P,2019-07-15,2019-08-05,Joint,"$15,001 - $50,000",21
?,"David A Perdue , Jr",Senate,DD,S,2019-07-15,2019-08-05,Joint,"$1,001 - $15,000",21
?,"David A Perdue , Jr",Senate,ENTG,P,2019-07-12,2019-08-05,Joint,"$1,001 - $15,000",24
?,"David A Perdue , Jr",Senate,MSM,P,2019-07-10,2019-08-05,Joint,"$1,001 - $15,000",26
?,"David A Perdue , Jr",Senate,CZR,S,2019-07-10,2019-08-05,Joint,"$1,001 - $15,000",26
?,"David A Perdue , Jr",Senate,BWXT,S,2019-07-09,2019-08-05,Joint,"$15,001 - $50,000",27
?,"David A Perdue , Jr",Senate,CZR,S,2019-07-08,2019-08-05,Joint,"$1,001 - $15,000",28
?,"David A Perdue , Jr",Senate,BWXT,S,2019-07-08,2019-08-05,Joint,"$1,001 - $15,000",28
?,"David A Perdue , Jr",Senate,CZR,S,2019-07-02,2019-08-05,Joint,"$1,001 - $15,000",34
?,"David A Perdue , Jr",Senate,CZR,S,2019-07-01,2019-08-05,Joint,"$1,001 - $15,000",35
R,Thomas R Tillis,Senate,CVS,S,2018-12-20,2019-07-30,Joint,"$1,001 - $15,000",222
R,James M Inhofe,Senate,AIG,S,2019-07-17,2019-07-23,Self,"$50,001 - $100,000",6
D,Sheldon Whitehouse,Senate,NSRGY,S,2019-06-05,2019-07-18,Joint,"$15,001 - $50,000",43
D,Sheldon Whitehouse,Senate,KO,P,2019-06-05,2019-07-18,Self,"$1,001 - $15,000",43
R,James M Inhofe,Senate,PYPL,S,2019-06-25,2019-07-10,Self,"$15,001 - $50,000",15
R,Shelley M Capito,Senate,RDSA.AS,S,2019-06-10,2019-07-10,Spouse,"$1,001 - $15,000",30
R,Shelley M Capito,Senate,MSFT,S,2019-06-10,2019-07-10,Spouse,"$1,001 - $15,000",30
R,Shelley M Capito,Senate,INTC,S,2019-06-10,2019-07-10,Spouse,"$1,001 - $15,000",30
R,Shelley M Capito,Senate,HBAN,S,2019-06-10,2019-07-10,Spouse,"$1,001 - $15,000",30
R,Shelley M Capito,Senate,XOM,S,2019-06-10,2019-07-10,Spouse,"$1,001 - $15,000",30
R,Shelley M Capito,Senate,C,S,2019-06-10,2019-07-10,Spouse,"$1,001 - $15,000",30
R,Shelley M Capito,Senate,NSC,S,2019-06-10,2019-07-10,Spouse,"$1,001 - $15,000",30
R,John Hoeven,Senate,BSTZ,P,2019-06-26,2019-07-09,Self,"$100,001 - $250,000",13
R,Pat Roberts,Senate,WMT,S,2019-06-21,2019-07-08,Spouse,"$50,001 - $100,000",17
R,Pat Roberts,Senate,FB,S,2019-06-21,2019-07-08,Spouse,"$50,001 - $100,000",17
R,Pat Roberts,Senate,NOC,S,2019-06-21,2019-07-08,Spouse,"$15,001 - $50,000",17
R,Pat Roberts,Senate,TGT,S,2019-06-21,2019-07-08,Spouse,"$1,001 - $15,000",17
D,Thomas R Carper,Senate,BSTZ,P,2019-06-26,2019-07-03,Spouse,"$1,001 - $15,000",7
?,"David A Perdue , Jr",Senate,FEYE,P,2019-06-28,2019-07-03,Joint,"$1,001 - $15,000",5
?,"David A Perdue , Jr",Senate,CZR,S,2019-06-28,2019-07-03,Joint,"$1,001 - $15,000",5
?,"David A Perdue , Jr",Senate,CZR,S,2019-06-27,2019-07-03,Joint,"$1,001 - $15,000",6
?,"David A Perdue , Jr",Senate,BWXT,S,2019-06-27,2019-07-03,Joint,"$1,001 - $15,000",6
?,"David A Perdue , Jr",Senate,WPX,P,2019-06-27,2019-07-03,Joint,"$1,001 - $15,000",6
?,"David A Perdue , Jr",Senate,FDX,P,2019-06-26,2019-07-03,Joint,"$1,001 - $15,000",7
?,"David A Perdue , Jr",Senate,PBA,P,2019-06-25,2019-07-03,Joint,"$1,001 - $15,000",8
?,"David A Perdue , Jr",Senate,CZR,S,2019-06-25,2019-07-03,Joint,"$1,001 - $15,000",8
?,"David A Perdue , Jr",Senate,OKE,P,2019-06-25,2019-07-03,Joint,"$1,001 - $15,000",8
?,"David A Perdue , Jr",Senate,LNG,P,2019-06-24,2019-07-03,Joint,"$1,001 - $15,000",9
?,"David A Perdue , Jr",Senate,TRGP,S,2019-06-24,2019-07-03,Joint,"$1,001 - $15,000",9
?,"David A Perdue , Jr",Senate,CTVA,S,2019-06-17,2019-07-03,Joint,"$1,001 - $15,000",16
?,"David A Perdue , Jr",Senate,NWSA,P,2019-06-14,2019-07-03,Joint,"$1,001 - $15,000",19
?,"David A Perdue , Jr",Senate,GLW,P,2019-06-14,2019-07-03,Joint,"$1,001 - $15,000",19
?,"David A Perdue , Jr",Senate,BWXT,S,2019-06-11,2019-07-03,Joint,"$1,001 - $15,000",22
?,"David A Perdue , Jr",Senate,GLW,P,2019-06-07,2019-07-03,Joint,"$1,001 - $15,000",26
?,"David A Perdue , Jr",Senate,GLW,P,2019-06-06,2019-07-03,Joint,"$1,001 - $15,000",27
D,Christopher A Coons,Senate,NFLX,P,2018-08-23,2019-06-24,Child,"$1,001 - $15,000",305
D,Christopher A Coons,Senate,NFLX,S,2018-10-24,2019-06-24,Child,"$1,001 - $15,000",243
D,Christopher A Coons,Senate,NFLX,S,2018-07-18,2019-06-24,Child,"$1,001 - $15,000",341
D,Christopher A Coons,Senate,AAPL,S,2018-11-05,2019-06-24,Child,"$1,001 - $15,000",231
D,Christopher A Coons,Senate,AAPL,P,2018-10-24,2019-06-24,Child,"$1,001 - $15,000",243
D,Christopher A Coons,Senate,MSFT,S,2019-05-28,2019-06-24,Child,"$1,001 - $15,000",27
?,"A. Mitchell McConnell, Jr.",Senate,WFC,P,2019-06-01,2019-06-21,Spouse,"$1,001 - $15,000",20
R,Thomas R Tillis,Senate,CVS,S,2018-12-20,2019-06-15,Joint,"$1,001 - $15,000",177
?,"A. Mitchell McConnell, Jr.",Senate,VMC,S,2019-06-03,2019-06-14,Spouse,"$250,001 - $500,000",11
?,"A. Mitchell McConnell, Jr.",Senate,IR,S,2019-06-03,2019-06-14,Spouse,"$250,001 - $500,000",11
R,Susan M Collins,Senate,RHT,S,2019-05-17,2019-06-11,Spouse,"$50,001 - $100,000",25
R,Susan M Collins,Senate,WEX,P,2019-05-21,2019-06-11,Spouse,"$15,001 - $50,000",21
D,Sheldon Whitehouse,Senate,NVDA,P,2019-05-17,2019-06-11,Joint,"$1,001 - $15,000",25
D,Sheldon Whitehouse,Senate,CVS,P,2019-05-16,2019-06-11,Self,"$1,001 - $15,000",26
D,Thomas R Carper,Senate,VGR,S,2019-05-02,2019-06-04,Spouse,"$1,001 - $15,000",33
?,"David A Perdue , Jr",Senate,M,P,2019-05-30,2019-06-04,Joint,"$1,001 - $15,000",5
?,"David A Perdue , Jr",Senate,PBA,P,2019-05-30,2019-06-04,Joint,"$1,001 - $15,000",5
?,"David A Perdue , Jr",Senate,PG,S,2019-05-30,2019-06-04,Joint,"$1,001 - $15,000",5
?,"David A Perdue , Jr",Senate,PEP,S,2019-05-30,2019-06-04,Joint,"$1,001 - $15,000",5
?,"David A Perdue , Jr",Senate,EAF,P,2019-05-29,2019-06-04,Joint,"$1,001 - $15,000",6
?,"David A Perdue , Jr",Senate,CTSH,P,2019-05-29,2019-06-04,Joint,"$1,001 - $15,000",6
?,"David A Perdue , Jr",Senate,INFY,S,2019-05-29,2019-06-04,Joint,"$1,001 - $15,000",6
?,"David A Perdue , Jr",Senate,EAF,P,2019-05-28,2019-06-04,Joint,"$1,001 - $15,000",7
?,"David A Perdue , Jr",Senate,CEQP,P,2019-05-28,2019-06-04,Joint,"$1,001 - $15,000",7
?,"David A Perdue , Jr",Senate,EAF,P,2019-05-24,2019-06-04,Joint,"$1,001 - $15,000",11
?,"David A Perdue , Jr",Senate,PEP,S,2019-05-23,2019-06-04,Joint,"$1,001 - $15,000",12
?,"David A Perdue , Jr",Senate,PG,S,2019-05-23,2019-06-04,Joint,"$1,001 - $15,000",12
?,"David A Perdue , Jr",Senate,EAF,P,2019-05-23,2019-06-04,Joint,"$1,001 - $15,000",12
?,"David A Perdue , Jr",Senate,FDX,P,2019-05-23,2019-06-04,Joint,"$1,001 - $15,000",12
?,"David A Perdue , Jr",Senate,AVP,S,2019-05-23,2019-06-04,Joint,"$1,001 - $15,000",12
?,"David A Perdue , Jr",Senate,CTSH,P,2019-05-22,2019-06-04,Joint,"$1,001 - $15,000",13
?,"David A Perdue , Jr",Senate,INFY,S,2019-05-22,2019-06-04,Joint,"$1,001 - $15,000",13
?,"David A Perdue , Jr",Senate,GLW,P,2019-05-17,2019-06-04,Joint,"$1,001 - $15,000",18
?,"David A Perdue , Jr",Senate,DIS,S,2019-05-16,2019-06-04,Joint,"$15,001 - $50,000",19
?,"David A Perdue , Jr",Senate,FDX,P,2019-05-15,2019-06-04,Joint,"$1,001 - $15,000",20
?,"David A Perdue , Jr",Senate,GLW,P,2019-05-15,2019-06-04,Joint,"$1,001 - $15,000",20
?,"David A Perdue , Jr",Senate,AMT,S,2019-05-15,2019-06-04,Joint,"$1,001 - $15,000",20
?,"David A Perdue , Jr",Senate,BWXT,S,2019-05-08,2019-06-04,Joint,"$1,001 - $15,000",27
?,"David A Perdue , Jr",Senate,BWXT,S,2019-05-06,2019-06-04,Joint,"$1,001 - $15,000",29
?,"David A Perdue , Jr",Senate,ACA,S,2019-05-06,2019-06-04,Joint,"$1,001 - $15,000",29
?,"David A Perdue , Jr",Senate,OKE,S,2019-05-03,2019-06-04,Joint,"$1,001 - $15,000",32
?,"David A Perdue , Jr",Senate,BWXT,S,2019-05-03,2019-06-04,Joint,"$1,001 - $15,000",32
?,"David A Perdue , Jr",Senate,BWXT,S,2019-05-02,2019-06-04,Joint,"$1,001 - $15,000",33
?,"David A Perdue , Jr",Senate,FDX,P,2019-05-02,2019-06-04,Joint,"$1,001 - $15,000",33
?,"David A Perdue , Jr",Senate,FDX,P,2019-05-01,2019-06-04,Joint,"$1,001 - $15,000",34
R,John Hoeven,Senate,CE,P,2019-05-30,2019-06-03,Self,"$50,001 - $100,000",4
R,John Hoeven,Senate,DOW,P,2019-05-30,2019-06-03,Self,"$50,001 - $100,000",4
R,Rafael E Cruz,Senate,GS,S,2019-05-15,2019-05-24,Joint,"$50,001 - $100,000",9
D,Gary C Peters,Senate,TOT,S,2019-04-25,2019-05-21,Self,"$15,001 - $50,000",26
D,Gary C Peters,Senate,SHW,S,2019-04-25,2019-05-21,Self,"$1,001 - $15,000",26
R,James M Inhofe,Senate,ISRG,S,2019-05-10,2019-05-20,Self,"$15,001 - $50,000",10
?,"Jerry Moran,",Senate,WY,S,2018-12-19,2019-05-15,Spouse,"$1,001 - $15,000",147
?,"Jerry Moran,",Senate,GS,S,2018-12-19,2019-05-15,Spouse,"$1,001 - $15,000",147
?,"Jerry Moran,",Senate,GOOG,S,2018-12-19,2019-05-15,Spouse,"$1,001 - $15,000",147
?,"Jerry Moran,",Senate,GIS,P,2018-12-19,2019-05-15,Spouse,"$1,001 - $15,000",147
?,"Jerry Moran,",Senate,CVS,P,2018-12-19,2019-05-15,Spouse,"$1,001 - $15,000",147
?,"Jerry Moran,",Senate,COST,P,2018-12-19,2019-05-15,Spouse,"$1,001 - $15,000",147
?,"Jerry Moran,",Senate,BAC,P,2018-12-19,2019-05-15,Spouse,"$1,001 - $15,000",147
?,"Jerry Moran,",Senate,AAPL,P,2018-12-19,2019-05-15,Spouse,"$1,001 - $15,000",147
?,"Jerry Moran,",Senate,ALL,P,2018-12-19,2019-05-15,Spouse,"$1,001 - $15,000",147
?,"Jerry Moran,",Senate,WY,P,2018-12-06,2019-05-15,Spouse,"$1,001 - $15,000",160
?,"Jerry Moran,",Senate,WFC,P,2018-12-06,2019-05-15,Spouse,"$1,001 - $15,000",160
?,"Jerry Moran,",Senate,VZ,P,2018-12-06,2019-05-15,Spouse,"$1,001 - $15,000",160
?,"Jerry Moran,",Senate,USB,P,2018-12-06,2019-05-15,Spouse,"$1,001 - $15,000",160
?,"Jerry Moran,",Senate,MSFT,P,2018-12-06,2019-05-15,Spouse,"$1,001 - $15,000",160
?,"Jerry Moran,",Senate,JPM,P,2018-12-06,2019-05-15,Spouse,"$1,001 - $15,000",160
?,"Jerry Moran,",Senate,GS,P,2018-12-06,2019-05-15,Spouse,"$1,001 - $15,000",160
?,"Jerry Moran,",Senate,XOM,P,2018-12-06,2019-05-15,Spouse,"$1,001 - $15,000",160
?,"Jerry Moran,",Senate,DIS,P,2018-12-06,2019-05-15,Spouse,"$1,001 - $15,000",160
?,"Jerry Moran,",Senate,DVA,P,2018-12-06,2019-05-15,Spouse,"$1,001 - $15,000",160
?,"Jerry Moran,",Senate,COST,P,2018-12-06,2019-05-15,Spouse,"$1,001 - $15,000",160
?,"Jerry Moran,",Senate,AAPL,P,2018-12-06,2019-05-15,Spouse,"$1,001 - $15,000",160
?,"Jerry Moran,",Senate,GOOG,P,2018-12-06,2019-05-15,Spouse,"$1,001 - $15,000",160
?,"Jerry Moran,",Senate,ABBV,P,2018-12-06,2019-05-15,Spouse,"$1,001 - $15,000",160
?,"Jerry Moran,",Senate,WFC,S,2018-12-19,2019-05-15,Self,"$1,001 - $15,000",147
?,"Jerry Moran,",Senate,JPM,S,2018-12-19,2019-05-15,Self,"$1,001 - $15,000",147
?,"Jerry Moran,",Senate,XOM,S,2018-12-19,2019-05-15,Self,"$1,001 - $15,000",147
?,"Jerry Moran,",Senate,PFE,S,2018-12-06,2019-05-15,Self,"$1,001 - $15,000",160
?,"Jerry Moran,",Senate,BRKB,P,2018-12-06,2019-05-15,Self,"$15,001 - $50,000",160
R,Shelley M Capito,Senate,C,S,2019-04-09,2019-05-11,Spouse,"$1,001 - $15,000",32
R,Shelley M Capito,Senate,WFC,S,2019-04-09,2019-05-11,Spouse,"$15,001 - $50,000",32
R,Shelley M Capito,Senate,WFC,S,2019-04-01,2019-05-11,Spouse,"$15,001 - $50,000",40
R,Pat Roberts,Senate,AMZN,P,2018-06-25,2019-05-10,Spouse,"$15,001 - $50,000",319
R,Pat Roberts,Senate,NFLX,P,2018-06-25,2019-05-10,Spouse,"$50,001 - $100,000",319
R,Pat Roberts,Senate,CVX,P,2018-06-22,2019-05-10,Joint,"$1,001 - $15,000",322
R,Pat Roberts,Senate,NFLX,S,2018-06-22,2019-05-10,Spouse,"$50,001 - $100,000",322
R,Pat Roberts,Senate,AMZN,S,2018-06-22,2019-05-10,Spouse,"$15,001 - $50,000",322
R,Pat Roberts,Senate,FB,P,2018-07-05,2019-05-10,Spouse,"$15,001 - $50,000",309
R,Pat Roberts,Senate,NOC,P,2018-07-05,2019-05-10,Spouse,"$15,001 - $50,000",309
R,Pat Roberts,Senate,BAC,S,2018-07-24,2019-05-10,Spouse,"$1,001 - $15,000",290
R,Pat Roberts,Senate,TGT,S,2018-07-18,2019-05-10,Spouse,"$1,001 - $15,000",296
R,Pat Roberts,Senate,BAC,S,2018-07-18,2019-05-10,Spouse,"$1,001 - $15,000",296
R,Pat Roberts,Senate,TGT,P,2018-07-05,2019-05-10,Spouse,"$1,001 - $15,000",309
R,Pat Roberts,Senate,BAC,P,2018-07-05,2019-05-10,Spouse,"$1,001 - $15,000",309
D,Jacklyn S Rosen,Senate,APC,S,2019-04-15,2019-05-09,Joint,"$15,001 - $50,000",24
R,Shelley M Capito,Senate,WEC,P,2018-04-24,2019-05-09,Spouse,"$1,001 - $15,000",380
R,Shelley M Capito,Senate,WMT,P,2018-04-24,2019-05-09,Spouse,"$1,001 - $15,000",380
R,Shelley M Capito,Senate,VFC,P,2018-04-24,2019-05-09,Spouse,"$1,001 - $15,000",380
R,Shelley M Capito,Senate,UTX,P,2018-04-24,2019-05-09,Spouse,"$1,001 - $15,000",380
R,Shelley M Capito,Senate,USB,P,2018-04-24,2019-05-09,Spouse,"$1,001 - $15,000",380
R,Shelley M Capito,Senate,MMM,P,2018-04-24,2019-05-09,Spouse,"$1,001 - $15,000",380
R,Shelley M Capito,Senate,TGT,P,2018-04-24,2019-05-09,Spouse,"$1,001 - $15,000",380
R,Shelley M Capito,Senate,SYY,P,2018-04-24,2019-05-09,Spouse,"$1,001 - $15,000",380
R,Shelley M Capito,Senate,QCOM,P,2018-04-24,2019-05-09,Spouse,"$1,001 - $15,000",380
R,Shelley M Capito,Senate,PG,P,2018-04-24,2019-05-09,Spouse,"$1,001 - $15,000",380
R,Shelley M Capito,Senate,PX,P,2018-04-24,2019-05-09,Spouse,"$1,001 - $15,000",380
R,Shelley M Capito,Senate,PII,P,2018-04-24,2019-05-09,Spouse,"$1,001 - $15,000",380
R,Shelley M Capito,Senate,PSX,P,2018-04-24,2019-05-09,Spouse,"$1,001 - $15,000",380
R,Shelley M Capito,Senate,PEP,P,2018-04-24,2019-05-09,Spouse,"$1,001 - $15,000",380
R,Shelley M Capito,Senate,PAYX,P,2018-04-24,2019-05-09,Spouse,"$1,001 - $15,000",380
R,Shelley M Capito,Senate,NVS,P,2018-04-24,2019-05-09,Spouse,"$1,001 - $15,000",380
R,Shelley M Capito,Senate,NSC,P,2018-04-24,2019-05-09,Spouse,"$1,001 - $15,000",380
R,Shelley M Capito,Senate,NKE,P,2018-04-24,2019-05-09,Spouse,"$1,001 - $15,000",380
R,Shelley M Capito,Senate,NEE,P,2018-04-24,2019-05-09,Spouse,"$1,001 - $15,000",380
R,Shelley M Capito,Senate,JPM,P,2018-04-24,2019-05-09,Spouse,"$1,001 - $15,000",380
R,Shelley M Capito,Senate,MSFT,P,2018-04-24,2019-05-09,Spouse,"$1,001 - $15,000",380
R,Shelley M Capito,Senate,MDT,P,2018-04-24,2019-05-09,Spouse,"$1,001 - $15,000",380
R,Shelley M Capito,Senate,MCD,P,2018-04-24,2019-05-09,Spouse,"$1,001 - $15,000",380
R,Shelley M Capito,Senate,LOW,P,2018-04-24,2019-05-09,Spouse,"$1,001 - $15,000",380
R,Shelley M Capito,Senate,JNJ,P,2018-04-24,2019-05-09,Spouse,"$1,001 - $15,000",380
R,Shelley M Capito,Senate,IBM,P,2018-04-24,2019-05-09,Spouse,"$1,001 - $15,000",380
R,Shelley M Capito,Senate,ITW,P,2018-04-24,2019-05-09,Spouse,"$1,001 - $15,000",380
R,Shelley M Capito,Senate,HRS,P,2018-04-24,2019-05-09,Spouse,"$1,001 - $15,000",380
R,Shelley M Capito,Senate,GIS,P,2018-04-24,2019-05-09,Spouse,"$1,001 - $15,000",380
R,Shelley M Capito,Senate,GD,P,2018-04-24,2019-05-09,Spouse,"$1,001 - $15,000",380
R,Shelley M Capito,Senate,FDS,P,2018-04-24,2019-05-09,Spouse,"$1,001 - $15,000",380
R,Shelley M Capito,Senate,XOM,P,2018-04-24,2019-05-09,Spouse,"$1,001 - $15,000",380
R,Shelley M Capito,Senate,ES,P,2018-04-24,2019-05-09,Spouse,"$1,001 - $15,000",380
R,Shelley M Capito,Senate,EMR,P,2018-04-24,2019-05-09,Spouse,"$1,001 - $15,000",380
R,Shelley M Capito,Senate,EV,P,2018-04-24,2019-05-09,Spouse,"$1,001 - $15,000",380
R,Shelley M Capito,Senate,CL,P,2018-04-24,2019-05-09,Spouse,"$1,001 - $15,000",380
R,Shelley M Capito,Senate,CLX,P,2018-04-24,2019-05-09,Spouse,"$1,001 - $15,000",380
R,Shelley M Capito,Senate,CSCO,P,2018-04-24,2019-05-09,Spouse,"$1,001 - $15,000",380
R,Shelley M Capito,Senate,CB,P,2018-04-24,2019-05-09,Spouse,"$1,001 - $15,000",380
R,Shelley M Capito,Senate,CVX,P,2018-04-24,2019-05-09,Spouse,"$1,001 - $15,000",380
R,Shelley M Capito,Senate,BLK,P,2018-04-24,2019-05-09,Spouse,"$1,001 - $15,000",380
R,Shelley M Capito,Senate,BDX,P,2018-04-24,2019-05-09,Spouse,"$1,001 - $15,000",380
R,Shelley M Capito,Senate,ADP,P,2018-04-24,2019-05-09,Spouse,"$1,001 - $15,000",380
R,Shelley M Capito,Senate,ADI,P,2018-04-24,2019-05-09,Spouse,"$1,001 - $15,000",380
R,Shelley M Capito,Senate,AMGN,P,2018-04-24,2019-05-09,Spouse,"$1,001 - $15,000",380
R,Shelley M Capito,Senate,APD,P,2018-04-24,2019-05-09,Spouse,"$1,001 - $15,000",380
R,Shelley M Capito,Senate,ACN,P,2018-04-24,2019-05-09,Spouse,"$1,001 - $15,000",380
R,Shelley M Capito,Senate,ABT,P,2018-04-24,2019-05-09,Spouse,"$1,001 - $15,000",380
R,Shelley M Capito,Senate,T,P,2018-04-24,2019-05-09,Spouse,"$1,001 - $15,000",380
R,Shelley M Capito,Senate,AFL,P,2018-04-24,2019-05-09,Spouse,"$1,001 - $15,000",380
R,Shelley M Capito,Senate,VGK,S,2018-04-24,2019-05-09,Spouse,"$15,001 - $50,000",380
R,Shelley M Capito,Senate,UBSI,S,2018-04-24,2019-05-09,Spouse,"$15,001 - $50,000",380
R,Shelley M Capito,Senate,NSRGY,S,2018-04-24,2019-05-09,Spouse,"$1,001 - $15,000",380
R,Shelley M Capito,Senate,MS,S,2018-04-24,2019-05-09,Spouse,"$1,001 - $15,000",380
R,Shelley M Capito,Senate,LULU,S,2018-04-24,2019-05-09,Spouse,"$1,001 - $15,000",380
R,Shelley M Capito,Senate,IYE,S,2018-04-24,2019-05-09,Spouse,"$15,001 - $50,000",380
R,Shelley M Capito,Senate,KHC,S,2018-04-24,2019-05-09,Spouse,"$1,001 - $15,000",380
R,Shelley M Capito,Senate,RHHBY,S,2018-04-24,2019-05-09,Spouse,"$1,001 - $15,000",380
R,Shelley M Capito,Senate,CLB,S,2018-04-24,2019-05-09,Spouse,"$1,001 - $15,000",380
R,Shelley M Capito,Senate,CHK,S,2018-04-24,2019-05-09,Spouse,"$1,001 - $15,000",380
R,Shelley M Capito,Senate,CME,S,2018-04-24,2019-05-09,Spouse,"$15,001 - $50,000",380
R,Shelley M Capito,Senate,AL,S,2018-04-24,2019-05-09,Spouse,"$1,001 - $15,000",380
R,Shelley M Capito,Senate,WEC,P,2018-04-05,2019-05-09,Spouse,"$1,001 - $15,000",399
R,Shelley M Capito,Senate,WMT,P,2018-04-05,2019-05-09,Spouse,"$1,001 - $15,000",399
R,Shelley M Capito,Senate,VFC,P,2018-04-05,2019-05-09,Spouse,"$1,001 - $15,000",399
R,Shelley M Capito,Senate,UTX,P,2018-04-05,2019-05-09,Spouse,"$1,001 - $15,000",399
R,Shelley M Capito,Senate,USB,P,2018-04-05,2019-05-09,Spouse,"$1,001 - $15,000",399
R,Shelley M Capito,Senate,MMM,P,2018-04-05,2019-05-09,Spouse,"$1,001 - $15,000",399
R,Shelley M Capito,Senate,SYY,P,2018-04-05,2019-05-09,Spouse,"$1,001 - $15,000",399
R,Shelley M Capito,Senate,PX,P,2018-04-05,2019-05-09,Spouse,"$1,001 - $15,000",399
R,Shelley M Capito,Senate,PII,P,2018-04-05,2019-05-09,Spouse,"$1,001 - $15,000",399
R,Shelley M Capito,Senate,PSX,P,2018-04-05,2019-05-09,Spouse,"$1,001 - $15,000",399
R,Shelley M Capito,Senate,PEP,P,2018-04-05,2019-05-09,Spouse,"$1,001 - $15,000",399
R,Shelley M Capito,Senate,PAYX,P,2018-04-05,2019-05-09,Spouse,"$1,001 - $15,000",399
R,Shelley M Capito,Senate,NSC,P,2018-04-05,2019-05-09,Spouse,"$1,001 - $15,000",399
R,Shelley M Capito,Senate,NEE,P,2018-04-05,2019-05-09,Spouse,"$1,001 - $15,000",399
R,Shelley M Capito,Senate,JPM,P,2018-04-05,2019-05-09,Spouse,"$1,001 - $15,000",399
R,Shelley M Capito,Senate,MSFT,P,2018-04-05,2019-05-09,Spouse,"$1,001 - $15,000",399
R,Shelley M Capito,Senate,MDT,P,2018-04-05,2019-05-09,Spouse,"$1,001 - $15,000",399
R,Shelley M Capito,Senate,MCD,P,2018-04-06,2019-05-09,Spouse,"$1,001 - $15,000",398
R,Shelley M Capito,Senate,LOW,P,2018-04-05,2019-05-09,Spouse,"$1,001 - $15,000",399
R,Shelley M Capito,Senate,JNJ,P,2018-04-05,2019-05-09,Spouse,"$1,001 - $15,000",399
R,Shelley M Capito,Senate,ITW,P,2018-04-05,2019-05-09,Spouse,"$1,001 - $15,000",399
R,Shelley M Capito,Senate,HRS,P,2018-04-05,2019-05-09,Spouse,"$1,001 - $15,000",399
R,Shelley M Capito,Senate,GD,P,2018-04-05,2019-05-09,Spouse,"$1,001 - $15,000",399
R,Shelley M Capito,Senate,ES,P,2018-04-05,2019-05-09,Spouse,"$1,001 - $15,000",399
R,Shelley M Capito,Senate,EMR,P,2018-04-05,2019-05-09,Spouse,"$1,001 - $15,000",399
R,Shelley M Capito,Senate,CL,P,2018-04-05,2019-05-09,Spouse,"$1,001 - $15,000",399
R,Shelley M Capito,Senate,CLX,P,2018-04-05,2019-05-09,Spouse,"$1,001 - $15,000",399
R,Shelley M Capito,Senate,CSCO,P,2018-04-05,2019-05-09,Spouse,"$1,001 - $15,000",399
R,Shelley M Capito,Senate,CB,P,2018-04-05,2019-05-09,Spouse,"$1,001 - $15,000",399
R,Shelley M Capito,Senate,CVX,P,2018-04-05,2019-05-09,Spouse,"$1,001 - $15,000",399
R,Shelley M Capito,Senate,BLK,P,2018-04-05,2019-05-09,Spouse,"$1,001 - $15,000",399
R,Shelley M Capito,Senate,BDX,P,2018-04-05,2019-05-09,Spouse,"$1,001 - $15,000",399
R,Shelley M Capito,Senate,ADP,P,2018-04-05,2019-05-09,Spouse,"$1,001 - $15,000",399
R,Shelley M Capito,Senate,ADI,P,2018-04-05,2019-05-09,Spouse,"$1,001 - $15,000",399
R,Shelley M Capito,Senate,AMGN,P,2018-04-05,2019-05-09,Spouse,"$1,001 - $15,000",399
R,Shelley M Capito,Senate,APD,P,2018-04-04,2019-05-09,Spouse,"$1,001 - $15,000",400
R,Shelley M Capito,Senate,ACN,P,2018-04-05,2019-05-09,Spouse,"$1,001 - $15,000",399
R,Shelley M Capito,Senate,ABT,P,2018-04-05,2019-05-09,Spouse,"$1,001 - $15,000",399
R,Shelley M Capito,Senate,T,P,2018-04-05,2019-05-09,Spouse,"$1,001 - $15,000",399
R,Shelley M Capito,Senate,AFL,P,2018-04-05,2019-05-09,Spouse,"$1,001 - $15,000",399
R,Shelley M Capito,Senate,UBSI,S,2018-04-05,2019-05-09,Spouse,"$15,001 - $50,000",399
R,Shelley M Capito,Senate,MDLZ,P,2018-04-04,2019-05-09,Self,"$1,001 - $15,000",400
R,John Hoeven,Senate,WTW,P,2018-11-07,2019-05-08,Spouse,"$15,001 - $50,000",182
D,Sheldon Whitehouse,Senate,INTC,P,2019-04-18,2019-05-08,Spouse,"$1,001 - $15,000",20
D,Sheldon Whitehouse,Senate,PGR,P,2019-04-18,2019-05-08,Spouse,"$1,001 - $15,000",20
D,Sheldon Whitehouse,Senate,TEL,S,2019-04-18,2019-05-08,Joint,"$1,001 - $15,000",20
D,Sheldon Whitehouse,Senate,MCD,P,2019-04-18,2019-05-08,Joint,"$1,001 - $15,000",20
D,Sheldon Whitehouse,Senate,VZ,P,2019-04-18,2019-05-08,Self,"$1,001 - $15,000",20
D,Sheldon Whitehouse,Senate,SIEGY,P,2019-04-18,2019-05-08,Self,"$15,001 - $50,000",20
D,Sheldon Whitehouse,Senate,T,P,2019-04-18,2019-05-08,Self,"$1,001 - $15,000",20
D,Sheldon Whitehouse,Senate,SQ,P,2019-04-18,2019-05-08,Self,"$1,001 - $15,000",20
D,Sheldon Whitehouse,Senate,CGNX,P,2019-04-18,2019-05-08,Self,"$15,001 - $50,000",20
R,John Hoeven,Senate,WTW,S,2019-01-19,2019-05-08,Spouse,"$15,001 - $50,000",109
?,"David A Perdue , Jr",Senate,BWXT,S,2019-04-30,2019-05-07,Joint,"$1,001 - $15,000",7
?,"David A Perdue , Jr",Senate,ENTG,S,2019-04-30,2019-05-07,Joint,"$1,001 - $15,000",7
?,"David A Perdue , Jr",Senate,GLW,P,2019-04-30,2019-05-07,Joint,"$1,001 - $15,000",7
?,"David A Perdue , Jr",Senate,BWXT,S,2019-04-29,2019-05-07,Joint,"$1,001 - $15,000",8
?,"David A Perdue , Jr",Senate,FDX,P,2019-04-26,2019-05-07,Joint,"$1,001 - $15,000",11
?,"David A Perdue , Jr",Senate,FDX,P,2019-04-25,2019-05-07,Joint,"$1,001 - $15,000",12
?,"David A Perdue , Jr",Senate,LYV,S,2019-04-24,2019-05-07,Joint,"$15,001 - $50,000",13
?,"David A Perdue , Jr",Senate,BWXT,S,2019-04-23,2019-05-07,Joint,"$1,001 - $15,000",14
?,"David A Perdue , Jr",Senate,ENTG,S,2019-04-22,2019-05-07,Joint,"$1,001 - $15,000",15
?,"David A Perdue , Jr",Senate,TRP,S,2019-04-18,2019-05-07,Joint,"$1,001 - $15,000",19
?,"David A Perdue , Jr",Senate,TRP,S,2019-04-17,2019-05-07,Joint,"$1,001 - $15,000",20
?,"David A Perdue , Jr",Senate,WMB,S,2019-04-16,2019-05-07,Joint,"$1,001 - $15,000",21
?,"David A Perdue , Jr",Senate,LYV,S,2019-04-16,2019-05-07,Joint,"$1,001 - $15,000",21
?,"David A Perdue , Jr",Senate,ENTG,S,2019-04-16,2019-05-07,Joint,"$15,001 - $50,000",21
?,"David A Perdue , Jr",Senate,FDC,S,2019-04-15,2019-05-07,Joint,"$15,001 - $50,000",22
?,"David A Perdue , Jr",Senate,TRP,S,2019-04-15,2019-05-07,Joint,"$1,001 - $15,000",22
?,"David A Perdue , Jr",Senate,FDC,S,2019-04-12,2019-05-07,Joint,"$1,001 - $15,000",25
?,"David A Perdue , Jr",Senate,BWXT,S,2019-04-12,2019-05-07,Joint,"$1,001 - $15,000",25
?,"David A Perdue , Jr",Senate,FDC,S,2019-04-11,2019-05-07,Joint,"$1,001 - $15,000",26
?,"David A Perdue , Jr",Senate,BWXT,S,2019-04-11,2019-05-07,Joint,"$1,001 - $15,000",26
?,"David A Perdue , Jr",Senate,MRK,S,2019-04-10,2019-05-07,Joint,"$15,001 - $50,000",27
?,"David A Perdue , Jr",Senate,DIS,S,2019-04-10,2019-05-07,Joint,"$1,001 - $15,000",27
?,"David A Perdue , Jr",Senate,FDC,S,2019-04-10,2019-05-07,Joint,"$1,001 - $15,000",27
?,"David A Perdue , Jr",Senate,EMR,S,2019-04-10,2019-05-07,Joint,"$15,001 - $50,000",27
?,"David A Perdue , Jr",Senate,FDC,S,2019-04-09,2019-05-07,Joint,"$1,001 - $15,000",28
?,"David A Perdue , Jr",Senate,FDX,P,2019-04-09,2019-05-07,Joint,"$1,001 - $15,000",28
?,"David A Perdue , Jr",Senate,AAPL,S,2019-04-08,2019-05-07,Joint,"$15,001 - $50,000",29
?,"David A Perdue , Jr",Senate,FDX,P,2019-04-08,2019-05-07,Joint,"$1,001 - $15,000",29
?,"David A Perdue , Jr",Senate,BWXT,S,2019-04-08,2019-05-07,Joint,"$1,001 - $15,000",29
?,"David A Perdue , Jr",Senate,FDC,S,2019-04-08,2019-05-07,Joint,"$1,001 - $15,000",29
?,"David A Perdue , Jr",Senate,LYV,S,2019-04-08,2019-05-07,Joint,"$1,001 - $15,000",29
R,William Cassidy,Senate,NVS,S,2019-04-05,2019-05-03,Spouse,"$1,001 - $15,000",28
R,James M Inhofe,Senate,TEL,S,2019-04-26,2019-05-03,Self,"$50,001 - $100,000",7
R,James M Inhofe,Senate,LH,S,2019-04-26,2019-05-03,Self,"$50,001 - $100,000",7
R,James M Inhofe,Senate,CLR,S,2019-04-16,2019-05-03,Self,"$15,001 - $50,000",17
D,Thomas R Carper,Senate,QCOM,S,2019-04-17,2019-05-01,Spouse,"$1,001 - $15,000",14
D,Thomas R Carper,Senate,SWKS,P,2019-04-17,2019-05-01,Spouse,"$1,001 - $15,000",14
R,John Hoeven,Senate,KDP,P,2019-04-25,2019-04-29,Self,"$15,001 - $50,000",4
D,Tina Smith,Senate,ABT,S,2019-04-09,2019-04-24,Joint,"$250,001 - $500,000",15
D,Thomas Udall,Senate,CBS,S,2018-04-10,2019-04-18,Self,"$1,001 - $15,000",373
D,Thomas Udall,Senate,GE,S,2018-12-18,2019-04-18,Joint,"$15,001 - $50,000",121
D,Sheldon Whitehouse,Senate,BA,S,2019-03-15,2019-04-17,Spouse,"$1,001 - $15,000",33
D,Sheldon Whitehouse,Senate,BIIB,S,2019-03-22,2019-04-17,Spouse,"$1,001 - $15,000",26
R,Shelley M Capito,Senate,V,S,2019-03-11,2019-04-17,Spouse,"$1,001 - $15,000",37
R,Shelley M Capito,Senate,TSM,S,2019-03-11,2019-04-17,Spouse,"$1,001 - $15,000",37
R,Shelley M Capito,Senate,SFTBY,S,2019-03-11,2019-04-17,Spouse,"$1,001 - $15,000",37
R,Shelley M Capito,Senate,SRE,S,2019-03-11,2019-04-17,Spouse,"$1,001 - $15,000",37
R,Shelley M Capito,Senate,SLB,S,2019-03-11,2019-04-17,Spouse,"$1,001 - $15,000",37
R,Shelley M Capito,Senate,RBGLY,S,2019-03-11,2019-04-17,Spouse,"$1,001 - $15,000",37
R,Shelley M Capito,Senate,PM,S,2019-03-11,2019-04-17,Spouse,"$1,001 - $15,000",37
R,Shelley M Capito,Senate,PDRDY,S,2019-03-11,2019-04-17,Spouse,"$1,001 - $15,000",37
R,Shelley M Capito,Senate,AVGO,S,2019-03-11,2019-04-17,Spouse,"$1,001 - $15,000",37
R,Shelley M Capito,Senate,LRLCY,S,2019-03-11,2019-04-17,Spouse,"$1,001 - $15,000",37
R,Shelley M Capito,Senate,NVO,S,2019-03-11,2019-04-17,Spouse,"$1,001 - $15,000",37
R,Shelley M Capito,Senate,MRAAY,S,2019-03-11,2019-04-17,Spouse,"$1,001 - $15,000",37
R,Shelley M Capito,Senate,NSRGY,S,2019-03-11,2019-04-17,Spouse,"$1,001 - $15,000",37
R,Shelley M Capito,Senate,NPSNY,S,2019-03-11,2019-04-17,Spouse,"$1,001 - $15,000",37
R,Shelley M Capito,Senate,JPM,S,2019-03-11,2019-04-17,Spouse,"$1,001 - $15,000",37
R,Shelley M Capito,Senate,MCO,S,2019-03-11,2019-04-17,Spouse,"$1,001 - $15,000",37
R,Shelley M Capito,Senate,MDLZ,S,2019-03-11,2019-04-17,Spouse,"$1,001 - $15,000",37
R,Shelley M Capito,Senate,MSFT,S,2019-03-11,2019-04-17,Spouse,"$1,001 - $15,000",37
R,Shelley M Capito,Senate,LVS,S,2019-03-11,2019-04-17,Spouse,"$1,001 - $15,000",37
R,Shelley M Capito,Senate,KYCCF,S,2019-03-11,2019-04-17,Spouse,"$1,001 - $15,000",37
R,Shelley M Capito,Senate,ICE,S,2019-03-11,2019-04-17,Spouse,"$1,001 - $15,000",37
R,Shelley M Capito,Senate,INTC,S,2019-03-11,2019-04-17,Spouse,"$1,001 - $15,000",37
R,Shelley M Capito,Senate,SAFRY,S,2019-03-11,2019-04-17,Spouse,"$1,001 - $15,000",37
R,Shelley M Capito,Senate,HLT,S,2019-03-11,2019-04-17,Spouse,"$1,001 - $15,000",37
R,Shelley M Capito,Senate,GDDY,S,2019-03-11,2019-04-17,Spouse,"$1,001 - $15,000",37
R,Shelley M Capito,Senate,GILD,S,2019-03-11,2019-04-17,Spouse,"$1,001 - $15,000",37
R,Shelley M Capito,Senate,ESLOY,S,2019-03-11,2019-04-17,Spouse,"$1,001 - $15,000",37
R,Shelley M Capito,Senate,ENB,S,2019-03-11,2019-04-17,Spouse,"$1,001 - $15,000",37
R,Shelley M Capito,Senate,DEO,S,2019-03-11,2019-04-17,Spouse,"$1,001 - $15,000",37
R,Shelley M Capito,Senate,DE,S,2019-03-11,2019-04-17,Spouse,"$1,001 - $15,000",37
R,Shelley M Capito,Senate,DHR,S,2019-03-11,2019-04-17,Spouse,"$1,001 - $15,000",37
R,Shelley M Capito,Senate,CCI,S,2019-03-11,2019-04-17,Spouse,"$1,001 - $15,000",37
R,Shelley M Capito,Senate,CVX,S,2019-03-11,2019-04-17,Spouse,"$1,001 - $15,000",37
R,Shelley M Capito,Senate,CABGY,S,2019-03-11,2019-04-17,Spouse,"$1,001 - $15,000",37
R,Shelley M Capito,Senate,CSX,S,2019-03-11,2019-04-17,Spouse,"$1,001 - $15,000",37
R,Shelley M Capito,Senate,CME,S,2019-03-11,2019-04-17,Spouse,"$1,001 - $15,000",37
R,Shelley M Capito,Senate,BK,S,2019-03-11,2019-04-17,Spouse,"$1,001 - $15,000",37
R,Shelley M Capito,Senate,ASML,S,2019-03-11,2019-04-17,Spouse,"$1,001 - $15,000",37
R,Shelley M Capito,Senate,AZN,S,2019-03-11,2019-04-17,Spouse,"$1,001 - $15,000",37
R,Shelley M Capito,Senate,AHKSY,S,2019-03-11,2019-04-17,Spouse,"$1,001 - $15,000",37
R,Shelley M Capito,Senate,AAPL,S,2019-03-11,2019-04-17,Spouse,"$1,001 - $15,000",37
R,Shelley M Capito,Senate,AMT,S,2019-03-11,2019-04-17,Spouse,"$1,001 - $15,000",37
R,Shelley M Capito,Senate,AMZN,S,2019-03-11,2019-04-17,Spouse,"$1,001 - $15,000",37
R,Shelley M Capito,Senate,GOOG,S,2019-03-11,2019-04-17,Spouse,"$1,001 - $15,000",37
R,Shelley M Capito,Senate,EADSY,S,2019-03-11,2019-04-17,Spouse,"$1,001 - $15,000",37
R,Shelley M Capito,Senate,ATVI,S,2019-03-11,2019-04-17,Spouse,"$1,001 - $15,000",37
R,Shelley M Capito,Senate,AAGIY,S,2019-03-11,2019-04-17,Spouse,"$1,001 - $15,000",37
R,Shelley M Capito,Senate,KO,P,2019-03-04,2019-04-17,Self,"$1,001 - $15,000",44
?,"David A Perdue , Jr",Senate,FDX,P,2019-04-05,2019-04-09,Joint,"$1,001 - $15,000",4
?,"David A Perdue , Jr",Senate,BWXT,S,2019-04-05,2019-04-09,Joint,"$1,001 - $15,000",4
?,"David A Perdue , Jr",Senate,LYV,S,2019-04-03,2019-04-09,Joint,"$1,001 - $15,000",6
?,"David A Perdue , Jr",Senate,MOS,P,2019-04-03,2019-04-09,Joint,"$1,001 - $15,000",6
?,"David A Perdue , Jr",Senate,FDX,P,2019-04-03,2019-04-09,Joint,"$1,001 - $15,000",6
?,"David A Perdue , Jr",Senate,FDX,P,2019-04-02,2019-04-09,Joint,"$15,001 - $50,000",7
?,"David A Perdue , Jr",Senate,LYV,S,2019-04-02,2019-04-09,Joint,"$1,001 - $15,000",7
?,"David A Perdue , Jr",Senate,FDC,S,2019-04-02,2019-04-09,Joint,"$1,001 - $15,000",7
?,"David A Perdue , Jr",Senate,FDX,P,2019-03-29,2019-04-09,Joint,"$1,001 - $15,000",11
?,"David A Perdue , Jr",Senate,MOS,P,2019-03-28,2019-04-09,Joint,"$1,001 - $15,000",12
?,"David A Perdue , Jr",Senate,FDX,P,2019-03-28,2019-04-09,Joint,"$15,001 - $50,000",12
?,"David A Perdue , Jr",Senate,KMI,S,2019-03-28,2019-04-09,Joint,"$1,001 - $15,000",12
?,"David A Perdue , Jr",Senate,BKNG,P,2019-03-26,2019-04-09,Joint,"$15,001 - $50,000",14
?,"David A Perdue , Jr",Senate,MSFT,S,2019-03-25,2019-04-09,Joint,"$1,001 - $15,000",15
?,"David A Perdue , Jr",Senate,CSCO,S,2019-03-25,2019-04-09,Joint,"$1,001 - $15,000",15
?,"David A Perdue , Jr",Senate,ORCL,S,2019-03-25,2019-04-09,Joint,"$1,001 - $15,000",15
?,"David A Perdue , Jr",Senate,GOOG,P,2019-03-25,2019-04-09,Joint,"$15,001 - $50,000",15
?,"David A Perdue , Jr",Senate,IBM,S,2019-03-21,2019-04-09,Joint,"$15,001 - $50,000",19
?,"David A Perdue , Jr",Senate,BWXT,S,2019-03-19,2019-04-09,Joint,"$1,001 - $15,000",21
?,"David A Perdue , Jr",Senate,ET,P,2019-03-19,2019-04-09,Joint,"$1,001 - $15,000",21
?,"David A Perdue , Jr",Senate,MPLX,P,2019-03-19,2019-04-09,Joint,"$1,001 - $15,000",21
?,"David A Perdue , Jr",Senate,TRGP,P,2019-03-18,2019-04-09,Joint,"$1,001 - $15,000",22
?,"David A Perdue , Jr",Senate,WES,P,2019-03-18,2019-04-09,Joint,"$1,001 - $15,000",22
?,"David A Perdue , Jr",Senate,FDC,S,2019-03-13,2019-04-09,Joint,"$1,001 - $15,000",27
?,"David A Perdue , Jr",Senate,FDC,S,2019-03-08,2019-04-09,Joint,"$1,001 - $15,000",32
?,"David A Perdue , Jr",Senate,TRP,S,2019-03-07,2019-04-09,Joint,"$1,001 - $15,000",33
?,"David A Perdue , Jr",Senate,FDC,S,2019-03-07,2019-04-09,Joint,"$15,001 - $50,000",33
?,"David A Perdue , Jr",Senate,TRP,S,2019-03-06,2019-04-09,Joint,"$1,001 - $15,000",34
?,"David A Perdue , Jr",Senate,BWXT,S,2019-03-01,2019-04-09,Joint,"$1,001 - $15,000",39
R,John Hoeven,Senate,XSLV,P,2019-03-08,2019-04-09,Self,"$50,001 - $100,000",32
R,John Hoeven,Senate,PRNHX,P,2019-03-22,2019-04-09,Self,"$50,001 - $100,000",18
R,John Hoeven,Senate,FLMVX,P,2019-03-22,2019-04-09,Self,"$50,001 - $100,000",18
R,John Hoeven,Senate,FCNTX,P,2019-03-22,2019-04-09,Self,"$50,001 - $100,000",18
R,John Hoeven,Senate,TGT,P,2019-03-22,2019-04-09,Self,"$50,001 - $100,000",18
R,John Hoeven,Senate,MET,P,2019-03-22,2019-04-09,Self,"$50,001 - $100,000",18
R,John Hoeven,Senate,IVZ,P,2019-03-22,2019-04-09,Self,"$50,001 - $100,000",18
R,John Hoeven,Senate,KDP,P,2019-03-22,2019-04-09,Self,"$50,001 - $100,000",18
R,John Hoeven,Senate,CCI,P,2019-03-22,2019-04-09,Self,"$50,001 - $100,000",18
R,Daniel S Sullivan,Senate,RPM,S,2019-03-19,2019-04-08,Joint,"$50,001 - $100,000",20
R,James M Inhofe,Senate,DHR,S,2019-03-01,2019-03-26,Self,"$15,001 - $50,000",25
D,Sheldon Whitehouse,Senate,NFLX,S,2019-02-27,2019-03-25,Spouse,"$1,001 - $15,000",26
D,Sheldon Whitehouse,Senate,T,P,2019-02-27,2019-03-25,Joint,"$1,001 - $15,000",26
D,Sheldon Whitehouse,Senate,FB,S,2019-02-27,2019-03-25,Joint,"$15,001 - $50,000",26
D,Sheldon Whitehouse,Senate,NSRGY,S,2019-02-27,2019-03-25,Joint,"$15,001 - $50,000",26
D,Sheldon Whitehouse,Senate,PEP,P,2019-02-27,2019-03-25,Joint,"$1,001 - $15,000",26
D,Sheldon Whitehouse,Senate,PG,P,2019-02-27,2019-03-25,Joint,"$1,001 - $15,000",26
D,Sheldon Whitehouse,Senate,HAS,S,2019-02-12,2019-03-25,Self,"$15,001 - $50,000",41
D,John F Reed,Senate,XLNX,S,2019-02-28,2019-03-18,Self,"$15,001 - $50,000",18
D,John F Reed,Senate,TMO,S,2019-02-28,2019-03-18,Self,"$1,001 - $15,000",18
D,John F Reed,Senate,SYK,S,2019-02-28,2019-03-18,Self,"$15,001 - $50,000",18
D,John F Reed,Senate,SLB,S,2019-02-28,2019-03-18,Self,"$1,001 - $15,000",18
D,John F Reed,Senate,QCOM,S,2019-02-28,2019-03-18,Self,"$15,001 - $50,000",18
D,John F Reed,Senate,PEP,S,2019-02-28,2019-03-18,Self,"$1,001 - $15,000",18
D,John F Reed,Senate,MSFT,S,2019-02-28,2019-03-18,Self,"$1,001 - $15,000",18
D,John F Reed,Senate,ISRG,S,2019-02-28,2019-03-18,Self,"$1,001 - $15,000",18
D,John F Reed,Senate,INTC,S,2019-02-28,2019-03-18,Self,"$1,001 - $15,000",18
D,John F Reed,Senate,IQV,S,2019-02-28,2019-03-18,Self,"$1,001 - $15,000",18
D,John F Reed,Senate,HOLX,S,2019-02-28,2019-03-18,Self,"$1,001 - $15,000",18
D,John F Reed,Senate,FDX,S,2019-02-28,2019-03-18,Self,"$1,001 - $15,000",18
D,John F Reed,Senate,DHR,S,2019-02-28,2019-03-18,Self,"$1,001 - $15,000",18
D,John F Reed,Senate,COST,S,2019-02-28,2019-03-18,Self,"$1,001 - $15,000",18
D,John F Reed,Senate,CELG,S,2019-02-28,2019-03-18,Self,"$1,001 - $15,000",18
D,John F Reed,Senate,CVS,S,2019-02-28,2019-03-18,Self,"$1,001 - $15,000",18
D,John F Reed,Senate,AAPL,S,2019-02-28,2019-03-18,Self,"$15,001 - $50,000",18
D,John F Reed,Senate,ADI,S,2019-02-28,2019-03-18,Self,"$1,001 - $15,000",18
D,Mark R Warner,Senate,ZAYO,S,2019-02-20,2019-03-08,Self,"$250,001 - $500,000",16
D,Mark R Warner,Senate,ZAYO,S,2019-02-19,2019-03-08,Self,"$500,001 - $1,000,000",17
D,Mark R Warner,Senate,CHTR,S,2019-02-19,2019-03-08,Self,"$1,000,001 - $5,000,000",17
R,John Hoeven,Senate,LYB,P,2019-02-27,2019-03-07,Self,"$50,001 - $100,000",8
?,"A. Mitchell McConnell, Jr.",Senate,WFC,P,2019-03-05,2019-03-06,Spouse,"$1,001 - $15,000",1
?,"David A Perdue , Jr",Senate,BOIVF,P,2019-02-13,2019-03-06,Joint,"$1,001 - $15,000",21
?,"David A Perdue , Jr",Senate,BWXT,S,2019-02-27,2019-03-06,Joint,"$1,001 - $15,000",7
?,"David A Perdue , Jr",Senate,TRGP,S,2019-02-27,2019-03-06,Joint,"$1,001 - $15,000",7
?,"David A Perdue , Jr",Senate,LNG,P,2019-02-27,2019-03-06,Joint,"$1,001 - $15,000",7
?,"David A Perdue , Jr",Senate,BWXT,S,2019-02-26,2019-03-06,Joint,"$15,001 - $50,000",8
?,"David A Perdue , Jr",Senate,UHAL,S,2019-02-25,2019-03-06,Joint,"$1,001 - $15,000",9
?,"David A Perdue , Jr",Senate,PEP,S,2019-02-25,2019-03-06,Joint,"$15,001 - $50,000",9
?,"David A Perdue , Jr",Senate,AVP,S,2019-02-25,2019-03-06,Joint,"$1,001 - $15,000",9
?,"David A Perdue , Jr",Senate,STT,S,2019-02-25,2019-03-06,Joint,"$1,001 - $15,000",9
?,"David A Perdue , Jr",Senate,PG,S,2019-02-25,2019-03-06,Joint,"$15,001 - $50,000",9
?,"David A Perdue , Jr",Senate,FOX,S,2019-02-25,2019-03-06,Joint,"$1,001 - $15,000",9
?,"David A Perdue , Jr",Senate,KO,P,2019-02-25,2019-03-06,Joint,"$1,001 - $15,000",9
?,"David A Perdue , Jr",Senate,UN,P,2019-02-25,2019-03-06,Joint,"$1,001 - $15,000",9
?,"David A Perdue , Jr",Senate,CSCO,S,2019-02-25,2019-03-06,Joint,"$15,001 - $50,000",9
?,"David A Perdue , Jr",Senate,SYY,S,2019-02-25,2019-03-06,Joint,"$1,001 - $15,000",9
?,"David A Perdue , Jr",Senate,FOXA,S,2019-02-25,2019-03-06,Joint,"$1,001 - $15,000",9
?,"David A Perdue , Jr",Senate,ORCL,S,2019-02-25,2019-03-06,Joint,"$1,001 - $15,000",9
?,"David A Perdue , Jr",Senate,MSFT,S,2019-02-25,2019-03-06,Joint,"$15,001 - $50,000",9
?,"David A Perdue , Jr",Senate,COP,S,2019-02-25,2019-03-06,Joint,"$1,001 - $15,000",9
?,"David A Perdue , Jr",Senate,ANTM,S,2019-02-25,2019-03-06,Joint,"$1,001 - $15,000",9
?,"David A Perdue , Jr",Senate,ACA,S,2019-02-25,2019-03-06,Joint,"$1,001 - $15,000",9
?,"David A Perdue , Jr",Senate,INFY,S,2019-02-25,2019-03-06,Joint,"$1,001 - $15,000",9
?,"David A Perdue , Jr",Senate,MU,S,2019-02-25,2019-03-06,Joint,"$1,001 - $15,000",9
?,"David A Perdue , Jr",Senate,CLX,S,2019-02-25,2019-03-06,Joint,"$1,001 - $15,000",9
?,"David A Perdue , Jr",Senate,WFC,P,2019-02-25,2019-03-06,Joint,"$1,001 - $15,000",9
?,"David A Perdue , Jr",Senate,TRGP,S,2019-02-19,2019-03-06,Joint,"$15,001 - $50,000",15
?,"David A Perdue , Jr",Senate,GLW,S,2019-02-19,2019-03-06,Joint,"$1,001 - $15,000",15
?,"David A Perdue , Jr",Senate,MRK,S,2019-02-19,2019-03-06,Joint,"$15,001 - $50,000",15
?,"David A Perdue , Jr",Senate,MOS,S,2019-02-19,2019-03-06,Joint,"$15,001 - $50,000",15
?,"David A Perdue , Jr",Senate,HBI,S,2019-02-19,2019-03-06,Joint,"$15,001 - $50,000",15
?,"David A Perdue , Jr",Senate,ENTG,S,2019-02-19,2019-03-06,Joint,"$1,001 - $15,000",15
?,"David A Perdue , Jr",Senate,GM,S,2019-02-19,2019-03-06,Joint,"$15,001 - $50,000",15
?,"David A Perdue , Jr",Senate,PG,S,2019-02-12,2019-03-06,Joint,"$15,001 - $50,000",22
?,"David A Perdue , Jr",Senate,WPX,P,2019-02-11,2019-03-06,Joint,"$1,001 - $15,000",23
?,"David A Perdue , Jr",Senate,BOIVF,P,2019-02-08,2019-03-06,Joint,"$1,001 - $15,000",26
?,"David A Perdue , Jr",Senate,FDC,S,2019-02-08,2019-03-06,Joint,"$1,001 - $15,000",26
?,"David A Perdue , Jr",Senate,OKE,S,2019-02-07,2019-03-06,Joint,"$1,001 - $15,000",27
?,"David A Perdue , Jr",Senate,PAGP,P,2019-02-07,2019-03-06,Joint,"$1,001 - $15,000",27
?,"David A Perdue , Jr",Senate,FDC,S,2019-02-07,2019-03-06,Joint,"$1,001 - $15,000",27
?,"David A Perdue , Jr",Senate,FEYE,P,2019-02-07,2019-03-06,Joint,"$1,001 - $15,000",27
?,"David A Perdue , Jr",Senate,BOIVF,P,2019-02-07,2019-03-06,Joint,"$1,001 - $15,000",27
?,"David A Perdue , Jr",Senate,AM,S,2019-02-07,2019-03-06,Joint,"$1,001 - $15,000",27
?,"David A Perdue , Jr",Senate,WPX,P,2019-02-06,2019-03-06,Joint,"$1,001 - $15,000",28
?,"David A Perdue , Jr",Senate,T,P,2019-02-06,2019-03-06,Joint,"$1,001 - $15,000",28
?,"David A Perdue , Jr",Senate,T,P,2019-02-05,2019-03-06,Joint,"$15,001 - $50,000",29
?,"David A Perdue , Jr",Senate,FDC,S,2019-02-05,2019-03-06,Joint,"$15,001 - $50,000",29
?,"David A Perdue , Jr",Senate,WPX,P,2019-02-05,2019-03-06,Joint,"$1,001 - $15,000",29
?,"David A Perdue , Jr",Senate,MPLX,P,2019-02-04,2019-03-06,Joint,"$1,001 - $15,000",30
?,"David A Perdue , Jr",Senate,FDC,S,2019-02-01,2019-03-06,Joint,"$15,001 - $50,000",33
?,"David A Perdue , Jr",Senate,WPX,P,2019-02-01,2019-03-06,Joint,"$1,001 - $15,000",33
?,"David A Perdue , Jr",Senate,BOIVF,P,2019-02-01,2019-03-06,Joint,"$1,001 - $15,000",33
?,"David A Perdue , Jr",Senate,T,P,2019-02-01,2019-03-06,Joint,"$15,001 - $50,000",33
?,"David A Perdue , Jr",Senate,ET,P,2019-02-01,2019-03-06,Joint,"$1,001 - $15,000",33
D,John F Reed,Senate,XLNX,S,2019-02-04,2019-03-01,Joint,"$1,001 - $15,000",25
D,John F Reed,Senate,VRTX,S,2019-02-04,2019-03-01,Joint,"$1,001 - $15,000",25
D,John F Reed,Senate,SYK,S,2019-02-04,2019-03-01,Joint,"$1,001 - $15,000",25
D,John F Reed,Senate,QCOM,S,2019-02-04,2019-03-01,Joint,"$1,001 - $15,000",25
D,John F Reed,Senate,ISRG,S,2019-02-04,2019-03-01,Joint,"$1,001 - $15,000",25
D,John F Reed,Senate,INTC,S,2019-02-04,2019-03-01,Joint,"$1,001 - $15,000",25
D,John F Reed,Senate,ITW,S,2019-02-04,2019-03-01,Joint,"$1,001 - $15,000",25
D,John F Reed,Senate,IQV,S,2019-02-04,2019-03-01,Joint,"$1,001 - $15,000",25
D,John F Reed,Senate,HON,S,2019-02-04,2019-03-01,Joint,"$1,001 - $15,000",25
D,John F Reed,Senate,FDX,S,2019-02-04,2019-03-01,Joint,"$1,001 - $15,000",25
D,John F Reed,Senate,DHR,S,2019-02-04,2019-03-01,Joint,"$1,001 - $15,000",25
D,John F Reed,Senate,COST,S,2019-02-04,2019-03-01,Joint,"$1,001 - $15,000",25
D,John F Reed,Senate,CSCO,S,2019-02-04,2019-03-01,Joint,"$1,001 - $15,000",25
D,John F Reed,Senate,CVS,S,2019-02-04,2019-03-01,Joint,"$1,001 - $15,000",25
D,John F Reed,Senate,AAPL,S,2019-02-04,2019-03-01,Joint,"$1,001 - $15,000",25
D,John F Reed,Senate,AMGN,S,2019-02-04,2019-03-01,Joint,"$1,001 - $15,000",25
R,Thomas R Tillis,Senate,CVS,S,2018-12-20,2019-02-27,Joint,"$1,001 - $15,000",69
?,"Angus S King, Jr.",Senate,AMZN,P,2019-01-31,2019-02-26,Spouse,"$1,001 - $15,000",26
?,"Angus S King, Jr.",Senate,UTX,S,2019-01-10,2019-02-26,Spouse,"$1,001 - $15,000",47
?,"Angus S King, Jr.",Senate,MKC,S,2019-01-10,2019-02-26,Spouse,"$1,001 - $15,000",47
?,"Angus S King, Jr.",Senate,AXP,S,2019-01-10,2019-02-26,Spouse,"$1,001 - $15,000",47
R,James M Inhofe,Senate,EDIT,S,2019-02-04,2019-02-25,Self,"$15,001 - $50,000",21
R,James M Inhofe,Senate,MSFT,S,2019-01-29,2019-02-25,Self,"$15,001 - $50,000",27
R,William Cassidy,Senate,PPG,S,2019-01-25,2019-02-21,Spouse,"$1,001 - $15,000",27
R,William Cassidy,Senate,NVS,P,2019-01-25,2019-02-21,Spouse,"$1,001 - $15,000",27
R,William Cassidy,Senate,MDT,P,2019-01-25,2019-02-21,Spouse,"$1,001 - $15,000",27
R,William Cassidy,Senate,XOM,P,2019-01-25,2019-02-21,Spouse,"$1,001 - $15,000",27
R,William Cassidy,Senate,DWDP,P,2019-01-25,2019-02-21,Spouse,"$1,001 - $15,000",27
R,William Cassidy,Senate,DIS,P,2019-01-25,2019-02-21,Spouse,"$1,001 - $15,000",27
R,William Cassidy,Senate,CMCSA,P,2019-01-25,2019-02-21,Spouse,"$1,001 - $15,000",27
R,William Cassidy,Senate,CSCO,P,2019-01-25,2019-02-21,Spouse,"$1,001 - $15,000",27
R,William Cassidy,Senate,CVS,P,2019-01-25,2019-02-21,Spouse,"$1,001 - $15,000",27
R,William Cassidy,Senate,AAPL,P,2019-01-25,2019-02-21,Spouse,"$1,001 - $15,000",27
D,Sheldon Whitehouse,Senate,T,P,2019-01-24,2019-02-12,Self,"$1,001 - $15,000",19
?,"David A Perdue , Jr",Senate,MPLX,P,2019-01-31,2019-02-04,Joint,"$1,001 - $15,000",4
?,"David A Perdue , Jr",Senate,T,P,2019-01-31,2019-02-04,Joint,"$1,001 - $15,000",4
?,"David A Perdue , Jr",Senate,MMP,S,2019-01-31,2019-02-04,Joint,"$1,001 - $15,000",4
?,"David A Perdue , Jr",Senate,BOIVF,P,2019-01-31,2019-02-04,Joint,"$1,001 - $15,000",4
?,"David A Perdue , Jr",Senate,T,P,2019-01-30,2019-02-04,Joint,"$15,001 - $50,000",5
?,"David A Perdue , Jr",Senate,WPX,P,2019-01-29,2019-02-04,Joint,"$1,001 - $15,000",6
?,"David A Perdue , Jr",Senate,FDC,S,2019-01-25,2019-02-04,Joint,"$1,001 - $15,000",10
?,"David A Perdue , Jr",Senate,FDC,S,2019-01-23,2019-02-04,Joint,"$1,001 - $15,000",12
?,"David A Perdue , Jr",Senate,WPX,P,2019-01-22,2019-02-04,Joint,"$1,001 - $15,000",13
?,"David A Perdue , Jr",Senate,WPX,P,2019-01-18,2019-02-04,Joint,"$1,001 - $15,000",17
?,"David A Perdue , Jr",Senate,FDC,S,2019-01-17,2019-02-04,Joint,"$1,001 - $15,000",18
?,"David A Perdue , Jr",Senate,FDC,S,2019-01-16,2019-02-04,Joint,"$15,001 - $50,000",19
?,"David A Perdue , Jr",Senate,BWXT,P,2019-01-15,2019-02-04,Joint,"$1,001 - $15,000",20
?,"David A Perdue , Jr",Senate,AM,S,2019-01-09,2019-02-04,Joint,"$1,001 - $15,000",26
?,"David A Perdue , Jr",Senate,DVN,P,2019-01-09,2019-02-04,Joint,"$1,001 - $15,000",26
?,"David A Perdue , Jr",Senate,KN,S,2019-01-08,2019-02-04,Joint,"$1,001 - $15,000",27
?,"David A Perdue , Jr",Senate,BWXT,P,2019-01-08,2019-02-04,Joint,"$1,001 - $15,000",27
?,"David A Perdue , Jr",Senate,GPK,P,2019-01-08,2019-02-04,Joint,"$1,001 - $15,000",27
?,"David A Perdue , Jr",Senate,KN,S,2019-01-07,2019-02-04,Joint,"$1,001 - $15,000",28
?,"David A Perdue , Jr",Senate,BWXT,P,2019-01-07,2019-02-04,Joint,"$1,001 - $15,000",28
?,"David A Perdue , Jr",Senate,BWXT,P,2019-01-04,2019-02-04,Joint,"$1,001 - $15,000",31
?,"David A Perdue , Jr",Senate,CZR,P,2019-01-04,2019-02-04,Joint,"$1,001 - $15,000",31
?,"David A Perdue , Jr",Senate,DVN,P,2019-01-04,2019-02-04,Joint,"$15,001 - $50,000",31
?,"David A Perdue , Jr",Senate,KN,S,2019-01-03,2019-02-04,Joint,"$1,001 - $15,000",32
?,"David A Perdue , Jr",Senate,AAPL,P,2019-01-03,2019-02-04,Joint,"$1,001 - $15,000",32
?,"David A Perdue , Jr",Senate,BWXT,P,2019-01-03,2019-02-04,Joint,"$1,001 - $15,000",32
?,"David A Perdue , Jr",Senate,WPX,P,2019-01-03,2019-02-04,Joint,"$1,001 - $15,000",32
R,James M Inhofe,Senate,DAL,S,2019-01-16,2019-01-17,Self,"$50,001 - $100,000",1
R,James M Inhofe,Senate,KMX,S,2019-01-16,2019-01-17,Self,"$100,001 - $250,000",1
R,James M Inhofe,Senate,BABA,S,2019-01-16,2019-01-17,Self,"$15,001 - $50,000",1
R,James M Inhofe,Senate,ALB,S,2019-01-16,2019-01-17,Self,"$15,001 - $50,000",1
R,James M Inhofe,Senate,V,S,2019-01-15,2019-01-17,Self,"$50,001 - $100,000",2
R,James M Inhofe,Senate,AMZN,S,2019-01-15,2019-01-17,Self,"$100,001 - $250,000",2
R,James M Inhofe,Senate,MRK,S,2019-01-11,2019-01-17,Self,"$100,001 - $250,000",6
R,Patrick J Toomey,Senate,CAPL,S,2018-08-22,2019-01-14,Self,"$1,001 - $15,000",145
R,Patrick J Toomey,Senate,CAPL,S,2018-08-09,2019-01-14,Self,"$1,001 - $15,000",158
R,Patrick J Toomey,Senate,PG,S,2018-08-02,2019-01-14,Self,"$15,001 - $50,000",165
R,John Hoeven,Senate,AAPL,P,2019-01-04,2019-01-11,Self,"$50,001 - $100,000",7
R,John Hoeven,Senate,WTW,S,2018-12-27,2019-01-11,Self,"$15,001 - $50,000",15
R,John Hoeven,Senate,DWDP,S,2018-12-27,2019-01-11,Self,"$50,001 - $100,000",15
R,John Hoeven,Senate,TAP,S,2018-12-27,2019-01-11,Self,"$100,001 - $250,000",15
R,John Hoeven,Senate,IVZ,S,2018-12-27,2019-01-11,Self,"$15,001 - $50,000",15
R,John Hoeven,Senate,BUD,S,2018-12-27,2019-01-11,Self,"$50,001 - $100,000",15
R,John Hoeven,Senate,T,S,2018-12-27,2019-01-11,Self,"$15,001 - $50,000",15
R,John Hoeven,Senate,FDX,S,2018-12-27,2019-01-11,Self,"$15,001 - $50,000",15
R,Shelley M Capito,Senate,GIS,S,2018-12-12,2019-01-11,Spouse,"$1,001 - $15,000",30
R,Shelley M Capito,Senate,PG,P,2018-12-13,2019-01-11,Spouse,"$1,001 - $15,000",29
R,Shelley M Capito,Senate,PEP,P,2018-12-13,2019-01-11,Spouse,"$1,001 - $15,000",29
D,Thomas Udall,Senate,GE,S,2018-12-18,2019-01-10,Joint,"$1,001 - $15,000",23
D,Sheldon Whitehouse,Senate,FB,S,2018-12-04,2019-01-10,Spouse,"$1,001 - $15,000",37
D,Sheldon Whitehouse,Senate,GS,S,2018-12-04,2019-01-10,Joint,"$15,001 - $50,000",37
D,Sheldon Whitehouse,Senate,ETN,S,2018-12-04,2019-01-10,Joint,"$1,001 - $15,000",37
D,Sheldon Whitehouse,Senate,BUD,S,2018-12-04,2019-01-10,Joint,"$1,001 - $15,000",37
D,Sheldon Whitehouse,Senate,REZI,S,2018-12-04,2019-01-10,Joint,"$1,001 - $15,000",37
D,Sheldon Whitehouse,Senate,AMZN,P,2018-12-28,2019-01-10,Joint,"$1,001 - $15,000",13
D,Sheldon Whitehouse,Senate,F,S,2018-12-28,2019-01-10,Joint,"$1,001 - $15,000",13
D,Sheldon Whitehouse,Senate,NVDA,P,2018-12-28,2019-01-10,Joint,"$1,001 - $15,000",13
D,Sheldon Whitehouse,Senate,T,S,2018-12-28,2019-01-10,Joint,"$1,001 - $15,000",13
D,Sheldon Whitehouse,Senate,TSLA,P,2018-12-28,2019-01-10,Joint,"$1,001 - $15,000",13
D,Sheldon Whitehouse,Senate,BMY,S,2018-12-28,2019-01-10,Joint,"$15,001 - $50,000",13
D,Sheldon Whitehouse,Senate,C,S,2018-12-03,2019-01-10,Self,"$1,001 - $15,000",38
D,Sheldon Whitehouse,Senate,BUD,S,2018-12-03,2019-01-10,Self,"$15,001 - $50,000",38
D,Sheldon Whitehouse,Senate,REZI,S,2018-12-03,2019-01-10,Self,"$1,001 - $15,000",38
D,Sheldon Whitehouse,Senate,AAPL,S,2018-12-04,2019-01-10,Self,"$15,001 - $50,000",37
D,Sheldon Whitehouse,Senate,UNP,S,2018-12-04,2019-01-10,Self,"$15,001 - $50,000",37
D,Sheldon Whitehouse,Senate,COF,S,2018-12-19,2019-01-10,Self,"$1,001 - $15,000",22
D,Sheldon Whitehouse,Senate,ILMN,P,2018-12-28,2019-01-10,Self,"$1,001 - $15,000",13
D,Sheldon Whitehouse,Senate,SQ,P,2018-12-28,2019-01-10,Self,"$1,001 - $15,000",13
R,James M Inhofe,Senate,XBI,P,2018-12-31,2019-01-09,Self,"$15,001 - $50,000",9
R,James M Inhofe,Senate,CELG,S,2018-12-31,2019-01-09,Self,"$15,001 - $50,000",9
R,James M Inhofe,Senate,TEL,P,2018-12-27,2019-01-09,Self,"$50,001 - $100,000",13
R,James M Inhofe,Senate,APTV,S,2018-12-27,2019-01-09,Self,"$15,001 - $50,000",13
R,James M Inhofe,Senate,XPO,S,2018-12-13,2019-01-09,Self,"$15,001 - $50,000",27
?,"David A Perdue , Jr",Senate,SPY,S,2018-12-31,2019-01-09,Joint,"$50,001 - $100,000",9
?,"David A Perdue , Jr",Senate,CZR,P,2018-12-31,2019-01-09,Joint,"$1,001 - $15,000",9
?,"David A Perdue , Jr",Senate,AXTA,P,2018-12-27,2019-01-09,Joint,"$100,001 - $250,000",13
?,"David A Perdue , Jr",Senate,SPY,S,2018-12-27,2019-01-09,Joint,"$250,001 - $500,000",13
?,"David A Perdue , Jr",Senate,HBI,P,2018-12-27,2019-01-09,Joint,"$100,001 - $250,000",13
?,"David A Perdue , Jr",Senate,DVN,P,2018-12-27,2019-01-09,Joint,"$50,001 - $100,000",13
?,"David A Perdue , Jr",Senate,FDC,P,2018-12-27,2019-01-09,Joint,"$100,001 - $250,000",13
?,"David A Perdue , Jr",Senate,BWXT,P,2018-12-27,2019-01-09,Joint,"$1,001 - $15,000",13
?,"David A Perdue , Jr",Senate,ACA,P,2018-12-24,2019-01-09,Joint,"$1,001 - $15,000",16
?,"David A Perdue , Jr",Senate,BWXT,P,2018-12-24,2019-01-09,Joint,"$1,001 - $15,000",16
?,"David A Perdue , Jr",Senate,ACA,P,2018-12-21,2019-01-09,Joint,"$1,001 - $15,000",19
?,"David A Perdue , Jr",Senate,RF,P,2018-12-21,2019-01-09,Joint,"$1,001 - $15,000",19
?,"David A Perdue , Jr",Senate,BWXT,P,2018-12-21,2019-01-09,Joint,"$1,001 - $15,000",19
?,"David A Perdue , Jr",Senate,PAGP,P,2018-12-21,2019-01-09,Joint,"$1,001 - $15,000",19
?,"David A Perdue , Jr",Senate,PG,S,2018-12-20,2019-01-09,Joint,"$1,001 - $15,000",20
?,"David A Perdue , Jr",Senate,GPK,P,2018-12-20,2019-01-09,Joint,"$1,001 - $15,000",20
?,"David A Perdue , Jr",Senate,VLP,S,2018-12-20,2019-01-09,Joint,"$1,001 - $15,000",20
?,"David A Perdue , Jr",Senate,SLB,S,2018-12-20,2019-01-09,Joint,"$15,001 - $50,000",20
?,"David A Perdue , Jr",Senate,STT,P,2018-12-20,2019-01-09,Joint,"$1,001 - $15,000",20
?,"David A Perdue , Jr",Senate,ACA,P,2018-12-20,2019-01-09,Joint,"$1,001 - $15,000",20
?,"David A Perdue , Jr",Senate,BWXT,P,2018-12-20,2019-01-09,Joint,"$1,001 - $15,000",20
?,"David A Perdue , Jr",Senate,ET,P,2018-12-19,2019-01-09,Joint,"$1,001 - $15,000",21
?,"David A Perdue , Jr",Senate,BWXT,P,2018-12-19,2019-01-09,Joint,"$1,001 - $15,000",21
?,"David A Perdue , Jr",Senate,MU,P,2018-12-19,2019-01-09,Joint,"$1,001 - $15,000",21
?,"David A Perdue , Jr",Senate,KN,S,2018-12-18,2019-01-09,Joint,"$1,001 - $15,000",22
?,"David A Perdue , Jr",Senate,VLP,S,2018-12-18,2019-01-09,Joint,"$1,001 - $15,000",22
?,"David A Perdue , Jr",Senate,BWXT,P,2018-12-17,2019-01-09,Joint,"$1,001 - $15,000",23
?,"David A Perdue , Jr",Senate,SU,P,2018-12-14,2019-01-09,Joint,"$1,001 - $15,000",26
?,"David A Perdue , Jr",Senate,SLB,S,2018-12-14,2019-01-09,Joint,"$1,001 - $15,000",26
?,"David A Perdue , Jr",Senate,UPS,S,2018-12-14,2019-01-09,Joint,"$15,001 - $50,000",26
?,"David A Perdue , Jr",Senate,BWXT,P,2018-12-13,2019-01-09,Joint,"$1,001 - $15,000",27
?,"David A Perdue , Jr",Senate,UPS,S,2018-12-13,2019-01-09,Joint,"$50,001 - $100,000",27
?,"David A Perdue , Jr",Senate,WPX,P,2018-12-13,2019-01-09,Joint,"$1,001 - $15,000",27
?,"David A Perdue , Jr",Senate,KN,S,2018-12-13,2019-01-09,Joint,"$1,001 - $15,000",27
?,"David A Perdue , Jr",Senate,MOS,S,2018-12-13,2019-01-09,Joint,"$1,001 - $15,000",27
?,"David A Perdue , Jr",Senate,GLW,S,2018-12-12,2019-01-09,Joint,"$1,001 - $15,000",28
?,"David A Perdue , Jr",Senate,UPS,S,2018-12-12,2019-01-09,Joint,"$1,001 - $15,000",28
?,"David A Perdue , Jr",Senate,RF,P,2018-12-12,2019-01-09,Joint,"$1,001 - $15,000",28
?,"David A Perdue , Jr",Senate,BWXT,P,2018-12-11,2019-01-09,Joint,"$1,001 - $15,000",29
?,"David A Perdue , Jr",Senate,GLW,S,2018-12-11,2019-01-09,Joint,"$1,001 - $15,000",29
?,"David A Perdue , Jr",Senate,BWXT,P,2018-12-10,2019-01-09,Joint,"$1,001 - $15,000",30
?,"David A Perdue , Jr",Senate,BWXT,P,2018-12-07,2019-01-09,Joint,"$1,001 - $15,000",33
?,"David A Perdue , Jr",Senate,BWXT,P,2018-12-06,2019-01-09,Joint,"$15,001 - $50,000",34
R,Susan M Collins,Senate,LIN,S,2018-12-21,2019-01-08,Spouse,"$15,001 - $50,000",18
R,Susan M Collins,Senate,FB,S,2018-12-21,2019-01-08,Spouse,"$1,001 - $15,000",18
R,Susan M Collins,Senate,XOM,S,2018-12-21,2019-01-08,Spouse,"$1,001 - $15,000",18
R,Susan M Collins,Senate,ENB,S,2018-12-21,2019-01-08,Spouse,"$15,001 - $50,000",18
R,Susan M Collins,Senate,CFR,S,2018-12-21,2019-01-08,Spouse,"$1,001 - $15,000",18
R,Susan M Collins,Senate,STZ,S,2018-12-21,2019-01-08,Spouse,"$15,001 - $50,000",18
R,Susan M Collins,Senate,NEE,P,2018-12-21,2019-01-08,Spouse,"$15,001 - $50,000",18
D,Sheldon Whitehouse,Senate,F,S,2018-11-19,2018-12-21,Joint,"$1,001 - $15,000",32
D,Sheldon Whitehouse,Senate,KHC,S,2018-11-19,2018-12-21,Joint,"$1,001 - $15,000",32
D,Sheldon Whitehouse,Senate,IBM,S,2018-11-19,2018-12-21,Joint,"$1,001 - $15,000",32
?,"A. Mitchell McConnell, Jr.",Senate,WFC,P,2018-12-05,2018-12-17,Spouse,"$1,001 - $15,000",12
R,James M Inhofe,Senate,CELG,S,2018-11-16,2018-12-12,Self,"$15,001 - $50,000",26
R,James M Inhofe,Senate,APTV,S,2018-11-16,2018-12-12,Self,"$15,001 - $50,000",26
D,John F Reed,Senate,HOLX,P,2018-11-28,2018-12-12,Self,"$1,001 - $15,000",14
D,John F Reed,Senate,AGN,S,2018-11-28,2018-12-12,Self,"$1,001 - $15,000",14
R,James M Inhofe,Senate,RTN,P,2018-12-11,2018-12-12,Self,"$50,001 - $100,000",1
R,Shelley M Capito,Senate,QCOM,S,2018-11-29,2018-12-08,Spouse,"$1,001 - $15,000",9
R,Shelley M Capito,Senate,IBM,S,2018-11-29,2018-12-08,Spouse,"$1,001 - $15,000",9
R,Shelley M Capito,Senate,INCY,S,2018-11-12,2018-12-08,Spouse,"$1,001 - $15,000",26
R,Shelley M Capito,Senate,SHECY,S,2018-11-13,2018-12-08,Spouse,"$1,001 - $15,000",25
?,"David A Perdue , Jr",Senate,KMI,P,2018-11-29,2018-12-06,Joint,"$15,001 - $50,000",7
?,"David A Perdue , Jr",Senate,WMB,S,2018-11-29,2018-12-06,Joint,"$15,001 - $50,000",7
?,"David A Perdue , Jr",Senate,GPK,P,2018-11-28,2018-12-06,Joint,"$1,001 - $15,000",8
?,"David A Perdue , Jr",Senate,AAPL,P,2018-11-27,2018-12-06,Joint,"$1,001 - $15,000",9
?,"David A Perdue , Jr",Senate,DISCA,S,2018-11-27,2018-12-06,Joint,"$15,001 - $50,000",9
?,"David A Perdue , Jr",Senate,DISCA,S,2018-11-26,2018-12-06,Joint,"$1,001 - $15,000",10
?,"David A Perdue , Jr",Senate,DVN,S,2018-11-26,2018-12-06,Joint,"$50,001 - $100,000",10
?,"David A Perdue , Jr",Senate,SPY,P,2018-11-26,2018-12-06,Joint,"$500,001 - $1,000,000",10
?,"David A Perdue , Jr",Senate,HBI,S,2018-11-26,2018-12-06,Joint,"$100,001 - $250,000",10
?,"David A Perdue , Jr",Senate,FDC,S,2018-11-26,2018-12-06,Joint,"$100,001 - $250,000",10
?,"David A Perdue , Jr",Senate,AXTA,S,2018-11-26,2018-12-06,Joint,"$100,001 - $250,000",10
?,"David A Perdue , Jr",Senate,DISCA,S,2018-11-21,2018-12-06,Joint,"$1,001 - $15,000",15
?,"David A Perdue , Jr",Senate,PFE,S,2018-11-20,2018-12-06,Joint,"$15,001 - $50,000",16
?,"David A Perdue , Jr",Senate,VLP,S,2018-11-20,2018-12-06,Joint,"$1,001 - $15,000",16
?,"David A Perdue , Jr",Senate,DISCA,S,2018-11-20,2018-12-06,Joint,"$1,001 - $15,000",16
?,"David A Perdue , Jr",Senate,FDC,P,2018-11-20,2018-12-06,Joint,"$1,001 - $15,000",16
?,"David A Perdue , Jr",Senate,GPK,P,2018-11-20,2018-12-06,Joint,"$1,001 - $15,000",16
?,"David A Perdue , Jr",Senate,MOS,S,2018-11-20,2018-12-06,Joint,"$1,001 - $15,000",16
?,"David A Perdue , Jr",Senate,PFE,S,2018-11-19,2018-12-06,Joint,"$1,001 - $15,000",17
?,"David A Perdue , Jr",Senate,FDC,P,2018-11-19,2018-12-06,Joint,"$1,001 - $15,000",17
?,"David A Perdue , Jr",Senate,FDC,P,2018-11-15,2018-12-06,Joint,"$1,001 - $15,000",21
?,"David A Perdue , Jr",Senate,VLP,S,2018-11-14,2018-12-06,Joint,"$1,001 - $15,000",22
?,"David A Perdue , Jr",Senate,DISCA,S,2018-11-14,2018-12-06,Joint,"$1,001 - $15,000",22
?,"David A Perdue , Jr",Senate,MOS,S,2018-11-14,2018-12-06,Joint,"$1,001 - $15,000",22
?,"David A Perdue , Jr",Senate,KN,S,2018-11-13,2018-12-06,Joint,"$1,001 - $15,000",23
?,"David A Perdue , Jr",Senate,DISCA,S,2018-11-13,2018-12-06,Joint,"$1,001 - $15,000",23
?,"David A Perdue , Jr",Senate,MOS,S,2018-11-13,2018-12-06,Joint,"$1,001 - $15,000",23
?,"David A Perdue , Jr",Senate,PFE,S,2018-11-12,2018-12-06,Joint,"$1,001 - $15,000",24
?,"David A Perdue , Jr",Senate,KN,S,2018-11-12,2018-12-06,Joint,"$1,001 - $15,000",24
?,"David A Perdue , Jr",Senate,FDC,P,2018-11-12,2018-12-06,Joint,"$1,001 - $15,000",24
?,"David A Perdue , Jr",Senate,PFE,S,2018-11-09,2018-12-06,Joint,"$1,001 - $15,000",27
?,"David A Perdue , Jr",Senate,PFE,S,2018-11-08,2018-12-06,Joint,"$1,001 - $15,000",28
?,"David A Perdue , Jr",Senate,DISCA,S,2018-11-08,2018-12-06,Joint,"$1,001 - $15,000",28
?,"David A Perdue , Jr",Senate,FEYE,S,2018-11-08,2018-12-06,Joint,"$1,001 - $15,000",28
?,"David A Perdue , Jr",Senate,DISCA,S,2018-11-07,2018-12-06,Joint,"$1,001 - $15,000",29
?,"David A Perdue , Jr",Senate,FEYE,S,2018-11-07,2018-12-06,Joint,"$1,001 - $15,000",29
?,"David A Perdue , Jr",Senate,FDC,P,2018-11-06,2018-12-06,Joint,"$1,001 - $15,000",30
?,"David A Perdue , Jr",Senate,DISCA,S,2018-11-06,2018-12-06,Joint,"$1,001 - $15,000",30
?,"David A Perdue , Jr",Senate,PFE,S,2018-11-05,2018-12-06,Joint,"$15,001 - $50,000",31
?,"David A Perdue , Jr",Senate,GPK,P,2018-11-05,2018-12-06,Joint,"$1,001 - $15,000",31
?,"David A Perdue , Jr",Senate,FDC,P,2018-11-05,2018-12-06,Joint,"$1,001 - $15,000",31
?,"David A Perdue , Jr",Senate,MOS,S,2018-11-05,2018-12-06,Joint,"$1,001 - $15,000",31
?,"David A Perdue , Jr",Senate,DISCA,S,2018-11-05,2018-12-06,Joint,"$1,001 - $15,000",31
?,"David A Perdue , Jr",Senate,GPK,P,2018-11-02,2018-12-06,Joint,"$1,001 - $15,000",34
?,"David A Perdue , Jr",Senate,PFE,S,2018-11-02,2018-12-06,Joint,"$1,001 - $15,000",34
?,"David A Perdue , Jr",Senate,DISCA,S,2018-11-02,2018-12-06,Joint,"$1,001 - $15,000",34
?,"Angus S King, Jr.",Senate,SLB,S,2018-10-17,2018-11-26,Spouse,"$1,001 - $15,000",40
D,Gary C Peters,Senate,GIS,P,2018-11-09,2018-11-16,Self,"$1,001 - $15,000",7
D,Gary C Peters,Senate,GE,S,2018-10-30,2018-11-16,Self,"$1,001 - $15,000",17
D,Gary C Peters,Senate,T,P,2018-10-30,2018-11-16,Self,"$1,001 - $15,000",17
D,Sheldon Whitehouse,Senate,LRCX,P,2018-10-25,2018-11-15,Spouse,"$1,001 - $15,000",21
D,Sheldon Whitehouse,Senate,NVDA,P,2018-10-23,2018-11-15,Joint,"$1,001 - $15,000",23
D,Tina Smith,Senate,MSTY.PA,P,2018-10-30,2018-11-14,Spouse,"$50,001 - $100,000",15
D,Tina Smith,Senate,MSTY.PA,P,2018-10-29,2018-11-14,Spouse,"$50,001 - $100,000",16
R,Susan M Collins,Senate,AON,S,2018-10-31,2018-11-13,Spouse,"$1,001 - $15,000",13
R,Susan M Collins,Senate,SBUX,S,2018-10-02,2018-11-13,Spouse,"$15,001 - $50,000",42
R,Susan M Collins,Senate,HON,S,2018-10-16,2018-11-13,Spouse,"$15,001 - $50,000",28
R,Susan M Collins,Senate,TJX,P,2018-10-16,2018-11-13,Spouse,"$1,001 - $15,000",28
R,Susan M Collins,Senate,AMZN,P,2018-10-02,2018-11-13,Spouse,"$15,001 - $50,000",42
R,Shelley M Capito,Senate,JNJ,P,2018-10-17,2018-11-08,Spouse,"$1,001 - $15,000",22
R,Shelley M Capito,Senate,JPM,P,2018-10-16,2018-11-08,Spouse,"$1,001 - $15,000",23
R,James M Inhofe,Senate,AIG,P,2018-11-05,2018-11-08,Self,"$50,001 - $100,000",3
R,James M Inhofe,Senate,GE,S,2018-10-31,2018-11-08,Self,"$15,001 - $50,000",8
R,James M Inhofe,Senate,XPO,P,2018-10-25,2018-11-08,Self,"$50,001 - $100,000",14
R,James M Inhofe,Senate,ISRG,P,2018-10-25,2018-11-08,Self,"$15,001 - $50,000",14
R,James M Inhofe,Senate,NTLA,S,2018-10-25,2018-11-08,Self,"$15,001 - $50,000",14
R,James M Inhofe,Senate,ALB,P,2018-10-17,2018-11-08,Self,"$15,001 - $50,000",22
R,James M Inhofe,Senate,CRM,S,2018-10-11,2018-11-08,Self,"$50,001 - $100,000",28
?,"David A Perdue , Jr",Senate,GPK,P,2018-11-01,2018-11-08,Joint,"$1,001 - $15,000",7
?,"David A Perdue , Jr",Senate,CBS,S,2018-11-01,2018-11-08,Joint,"$1,001 - $15,000",7
?,"David A Perdue , Jr",Senate,HBI,P,2018-11-01,2018-11-08,Joint,"$1,001 - $15,000",7
?,"David A Perdue , Jr",Senate,AAPL,S,2018-11-01,2018-11-08,Joint,"$1,001 - $15,000",7
?,"David A Perdue , Jr",Senate,PFE,S,2018-11-01,2018-11-08,Joint,"$1,001 - $15,000",7
?,"David A Perdue , Jr",Senate,PFE,S,2018-10-31,2018-11-08,Joint,"$15,001 - $50,000",8
?,"David A Perdue , Jr",Senate,GPK,P,2018-10-31,2018-11-08,Joint,"$1,001 - $15,000",8
?,"David A Perdue , Jr",Senate,FDC,P,2018-10-30,2018-11-08,Joint,"$1,001 - $15,000",9
?,"David A Perdue , Jr",Senate,DISCA,S,2018-10-30,2018-11-08,Joint,"$1,001 - $15,000",9
?,"David A Perdue , Jr",Senate,PFE,S,2018-10-30,2018-11-08,Joint,"$1,001 - $15,000",9
?,"David A Perdue , Jr",Senate,GPK,P,2018-10-30,2018-11-08,Joint,"$15,001 - $50,000",9
?,"David A Perdue , Jr",Senate,PFE,S,2018-10-29,2018-11-08,Joint,"$15,001 - $50,000",10
?,"David A Perdue , Jr",Senate,DISCA,S,2018-10-29,2018-11-08,Joint,"$1,001 - $15,000",10
?,"David A Perdue , Jr",Senate,MRK,S,2018-10-29,2018-11-08,Joint,"$1,001 - $15,000",10
?,"David A Perdue , Jr",Senate,FDC,P,2018-10-29,2018-11-08,Joint,"$1,001 - $15,000",10
?,"David A Perdue , Jr",Senate,MU,P,2018-10-26,2018-11-08,Joint,"$1,001 - $15,000",13
?,"David A Perdue , Jr",Senate,ENTG,P,2018-10-26,2018-11-08,Joint,"$1,001 - $15,000",13
?,"David A Perdue , Jr",Senate,DVN,P,2018-10-26,2018-11-08,Joint,"$1,001 - $15,000",13
?,"David A Perdue , Jr",Senate,MOS,S,2018-10-25,2018-11-08,Joint,"$1,001 - $15,000",14
?,"David A Perdue , Jr",Senate,DISCA,S,2018-10-25,2018-11-08,Joint,"$1,001 - $15,000",14
?,"David A Perdue , Jr",Senate,PG,P,2018-10-24,2018-11-08,Joint,"$1,001 - $15,000",15
?,"David A Perdue , Jr",Senate,JNJ,P,2018-10-24,2018-11-08,Joint,"$1,001 - $15,000",15
?,"David A Perdue , Jr",Senate,CAT,P,2018-10-24,2018-11-08,Joint,"$1,001 - $15,000",15
?,"David A Perdue , Jr",Senate,IP,S,2018-10-24,2018-11-08,Joint,"$15,001 - $50,000",15
?,"David A Perdue , Jr",Senate,WMB,S,2018-10-24,2018-11-08,Joint,"$15,001 - $50,000",15
?,"David A Perdue , Jr",Senate,RF,P,2018-10-24,2018-11-08,Joint,"$1,001 - $15,000",15
?,"David A Perdue , Jr",Senate,VLP,S,2018-10-23,2018-11-08,Joint,"$1,001 - $15,000",16
?,"David A Perdue , Jr",Senate,BAC,P,2018-10-23,2018-11-08,Joint,"$15,001 - $50,000",16
?,"David A Perdue , Jr",Senate,HBI,P,2018-10-23,2018-11-08,Joint,"$1,001 - $15,000",16
?,"David A Perdue , Jr",Senate,RF,P,2018-10-23,2018-11-08,Joint,"$1,001 - $15,000",16
?,"David A Perdue , Jr",Senate,DISCA,S,2018-10-22,2018-11-08,Joint,"$1,001 - $15,000",17
?,"David A Perdue , Jr",Senate,DISCA,S,2018-10-19,2018-11-08,Joint,"$1,001 - $15,000",20
?,"David A Perdue , Jr",Senate,DISCA,S,2018-10-18,2018-11-08,Joint,"$1,001 - $15,000",21
?,"David A Perdue , Jr",Senate,DISCA,S,2018-10-17,2018-11-08,Joint,"$1,001 - $15,000",22
?,"David A Perdue , Jr",Senate,BAC,P,2018-10-15,2018-11-08,Joint,"$1,001 - $15,000",24
?,"David A Perdue , Jr",Senate,PFE,S,2018-10-12,2018-11-08,Joint,"$1,001 - $15,000",27
?,"David A Perdue , Jr",Senate,GM,P,2018-10-10,2018-11-08,Joint,"$15,001 - $50,000",29
?,"David A Perdue , Jr",Senate,DVN,P,2018-10-10,2018-11-08,Joint,"$1,001 - $15,000",29
?,"David A Perdue , Jr",Senate,ENTG,P,2018-10-10,2018-11-08,Joint,"$1,001 - $15,000",29
?,"David A Perdue , Jr",Senate,AXTA,P,2018-10-10,2018-11-08,Joint,"$1,001 - $15,000",29
?,"David A Perdue , Jr",Senate,MOS,S,2018-10-10,2018-11-08,Joint,"$1,001 - $15,000",29
?,"David A Perdue , Jr",Senate,MOS,S,2018-10-09,2018-11-08,Joint,"$1,001 - $15,000",30
?,"David A Perdue , Jr",Senate,DISCA,S,2018-10-09,2018-11-08,Joint,"$1,001 - $15,000",30
?,"David A Perdue , Jr",Senate,CZR,P,2018-10-08,2018-11-08,Joint,"$1,001 - $15,000",31
?,"David A Perdue , Jr",Senate,GLW,S,2018-10-05,2018-11-08,Joint,"$1,001 - $15,000",34
?,"David A Perdue , Jr",Senate,DISCA,S,2018-10-04,2018-11-08,Joint,"$1,001 - $15,000",35
?,"David A Perdue , Jr",Senate,MRK,S,2018-10-03,2018-11-08,Joint,"$15,001 - $50,000",36
?,"David A Perdue , Jr",Senate,PFE,S,2018-10-02,2018-11-08,Joint,"$1,001 - $15,000",37
R,Daniel S Sullivan,Senate,RPM,S,2018-10-25,2018-11-01,Joint,"$50,001 - $100,000",7
R,William Cassidy,Senate,DIS,P,2017-10-25,2018-10-26,Spouse,"$1,001 - $15,000",366
R,William Cassidy,Senate,CVS,P,2017-10-25,2018-10-26,Spouse,"$1,001 - $15,000",366
R,William Cassidy,Senate,T,P,2017-10-25,2018-10-26,Spouse,"$1,001 - $15,000",366
R,William Cassidy,Senate,ABT,S,2017-10-24,2018-10-26,Spouse,"$1,001 - $15,000",367
R,William Cassidy,Senate,MDT,P,2017-10-24,2018-10-26,Spouse,"$1,001 - $15,000",367
R,William Cassidy,Senate,TGT,S,2017-10-17,2018-10-26,Spouse,"$1,001 - $15,000",374
D,Ladda Tammy Duckworth,Senate,WBA,S,2018-08-07,2018-10-26,Joint,"$1,001 - $15,000",80
D,Ladda Tammy Duckworth,Senate,MDLZ,S,2018-08-07,2018-10-26,Joint,"$1,001 - $15,000",80
D,Ladda Tammy Duckworth,Senate,GE,S,2018-08-07,2018-10-26,Joint,"$1,001 - $15,000",80
R,Pat Roberts,Senate,WMT,P,2018-10-12,2018-10-24,Spouse,"$1,001 - $15,000",12
R,Pat Roberts,Senate,FB,P,2018-10-12,2018-10-24,Spouse,"$1,001 - $15,000",12
D,Sheldon Whitehouse,Senate,F,P,2018-09-07,2018-10-22,Joint,"$1,001 - $15,000",45
D,Sheldon Whitehouse,Senate,ON,S,2018-09-28,2018-10-22,Self,"$1,001 - $15,000",24
R,Shelley M Capito,Senate,GILD,P,2018-09-25,2018-10-18,Self,"$1,001 - $15,000",23
R,Shelley M Capito,Senate,QCOM,S,2018-09-27,2018-10-18,Spouse,"$1,001 - $15,000",21
R,Shelley M Capito,Senate,WAB,P,2018-09-27,2018-10-18,Spouse,"$1,001 - $15,000",21
R,James M Inhofe,Senate,GE,P,2018-10-10,2018-10-11,Self,"$50,001 - $100,000",1
R,James M Inhofe,Senate,GOOGL,S,2018-10-09,2018-10-11,Self,"$15,001 - $50,000",2
R,James M Inhofe,Senate,LEA,S,2018-10-08,2018-10-11,Self,"$15,001 - $50,000",3
R,James M Inhofe,Senate,APTV,P,2018-10-08,2018-10-11,Self,"$15,001 - $50,000",3
R,James M Inhofe,Senate,XPO,S,2018-09-28,2018-10-11,Self,"$50,001 - $100,000",13
R,Daniel S Sullivan,Senate,RPM,S,2018-09-25,2018-10-09,Joint,"$1,001 - $15,000",14
R,Patrick J Toomey,Senate,TBT,S,2018-09-25,2018-10-05,Joint,"$1,001 - $15,000",10
R,Patrick J Toomey,Senate,TBT,S,2018-09-14,2018-10-05,Joint,"$1,001 - $15,000",21
R,Patrick J Toomey,Senate,GE,S,2018-09-06,2018-10-05,Joint,"$1,001 - $15,000",29
R,John Hoeven,Senate,FDX,P,2018-09-19,2018-10-03,Self,"$50,001 - $100,000",14
?,"David A Perdue , Jr",Senate,GPK,S,2018-10-01,2018-10-02,Joint,"$15,001 - $50,000",1
?,"David A Perdue , Jr",Senate,MMP,P,2018-09-24,2018-10-02,Joint,"$1,001 - $15,000",8
?,"David A Perdue , Jr",Senate,SHLX,P,2018-09-20,2018-10-02,Joint,"$1,001 - $15,000",12
?,"David A Perdue , Jr",Senate,TRP,S,2018-09-18,2018-10-02,Joint,"$1,001 - $15,000",14
?,"David A Perdue , Jr",Senate,EPD,P,2018-09-18,2018-10-02,Joint,"$1,001 - $15,000",14
?,"David A Perdue , Jr",Senate,WMB,S,2018-09-17,2018-10-02,Joint,"$1,001 - $15,000",15
?,"David A Perdue , Jr",Senate,WES,S,2018-09-14,2018-10-02,Joint,"$1,001 - $15,000",18
?,"David A Perdue , Jr",Senate,ANDX,P,2018-09-14,2018-10-02,Joint,"$1,001 - $15,000",18
?,"David A Perdue , Jr",Senate,AXTA,P,2018-09-13,2018-10-02,Joint,"$1,001 - $15,000",19
?,"David A Perdue , Jr",Senate,FDC,S,2018-09-13,2018-10-02,Joint,"$1,001 - $15,000",19
?,"David A Perdue , Jr",Senate,DISCA,S,2018-09-13,2018-10-02,Joint,"$15,001 - $50,000",19
?,"David A Perdue , Jr",Senate,MU,P,2018-09-11,2018-10-02,Joint,"$1,001 - $15,000",21
?,"David A Perdue , Jr",Senate,EQM,P,2018-09-10,2018-10-02,Joint,"$1,001 - $15,000",22
?,"David A Perdue , Jr",Senate,OKE,S,2018-09-10,2018-10-02,Joint,"$1,001 - $15,000",22
?,"David A Perdue , Jr",Senate,AAPL,S,2018-09-05,2018-10-02,Joint,"$15,001 - $50,000",27
?,"David A Perdue , Jr",Senate,AXTA,P,2018-09-05,2018-10-02,Joint,"$1,001 - $15,000",27
R,Pat Roberts,Senate,KSS,P,2018-08-28,2018-09-30,Spouse,"$1,001 - $15,000",33
R,Pat Roberts,Senate,NOC,P,2018-09-04,2018-09-30,Spouse,"$1,001 - $15,000",26
R,Pat Roberts,Senate,NOC,P,2018-08-28,2018-09-30,Spouse,"$1,001 - $15,000",33
R,Pat Roberts,Senate,AAPL,P,2018-08-28,2018-09-30,Spouse,"$15,001 - $50,000",33
R,Pat Roberts,Senate,NVDA,P,2018-08-28,2018-09-30,Spouse,"$15,001 - $50,000",33
R,Pat Roberts,Senate,NFLX,P,2018-08-24,2018-09-30,Spouse,"$15,001 - $50,000",37
R,Pat Roberts,Senate,AAPL,P,2018-08-24,2018-09-30,Spouse,"$15,001 - $50,000",37
R,Pat Roberts,Senate,AMZN,P,2018-08-29,2018-09-30,Spouse,"$15,001 - $50,000",32
D,Tina Smith,Senate,PODD,S,2018-08-30,2018-09-19,Spouse,"$15,001 - $50,000",20
D,Tina Smith,Senate,CUTR,S,2018-08-30,2018-09-19,Spouse,"$100,001 - $250,000",20
?,"Angus S King, Jr.",Senate,NKE,S,2018-08-28,2018-09-14,Spouse,"$1,001 - $15,000",17
?,"Angus S King, Jr.",Senate,CB,S,2018-08-28,2018-09-14,Spouse,"$1,001 - $15,000",17
?,"A. Mitchell McConnell, Jr.",Senate,WFC,P,2018-09-06,2018-09-14,Spouse,"$1,001 - $15,000",8
D,Sheldon Whitehouse,Senate,GS,P,2018-08-28,2018-09-07,Spouse,"$1,001 - $15,000",10
D,Sheldon Whitehouse,Senate,T,P,2018-08-28,2018-09-07,Spouse,"$1,001 - $15,000",10
D,Sheldon Whitehouse,Senate,BABA,P,2018-08-28,2018-09-07,Spouse,"$1,001 - $15,000",10
D,Sheldon Whitehouse,Senate,LRCX,P,2018-08-28,2018-09-07,Spouse,"$1,001 - $15,000",10
D,Sheldon Whitehouse,Senate,WMT,P,2018-08-28,2018-09-07,Spouse,"$1,001 - $15,000",10
D,Sheldon Whitehouse,Senate,T,P,2018-08-06,2018-09-07,Self,"$1,001 - $15,000",32
R,Patrick J Toomey,Senate,CAPL,S,2018-08-22,2018-09-07,Self,"$1,001 - $15,000",16
R,Patrick J Toomey,Senate,CAPL,S,2018-08-09,2018-09-07,Self,"$1,001 - $15,000",29
R,Patrick J Toomey,Senate,PG,S,2018-08-02,2018-09-07,Self,"$15,001 - $50,000",36
?,"David A Perdue , Jr",Senate,GM,P,2018-08-27,2018-09-04,Joint,"$1,001 - $15,000",8
?,"David A Perdue , Jr",Senate,WPX,S,2018-08-24,2018-09-04,Joint,"$1,001 - $15,000",11
?,"David A Perdue , Jr",Senate,HBI,P,2018-08-24,2018-09-04,Joint,"$1,001 - $15,000",11
?,"David A Perdue , Jr",Senate,WMB,S,2018-08-20,2018-09-04,Joint,"$1,001 - $15,000",15
?,"David A Perdue , Jr",Senate,DISCA,S,2018-08-20,2018-09-04,Joint,"$1,001 - $15,000",15
?,"David A Perdue , Jr",Senate,MOS,S,2018-08-17,2018-09-04,Joint,"$1,001 - $15,000",18
?,"David A Perdue , Jr",Senate,FEYE,P,2018-08-16,2018-09-04,Joint,"$1,001 - $15,000",19
?,"David A Perdue , Jr",Senate,BAC,S,2018-08-16,2018-09-04,Joint,"$1,001 - $15,000",19
?,"David A Perdue , Jr",Senate,WPX,S,2018-08-16,2018-09-04,Joint,"$1,001 - $15,000",19
?,"David A Perdue , Jr",Senate,MOS,S,2018-08-15,2018-09-04,Joint,"$1,001 - $15,000",20
?,"David A Perdue , Jr",Senate,AXTA,P,2018-08-15,2018-09-04,Joint,"$1,001 - $15,000",20
?,"David A Perdue , Jr",Senate,MOS,S,2018-08-14,2018-09-04,Joint,"$1,001 - $15,000",21
?,"David A Perdue , Jr",Senate,MOS,S,2018-08-13,2018-09-04,Joint,"$1,001 - $15,000",22
?,"David A Perdue , Jr",Senate,CZR,P,2018-08-10,2018-09-04,Joint,"$1,001 - $15,000",25
?,"David A Perdue , Jr",Senate,MOS,S,2018-08-10,2018-09-04,Joint,"$1,001 - $15,000",25
?,"David A Perdue , Jr",Senate,MOS,S,2018-08-08,2018-09-04,Joint,"$1,001 - $15,000",27
?,"David A Perdue , Jr",Senate,FEYE,P,2018-08-08,2018-09-04,Joint,"$1,001 - $15,000",27
?,"David A Perdue , Jr",Senate,CZR,P,2018-08-08,2018-09-04,Joint,"$1,001 - $15,000",27
?,"David A Perdue , Jr",Senate,PFE,S,2018-08-08,2018-09-04,Joint,"$1,001 - $15,000",27
?,"David A Perdue , Jr",Senate,WPX,S,2018-08-08,2018-09-04,Joint,"$1,001 - $15,000",27
?,"David A Perdue , Jr",Senate,MOS,S,2018-08-07,2018-09-04,Joint,"$1,001 - $15,000",28
?,"David A Perdue , Jr",Senate,FDC,S,2018-08-07,2018-09-04,Joint,"$1,001 - $15,000",28
?,"David A Perdue , Jr",Senate,MOS,S,2018-08-06,2018-09-04,Joint,"$1,001 - $15,000",29
?,"David A Perdue , Jr",Senate,DISCA,S,2018-08-03,2018-09-04,Joint,"$1,001 - $15,000",32
?,"David A Perdue , Jr",Senate,MOS,S,2018-08-03,2018-09-04,Joint,"$1,001 - $15,000",32
?,"David A Perdue , Jr",Senate,GLW,S,2018-08-03,2018-09-04,Joint,"$1,001 - $15,000",32
?,"David A Perdue , Jr",Senate,FDC,S,2018-08-02,2018-09-04,Joint,"$1,001 - $15,000",33
?,"David A Perdue , Jr",Senate,FDC,S,2018-08-01,2018-09-04,Joint,"$1,001 - $15,000",34
?,"David A Perdue , Jr",Senate,MOS,S,2018-08-01,2018-09-04,Joint,"$1,001 - $15,000",34
?,"David A Perdue , Jr",Senate,CZR,P,2018-08-01,2018-09-04,Joint,"$1,001 - $15,000",34
R,Pat Roberts,Senate,FB,P,2018-08-21,2018-08-28,Spouse,"$15,001 - $50,000",7
R,Pat Roberts,Senate,XOM,P,2018-08-20,2018-08-28,Joint,"$1,001 - $15,000",8
R,Pat Roberts,Senate,DVN,S,2018-08-20,2018-08-28,Joint,"$15,001 - $50,000",8
R,Pat Roberts,Senate,NFLX,P,2018-08-20,2018-08-28,Spouse,"$15,001 - $50,000",8
R,Pat Roberts,Senate,NOC,P,2018-08-20,2018-08-28,Spouse,"$15,001 - $50,000",8
R,Pat Roberts,Senate,NVDA,S,2018-07-30,2018-08-28,Spouse,"$50,001 - $100,000",29
R,Pat Roberts,Senate,AAPL,S,2018-07-30,2018-08-28,Spouse,"$50,001 - $100,000",29
R,Pat Roberts,Senate,AMZN,S,2018-07-30,2018-08-28,Spouse,"$15,001 - $50,000",29
R,Pat Roberts,Senate,JPM,S,2018-07-30,2018-08-28,Spouse,"$1,001 - $15,000",29
R,Pat Roberts,Senate,BA,S,2018-07-30,2018-08-28,Spouse,"$50,001 - $100,000",29
R,John Hoeven,Senate,CAT,P,2018-08-03,2018-08-24,Self,"$50,001 - $100,000",21
D,Tina Smith,Senate,IIN,S,2018-07-26,2018-08-21,Spouse,"$100,001 - $250,000",26
R,James M Inhofe,Senate,INTU,P,2018-08-16,2018-08-20,Self,"$50,001 - $100,000",4
R,James M Inhofe,Senate,BKNG,S,2018-08-16,2018-08-20,Self,"$50,001 - $100,000",4
R,James M Inhofe,Senate,DHR,P,2018-07-26,2018-08-20,Self,"$50,001 - $100,000",25
R,James M Inhofe,Senate,BAM,S,2018-08-14,2018-08-20,Self,"$15,001 - $50,000",6
R,James M Inhofe,Senate,BFAM,S,2018-07-26,2018-08-20,Self,"$15,001 - $50,000",25
R,Patrick J Toomey,Senate,GE,P,2017-12-06,2018-08-13,Joint,"$15,001 - $50,000",250
R,Patrick J Toomey,Senate,REVB,S,2017-11-30,2018-08-13,Joint,"$1,001 - $15,000",256
R,Patrick J Toomey,Senate,REVB,S,2017-11-17,2018-08-13,Joint,"$1,001 - $15,000",269
R,Patrick J Toomey,Senate,REVB,S,2017-11-15,2018-08-13,Joint,"$1,001 - $15,000",271
R,Patrick J Toomey,Senate,PHLD,P,2017-08-03,2018-08-13,Self,"$50,001 - $100,000",375
R,Patrick J Toomey,Senate,PFS,S,2018-01-08,2018-08-13,Joint,"$1,001 - $15,000",217
R,Patrick J Toomey,Senate,REVB,S,2018-01-08,2018-08-13,Joint,"$1,001 - $15,000",217
R,Patrick J Toomey,Senate,PFS,S,2018-01-05,2018-08-13,Joint,"$1,001 - $15,000",220
R,Patrick J Toomey,Senate,REVB,S,2017-12-07,2018-08-13,Joint,"$1,001 - $15,000",249
R,Patrick J Toomey,Senate,GE,P,2017-12-07,2018-08-13,Self,"$15,001 - $50,000",249
R,Shelley M Capito,Senate,ENB,S,2018-07-25,2018-08-10,Spouse,"$1,001 - $15,000",16
D,Sheldon Whitehouse,Senate,GILD,S,2017-09-20,2018-08-10,Spouse,"$1,001 - $15,000",324
D,Sheldon Whitehouse,Senate,MCHP,S,2018-07-09,2018-08-07,Joint,"$15,001 - $50,000",29
D,Ladda Tammy Duckworth,Senate,BBL,S,2017-12-21,2018-08-07,Joint,"$1,001 - $15,000",229
R,Patrick J Toomey,Senate,REVB,S,2018-07-27,2018-08-03,Self,"$15,001 - $50,000",7
R,Patrick J Toomey,Senate,GLD,S,2018-07-03,2018-08-03,Self,"$15,001 - $50,000",31
R,John Hoeven,Senate,WTW,P,2018-07-26,2018-08-03,Self,"$100,001 - $250,000",8
?,"David A Perdue , Jr",Senate,BOIVF,P,2018-07-31,2018-08-01,Joint,"$1,001 - $15,000",1
?,"David A Perdue , Jr",Senate,WPX,S,2018-07-30,2018-08-01,Joint,"$1,001 - $15,000",2
?,"David A Perdue , Jr",Senate,CBS,P,2018-07-30,2018-08-01,Joint,"$15,001 - $50,000",2
?,"David A Perdue , Jr",Senate,AXTA,P,2018-07-27,2018-08-01,Joint,"$1,001 - $15,000",5
?,"David A Perdue , Jr",Senate,FDC,S,2018-07-25,2018-08-01,Joint,"$1,001 - $15,000",7
?,"David A Perdue , Jr",Senate,GM,P,2018-07-25,2018-08-01,Joint,"$1,001 - $15,000",7
?,"David A Perdue , Jr",Senate,KN,S,2018-07-25,2018-08-01,Joint,"$1,001 - $15,000",7
?,"David A Perdue , Jr",Senate,FDC,S,2018-07-20,2018-08-01,Joint,"$1,001 - $15,000",12
?,"David A Perdue , Jr",Senate,SBUX,S,2018-07-19,2018-08-01,Joint,"$15,001 - $50,000",13
?,"David A Perdue , Jr",Senate,GPK,S,2018-07-17,2018-08-01,Joint,"$1,001 - $15,000",15
?,"David A Perdue , Jr",Senate,LYV,S,2018-07-17,2018-08-01,Joint,"$1,001 - $15,000",15
?,"David A Perdue , Jr",Senate,FDC,S,2018-07-16,2018-08-01,Joint,"$1,001 - $15,000",16
?,"David A Perdue , Jr",Senate,GM,P,2018-07-20,2018-08-01,Joint,"$1,001 - $15,000",12
?,"David A Perdue , Jr",Senate,NFLX,P,2018-07-19,2018-08-01,Joint,"$15,001 - $50,000",13
?,"David A Perdue , Jr",Senate,BOIVF,P,2018-07-17,2018-08-01,Joint,"$1,001 - $15,000",15
?,"David A Perdue , Jr",Senate,GM,P,2018-07-16,2018-08-01,Joint,"$1,001 - $15,000",16
?,"David A Perdue , Jr",Senate,CDLX,P,2018-07-18,2018-08-01,Joint,"$1,000,001 - $5,000,000",14
?,"David A Perdue , Jr",Senate,LYV,S,2018-07-13,2018-08-01,Joint,"$1,001 - $15,000",19
?,"David A Perdue , Jr",Senate,RF,P,2018-07-13,2018-08-01,Joint,"$1,001 - $15,000",19
?,"David A Perdue , Jr",Senate,FDC,S,2018-07-12,2018-08-01,Joint,"$1,001 - $15,000",20
?,"David A Perdue , Jr",Senate,FDC,S,2018-07-11,2018-08-01,Joint,"$1,001 - $15,000",21
?,"David A Perdue , Jr",Senate,DISCA,S,2018-07-10,2018-08-01,Joint,"$1,001 - $15,000",22
?,"David A Perdue , Jr",Senate,AVP,P,2018-07-10,2018-08-01,Joint,"$1,001 - $15,000",22
?,"David A Perdue , Jr",Senate,GM,P,2018-07-11,2018-08-01,Joint,"$1,001 - $15,000",21
?,"David A Perdue , Jr",Senate,GM,P,2018-07-10,2018-08-01,Joint,"$1,001 - $15,000",22
?,"David A Perdue , Jr",Senate,GM,P,2018-07-06,2018-08-01,Joint,"$1,001 - $15,000",26
?,"David A Perdue , Jr",Senate,CDLX,P,2017-07-18,2018-08-01,Joint,"$1,000,001 - $5,000,000",379
D,John F Reed,Senate,UNFI,S,2018-07-27,2018-08-01,Self,"$1,001 - $15,000",5
R,Pat Roberts,Senate,FB,P,2018-07-05,2018-07-30,Spouse,"$15,001 - $50,000",25
R,Pat Roberts,Senate,NOC,P,2018-07-05,2018-07-30,Spouse,"$15,001 - $50,000",25
R,Pat Roberts,Senate,BAC,S,2018-07-24,2018-07-30,Self,"$1,001 - $15,000",6
R,Pat Roberts,Senate,TGT,S,2018-07-18,2018-07-30,Spouse,"$1,001 - $15,000",12
R,Pat Roberts,Senate,BAC,S,2018-07-18,2018-07-30,Spouse,"$1,001 - $15,000",12
R,Pat Roberts,Senate,TGT,P,2018-07-05,2018-07-30,Spouse,"$1,001 - $15,000",25
R,Pat Roberts,Senate,BAC,P,2018-07-05,2018-07-30,Spouse,"$1,001 - $15,000",25
R,James M Inhofe,Senate,CELG,P,2018-07-12,2018-07-25,Self,"$15,001 - $50,000",13
R,Daniel S Sullivan,Senate,RPM,S,2018-03-28,2018-07-24,Joint,"$1,001 - $15,000",118
R,Daniel S Sullivan,Senate,RPM,S,2018-05-22,2018-07-24,Joint,"$1,001 - $15,000",63
R,James M Inhofe,Senate,RSPP,S,2017-11-13,2018-07-19,Self,"$50,001 - $100,000",248
R,Patrick J Toomey,Senate,REVB,S,2018-06-25,2018-07-18,Self,"$1,001 - $15,000",23
R,Patrick J Toomey,Senate,REVB,S,2018-06-06,2018-07-18,Self,"$15,001 - $50,000",42
D,John F Reed,Senate,DHR,S,2018-07-05,2018-07-18,Joint,"$1,001 - $15,000",13
R,Shelley M Capito,Senate,BA,S,2018-06-07,2018-07-14,Spouse,"$1,001 - $15,000",37
D,Sheldon Whitehouse,Senate,WMT,P,2018-06-06,2018-07-13,Spouse,"$1,001 - $15,000",37
D,Sheldon Whitehouse,Senate,PYPL,P,2018-06-06,2018-07-13,Spouse,"$1,001 - $15,000",37
D,Sheldon Whitehouse,Senate,LRCX,P,2018-06-06,2018-07-13,Spouse,"$1,001 - $15,000",37
D,Sheldon Whitehouse,Senate,GS,P,2018-06-06,2018-07-13,Spouse,"$1,001 - $15,000",37
D,Sheldon Whitehouse,Senate,DAL,P,2018-06-06,2018-07-13,Spouse,"$1,001 - $15,000",37
D,Sheldon Whitehouse,Senate,C,P,2018-06-06,2018-07-13,Spouse,"$1,001 - $15,000",37
D,Sheldon Whitehouse,Senate,BA,P,2018-06-06,2018-07-13,Spouse,"$1,001 - $15,000",37
D,Sheldon Whitehouse,Senate,BABA,P,2018-06-06,2018-07-13,Spouse,"$1,001 - $15,000",37
D,Sheldon Whitehouse,Senate,KHC,P,2018-06-13,2018-07-13,Joint,"$1,001 - $15,000",30
D,Sheldon Whitehouse,Senate,BTO,P,2018-06-13,2018-07-13,Joint,"$1,001 - $15,000",30
D,Sheldon Whitehouse,Senate,T,P,2018-06-13,2018-07-13,Joint,"$1,001 - $15,000",30
D,Sheldon Whitehouse,Senate,ON,P,2018-06-13,2018-07-13,Self,"$1,001 - $15,000",30
R,James M Inhofe,Senate,ST,S,2018-06-28,2018-07-12,Self,"$50,001 - $100,000",14
R,James M Inhofe,Senate,LEA,P,2018-06-28,2018-07-12,Self,"$15,001 - $50,000",14
R,James M Inhofe,Senate,APTV,P,2018-06-28,2018-07-12,Self,"$15,001 - $50,000",14
R,Susan M Collins,Senate,NSRGY,S,2018-06-04,2018-07-10,Spouse,"$1,001 - $15,000",36
R,Susan M Collins,Senate,UNH,P,2018-06-04,2018-07-10,Spouse,"$1,001 - $15,000",36
R,Susan M Collins,Senate,SLB,S,2018-06-04,2018-07-10,Spouse,"$1,001 - $15,000",36
R,Susan M Collins,Senate,PFE,S,2018-06-04,2018-07-10,Spouse,"$1,001 - $15,000",36
R,Susan M Collins,Senate,PEP,S,2018-06-18,2018-07-10,Spouse,"$1,001 - $15,000",22
R,Susan M Collins,Senate,NSRGY,S,2018-06-18,2018-07-10,Spouse,"$1,001 - $15,000",22
R,Susan M Collins,Senate,CMCSA,S,2018-06-04,2018-07-10,Spouse,"$1,001 - $15,000",36
R,Susan M Collins,Senate,TMO,P,2018-06-04,2018-07-10,Spouse,"$1,001 - $15,000",36
R,Susan M Collins,Senate,MRK,P,2018-06-04,2018-07-10,Spouse,"$1,001 - $15,000",36
R,Susan M Collins,Senate,STZ,P,2018-06-18,2018-07-10,Spouse,"$15,001 - $50,000",22
R,John Hoeven,Senate,T,P,2018-06-27,2018-07-10,Self,"$50,001 - $100,000",13
?,"David A Perdue , Jr",Senate,DISCA,S,2018-07-05,2018-07-06,Joint,"$1,001 - $15,000",1
?,"David A Perdue , Jr",Senate,GM,P,2018-07-05,2018-07-06,Joint,"$1,001 - $15,000",1
?,"David A Perdue , Jr",Senate,MYL,S,2018-07-02,2018-07-06,Joint,"$15,001 - $50,000",4
?,"David A Perdue , Jr",Senate,SU,P,2018-06-26,2018-07-06,Joint,"$15,001 - $50,000",10
?,"David A Perdue , Jr",Senate,FOXA,S,2018-06-14,2018-07-06,Joint,"$1,001 - $15,000",22
?,"David A Perdue , Jr",Senate,FOXA,S,2018-06-13,2018-07-06,Joint,"$1,001 - $15,000",23
?,"David A Perdue , Jr",Senate,FDC,S,2018-06-13,2018-07-06,Joint,"$15,001 - $50,000",23
?,"David A Perdue , Jr",Senate,CRMT,S,2018-06-26,2018-07-06,Joint,"$1,001 - $15,000",10
?,"David A Perdue , Jr",Senate,BOIVF,P,2018-06-28,2018-07-06,Joint,"$1,001 - $15,000",8
?,"David A Perdue , Jr",Senate,CZR,P,2018-06-28,2018-07-06,Joint,"$1,001 - $15,000",8
?,"David A Perdue , Jr",Senate,BOIVF,P,2018-06-27,2018-07-06,Joint,"$1,001 - $15,000",9
?,"David A Perdue , Jr",Senate,CZR,P,2018-06-27,2018-07-06,Joint,"$1,001 - $15,000",9
?,"David A Perdue , Jr",Senate,SPY,P,2018-06-27,2018-07-06,Joint,"$15,001 - $50,000",9
?,"David A Perdue , Jr",Senate,BOIVF,P,2018-06-26,2018-07-06,Joint,"$1,001 - $15,000",10
?,"David A Perdue , Jr",Senate,FEYE,P,2018-06-25,2018-07-06,Joint,"$1,001 - $15,000",11
?,"David A Perdue , Jr",Senate,RF,P,2018-06-25,2018-07-06,Joint,"$1,001 - $15,000",11
?,"David A Perdue , Jr",Senate,FEYE,P,2018-06-22,2018-07-06,Joint,"$1,001 - $15,000",14
?,"David A Perdue , Jr",Senate,RF,P,2018-06-22,2018-07-06,Joint,"$1,001 - $15,000",14
?,"David A Perdue , Jr",Senate,FOX,S,2018-06-21,2018-07-06,Joint,"$1,001 - $15,000",15
?,"David A Perdue , Jr",Senate,FOXA,S,2018-06-21,2018-07-06,Joint,"$15,001 - $50,000",15
?,"David A Perdue , Jr",Senate,KMI,S,2018-06-21,2018-07-06,Joint,"$1,001 - $15,000",15
?,"David A Perdue , Jr",Senate,OKE,S,2018-06-21,2018-07-06,Joint,"$1,001 - $15,000",15
?,"David A Perdue , Jr",Senate,UHAL,P,2018-06-21,2018-07-06,Joint,"$1,001 - $15,000",15
?,"David A Perdue , Jr",Senate,LNG,P,2018-06-21,2018-07-06,Joint,"$1,001 - $15,000",15
?,"David A Perdue , Jr",Senate,RF,P,2018-06-21,2018-07-06,Joint,"$1,001 - $15,000",15
?,"David A Perdue , Jr",Senate,CZR,P,2018-06-20,2018-07-06,Joint,"$1,001 - $15,000",16
?,"David A Perdue , Jr",Senate,FOXA,S,2018-06-20,2018-07-06,Joint,"$1,001 - $15,000",16
?,"David A Perdue , Jr",Senate,T,S,2018-06-19,2018-07-06,Joint,"$1,001 - $15,000",17
?,"David A Perdue , Jr",Senate,FOXA,S,2018-06-19,2018-07-06,Joint,"$1,001 - $15,000",17
?,"David A Perdue , Jr",Senate,CRMT,S,2018-06-14,2018-07-06,Joint,"$1,001 - $15,000",22
?,"David A Perdue , Jr",Senate,SBUX,S,2018-06-13,2018-07-06,Joint,"$15,001 - $50,000",23
?,"David A Perdue , Jr",Senate,FOXA,S,2018-06-11,2018-07-06,Joint,"$1,001 - $15,000",25
?,"David A Perdue , Jr",Senate,CRMT,S,2018-06-11,2018-07-06,Joint,"$1,001 - $15,000",25
?,"David A Perdue , Jr",Senate,FDC,S,2018-06-08,2018-07-06,Joint,"$1,001 - $15,000",28
?,"David A Perdue , Jr",Senate,USG,S,2018-06-06,2018-07-06,Joint,"$1,001 - $15,000",30
?,"David A Perdue , Jr",Senate,USG,S,2018-06-04,2018-07-06,Joint,"$1,001 - $15,000",32
?,"David A Perdue , Jr",Senate,CRMT,S,2018-06-01,2018-07-06,Joint,"$1,001 - $15,000",35
?,"David A Perdue , Jr",Senate,DISCA,P,2018-06-04,2018-07-06,Joint,"$1,001 - $15,000",32
D,Gary C Peters,Senate,SHW,S,2018-05-21,2018-07-03,Self,"$1,001 - $15,000",43
R,Pat Roberts,Senate,AMZN,P,2018-06-25,2018-06-28,Spouse,"$15,001 - $50,000",3
R,Pat Roberts,Senate,NFLX,P,2018-06-25,2018-06-28,Spouse,"$50,001 - $100,000",3
R,Pat Roberts,Senate,CVX,P,2018-06-22,2018-06-28,Spouse,"$1,001 - $15,000",6
R,Pat Roberts,Senate,NFLX,S,2018-06-22,2018-06-28,Spouse,"$50,001 - $100,000",6
R,Pat Roberts,Senate,AMZN,S,2018-06-22,2018-06-28,Spouse,"$15,001 - $50,000",6
R,Pat Roberts,Senate,DVN,P,2017-11-06,2018-06-28,Joint,"$1,001 - $15,000",234
R,Pat Roberts,Senate,NVDA,P,2017-11-30,2018-06-28,Spouse,"$15,001 - $50,000",210
R,Pat Roberts,Senate,TJX,S,2017-11-30,2018-06-28,Spouse,"$1,001 - $15,000",210
R,Pat Roberts,Senate,XOM,S,2017-11-30,2018-06-28,Spouse,"$1,001 - $15,000",210
R,Pat Roberts,Senate,CVX,P,2017-11-07,2018-06-28,Spouse,"$1,001 - $15,000",233
R,Pat Roberts,Senate,AMZN,P,2017-11-07,2018-06-28,Spouse,"$1,001 - $15,000",233
R,Pat Roberts,Senate,AAPL,P,2017-11-08,2018-06-28,Spouse,"$15,001 - $50,000",232
R,Pat Roberts,Senate,NFLX,P,2017-11-08,2018-06-28,Spouse,"$15,001 - $50,000",232
R,Pat Roberts,Senate,NFLX,P,2017-11-07,2018-06-28,Spouse,"$1,001 - $15,000",233
R,Pat Roberts,Senate,BIDU,S,2017-09-09,2018-06-28,Spouse,"$15,001 - $50,000",292
R,Pat Roberts,Senate,BA,P,2017-09-27,2018-06-28,Spouse,"$1,001 - $15,000",274
R,Pat Roberts,Senate,RTN,P,2017-09-27,2018-06-28,Spouse,"$15,001 - $50,000",274
R,Pat Roberts,Senate,SBUX,P,2017-09-26,2018-06-28,Spouse,"$1,001 - $15,000",275
R,Pat Roberts,Senate,GE,S,2017-09-26,2018-06-28,Spouse,"$1,001 - $15,000",275
R,Pat Roberts,Senate,COF,P,2017-09-26,2018-06-28,Spouse,"$1,001 - $15,000",275
R,Pat Roberts,Senate,WF,S,2017-09-26,2018-06-28,Spouse,"$1,001 - $15,000",275
R,Pat Roberts,Senate,T,S,2017-09-26,2018-06-28,Spouse,"$1,001 - $15,000",275
R,Pat Roberts,Senate,BAC,S,2017-09-26,2018-06-28,Spouse,"$15,001 - $50,000",275
R,Pat Roberts,Senate,BAC,P,2017-09-07,2018-06-28,Spouse,"$1,001 - $15,000",294
R,Pat Roberts,Senate,CELG,S,2017-09-07,2018-06-28,Spouse,"$1,001 - $15,000",294
R,Pat Roberts,Senate,TCS,S,2017-09-26,2018-06-28,Spouse,"$1,001 - $15,000",275
R,Pat Roberts,Senate,NOC,P,2017-09-28,2018-06-28,Spouse,"$15,001 - $50,000",273
R,James M Inhofe,Senate,CRSP,S,2018-06-19,2018-06-20,Self,"$15,001 - $50,000",1
R,James M Inhofe,Senate,BMY,S,2018-06-04,2018-06-20,Self,"$50,001 - $100,000",16
R,James M Inhofe,Senate,CLR,S,2018-05-29,2018-06-20,Self,"$15,001 - $50,000",22
R,John Hoeven,Senate,MET,P,2018-06-07,2018-06-14,Self,"$50,001 - $100,000",7
R,John Hoeven,Senate,CVS,P,2018-06-07,2018-06-14,Self,"$50,001 - $100,000",7
R,John Hoeven,Senate,AMZN,P,2018-06-01,2018-06-14,Self,"$50,001 - $100,000",13
?,"A. Mitchell McConnell, Jr.",Senate,WFC,P,2018-06-01,2018-06-13,Spouse,"$1,001 - $15,000",12
R,Susan M Collins,Senate,JPM,P,2018-05-08,2018-06-12,Spouse,"$15,001 - $50,000",35
R,Susan M Collins,Senate,USB,S,2018-05-08,2018-06-12,Spouse,"$1,001 - $15,000",35
R,Susan M Collins,Senate,HOLX,S,2018-05-04,2018-06-12,Spouse,"$15,001 - $50,000",39
D,Tina Smith,Senate,TCMD,S,2018-06-01,2018-06-11,Spouse,"$100,001 - $250,000",10
D,Tina Smith,Senate,PODD,S,2018-06-01,2018-06-11,Spouse,"$100,001 - $250,000",10
R,Shelley M Capito,Senate,RCL,S,2018-05-17,2018-06-09,Spouse,"$1,001 - $15,000",23
R,Shelley M Capito,Senate,BNPQY,S,2018-05-18,2018-06-09,Spouse,"$1,001 - $15,000",22
R,Shelley M Capito,Senate,DWDP,P,2018-05-17,2018-06-09,Self,"$1,001 - $15,000",23
D,Sheldon Whitehouse,Senate,C,P,2018-05-07,2018-06-07,Joint,"$1,001 - $15,000",31
D,Sheldon Whitehouse,Senate,AMZN,P,2018-05-07,2018-06-07,Joint,"$15,001 - $50,000",31
D,Sheldon Whitehouse,Senate,CB,P,2018-05-07,2018-06-07,Joint,"$1,001 - $15,000",31
D,Sheldon Whitehouse,Senate,HD,P,2018-05-07,2018-06-07,Joint,"$1,001 - $15,000",31
D,Sheldon Whitehouse,Senate,MCD,P,2018-05-07,2018-06-07,Joint,"$1,001 - $15,000",31
D,Sheldon Whitehouse,Senate,F,P,2018-05-24,2018-06-07,Joint,"$1,001 - $15,000",14
D,Sheldon Whitehouse,Senate,ETN,P,2018-05-24,2018-06-07,Joint,"$1,001 - $15,000",14
D,Sheldon Whitehouse,Senate,BUD,P,2018-05-24,2018-06-07,Joint,"$1,001 - $15,000",14
D,Sheldon Whitehouse,Senate,ADI,P,2018-05-24,2018-06-07,Joint,"$1,001 - $15,000",14
D,Sheldon Whitehouse,Senate,IBM,P,2018-05-24,2018-06-07,Joint,"$1,001 - $15,000",14
D,Sheldon Whitehouse,Senate,TSLA,P,2018-05-07,2018-06-07,Self,"$1,001 - $15,000",31
D,Sheldon Whitehouse,Senate,MGA,S,2018-05-07,2018-06-07,Self,"$15,001 - $50,000",31
R,Patrick J Toomey,Senate,BOX,S,2018-05-02,2018-06-07,Self,"$1,001 - $15,000",36
R,Patrick J Toomey,Senate,BOX,P,2018-05-02,2018-06-07,Self,"$1,001 - $15,000",36
?,"David A Perdue , Jr",Senate,DISCA,P,2018-05-31,2018-06-04,Joint,"$1,001 - $15,000",4
?,"David A Perdue , Jr",Senate,BAC,S,2018-05-29,2018-06-04,Joint,"$1,001 - $15,000",6
?,"David A Perdue , Jr",Senate,UHAL,P,2018-05-29,2018-06-04,Joint,"$1,001 - $15,000",6
?,"David A Perdue , Jr",Senate,CRMT,S,2018-05-25,2018-06-04,Joint,"$1,001 - $15,000",10
?,"David A Perdue , Jr",Senate,DIS,P,2018-05-24,2018-06-04,Joint,"$1,001 - $15,000",11
?,"David A Perdue , Jr",Senate,CRMT,S,2018-05-23,2018-06-04,Joint,"$1,001 - $15,000",12
?,"David A Perdue , Jr",Senate,WPX,S,2018-05-23,2018-06-04,Joint,"$1,001 - $15,000",12
?,"David A Perdue , Jr",Senate,CRMT,S,2018-05-22,2018-06-04,Joint,"$1,001 - $15,000",13
?,"David A Perdue , Jr",Senate,WPX,S,2018-05-22,2018-06-04,Joint,"$1,001 - $15,000",13
?,"David A Perdue , Jr",Senate,PEP,P,2018-05-22,2018-06-04,Joint,"$1,001 - $15,000",13
?,"David A Perdue , Jr",Senate,CRMT,S,2018-05-21,2018-06-04,Joint,"$1,001 - $15,000",14
?,"David A Perdue , Jr",Senate,WPX,S,2018-05-17,2018-06-04,Joint,"$1,001 - $15,000",18
?,"David A Perdue , Jr",Senate,DISCA,P,2018-05-17,2018-06-04,Joint,"$1,001 - $15,000",18
?,"David A Perdue , Jr",Senate,PEP,P,2018-05-16,2018-06-04,Joint,"$1,001 - $15,000",19
?,"David A Perdue , Jr",Senate,HBI,P,2018-05-15,2018-06-04,Joint,"$1,001 - $15,000",20
?,"David A Perdue , Jr",Senate,WPX,S,2018-05-10,2018-06-04,Joint,"$1,001 - $15,000",25
?,"David A Perdue , Jr",Senate,GLW,P,2018-05-10,2018-06-04,Joint,"$1,001 - $15,000",25
?,"David A Perdue , Jr",Senate,FOXA,S,2018-05-08,2018-06-04,Joint,"$1,001 - $15,000",27
?,"David A Perdue , Jr",Senate,HBI,P,2018-05-08,2018-06-04,Joint,"$1,001 - $15,000",27
?,"David A Perdue , Jr",Senate,DISCA,P,2018-05-08,2018-06-04,Joint,"$1,001 - $15,000",27
?,"David A Perdue , Jr",Senate,WPX,S,2018-05-07,2018-06-04,Joint,"$1,001 - $15,000",28
?,"David A Perdue , Jr",Senate,FOXA,S,2018-05-04,2018-06-04,Joint,"$1,001 - $15,000",31
?,"David A Perdue , Jr",Senate,TWX,P,2018-05-04,2018-06-04,Joint,"$1,001 - $15,000",31
?,"David A Perdue , Jr",Senate,DISCA,P,2018-05-04,2018-06-04,Joint,"$1,001 - $15,000",31
?,"David A Perdue , Jr",Senate,HBI,P,2018-05-04,2018-06-04,Joint,"$1,001 - $15,000",31
?,"David A Perdue , Jr",Senate,FEYE,S,2018-05-02,2018-06-04,Joint,"$1,001 - $15,000",33
?,"David A Perdue , Jr",Senate,FEYE,S,2018-05-01,2018-06-04,Joint,"$1,001 - $15,000",34
?,"David A Perdue , Jr",Senate,HBI,P,2018-05-01,2018-06-04,Joint,"$1,001 - $15,000",34
R,John Hoeven,Senate,T,S,2018-05-23,2018-06-04,Self,"$50,001 - $100,000",12
R,John Hoeven,Senate,GIS,S,2018-05-23,2018-06-04,Self,"$50,001 - $100,000",12
R,Pat Roberts,Senate,BAC,P,2018-05-15,2018-06-04,Spouse,"$1,001 - $15,000",20
?,"Angus S King, Jr.",Senate,GILD,S,2018-04-23,2018-05-22,Spouse,"$1,001 - $15,000",29
R,Patrick J Toomey,Senate,REVB,S,2018-04-30,2018-05-15,Self,"$1,001 - $15,000",15
R,Patrick J Toomey,Senate,BOX,P,2018-04-23,2018-05-15,Self,"$1,001 - $15,000",22
R,William Cassidy,Senate,VFC,S,2018-04-23,2018-05-15,Spouse,"$1,001 - $15,000",22
R,William Cassidy,Senate,UPS,P,2018-04-23,2018-05-15,Spouse,"$1,001 - $15,000",22
R,William Cassidy,Senate,SBUX,P,2018-04-23,2018-05-15,Spouse,"$1,001 - $15,000",22
R,William Cassidy,Senate,PG,P,2018-04-23,2018-05-15,Spouse,"$1,001 - $15,000",22
R,William Cassidy,Senate,MSFT,S,2018-04-23,2018-05-15,Spouse,"$1,001 - $15,000",22
R,William Cassidy,Senate,MDT,S,2018-04-23,2018-05-15,Spouse,"$1,001 - $15,000",22
R,William Cassidy,Senate,LOW,S,2018-04-23,2018-05-15,Spouse,"$1,001 - $15,000",22
R,William Cassidy,Senate,IBM,P,2018-04-23,2018-05-15,Spouse,"$1,001 - $15,000",22
R,William Cassidy,Senate,GWW,S,2018-04-23,2018-05-15,Spouse,"$1,001 - $15,000",22
R,William Cassidy,Senate,XOM,P,2018-04-25,2018-05-15,Spouse,"$1,001 - $15,000",20
R,William Cassidy,Senate,EMR,S,2018-04-23,2018-05-15,Spouse,"$1,001 - $15,000",22
R,William Cassidy,Senate,CMCSA,P,2018-04-23,2018-05-15,Spouse,"$1,001 - $15,000",22
R,William Cassidy,Senate,CSCO,S,2018-04-23,2018-05-15,Spouse,"$1,001 - $15,000",22
R,William Cassidy,Senate,CVS,P,2018-04-23,2018-05-15,Spouse,"$1,001 - $15,000",22
R,William Cassidy,Senate,BLK,S,2018-04-23,2018-05-15,Spouse,"$1,001 - $15,000",22
R,William Cassidy,Senate,AFL,P,2018-04-23,2018-05-15,Spouse,"$1,001 - $15,000",22
?,"A. Mitchell McConnell, Jr.",Senate,WFC,P,2018-03-05,2018-05-15,Spouse,"$1,001 - $15,000",71
?,"A. Mitchell McConnell, Jr.",Senate,WFC,P,2017-12-05,2018-05-15,Spouse,"$1,001 - $15,000",161
?,"A. Mitchell McConnell, Jr.",Senate,WFC,P,2017-09-07,2018-05-15,Spouse,"$1,001 - $15,000",250
?,"Robert P Casey, Jr.",Senate,FE,S,2017-08-31,2018-05-15,Child,"$1,001 - $15,000",257
R,Shelley M Capito,Senate,WEC,P,2018-04-24,2018-05-14,Spouse,"$1,001 - $15,000",20
R,Shelley M Capito,Senate,WMT,P,2018-04-24,2018-05-14,Spouse,"$1,001 - $15,000",20
R,Shelley M Capito,Senate,VFC,P,2018-04-24,2018-05-14,Spouse,"$1,001 - $15,000",20
R,Shelley M Capito,Senate,UTX,P,2018-04-24,2018-05-14,Spouse,"$1,001 - $15,000",20
R,Shelley M Capito,Senate,USB,P,2018-04-24,2018-05-14,Spouse,"$1,001 - $15,000",20
R,Shelley M Capito,Senate,MMM,P,2018-04-24,2018-05-14,Spouse,"$1,001 - $15,000",20
R,Shelley M Capito,Senate,TGT,P,2018-04-24,2018-05-14,Spouse,"$1,001 - $15,000",20
R,Shelley M Capito,Senate,SYY,P,2018-04-24,2018-05-14,Spouse,"$1,001 - $15,000",20
R,Shelley M Capito,Senate,QCOM,P,2018-04-24,2018-05-14,Spouse,"$1,001 - $15,000",20
R,Shelley M Capito,Senate,PG,P,2018-04-24,2018-05-14,Spouse,"$1,001 - $15,000",20
R,Shelley M Capito,Senate,PX,P,2018-04-24,2018-05-14,Spouse,"$1,001 - $15,000",20
R,Shelley M Capito,Senate,PII,P,2018-04-24,2018-05-14,Spouse,"$1,001 - $15,000",20
R,Shelley M Capito,Senate,PSX,P,2018-04-24,2018-05-14,Spouse,"$1,001 - $15,000",20
R,Shelley M Capito,Senate,PEP,P,2018-04-24,2018-05-14,Spouse,"$1,001 - $15,000",20
R,Shelley M Capito,Senate,PAYX,P,2018-04-24,2018-05-14,Spouse,"$1,001 - $15,000",20
R,Shelley M Capito,Senate,NVS,P,2018-04-24,2018-05-14,Spouse,"$1,001 - $15,000",20
R,Shelley M Capito,Senate,NSC,P,2018-04-24,2018-05-14,Spouse,"$1,001 - $15,000",20
R,Shelley M Capito,Senate,NKE,P,2018-04-24,2018-05-14,Spouse,"$1,001 - $15,000",20
R,Shelley M Capito,Senate,NEE,P,2018-04-24,2018-05-14,Spouse,"$1,001 - $15,000",20
R,Shelley M Capito,Senate,JPM,P,2018-04-24,2018-05-14,Spouse,"$1,001 - $15,000",20
R,Shelley M Capito,Senate,MSFT,P,2018-04-24,2018-05-14,Spouse,"$1,001 - $15,000",20
R,Shelley M Capito,Senate,MDT,P,2018-04-24,2018-05-14,Spouse,"$1,001 - $15,000",20
R,Shelley M Capito,Senate,MCD,P,2018-04-24,2018-05-14,Spouse,"$1,001 - $15,000",20
R,Shelley M Capito,Senate,LOW,P,2018-04-24,2018-05-14,Spouse,"$1,001 - $15,000",20
R,Shelley M Capito,Senate,JNJ,P,2018-04-24,2018-05-14,Spouse,"$1,001 - $15,000",20
R,Shelley M Capito,Senate,IBM.MX,P,2018-04-24,2018-05-14,Spouse,"$1,001 - $15,000",20
R,Shelley M Capito,Senate,ITW,P,2018-04-24,2018-05-14,Spouse,"$1,001 - $15,000",20
R,Shelley M Capito,Senate,HRS,P,2018-04-24,2018-05-14,Spouse,"$1,001 - $15,000",20
R,Shelley M Capito,Senate,GIS,P,2018-04-24,2018-05-14,Spouse,"$1,001 - $15,000",20
R,Shelley M Capito,Senate,GD,P,2018-04-24,2018-05-14,Spouse,"$1,001 - $15,000",20
R,Shelley M Capito,Senate,FDS,P,2018-04-24,2018-05-14,Spouse,"$1,001 - $15,000",20
R,Shelley M Capito,Senate,XOM,P,2018-04-24,2018-05-14,Spouse,"$1,001 - $15,000",20
R,Shelley M Capito,Senate,ES,P,2018-04-24,2018-05-14,Spouse,"$1,001 - $15,000",20
R,Shelley M Capito,Senate,EMR,P,2018-04-24,2018-05-14,Spouse,"$1,001 - $15,000",20
R,Shelley M Capito,Senate,EV,P,2018-04-24,2018-05-14,Spouse,"$1,001 - $15,000",20
R,Shelley M Capito,Senate,CL,P,2018-04-24,2018-05-14,Spouse,"$1,001 - $15,000",20
R,Shelley M Capito,Senate,CLX,P,2018-04-24,2018-05-14,Spouse,"$1,001 - $15,000",20
R,Shelley M Capito,Senate,CSCO,P,2018-04-24,2018-05-14,Spouse,"$1,001 - $15,000",20
R,Shelley M Capito,Senate,CB,P,2018-04-24,2018-05-14,Spouse,"$1,001 - $15,000",20
R,Shelley M Capito,Senate,CVX,P,2018-04-24,2018-05-14,Spouse,"$1,001 - $15,000",20
R,Shelley M Capito,Senate,BLK,P,2018-04-24,2018-05-14,Spouse,"$1,001 - $15,000",20
R,Shelley M Capito,Senate,BDX,P,2018-04-24,2018-05-14,Spouse,"$1,001 - $15,000",20
R,Shelley M Capito,Senate,ADP,P,2018-04-24,2018-05-14,Spouse,"$1,001 - $15,000",20
R,Shelley M Capito,Senate,ADI,P,2018-04-24,2018-05-14,Spouse,"$1,001 - $15,000",20
R,Shelley M Capito,Senate,AMGN,P,2018-04-24,2018-05-14,Spouse,"$1,001 - $15,000",20
R,Shelley M Capito,Senate,APD,P,2018-04-24,2018-05-14,Spouse,"$1,001 - $15,000",20
R,Shelley M Capito,Senate,ACN,P,2018-04-24,2018-05-14,Spouse,"$1,001 - $15,000",20
R,Shelley M Capito,Senate,ABT,P,2018-04-24,2018-05-14,Spouse,"$1,001 - $15,000",20
R,Shelley M Capito,Senate,T,P,2018-04-24,2018-05-14,Spouse,"$1,001 - $15,000",20
R,Shelley M Capito,Senate,AFL,P,2018-04-24,2018-05-14,Spouse,"$1,001 - $15,000",20
R,Shelley M Capito,Senate,VGK,S,2018-04-24,2018-05-14,Spouse,"$15,001 - $50,000",20
R,Shelley M Capito,Senate,UBSI,S,2018-04-24,2018-05-14,Spouse,"$15,001 - $50,000",20
R,Shelley M Capito,Senate,NSRGY,S,2018-04-24,2018-05-14,Spouse,"$1,001 - $15,000",20
R,Shelley M Capito,Senate,MS,S,2018-04-24,2018-05-14,Spouse,"$1,001 - $15,000",20
R,Shelley M Capito,Senate,LULU,S,2018-04-24,2018-05-14,Spouse,"$1,001 - $15,000",20
R,Shelley M Capito,Senate,IYE,S,2018-04-24,2018-05-14,Spouse,"$15,001 - $50,000",20
R,Shelley M Capito,Senate,KHC,S,2018-04-24,2018-05-14,Spouse,"$1,001 - $15,000",20
R,Shelley M Capito,Senate,RHHBY,S,2018-04-24,2018-05-14,Spouse,"$1,001 - $15,000",20
R,Shelley M Capito,Senate,CLB,S,2018-04-24,2018-05-14,Spouse,"$1,001 - $15,000",20
R,Shelley M Capito,Senate,CHK,S,2018-04-24,2018-05-14,Spouse,"$1,001 - $15,000",20
R,Shelley M Capito,Senate,CME,S,2018-04-24,2018-05-14,Spouse,"$15,001 - $50,000",20
R,Shelley M Capito,Senate,AL,S,2018-04-24,2018-05-14,Spouse,"$1,001 - $15,000",20
R,Shelley M Capito,Senate,WEC,P,2018-04-05,2018-05-14,Spouse,"$1,001 - $15,000",39
R,Shelley M Capito,Senate,WMT,P,2018-04-05,2018-05-14,Spouse,"$1,001 - $15,000",39
R,Shelley M Capito,Senate,VFC,P,2018-04-05,2018-05-14,Spouse,"$1,001 - $15,000",39
R,Shelley M Capito,Senate,UTX,P,2018-04-05,2018-05-14,Spouse,"$1,001 - $15,000",39
R,Shelley M Capito,Senate,USB,P,2018-04-05,2018-05-14,Spouse,"$1,001 - $15,000",39
R,Shelley M Capito,Senate,MMM,P,2018-04-05,2018-05-14,Spouse,"$1,001 - $15,000",39
R,Shelley M Capito,Senate,SYY,P,2018-04-05,2018-05-14,Spouse,"$1,001 - $15,000",39
R,Shelley M Capito,Senate,PX,P,2018-04-05,2018-05-14,Spouse,"$1,001 - $15,000",39
R,Shelley M Capito,Senate,PII,P,2018-04-05,2018-05-14,Spouse,"$1,001 - $15,000",39
R,Shelley M Capito,Senate,PSX,P,2018-04-05,2018-05-14,Spouse,"$1,001 - $15,000",39
R,Shelley M Capito,Senate,PEP,P,2018-04-05,2018-05-14,Spouse,"$1,001 - $15,000",39
R,Shelley M Capito,Senate,PAYX,P,2018-04-05,2018-05-14,Spouse,"$1,001 - $15,000",39
R,Shelley M Capito,Senate,NSC,P,2018-04-05,2018-05-14,Spouse,"$1,001 - $15,000",39
R,Shelley M Capito,Senate,NEE,P,2018-04-05,2018-05-14,Spouse,"$1,001 - $15,000",39
R,Shelley M Capito,Senate,JPM,P,2018-04-05,2018-05-14,Spouse,"$1,001 - $15,000",39
R,Shelley M Capito,Senate,MSFT,P,2018-04-05,2018-05-14,Spouse,"$1,001 - $15,000",39
R,Shelley M Capito,Senate,MDT,P,2018-04-05,2018-05-14,Spouse,"$1,001 - $15,000",39
R,Shelley M Capito,Senate,MCD,P,2018-04-06,2018-05-14,Spouse,"$1,001 - $15,000",38
R,Shelley M Capito,Senate,LOW,P,2018-04-05,2018-05-14,Spouse,"$1,001 - $15,000",39
R,Shelley M Capito,Senate,JNJ,P,2018-04-05,2018-05-14,Spouse,"$1,001 - $15,000",39
R,Shelley M Capito,Senate,ITW,P,2018-04-05,2018-05-14,Spouse,"$1,001 - $15,000",39
R,Shelley M Capito,Senate,HRS,P,2018-04-05,2018-05-14,Spouse,"$1,001 - $15,000",39
R,Shelley M Capito,Senate,GD,P,2018-04-05,2018-05-14,Spouse,"$1,001 - $15,000",39
R,Shelley M Capito,Senate,ES,P,2018-04-05,2018-05-14,Spouse,"$1,001 - $15,000",39
R,Shelley M Capito,Senate,EMR,P,2018-04-05,2018-05-14,Spouse,"$1,001 - $15,000",39
R,Shelley M Capito,Senate,CL,P,2018-04-05,2018-05-14,Spouse,"$1,001 - $15,000",39
R,Shelley M Capito,Senate,CLX,P,2018-04-05,2018-05-14,Spouse,"$1,001 - $15,000",39
R,Shelley M Capito,Senate,CSCO,P,2018-04-05,2018-05-14,Spouse,"$1,001 - $15,000",39
R,Shelley M Capito,Senate,CB,P,2018-04-05,2018-05-14,Spouse,"$1,001 - $15,000",39
R,Shelley M Capito,Senate,CVX,P,2018-04-05,2018-05-14,Spouse,"$1,001 - $15,000",39
R,Shelley M Capito,Senate,BLK,P,2018-04-05,2018-05-14,Spouse,"$1,001 - $15,000",39
R,Shelley M Capito,Senate,BDX,P,2018-04-05,2018-05-14,Spouse,"$1,001 - $15,000",39
R,Shelley M Capito,Senate,ADP,P,2018-04-05,2018-05-14,Spouse,"$1,001 - $15,000",39
R,Shelley M Capito,Senate,ADI,P,2018-04-05,2018-05-14,Spouse,"$1,001 - $15,000",39
R,Shelley M Capito,Senate,AMGN,P,2018-04-05,2018-05-14,Spouse,"$1,001 - $15,000",39
R,Shelley M Capito,Senate,APD,P,2018-04-04,2018-05-14,Spouse,"$1,001 - $15,000",40
R,Shelley M Capito,Senate,ACN,P,2018-04-05,2018-05-14,Spouse,"$1,001 - $15,000",39
R,Shelley M Capito,Senate,ABT,P,2018-04-05,2018-05-14,Spouse,"$1,001 - $15,000",39
R,Shelley M Capito,Senate,T,P,2018-04-05,2018-05-14,Spouse,"$1,001 - $15,000",39
R,Shelley M Capito,Senate,AFL,P,2018-04-05,2018-05-14,Spouse,"$1,001 - $15,000",39
R,Shelley M Capito,Senate,UBSI,S,2018-04-05,2018-05-14,Spouse,"$15,001 - $50,000",39
R,Shelley M Capito,Senate,MDLZ,P,2018-04-04,2018-05-14,Self,"$1,001 - $15,000",40
R,James M Inhofe,Senate,V,S,2018-05-03,2018-05-14,Self,"$15,001 - $50,000",11
R,James M Inhofe,Senate,UNH,S,2018-05-03,2018-05-14,Self,"$50,001 - $100,000",11
R,James M Inhofe,Senate,CRM,S,2018-05-03,2018-05-14,Self,"$1,001 - $15,000",11
R,James M Inhofe,Senate,PEP,S,2018-05-03,2018-05-14,Self,"$15,001 - $50,000",11
R,James M Inhofe,Senate,MSFT,S,2018-05-03,2018-05-14,Self,"$15,001 - $50,000",11
R,James M Inhofe,Senate,LH,S,2018-05-03,2018-05-14,Self,"$15,001 - $50,000",11
R,James M Inhofe,Senate,XOM,S,2018-05-03,2018-05-14,Self,"$50,001 - $100,000",11
R,James M Inhofe,Senate,DFS,S,2018-05-03,2018-05-14,Self,"$15,001 - $50,000",11
R,James M Inhofe,Senate,DAL,S,2018-05-03,2018-05-14,Self,"$1,001 - $15,000",11
R,James M Inhofe,Senate,CLR,S,2018-05-03,2018-05-14,Self,"$15,001 - $50,000",11
R,James M Inhofe,Senate,COHR,S,2018-05-03,2018-05-14,Self,"$50,001 - $100,000",11
R,James M Inhofe,Senate,C,S,2018-05-03,2018-05-14,Self,"$1,001 - $15,000",11
R,James M Inhofe,Senate,KMX,S,2018-05-03,2018-05-14,Self,"$1,001 - $15,000",11
R,James M Inhofe,Senate,BAM,S,2018-05-03,2018-05-14,Self,"$15,001 - $50,000",11
R,James M Inhofe,Senate,BLK,S,2018-05-03,2018-05-14,Self,"$15,001 - $50,000",11
R,James M Inhofe,Senate,GOOGL,S,2018-05-03,2018-05-14,Self,"$15,001 - $50,000",11
R,James M Inhofe,Senate,AAPL,S,2018-05-01,2018-05-14,Self,"$50,001 - $100,000",13
R,James M Inhofe,Senate,CHKP,S,2018-04-26,2018-05-14,Self,"$50,001 - $100,000",18
R,James M Inhofe,Senate,BLK,S,2018-04-16,2018-05-14,Self,"$15,001 - $50,000",28
D,Sheldon Whitehouse,Senate,V,S,2018-04-03,2018-05-10,Joint,"$15,001 - $50,000",37
D,Sheldon Whitehouse,Senate,CVS,S,2018-04-03,2018-05-10,Joint,"$1,001 - $15,000",37
D,Sheldon Whitehouse,Senate,CMCSA,S,2018-04-03,2018-05-10,Joint,"$1,001 - $15,000",37
D,Sheldon Whitehouse,Senate,JPM,S,2018-04-03,2018-05-10,Joint,"$1,001 - $15,000",37
D,Sheldon Whitehouse,Senate,WPC,S,2018-04-03,2018-05-10,Joint,"$1,001 - $15,000",37
D,Sheldon Whitehouse,Senate,AAPL,S,2018-04-03,2018-05-10,Joint,"$1,001 - $15,000",37
D,Gary C Peters,Senate,CVS,P,2018-04-26,2018-05-10,Self,"$1,001 - $15,000",14
R,John Hoeven,Senate,IBM,P,2018-04-18,2018-05-09,Self,"$50,001 - $100,000",21
R,Pat Roberts,Senate,NVDA,P,2018-04-25,2018-05-09,Spouse,"$1,001 - $15,000",14
R,Pat Roberts,Senate,CVX,S,2018-04-11,2018-05-09,Spouse,"$1,001 - $15,000",28
R,Pat Roberts,Senate,NFLX,P,2018-04-25,2018-05-09,Spouse,"$15,001 - $50,000",14
R,Pat Roberts,Senate,NFLX,P,2018-04-23,2018-05-09,Spouse,"$15,001 - $50,000",16
R,Pat Roberts,Senate,NFLX,S,2018-04-11,2018-05-09,Spouse,"$50,001 - $100,000",28
R,Patrick J Toomey,Senate,PFS,S,2018-01-08,2018-05-02,Self,"$1,001 - $15,000",114
R,Patrick J Toomey,Senate,REVB,S,2018-01-08,2018-05-02,Self,"$1,001 - $15,000",114
R,Patrick J Toomey,Senate,PFS,S,2018-01-05,2018-05-02,Self,"$1,001 - $15,000",117
R,Patrick J Toomey,Senate,REVB,S,2017-12-07,2018-05-02,Self,"$1,001 - $15,000",146
R,Patrick J Toomey,Senate,GE,P,2017-12-07,2018-05-02,Self,"$1,001 - $15,000",146
R,Patrick J Toomey,Senate,GE,P,2017-12-06,2018-05-02,Self,"$15,001 - $50,000",147
R,Patrick J Toomey,Senate,REVB,S,2017-11-30,2018-05-02,Self,"$1,001 - $15,000",153
R,Patrick J Toomey,Senate,REVB,S,2017-11-17,2018-05-02,Self,"$1,001 - $15,000",166
R,Patrick J Toomey,Senate,REVB,S,2017-11-15,2018-05-02,Self,"$1,001 - $15,000",168
R,Patrick J Toomey,Senate,PHLD,P,2017-08-03,2018-05-02,Self,"$50,001 - $100,000",272
R,Patrick J Toomey,Senate,GE,S,2017-05-18,2018-05-02,Self,"$1,001 - $15,000",349
?,"David A Perdue , Jr",Senate,USG,S,2018-04-27,2018-05-01,Joint,"$1,001 - $15,000",4
?,"David A Perdue , Jr",Senate,USG,S,2018-04-26,2018-05-01,Joint,"$1,001 - $15,000",5
?,"David A Perdue , Jr",Senate,WPX,S,2018-04-26,2018-05-01,Joint,"$1,001 - $15,000",5
?,"David A Perdue , Jr",Senate,GLW,P,2018-04-25,2018-05-01,Joint,"$1,001 - $15,000",6
?,"David A Perdue , Jr",Senate,C,P,2018-04-24,2018-05-01,Joint,"$1,001 - $15,000",7
?,"David A Perdue , Jr",Senate,GIS,P,2018-04-24,2018-05-01,Joint,"$1,001 - $15,000",7
?,"David A Perdue , Jr",Senate,MRK,P,2018-04-24,2018-05-01,Joint,"$1,001 - $15,000",7
?,"David A Perdue , Jr",Senate,CLX,P,2018-04-20,2018-05-01,Joint,"$1,001 - $15,000",11
?,"David A Perdue , Jr",Senate,PG,P,2018-04-20,2018-05-01,Joint,"$15,001 - $50,000",11
?,"David A Perdue , Jr",Senate,PEP,P,2018-04-20,2018-05-01,Joint,"$15,001 - $50,000",11
?,"David A Perdue , Jr",Senate,DUK,S,2018-04-17,2018-05-01,Joint,"$15,001 - $50,000",14
?,"David A Perdue , Jr",Senate,USG,S,2018-04-13,2018-05-01,Joint,"$1,001 - $15,000",18
?,"David A Perdue , Jr",Senate,USG,S,2018-04-12,2018-05-01,Joint,"$1,001 - $15,000",19
?,"David A Perdue , Jr",Senate,USG,S,2018-04-09,2018-05-01,Joint,"$1,001 - $15,000",22
D,Tina Smith,Senate,CGNT,S,2018-04-12,2018-04-20,Spouse,"$15,001 - $50,000",8
D,Tina Smith,Senate,CGNT,S,2018-04-10,2018-04-20,Spouse,"$15,001 - $50,000",10
D,Sheldon Whitehouse,Senate,FB,S,2018-03-19,2018-04-19,Spouse,"$1,001 - $15,000",31
R,Patrick J Toomey,Senate,REVB,S,2018-03-22,2018-04-10,Self,"$1,001 - $15,000",19
D,Tina Smith,Senate,CGNT,S,2018-03-29,2018-04-09,Spouse,"$1,001 - $15,000",11
R,Shelley M Capito,Senate,FANUY,S,2018-03-28,2018-04-07,Spouse,"$1,001 - $15,000",10
R,Shelley M Capito,Senate,WFC,S,2018-03-28,2018-04-07,Spouse,"$15,001 - $50,000",10
?,"David A Perdue , Jr",Senate,URBN,S,2018-04-02,2018-04-05,Joint,"$1,001 - $15,000",3
?,"David A Perdue , Jr",Senate,CZR,P,2018-04-02,2018-04-05,Joint,"$1,001 - $15,000",3
?,"David A Perdue , Jr",Senate,URBN,S,2018-03-29,2018-04-05,Joint,"$1,001 - $15,000",7
?,"David A Perdue , Jr",Senate,DVN,P,2018-03-27,2018-04-05,Joint,"$1,001 - $15,000",9
?,"David A Perdue , Jr",Senate,URBN,S,2018-03-20,2018-04-05,Joint,"$1,001 - $15,000",16
?,"David A Perdue , Jr",Senate,ENTG,S,2018-03-20,2018-04-05,Joint,"$1,001 - $15,000",16
?,"David A Perdue , Jr",Senate,EQM,P,2018-03-15,2018-04-05,Joint,"$15,001 - $50,000",21
?,"David A Perdue , Jr",Senate,WMB,S,2018-03-13,2018-04-05,Joint,"$15,001 - $50,000",23
?,"David A Perdue , Jr",Senate,URBN,S,2018-03-06,2018-04-05,Joint,"$1,001 - $15,000",30
R,John Hoeven,Senate,DWDP,P,2018-03-27,2018-03-29,Self,"$50,001 - $100,000",2
R,John Hoeven,Senate,UPS,P,2018-03-27,2018-03-29,Self,"$50,001 - $100,000",2
R,John Hoeven,Senate,DWDP,P,2018-03-05,2018-03-13,Self,"$50,001 - $100,000",8
R,John Hoeven,Senate,WMT,P,2018-03-05,2018-03-13,Self,"$50,001 - $100,000",8
R,John Hoeven,Senate,CAT,P,2018-03-05,2018-03-13,Self,"$50,001 - $100,000",8
D,John F Reed,Senate,XLNX,S,2018-03-09,2018-03-12,Joint,"$1,001 - $15,000",3
D,John F Reed,Senate,VRTX,S,2018-03-09,2018-03-12,Joint,"$1,001 - $15,000",3
D,John F Reed,Senate,VWO,S,2018-03-09,2018-03-12,Joint,"$1,001 - $15,000",3
D,John F Reed,Senate,TMO,S,2018-03-09,2018-03-12,Joint,"$1,001 - $15,000",3
D,John F Reed,Senate,SYK,S,2018-03-09,2018-03-12,Joint,"$1,001 - $15,000",3
D,John F Reed,Senate,XBI,S,2018-03-09,2018-03-12,Joint,"$1,001 - $15,000",3
D,John F Reed,Senate,XSD,S,2018-03-09,2018-03-12,Joint,"$1,001 - $15,000",3
D,John F Reed,Senate,RYT,S,2018-03-09,2018-03-12,Joint,"$1,001 - $15,000",3
D,John F Reed,Senate,QCOM,S,2018-03-09,2018-03-12,Joint,"$1,001 - $15,000",3
D,John F Reed,Senate,ISRG,S,2018-03-09,2018-03-12,Joint,"$1,001 - $15,000",3
D,John F Reed,Senate,INTC,S,2018-03-09,2018-03-12,Joint,"$1,001 - $15,000",3
D,John F Reed,Senate,ITW,S,2018-03-09,2018-03-12,Joint,"$1,001 - $15,000",3
D,John F Reed,Senate,IYT,S,2018-03-09,2018-03-12,Joint,"$1,001 - $15,000",3
D,John F Reed,Senate,IQV,S,2018-03-09,2018-03-12,Joint,"$1,001 - $15,000",3
D,John F Reed,Senate,HON,S,2018-03-09,2018-03-12,Joint,"$1,001 - $15,000",3
D,John F Reed,Senate,FDX,S,2018-03-09,2018-03-12,Joint,"$1,001 - $15,000",3
D,John F Reed,Senate,DHR,S,2018-03-09,2018-03-12,Joint,"$1,001 - $15,000",3
D,John F Reed,Senate,COST,S,2018-03-09,2018-03-12,Joint,"$1,001 - $15,000",3
D,John F Reed,Senate,CSCO,S,2018-03-09,2018-03-12,Joint,"$1,001 - $15,000",3
D,John F Reed,Senate,CVS,S,2018-03-09,2018-03-12,Joint,"$1,001 - $15,000",3
D,John F Reed,Senate,AAPL,S,2018-03-09,2018-03-12,Joint,"$1,001 - $15,000",3
D,John F Reed,Senate,ADI,S,2018-03-09,2018-03-12,Joint,"$1,001 - $15,000",3
D,John F Reed,Senate,AMGN,S,2018-03-09,2018-03-12,Joint,"$1,001 - $15,000",3
R,Shelley M Capito,Senate,RHHBY,S,2018-02-28,2018-03-08,Spouse,"$1,001 - $15,000",8
R,Shelley M Capito,Senate,STT,P,2018-02-27,2018-03-08,Spouse,"$1,001 - $15,000",9
R,Shelley M Capito,Senate,MDLZ,P,2018-02-27,2018-03-08,Spouse,"$1,001 - $15,000",9
R,Shelley M Capito,Senate,ICE,P,2018-02-27,2018-03-08,Spouse,"$1,001 - $15,000",9
R,Shelley M Capito,Senate,OXY,S,2018-02-27,2018-03-08,Spouse,"$1,001 - $15,000",9
R,Shelley M Capito,Senate,CERN,S,2018-02-27,2018-03-08,Spouse,"$1,001 - $15,000",9
R,Shelley M Capito,Senate,BUD,P,2018-02-21,2018-03-08,Self,"$1,001 - $15,000",15
D,Sheldon Whitehouse,Senate,NVDA,P,2018-02-15,2018-03-07,Joint,"$1,001 - $15,000",20
D,Sheldon Whitehouse,Senate,C,P,2018-02-08,2018-03-07,Self,"$1,001 - $15,000",27
R,Patrick J Toomey,Senate,NTRP,P,2018-02-15,2018-03-07,Self,"$1,001 - $15,000",20
R,Patrick J Toomey,Senate,REVB,S,2018-02-08,2018-03-07,Self,"$1,001 - $15,000",27
D,Tina Smith,Senate,PODD,S,2018-03-02,2018-03-06,Joint,"$100,001 - $250,000",4
?,"David A Perdue , Jr",Senate,UHAL,P,2018-02-28,2018-03-05,Joint,"$1,001 - $15,000",5
?,"David A Perdue , Jr",Senate,CSCO,S,2018-02-28,2018-03-05,Joint,"$1,001 - $15,000",5
?,"David A Perdue , Jr",Senate,FOXA,S,2018-02-26,2018-03-05,Joint,"$1,001 - $15,000",7
?,"David A Perdue , Jr",Senate,DISCA,S,2018-02-26,2018-03-05,Joint,"$1,001 - $15,000",7
?,"David A Perdue , Jr",Senate,FOXA,S,2018-02-23,2018-03-05,Joint,"$1,001 - $15,000",10
?,"David A Perdue , Jr",Senate,DVN,P,2018-02-23,2018-03-05,Joint,"$1,001 - $15,000",10
?,"David A Perdue , Jr",Senate,PFE,S,2018-02-23,2018-03-05,Joint,"$1,001 - $15,000",10
?,"David A Perdue , Jr",Senate,URBN,S,2018-02-22,2018-03-05,Joint,"$1,001 - $15,000",11
?,"David A Perdue , Jr",Senate,KN,S,2018-02-22,2018-03-05,Joint,"$1,001 - $15,000",11
?,"David A Perdue , Jr",Senate,DVN,P,2018-02-21,2018-03-05,Joint,"$1,001 - $15,000",12
?,"David A Perdue , Jr",Senate,UPS,P,2018-02-20,2018-03-05,Joint,"$1,001 - $15,000",13
?,"David A Perdue , Jr",Senate,KN,S,2018-02-16,2018-03-05,Joint,"$1,001 - $15,000",17
?,"David A Perdue , Jr",Senate,KN,S,2018-02-14,2018-03-05,Joint,"$1,001 - $15,000",19
?,"David A Perdue , Jr",Senate,XOM,S,2018-02-13,2018-03-05,Joint,"$15,001 - $50,000",20
?,"David A Perdue , Jr",Senate,UPS,P,2018-02-13,2018-03-05,Joint,"$15,001 - $50,000",20
?,"David A Perdue , Jr",Senate,SU,P,2018-02-13,2018-03-05,Joint,"$15,001 - $50,000",20
?,"David A Perdue , Jr",Senate,BAC,S,2018-02-12,2018-03-05,Joint,"$1,001 - $15,000",21
?,"David A Perdue , Jr",Senate,KN,S,2018-02-12,2018-03-05,Joint,"$1,001 - $15,000",21
?,"David A Perdue , Jr",Senate,UPS,P,2018-02-12,2018-03-05,Joint,"$15,001 - $50,000",21
?,"David A Perdue , Jr",Senate,SUN,P,2018-02-09,2018-03-05,Joint,"$1,001 - $15,000",24
?,"David A Perdue , Jr",Senate,XOM,S,2018-02-09,2018-03-05,Joint,"$15,001 - $50,000",24
?,"David A Perdue , Jr",Senate,URBN,S,2018-02-09,2018-03-05,Joint,"$1,001 - $15,000",24
?,"David A Perdue , Jr",Senate,UPS,P,2018-02-09,2018-03-05,Joint,"$50,001 - $100,000",24
?,"David A Perdue , Jr",Senate,SU,P,2018-02-09,2018-03-05,Joint,"$15,001 - $50,000",24
?,"David A Perdue , Jr",Senate,HBI,P,2018-02-08,2018-03-05,Joint,"$1,001 - $15,000",25
?,"David A Perdue , Jr",Senate,RF,P,2018-02-08,2018-03-05,Joint,"$1,001 - $15,000",25
?,"David A Perdue , Jr",Senate,SHLX,P,2018-02-06,2018-03-05,Joint,"$1,001 - $15,000",27
?,"David A Perdue , Jr",Senate,AXTA,P,2018-02-06,2018-03-05,Joint,"$1,001 - $15,000",27
?,"David A Perdue , Jr",Senate,DVN,P,2018-02-06,2018-03-05,Joint,"$1,001 - $15,000",27
?,"David A Perdue , Jr",Senate,FEYE,P,2018-02-06,2018-03-05,Joint,"$1,001 - $15,000",27
?,"David A Perdue , Jr",Senate,GLW,P,2018-02-06,2018-03-05,Joint,"$1,001 - $15,000",27
?,"David A Perdue , Jr",Senate,URBN,S,2018-02-06,2018-03-05,Joint,"$1,001 - $15,000",27
?,"David A Perdue , Jr",Senate,RF,P,2018-02-06,2018-03-05,Joint,"$1,001 - $15,000",27
?,"David A Perdue , Jr",Senate,SHLX,P,2018-02-05,2018-03-05,Joint,"$1,001 - $15,000",28
?,"David A Perdue , Jr",Senate,SUN,P,2018-02-05,2018-03-05,Joint,"$1,001 - $15,000",28
?,"David A Perdue , Jr",Senate,GLW,P,2018-02-05,2018-03-05,Joint,"$15,001 - $50,000",28
?,"David A Perdue , Jr",Senate,URBN,S,2018-02-05,2018-03-05,Joint,"$1,001 - $15,000",28
?,"David A Perdue , Jr",Senate,CBS,P,2018-02-02,2018-03-05,Joint,"$1,001 - $15,000",31
?,"David A Perdue , Jr",Senate,DVN,P,2018-02-02,2018-03-05,Joint,"$1,001 - $15,000",31
R,Pat Roberts,Senate,WMT,P,2018-02-20,2018-03-03,Spouse,"$1,001 - $15,000",11
R,Pat Roberts,Senate,FB,P,2018-02-20,2018-03-03,Spouse,"$15,001 - $50,000",11
R,Pat Roberts,Senate,WMT,P,2018-02-14,2018-03-03,Spouse,"$1,001 - $15,000",17
R,Pat Roberts,Senate,FB,S,2018-02-05,2018-03-03,Spouse,"$15,001 - $50,000",26
R,Pat Roberts,Senate,AMZN,S,2018-02-05,2018-03-03,Spouse,"$1,001 - $15,000",26
R,Pat Roberts,Senate,FB,P,2018-02-05,2018-03-03,Spouse,"$15,001 - $50,000",26
R,Pat Roberts,Senate,ETY,P,2018-02-05,2018-03-03,Spouse,"$1,001 - $15,000",26
R,Pat Roberts,Senate,NFLX,P,2018-02-05,2018-03-03,Spouse,"$50,001 - $100,000",26
R,Pat Roberts,Senate,BA,P,2018-02-05,2018-03-03,Spouse,"$50,001 - $100,000",26
R,Pat Roberts,Senate,BAC,P,2018-02-05,2018-03-03,Spouse,"$1,001 - $15,000",26
R,Pat Roberts,Senate,BAC,S,2018-02-05,2018-03-03,Spouse,"$15,001 - $50,000",26
R,Pat Roberts,Senate,RTN,S,2018-02-05,2018-03-03,Spouse,"$15,001 - $50,000",26
R,Pat Roberts,Senate,NFLX,S,2018-02-05,2018-03-03,Spouse,"$50,001 - $100,000",26
R,Pat Roberts,Senate,BA,S,2018-02-05,2018-03-03,Spouse,"$15,001 - $50,000",26
R,Pat Roberts,Senate,AAPL,P,2018-02-05,2018-03-03,Spouse,"$15,001 - $50,000",26
R,Pat Roberts,Senate,AMZN,P,2018-02-05,2018-03-03,Spouse,"$15,001 - $50,000",26
R,Pat Roberts,Senate,NVDA,P,2018-02-05,2018-03-03,Spouse,"$15,001 - $50,000",26
R,Pat Roberts,Senate,NOC,P,2018-02-05,2018-03-03,Spouse,"$50,001 - $100,000",26
R,Pat Roberts,Senate,LMT,S,2018-02-05,2018-03-03,Spouse,"$15,001 - $50,000",26
R,Pat Roberts,Senate,AAPL,S,2018-02-05,2018-03-03,Spouse,"$50,001 - $100,000",26
R,Pat Roberts,Senate,NVDA,S,2018-02-05,2018-03-03,Spouse,"$15,001 - $50,000",26
R,Pat Roberts,Senate,NOC,S,2018-02-05,2018-03-03,Spouse,"$50,001 - $100,000",26
R,Pat Roberts,Senate,COST,S,2018-02-05,2018-03-03,Spouse,"$15,001 - $50,000",26
R,James M Inhofe,Senate,XPO,P,2018-02-22,2018-02-26,Self,"$50,001 - $100,000",4
R,James M Inhofe,Senate,GILD,S,2018-02-22,2018-02-26,Self,"$50,001 - $100,000",4
R,James M Inhofe,Senate,CELG,P,2018-02-22,2018-02-26,Self,"$50,001 - $100,000",4
R,James M Inhofe,Senate,AGN,S,2018-02-22,2018-02-26,Self,"$50,001 - $100,000",4
R,James M Inhofe,Senate,MSFT,P,2018-02-09,2018-02-26,Self,"$15,001 - $50,000",17
R,James M Inhofe,Senate,KMX,P,2018-02-09,2018-02-26,Self,"$15,001 - $50,000",17
R,James M Inhofe,Senate,KMX,P,2018-01-25,2018-02-26,Self,"$50,001 - $100,000",32
R,James M Inhofe,Senate,BUD,S,2018-01-25,2018-02-26,Self,"$50,001 - $100,000",32
R,John Hoeven,Senate,WTW,P,2018-02-20,2018-02-21,Self,"$100,001 - $250,000",1
R,John Hoeven,Senate,WMT,P,2018-02-20,2018-02-21,Self,"$100,001 - $250,000",1
R,John Hoeven,Senate,WTW,S,2018-02-05,2018-02-14,Self,"$250,001 - $500,000",9
R,William Cassidy,Senate,AAPL,S,2018-01-31,2018-02-13,Spouse,"$1,001 - $15,000",13
R,William Cassidy,Senate,IHE,S,2018-01-31,2018-02-13,Spouse,"$1,001 - $15,000",13
D,Sheldon Whitehouse,Senate,C,P,2018-01-08,2018-02-13,Spouse,"$1,001 - $15,000",36
D,Sheldon Whitehouse,Senate,WMT,P,2018-01-08,2018-02-13,Spouse,"$1,001 - $15,000",36
D,Sheldon Whitehouse,Senate,BIIB,S,2018-01-08,2018-02-13,Joint,"$1,001 - $15,000",36
D,Sheldon Whitehouse,Senate,V,S,2018-01-17,2018-02-13,Joint,"$1,001 - $15,000",27
D,Sheldon Whitehouse,Senate,COST,S,2018-01-17,2018-02-13,Joint,"$15,001 - $50,000",27
D,Sheldon Whitehouse,Senate,GE,S,2018-01-31,2018-02-13,Joint,"$15,001 - $50,000",13
D,Sheldon Whitehouse,Senate,USB,S,2018-01-17,2018-02-13,Self,"$1,001 - $15,000",27
R,Shelley M Capito,Senate,GWW,S,2018-01-04,2018-02-10,Spouse,"$1,001 - $15,000",37
R,Shelley M Capito,Senate,GE,S,2018-01-04,2018-02-10,Spouse,"$1,001 - $15,000",37
R,Shelley M Capito,Senate,PG,S,2018-01-04,2018-02-10,Spouse,"$1,001 - $15,000",37
R,Shelley M Capito,Senate,NSC,S,2018-01-04,2018-02-10,Spouse,"$1,001 - $15,000",37
R,Shelley M Capito,Senate,MSFT,S,2018-01-04,2018-02-10,Spouse,"$1,001 - $15,000",37
R,Shelley M Capito,Senate,MRK,S,2018-01-04,2018-02-10,Spouse,"$1,001 - $15,000",37
R,Shelley M Capito,Senate,IBM,S,2018-01-04,2018-02-10,Spouse,"$1,001 - $15,000",37
R,Shelley M Capito,Senate,INTC,S,2018-01-04,2018-02-10,Spouse,"$15,001 - $50,000",37
R,Shelley M Capito,Senate,XOM,S,2018-01-04,2018-02-10,Spouse,"$1,001 - $15,000",37
R,Shelley M Capito,Senate,KO,S,2018-01-04,2018-02-10,Spouse,"$1,001 - $15,000",37
R,Shelley M Capito,Senate,C,S,2018-01-04,2018-02-10,Spouse,"$15,001 - $50,000",37
R,Shelley M Capito,Senate,CSCO,S,2018-01-04,2018-02-10,Spouse,"$1,001 - $15,000",37
R,Shelley M Capito,Senate,BMY,S,2018-01-04,2018-02-10,Spouse,"$1,001 - $15,000",37
R,Shelley M Capito,Senate,SLB,P,2018-01-26,2018-02-10,Spouse,"$1,001 - $15,000",15
R,Shelley M Capito,Senate,RYAAY,P,2018-01-26,2018-02-10,Spouse,"$1,001 - $15,000",15
R,Shelley M Capito,Senate,INTC,P,2018-01-26,2018-02-10,Spouse,"$1,001 - $15,000",15
R,Shelley M Capito,Senate,HXL,S,2018-01-26,2018-02-10,Spouse,"$1,001 - $15,000",15
R,Shelley M Capito,Senate,FANUY,S,2018-01-26,2018-02-10,Spouse,"$1,001 - $15,000",15
R,Shelley M Capito,Senate,DWDP,S,2018-01-26,2018-02-10,Spouse,"$1,001 - $15,000",15
R,Susan M Collins,Senate,TSCO,S,2018-01-31,2018-02-08,Spouse,"$15,001 - $50,000",8
R,Susan M Collins,Senate,RHT,S,2018-01-31,2018-02-08,Spouse,"$15,001 - $50,000",8
R,Susan M Collins,Senate,AYI,S,2018-01-31,2018-02-08,Spouse,"$15,001 - $50,000",8
R,Patrick J Toomey,Senate,PFS,S,2018-01-05,2018-02-07,Self,"$1,001 - $15,000",33
R,Patrick J Toomey,Senate,REVB,S,2018-01-08,2018-02-07,Self,"$1,001 - $15,000",30
R,Patrick J Toomey,Senate,PFS,S,2018-01-08,2018-02-07,Self,"$1,001 - $15,000",30
R,Patrick J Toomey,Senate,REVB,S,2018-01-30,2018-02-07,Self,"$1,001 - $15,000",8
R,Patrick J Toomey,Senate,BAC,S,2018-01-05,2018-02-07,Self,"$15,001 - $50,000",33
?,"David A Perdue , Jr",Senate,SUN,P,2018-01-31,2018-02-01,Joint,"$1,001 - $15,000",1
?,"David A Perdue , Jr",Senate,URBN,S,2018-01-31,2018-02-01,Joint,"$1,001 - $15,000",1
?,"David A Perdue , Jr",Senate,GLW,P,2018-01-31,2018-02-01,Joint,"$1,001 - $15,000",1
?,"David A Perdue , Jr",Senate,ENB,S,2018-01-30,2018-02-01,Joint,"$1,001 - $15,000",2
?,"David A Perdue , Jr",Senate,URBN,S,2018-01-30,2018-02-01,Joint,"$1,001 - $15,000",2
?,"David A Perdue , Jr",Senate,FOXA,S,2018-01-29,2018-02-01,Joint,"$1,001 - $15,000",3
?,"David A Perdue , Jr",Senate,URBN,S,2018-01-29,2018-02-01,Joint,"$1,001 - $15,000",3
?,"David A Perdue , Jr",Senate,USG,S,2018-01-26,2018-02-01,Joint,"$1,001 - $15,000",6
?,"David A Perdue , Jr",Senate,FOXA,S,2018-01-24,2018-02-01,Joint,"$1,001 - $15,000",8
?,"David A Perdue , Jr",Senate,PG,P,2018-01-24,2018-02-01,Joint,"$50,001 - $100,000",8
?,"David A Perdue , Jr",Senate,JNJ,P,2018-01-24,2018-02-01,Joint,"$1,001 - $15,000",8
?,"David A Perdue , Jr",Senate,DVN,P,2018-01-24,2018-02-01,Joint,"$1,001 - $15,000",8
?,"David A Perdue , Jr",Senate,URBN,S,2018-01-23,2018-02-01,Joint,"$1,001 - $15,000",9
?,"David A Perdue , Jr",Senate,CBS,P,2018-01-22,2018-02-01,Joint,"$1,001 - $15,000",10
?,"David A Perdue , Jr",Senate,CBS,P,2018-01-19,2018-02-01,Joint,"$1,001 - $15,000",13
?,"David A Perdue , Jr",Senate,USG,S,2018-01-19,2018-02-01,Joint,"$1,001 - $15,000",13
?,"David A Perdue , Jr",Senate,CBS,P,2018-01-18,2018-02-01,Joint,"$1,001 - $15,000",14
?,"David A Perdue , Jr",Senate,USG,S,2018-01-17,2018-02-01,Joint,"$1,001 - $15,000",15
?,"David A Perdue , Jr",Senate,COP,P,2018-01-16,2018-02-01,Joint,"$15,001 - $50,000",16
?,"David A Perdue , Jr",Senate,AVP,P,2018-01-16,2018-02-01,Joint,"$1,001 - $15,000",16
?,"David A Perdue , Jr",Senate,SPY,S,2018-01-16,2018-02-01,Joint,"$15,001 - $50,000",16
?,"David A Perdue , Jr",Senate,XOM,P,2018-01-16,2018-02-01,Joint,"$15,001 - $50,000",16
?,"David A Perdue , Jr",Senate,MRK,P,2018-01-16,2018-02-01,Joint,"$100,001 - $250,000",16
?,"David A Perdue , Jr",Senate,FDC,P,2018-01-16,2018-02-01,Joint,"$100,001 - $250,000",16
?,"David A Perdue , Jr",Senate,DISCA,P,2018-01-16,2018-02-01,Joint,"$100,001 - $250,000",16
?,"David A Perdue , Jr",Senate,FEYE,P,2018-01-16,2018-02-01,Joint,"$100,001 - $250,000",16
?,"David A Perdue , Jr",Senate,MOS,P,2018-01-16,2018-02-01,Joint,"$100,001 - $250,000",16
?,"David A Perdue , Jr",Senate,HBI,P,2018-01-16,2018-02-01,Joint,"$100,001 - $250,000",16
?,"David A Perdue , Jr",Senate,ENB,S,2018-01-05,2018-02-01,Joint,"$1,001 - $15,000",27
?,"David A Perdue , Jr",Senate,TRP,S,2018-01-05,2018-02-01,Joint,"$1,001 - $15,000",27
?,"David A Perdue , Jr",Senate,TRGP,S,2018-01-05,2018-02-01,Joint,"$1,001 - $15,000",27
?,"David A Perdue , Jr",Senate,WMB,S,2018-01-05,2018-02-01,Joint,"$1,001 - $15,000",27
?,"David A Perdue , Jr",Senate,KMI,S,2018-01-05,2018-02-01,Joint,"$1,001 - $15,000",27
?,"David A Perdue , Jr",Senate,OKE,P,2018-01-05,2018-02-01,Joint,"$1,001 - $15,000",27
?,"David A Perdue , Jr",Senate,CSCO,S,2018-01-05,2018-02-01,Joint,"$1,001 - $15,000",27
?,"David A Perdue , Jr",Senate,URBN,S,2018-01-05,2018-02-01,Joint,"$1,001 - $15,000",27
?,"David A Perdue , Jr",Senate,USG,S,2018-01-05,2018-02-01,Joint,"$1,001 - $15,000",27
?,"David A Perdue , Jr",Senate,URBN,S,2018-01-04,2018-02-01,Joint,"$1,001 - $15,000",28
D,Gary C Peters,Senate,OFC,P,2018-01-05,2018-01-31,Spouse,"$1,001 - $15,000",26
R,John Hoeven,Senate,JETS,P,2018-01-24,2018-01-31,Self,"$50,001 - $100,000",7
D,Tina Smith,Senate,CUTR,S,2018-01-16,2018-01-29,Spouse,"$250,001 - $500,000",13
D,Tina Smith,Senate,ENTL,S,2018-01-05,2018-01-29,Joint,"$50,001 - $100,000",24
R,Pat Roberts,Senate,DVN,P,2018-01-03,2018-01-29,Spouse,"$1,001 - $15,000",26
R,Pat Roberts,Senate,AMZN,P,2018-01-25,2018-01-29,Spouse,"$1,001 - $15,000",4
R,Pat Roberts,Senate,CELG,P,2018-01-17,2018-01-29,Spouse,"$1,001 - $15,000",12
R,Pat Roberts,Senate,BAC,P,2018-01-05,2018-01-29,Spouse,"$1,001 - $15,000",24
R,Pat Roberts,Senate,LMT,P,2018-01-17,2018-01-29,Spouse,"$1,001 - $15,000",12
R,Pat Roberts,Senate,JPM,P,2018-01-04,2018-01-29,Spouse,"$15,001 - $50,000",25
D,John F Reed,Senate,LSCC,S,2018-01-16,2018-01-29,Self,"$1,001 - $15,000",13
R,James M Inhofe,Senate,DAL,P,2017-12-26,2018-01-17,Self,"$100,001 - $250,000",22
R,James M Inhofe,Senate,UNH,P,2018-01-11,2018-01-17,Self,"$50,001 - $100,000",6
D,John F Reed,Senate,LSCC,S,2018-01-12,2018-01-16,Self,"$1,001 - $15,000",4
D,John F Reed,Senate,HACK,S,2018-01-11,2018-01-16,Joint,"$1,001 - $15,000",5
D,John F Reed,Senate,PEP,S,2018-01-11,2018-01-16,Joint,"$1,001 - $15,000",5
D,John F Reed,Senate,CELG,S,2018-01-11,2018-01-16,Joint,"$1,001 - $15,000",5
D,John F Reed,Senate,UNFI,S,2018-01-11,2018-01-16,Joint,"$1,001 - $15,000",5
R,William Cassidy,Senate,AAPL,S,2017-12-29,2018-01-16,Spouse,"$1,001 - $15,000",18
D,Sheldon Whitehouse,Senate,NWL,S,2017-12-18,2018-01-10,Joint,"$1,001 - $15,000",23
D,Sheldon Whitehouse,Senate,NWL,S,2017-12-05,2018-01-10,Self,"$1,001 - $15,000",36
D,Sheldon Whitehouse,Senate,DISH,S,2017-12-05,2018-01-10,Self,"$1,001 - $15,000",36
D,Sheldon Whitehouse,Senate,JCI,S,2017-12-05,2018-01-10,Self,"$15,001 - $50,000",36
D,Sheldon Whitehouse,Senate,REGN,S,2017-12-18,2018-01-10,Self,"$15,001 - $50,000",23
R,Shelley M Capito,Senate,GDDY,P,2017-12-20,2018-01-10,Spouse,"$1,001 - $15,000",21
R,Shelley M Capito,Senate,CSX,P,2017-12-20,2018-01-10,Spouse,"$1,001 - $15,000",21
R,Shelley M Capito,Senate,ENB,P,2017-12-19,2018-01-10,Spouse,"$1,001 - $15,000",22
R,Shelley M Capito,Senate,SGAPY,S,2017-12-19,2018-01-10,Spouse,"$1,001 - $15,000",22
R,Shelley M Capito,Senate,SSDOY,S,2017-12-19,2018-01-10,Spouse,"$1,001 - $15,000",22
R,Patrick J Toomey,Senate,PFS,S,2018-01-08,2018-01-10,Self,"$1,001 - $15,000",2
R,Patrick J Toomey,Senate,REVB,S,2018-01-08,2018-01-10,Self,"$1,001 - $15,000",2
R,Patrick J Toomey,Senate,PFS,S,2018-01-05,2018-01-10,Self,"$1,001 - $15,000",5
R,Patrick J Toomey,Senate,REVB,S,2017-12-07,2018-01-10,Self,"$1,001 - $15,000",34
R,Patrick J Toomey,Senate,GE,P,2017-12-07,2018-01-10,Self,"$1,001 - $15,000",34
R,John Hoeven,Senate,AMZN,P,2017-12-29,2018-01-09,Self,"$50,001 - $100,000",11
R,John Hoeven,Senate,AVGO,P,2017-12-29,2018-01-09,Self,"$100,001 - $250,000",11
D,Tammy Duckworth,Senate,BBL,P,2017-12-21,2018-01-05,Joint,"$1,001 - $15,000",15
?,"David A Perdue , Jr",Senate,FOXA,S,2018-01-03,2018-01-04,Joint,"$1,001 - $15,000",1
?,"David A Perdue , Jr",Senate,CZR,P,2018-01-03,2018-01-04,Joint,"$1,001 - $15,000",1
?,"David A Perdue , Jr",Senate,RF,P,2018-01-03,2018-01-04,Joint,"$1,001 - $15,000",1
?,"David A Perdue , Jr",Senate,FOXA,S,2018-01-02,2018-01-04,Joint,"$1,001 - $15,000",2
?,"David A Perdue , Jr",Senate,SYY,S,2018-01-02,2018-01-04,Joint,"$1,001 - $15,000",2
?,"David A Perdue , Jr",Senate,URBN,S,2018-01-02,2018-01-04,Joint,"$1,001 - $15,000",2
?,"David A Perdue , Jr",Senate,SYY,S,2017-12-29,2018-01-04,Joint,"$1,001 - $15,000",6
?,"David A Perdue , Jr",Senate,SYY,S,2017-12-28,2018-01-04,Joint,"$1,001 - $15,000",7
?,"David A Perdue , Jr",Senate,PYPL,P,2017-12-26,2018-01-04,Joint,"$1,001 - $15,000",9
?,"David A Perdue , Jr",Senate,DUK,P,2017-12-26,2018-01-04,Joint,"$1,001 - $15,000",9
?,"David A Perdue , Jr",Senate,MDLZ,P,2017-12-26,2018-01-04,Joint,"$15,001 - $50,000",9
?,"David A Perdue , Jr",Senate,IP,P,2017-12-26,2018-01-04,Joint,"$1,001 - $15,000",9
?,"David A Perdue , Jr",Senate,DWDP,P,2017-12-26,2018-01-04,Joint,"$15,001 - $50,000",9
?,"David A Perdue , Jr",Senate,KHC,S,2017-12-26,2018-01-04,Joint,"$15,001 - $50,000",9
?,"David A Perdue , Jr",Senate,GOOGL,P,2017-12-26,2018-01-04,Joint,"$15,001 - $50,000",9
?,"David A Perdue , Jr",Senate,CSCO,S,2017-12-21,2018-01-04,Joint,"$1,001 - $15,000",14
?,"David A Perdue , Jr",Senate,CHRW,S,2017-12-15,2018-01-04,Joint,"$1,001 - $15,000",20
?,"David A Perdue , Jr",Senate,AXTA,P,2017-12-14,2018-01-04,Joint,"$1,001 - $15,000",21
?,"David A Perdue , Jr",Senate,COP,S,2017-12-13,2018-01-04,Joint,"$15,001 - $50,000",22
?,"David A Perdue , Jr",Senate,XOM,S,2017-12-13,2018-01-04,Joint,"$15,001 - $50,000",22
?,"David A Perdue , Jr",Senate,AVP,S,2017-12-13,2018-01-04,Joint,"$1,001 - $15,000",22
?,"David A Perdue , Jr",Senate,SPY,P,2017-12-13,2018-01-04,Joint,"$15,001 - $50,000",22
?,"David A Perdue , Jr",Senate,FDC,S,2017-12-13,2018-01-04,Joint,"$100,001 - $250,000",22
?,"David A Perdue , Jr",Senate,MRK,S,2017-12-13,2018-01-04,Joint,"$100,001 - $250,000",22
?,"David A Perdue , Jr",Senate,DISCA,S,2017-12-13,2018-01-04,Joint,"$100,001 - $250,000",22
?,"David A Perdue , Jr",Senate,FEYE,S,2017-12-13,2018-01-04,Joint,"$100,001 - $250,000",22
?,"David A Perdue , Jr",Senate,HBI,S,2017-12-13,2018-01-04,Joint,"$100,001 - $250,000",22
?,"David A Perdue , Jr",Senate,MOS,S,2017-12-13,2018-01-04,Joint,"$100,001 - $250,000",22
?,"David A Perdue , Jr",Senate,MOS,P,2017-12-12,2018-01-04,Joint,"$1,001 - $15,000",23
?,"David A Perdue , Jr",Senate,FDC,P,2017-12-11,2018-01-04,Joint,"$1,001 - $15,000",24
?,"David A Perdue , Jr",Senate,FOXA,S,2017-12-07,2018-01-04,Joint,"$1,001 - $15,000",28
?,"David A Perdue , Jr",Senate,USG,S,2017-12-07,2018-01-04,Joint,"$1,001 - $15,000",28
?,"David A Perdue , Jr",Senate,DWDP,P,2017-12-05,2018-01-04,Joint,"$1,001 - $15,000",30
?,"David A Perdue , Jr",Senate,BPL,P,2017-12-04,2018-01-04,Joint,"$1,001 - $15,000",31
?,"David A Perdue , Jr",Senate,TRV,S,2017-12-04,2018-01-04,Joint,"$15,001 - $50,000",31
?,"David A Perdue , Jr",Senate,AMZN,P,2017-12-04,2018-01-04,Joint,"$15,001 - $50,000",31
?,"David A Perdue , Jr",Senate,PYPL,P,2017-12-04,2018-01-04,Joint,"$1,001 - $15,000",31
?,"David A Perdue , Jr",Senate,GPK,S,2017-12-04,2018-01-04,Joint,"$15,001 - $50,000",31
?,"David A Perdue , Jr",Senate,CHRW,S,2017-12-04,2018-01-04,Joint,"$1,001 - $15,000",31
?,"David A Perdue , Jr",Senate,FOXA,S,2017-12-04,2018-01-04,Joint,"$1,001 - $15,000",31
R,Pat Roberts,Senate,ETY,P,2017-12-13,2017-12-23,Spouse,"$1,001 - $15,000",10
R,Pat Roberts,Senate,BAC,P,2017-12-13,2017-12-23,Spouse,"$1,001 - $15,000",10
R,Pat Roberts,Senate,SBUX,S,2017-12-07,2017-12-23,Spouse,"$15,001 - $50,000",16
R,Pat Roberts,Senate,ETY,P,2017-12-18,2017-12-23,Spouse,"$100,001 - $250,000",5
R,Pat Roberts,Senate,ETY,S,2017-12-13,2017-12-23,Spouse,"$50,001 - $100,000",10
R,Pat Roberts,Senate,ETY,S,2017-12-07,2017-12-23,Spouse,"$100,001 - $250,000",16
R,Pat Roberts,Senate,NVDA,P,2017-12-07,2017-12-23,Spouse,"$1,001 - $15,000",16
R,Pat Roberts,Senate,NVDA,P,2017-12-01,2017-12-23,Spouse,"$1,001 - $15,000",22
R,Patrick J Toomey,Senate,GE,P,2017-12-06,2017-12-21,Self,"$15,001 - $50,000",15
R,Patrick J Toomey,Senate,REVB,S,2017-11-30,2017-12-21,Self,"$1,001 - $15,000",21
R,Patrick J Toomey,Senate,REVB,S,2017-11-17,2017-12-21,Self,"$1,001 - $15,000",34
R,Patrick J Toomey,Senate,REVB,S,2017-11-15,2017-12-21,Self,"$1,001 - $15,000",36
R,Patrick J Toomey,Senate,PHLD,P,2017-08-03,2017-12-21,Self,"$50,001 - $100,000",140
D,Michael F Bennet,Senate,RGC,S,2017-12-08,2017-12-21,Self,"$500,001 - $1,000,000",13
?,"Angus S King, Jr.",Senate,SLB,P,2017-11-28,2017-12-20,Spouse,"$1,001 - $15,000",22
?,"Angus S King, Jr.",Senate,COP,P,2017-11-28,2017-12-20,Spouse,"$1,001 - $15,000",22
?,"Angus S King, Jr.",Senate,PG,S,2017-11-17,2017-12-20,Spouse,"$1,001 - $15,000",33
?,"Angus S King, Jr.",Senate,NVS,S,2017-11-10,2017-12-20,Spouse,"$1,001 - $15,000",40
R,James M Inhofe,Senate,PCLN,S,2017-11-13,2017-12-13,Self,"$50,001 - $100,000",30
R,James M Inhofe,Senate,XOM,P,2017-11-13,2017-12-13,Self,"$50,001 - $100,000",30
R,James M Inhofe,Senate,XON,S,2017-11-10,2017-12-13,Self,"$15,001 - $50,000",33
R,William Cassidy,Senate,SLB,S,2017-11-07,2017-12-12,Spouse,"$1,001 - $15,000",35
R,William Cassidy,Senate,QCOM,S,2017-11-07,2017-12-12,Spouse,"$1,001 - $15,000",35
R,William Cassidy,Senate,XOM,P,2017-11-07,2017-12-12,Spouse,"$1,001 - $15,000",35
R,William Cassidy,Senate,IBM,P,2017-11-17,2017-12-12,Spouse,"$1,001 - $15,000",25
D,Sheldon Whitehouse,Senate,JPM,P,2017-11-27,2017-12-11,Spouse,"$1,001 - $15,000",14
D,Sheldon Whitehouse,Senate,GE,S,2017-11-27,2017-12-11,Spouse,"$1,001 - $15,000",14
D,Sheldon Whitehouse,Senate,IBM,P,2017-11-27,2017-12-11,Spouse,"$1,001 - $15,000",14
D,Sheldon Whitehouse,Senate,TMUS,S,2017-11-01,2017-12-11,Joint,"$1,001 - $15,000",40
D,Sheldon Whitehouse,Senate,TMUS,S,2017-11-07,2017-12-11,Joint,"$1,001 - $15,000",34
D,Sheldon Whitehouse,Senate,TSLA,P,2017-11-27,2017-12-11,Self,"$1,001 - $15,000",14
D,Sheldon Whitehouse,Senate,MRK,S,2017-11-27,2017-12-11,Self,"$15,001 - $50,000",14
D,Sheldon Whitehouse,Senate,WMT,P,2017-11-27,2017-12-11,Self,"$1,001 - $15,000",14
D,Tammy Duckworth,Senate,GS,S,2017-11-30,2017-12-11,Joint,"$1,001 - $15,000",11
D,Tammy Duckworth,Senate,SOUHY,S,2017-11-01,2017-12-11,Joint,"$1,001 - $15,000",40
D,Gary C Peters,Senate,MAT,S,2017-11-13,2017-12-08,Self,"$1,001 - $15,000",25
D,Gary C Peters,Senate,ARCC,P,2017-11-13,2017-12-08,Self,"$1,001 - $15,000",25
D,Mark R Warner,Senate,HALO,S,2017-11-06,2017-12-08,Self,"$500,001 - $1,000,000",32
?,"David A Perdue , Jr",Senate,MRK,P,2017-09-29,2017-12-06,Joint,"$1,001 - $15,000",68
?,"David A Perdue , Jr",Senate,ENTG,S,2017-09-28,2017-12-06,Joint,"$1,001 - $15,000",69
?,"David A Perdue , Jr",Senate,MYL,P,2017-09-27,2017-12-06,Joint,"$15,001 - $50,000",70
?,"David A Perdue , Jr",Senate,GPK,S,2017-09-27,2017-12-06,Joint,"$1,001 - $15,000",70
?,"David A Perdue , Jr",Senate,AMZN,P,2017-09-27,2017-12-06,Joint,"$15,001 - $50,000",70
?,"David A Perdue , Jr",Senate,FDC,P,2017-09-27,2017-12-06,Joint,"$1,001 - $15,000",70
?,"David A Perdue , Jr",Senate,ENTG,S,2017-09-27,2017-12-06,Joint,"$1,001 - $15,000",70
?,"David A Perdue , Jr",Senate,MRK,P,2017-09-27,2017-12-06,Joint,"$1,001 - $15,000",70
?,"David A Perdue , Jr",Senate,VSM,S,2017-09-26,2017-12-06,Joint,"$1,001 - $15,000",71
?,"David A Perdue , Jr",Senate,MRK,P,2017-09-26,2017-12-06,Joint,"$1,001 - $15,000",71
?,"David A Perdue , Jr",Senate,CZR,P,2017-09-26,2017-12-06,Joint,"$1,001 - $15,000",71
?,"David A Perdue , Jr",Senate,CZR,P,2017-09-22,2017-12-06,Joint,"$15,001 - $50,000",75
?,"David A Perdue , Jr",Senate,BAX,S,2017-09-22,2017-12-06,Joint,"$15,001 - $50,000",75
?,"David A Perdue , Jr",Senate,MRK,P,2017-09-22,2017-12-06,Joint,"$15,001 - $50,000",75
?,"David A Perdue , Jr",Senate,MRK,P,2017-09-21,2017-12-06,Joint,"$1,001 - $15,000",76
?,"David A Perdue , Jr",Senate,ENTG,S,2017-09-18,2017-12-06,Joint,"$1,001 - $15,000",79
?,"David A Perdue , Jr",Senate,ENTG,S,2017-09-15,2017-12-06,Joint,"$1,001 - $15,000",82
?,"David A Perdue , Jr",Senate,FDC,P,2017-09-15,2017-12-06,Joint,"$1,001 - $15,000",82
?,"David A Perdue , Jr",Senate,FDC,P,2017-09-14,2017-12-06,Joint,"$1,001 - $15,000",83
?,"David A Perdue , Jr",Senate,PKI,S,2017-09-14,2017-12-06,Joint,"$15,001 - $50,000",83
?,"David A Perdue , Jr",Senate,HBI,P,2017-09-14,2017-12-06,Joint,"$1,001 - $15,000",83
?,"David A Perdue , Jr",Senate,SLB,S,2017-09-13,2017-12-06,Joint,"$15,001 - $50,000",84
?,"David A Perdue , Jr",Senate,MRK,P,2017-09-12,2017-12-06,Joint,"$1,001 - $15,000",85
?,"David A Perdue , Jr",Senate,PKI,S,2017-09-12,2017-12-06,Joint,"$1,001 - $15,000",85
?,"David A Perdue , Jr",Senate,MRK,P,2017-09-11,2017-12-06,Joint,"$1,001 - $15,000",86
?,"David A Perdue , Jr",Senate,PKI,S,2017-09-11,2017-12-06,Joint,"$1,001 - $15,000",86
?,"David A Perdue , Jr",Senate,VSM,S,2017-09-11,2017-12-06,Joint,"$1,001 - $15,000",86
?,"David A Perdue , Jr",Senate,BAX,S,2017-09-08,2017-12-06,Joint,"$1,001 - $15,000",89
?,"David A Perdue , Jr",Senate,MRK,P,2017-09-08,2017-12-06,Joint,"$15,001 - $50,000",89
?,"David A Perdue , Jr",Senate,PKI,S,2017-09-08,2017-12-06,Joint,"$1,001 - $15,000",89
?,"David A Perdue , Jr",Senate,DIS,P,2017-09-06,2017-12-06,Joint,"$15,001 - $50,000",91
?,"David A Perdue , Jr",Senate,OKE,S,2017-09-05,2017-12-06,Joint,"$1,001 - $15,000",92
?,"David A Perdue , Jr",Senate,TRP,P,2017-09-01,2017-12-06,Joint,"$1,001 - $15,000",96
?,"David A Perdue , Jr",Senate,CZR,P,2017-08-29,2017-12-06,Joint,"$1,001 - $15,000",99
?,"David A Perdue , Jr",Senate,HBI,P,2017-08-29,2017-12-06,Joint,"$1,001 - $15,000",99
?,"David A Perdue , Jr",Senate,HBI,P,2017-08-28,2017-12-06,Joint,"$1,001 - $15,000",100
?,"David A Perdue , Jr",Senate,FDC,P,2017-08-28,2017-12-06,Joint,"$1,001 - $15,000",100
?,"David A Perdue , Jr",Senate,AXTA,S,2017-11-30,2017-12-06,Joint,"$1,001 - $15,000",6
?,"David A Perdue , Jr",Senate,RF,P,2017-11-30,2017-12-06,Joint,"$1,001 - $15,000",6
?,"David A Perdue , Jr",Senate,ANDX,S,2017-11-29,2017-12-06,Joint,"$1,001 - $15,000",7
?,"David A Perdue , Jr",Senate,AVP,P,2017-11-22,2017-12-06,Joint,"$1,001 - $15,000",14
?,"David A Perdue , Jr",Senate,AVP,P,2017-11-21,2017-12-06,Joint,"$1,001 - $15,000",15
?,"David A Perdue , Jr",Senate,DISCA,P,2017-11-20,2017-12-06,Joint,"$1,001 - $15,000",16
?,"David A Perdue , Jr",Senate,DISCA,P,2017-11-17,2017-12-06,Joint,"$1,001 - $15,000",19
?,"David A Perdue , Jr",Senate,DISCA,P,2017-11-16,2017-12-06,Joint,"$1,001 - $15,000",20
?,"David A Perdue , Jr",Senate,VSM,S,2017-11-16,2017-12-06,Joint,"$15,001 - $50,000",20
?,"David A Perdue , Jr",Senate,URBN,S,2017-11-15,2017-12-06,Joint,"$1,001 - $15,000",21
?,"David A Perdue , Jr",Senate,WMT,S,2017-11-14,2017-12-06,Joint,"$15,001 - $50,000",22
?,"David A Perdue , Jr",Senate,GM,S,2017-11-13,2017-12-06,Joint,"$1,001 - $15,000",23
?,"David A Perdue , Jr",Senate,DISCA,P,2017-11-13,2017-12-06,Joint,"$1,001 - $15,000",23
?,"David A Perdue , Jr",Senate,HBI,P,2017-11-13,2017-12-06,Joint,"$1,001 - $15,000",23
?,"David A Perdue , Jr",Senate,VSM,S,2017-11-13,2017-12-06,Joint,"$1,001 - $15,000",23
?,"David A Perdue , Jr",Senate,DISCA,P,2017-11-10,2017-12-06,Joint,"$1,001 - $15,000",26
?,"David A Perdue , Jr",Senate,ENTG,S,2017-11-10,2017-12-06,Joint,"$1,001 - $15,000",26
?,"David A Perdue , Jr",Senate,QCOM,S,2017-11-07,2017-12-06,Joint,"$15,001 - $50,000",29
?,"David A Perdue , Jr",Senate,SLB,S,2017-11-06,2017-12-06,Joint,"$1,001 - $15,000",30
?,"David A Perdue , Jr",Senate,URBN,S,2017-11-06,2017-12-06,Joint,"$1,001 - $15,000",30
?,"David A Perdue , Jr",Senate,HBI,P,2017-11-06,2017-12-06,Joint,"$1,001 - $15,000",30
?,"David A Perdue , Jr",Senate,GM,S,2017-11-02,2017-12-06,Joint,"$1,001 - $15,000",34
?,"David A Perdue , Jr",Senate,HBI,P,2017-11-02,2017-12-06,Joint,"$1,001 - $15,000",34
?,"David A Perdue , Jr",Senate,VSM,S,2017-11-02,2017-12-06,Joint,"$1,001 - $15,000",34
?,"David A Perdue , Jr",Senate,ENTG,S,2017-11-02,2017-12-06,Joint,"$1,001 - $15,000",34
R,Pat Roberts,Senate,DVN,P,2017-11-06,2017-12-01,Joint,"$1,001 - $15,000",25
R,Pat Roberts,Senate,NVDA,P,2017-11-30,2017-12-01,Spouse,"$15,001 - $50,000",1
R,Pat Roberts,Senate,TJX,S,2017-11-30,2017-12-01,Spouse,"$1,001 - $15,000",1
R,Pat Roberts,Senate,XOM,S,2017-11-30,2017-12-01,Spouse,"$1,001 - $15,000",1
R,Pat Roberts,Senate,CVX,P,2017-11-07,2017-12-01,Spouse,"$1,001 - $15,000",24
R,Pat Roberts,Senate,AMZN,P,2017-11-07,2017-12-01,Spouse,"$1,001 - $15,000",24
R,Pat Roberts,Senate,AAPL,P,2017-11-08,2017-12-01,Spouse,"$15,001 - $50,000",23
R,Pat Roberts,Senate,NFLX,P,2017-11-08,2017-12-01,Spouse,"$15,001 - $50,000",23
R,Pat Roberts,Senate,NFLX,P,2017-11-07,2017-12-01,Spouse,"$1,001 - $15,000",24
R,Pat Roberts,Senate,BA,P,2017-09-27,2017-12-01,Spouse,"$1,001 - $15,000",65
R,Pat Roberts,Senate,RTN,P,2017-09-27,2017-12-01,Spouse,"$15,001 - $50,000",65
R,Pat Roberts,Senate,NVDA,P,2017-09-28,2017-12-01,Spouse,"$15,001 - $50,000",64
R,Pat Roberts,Senate,NOC,P,2017-09-28,2017-12-01,Spouse,"$15,001 - $50,000",64
R,Pat Roberts,Senate,AAPL,P,2017-09-27,2017-12-01,Spouse,"$1,001 - $15,000",65
R,Pat Roberts,Senate,SBUX,P,2017-09-26,2017-12-01,Spouse,"$1,001 - $15,000",66
R,Pat Roberts,Senate,GE,S,2017-09-26,2017-12-01,Spouse,"$1,001 - $15,000",66
R,Pat Roberts,Senate,COF,P,2017-09-26,2017-12-01,Spouse,"$1,001 - $15,000",66
R,Pat Roberts,Senate,WF,S,2017-09-26,2017-12-01,Spouse,"$1,001 - $15,000",66
R,Pat Roberts,Senate,T,S,2017-09-26,2017-12-01,Spouse,"$1,001 - $15,000",66
R,Pat Roberts,Senate,BAC,S,2017-09-26,2017-12-01,Spouse,"$15,001 - $50,000",66
R,Pat Roberts,Senate,BAC,P,2017-09-07,2017-12-01,Spouse,"$1,001 - $15,000",85
R,Pat Roberts,Senate,CELG,S,2017-09-07,2017-12-01,Spouse,"$15,001 - $50,000",85
R,Pat Roberts,Senate,TCS,S,2017-09-26,2017-12-01,Spouse,"$1,001 - $15,000",66
R,Pat Roberts,Senate,BIDU,S,2017-09-09,2017-12-01,Spouse,"$15,001 - $50,000",83
D,Mark R Warner,Senate,XON,S,2017-10-18,2017-11-14,Self,"$1,000,001 - $5,000,000",27
D,Mark R Warner,Senate,ZIOP,S,2017-10-18,2017-11-14,Self,"$250,001 - $500,000",27
?,"Angus S King, Jr.",Senate,CSCO,S,2017-10-19,2017-11-13,Spouse,"$1,001 - $15,000",25
R,James M Inhofe,Senate,PYPL,P,2017-10-23,2017-11-08,Self,"$15,001 - $50,000",16
R,James M Inhofe,Senate,HBI,S,2017-10-23,2017-11-08,Self,"$100,001 - $250,000",16
R,James M Inhofe,Senate,GE,S,2017-10-23,2017-11-08,Self,"$50,001 - $100,000",16
R,James M Inhofe,Senate,BABA,P,2017-10-23,2017-11-08,Self,"$15,001 - $50,000",16
R,James M Inhofe,Senate,NTLA,P,2017-10-19,2017-11-08,Self,"$15,001 - $50,000",20
R,James M Inhofe,Senate,EDIT,P,2017-10-19,2017-11-08,Self,"$15,001 - $50,000",20
R,James M Inhofe,Senate,CRSP,P,2017-10-19,2017-11-08,Self,"$15,001 - $50,000",20
R,James M Inhofe,Senate,BLK,P,2017-10-17,2017-11-08,Self,"$15,001 - $50,000",22
R,James M Inhofe,Senate,DIS,S,2017-10-13,2017-11-08,Self,"$50,001 - $100,000",26
R,James M Inhofe,Senate,COHR,P,2017-10-12,2017-11-08,Self,"$1,001 - $15,000",27
R,James M Inhofe,Senate,CVS,S,2017-10-11,2017-11-08,Self,"$50,001 - $100,000",28
D,Tammy Duckworth,Senate,DWDP,S,2017-10-23,2017-11-07,Joint,"$1,001 - $15,000",15
D,Tammy Duckworth,Senate,ABT,S,2017-10-18,2017-11-07,Joint,"$1,001 - $15,000",20
D,Tammy Duckworth,Senate,JNJ,S,2017-10-17,2017-11-07,Joint,"$1,001 - $15,000",21
D,Tammy Duckworth,Senate,CC,S,2017-10-10,2017-11-07,Joint,"$1,001 - $15,000",28
R,Shelley M Capito,Senate,MRK,S,2017-10-26,2017-11-07,Spouse,"$1,001 - $15,000",12
R,Shelley M Capito,Senate,BMY,S,2017-10-26,2017-11-07,Spouse,"$1,001 - $15,000",12
R,Shelley M Capito,Senate,C,S,2017-10-26,2017-11-07,Spouse,"$1,001 - $15,000",12
R,Shelley M Capito,Senate,GILD,P,2017-10-25,2017-11-07,Spouse,"$1,001 - $15,000",13
R,Shelley M Capito,Senate,JPM,P,2017-10-26,2017-11-07,Spouse,"$1,001 - $15,000",12
R,Shelley M Capito,Senate,ACN,P,2017-10-25,2017-11-07,Spouse,"$1,001 - $15,000",13
R,Shelley M Capito,Senate,SJM,S,2017-10-06,2017-11-07,Spouse,"$1,001 - $15,000",32
R,Pat Roberts,Senate,FB,S,2017-10-31,2017-11-06,Spouse,"$1,001 - $15,000",6
R,Pat Roberts,Senate,NVDA,S,2017-10-30,2017-11-06,Spouse,"$15,001 - $50,000",7
R,Pat Roberts,Senate,NFLX,S,2017-10-30,2017-11-06,Spouse,"$15,001 - $50,000",7
R,Pat Roberts,Senate,COF,S,2017-10-30,2017-11-06,Spouse,"$15,001 - $50,000",7
R,Pat Roberts,Senate,FB,S,2017-10-30,2017-11-06,Spouse,"$15,001 - $50,000",7
R,William Cassidy,Senate,DIS,P,2017-10-25,2017-11-03,Spouse,"$1,001 - $15,000",9
R,William Cassidy,Senate,CVS,P,2017-10-25,2017-11-03,Spouse,"$1,001 - $15,000",9
R,William Cassidy,Senate,T,P,2017-10-25,2017-11-03,Spouse,"$1,001 - $15,000",9
R,William Cassidy,Senate,ABT,S,2017-10-24,2017-11-03,Spouse,"$1,001 - $15,000",10
R,William Cassidy,Senate,MDT,P,2017-10-24,2017-11-03,Spouse,"$1,001 - $15,000",10
R,William Cassidy,Senate,TGT,S,2017-10-17,2017-11-03,Spouse,"$1,001 - $15,000",17
?,"David A Perdue , Jr",Senate,GM,S,2017-11-01,2017-11-02,Joint,"$1,001 - $15,000",1
?,"David A Perdue , Jr",Senate,QCOM,S,2017-10-31,2017-11-02,Joint,"$15,001 - $50,000",2
?,"David A Perdue , Jr",Senate,MYL,S,2017-10-30,2017-11-02,Joint,"$15,001 - $50,000",3
?,"David A Perdue , Jr",Senate,COST,P,2017-10-30,2017-11-02,Joint,"$1,001 - $15,000",3
?,"David A Perdue , Jr",Senate,SLB,P,2017-10-30,2017-11-02,Joint,"$1,001 - $15,000",3
?,"David A Perdue , Jr",Senate,SYK,S,2017-10-30,2017-11-02,Joint,"$1,001 - $15,000",3
?,"David A Perdue , Jr",Senate,COP,S,2017-10-30,2017-11-02,Joint,"$1,001 - $15,000",3
?,"David A Perdue , Jr",Senate,MRK,P,2017-10-30,2017-11-02,Joint,"$1,001 - $15,000",3
?,"David A Perdue , Jr",Senate,GLW,S,2017-10-30,2017-11-02,Joint,"$1,001 - $15,000",3
?,"David A Perdue , Jr",Senate,MSFT,S,2017-10-27,2017-11-02,Joint,"$1,001 - $15,000",6
?,"David A Perdue , Jr",Senate,MRK,P,2017-10-27,2017-11-02,Joint,"$15,001 - $50,000",6
?,"David A Perdue , Jr",Senate,AXTA,P,2017-10-26,2017-11-02,Joint,"$1,001 - $15,000",7
?,"David A Perdue , Jr",Senate,GLW,S,2017-10-25,2017-11-02,Joint,"$1,001 - $15,000",8
?,"David A Perdue , Jr",Senate,GLW,S,2017-10-23,2017-11-02,Joint,"$1,001 - $15,000",10
?,"David A Perdue , Jr",Senate,HBI,P,2017-10-20,2017-11-02,Joint,"$1,001 - $15,000",13
?,"David A Perdue , Jr",Senate,GLW,S,2017-10-20,2017-11-02,Joint,"$1,001 - $15,000",13
?,"David A Perdue , Jr",Senate,VSM,S,2017-10-19,2017-11-02,Joint,"$1,001 - $15,000",14
?,"David A Perdue , Jr",Senate,GM,S,2017-10-19,2017-11-02,Joint,"$1,001 - $15,000",14
?,"David A Perdue , Jr",Senate,GM,S,2017-10-18,2017-11-02,Joint,"$1,001 - $15,000",15
?,"David A Perdue , Jr",Senate,MRK,P,2017-10-18,2017-11-02,Joint,"$1,001 - $15,000",15
?,"David A Perdue , Jr",Senate,HBI,P,2017-10-18,2017-11-02,Joint,"$1,001 - $15,000",15
?,"David A Perdue , Jr",Senate,CZR,P,2017-10-17,2017-11-02,Joint,"$1,001 - $15,000",16
?,"David A Perdue , Jr",Senate,GLW,S,2017-10-16,2017-11-02,Joint,"$1,001 - $15,000",17
?,"David A Perdue , Jr",Senate,FDC,P,2017-10-16,2017-11-02,Joint,"$1,001 - $15,000",17
?,"David A Perdue , Jr",Senate,LYV,S,2017-10-16,2017-11-02,Joint,"$1,001 - $15,000",17
?,"David A Perdue , Jr",Senate,ENTG,S,2017-10-13,2017-11-02,Joint,"$1,001 - $15,000",20
?,"David A Perdue , Jr",Senate,CZR,P,2017-10-13,2017-11-02,Joint,"$1,001 - $15,000",20
?,"David A Perdue , Jr",Senate,BAC,S,2017-10-12,2017-11-02,Joint,"$1,001 - $15,000",21
?,"David A Perdue , Jr",Senate,FDC,P,2017-10-12,2017-11-02,Joint,"$1,001 - $15,000",21
?,"David A Perdue , Jr",Senate,GM,S,2017-10-11,2017-11-02,Joint,"$1,001 - $15,000",22
?,"David A Perdue , Jr",Senate,AXTA,P,2017-10-10,2017-11-02,Joint,"$1,001 - $15,000",23
?,"David A Perdue , Jr",Senate,VSM,S,2017-10-10,2017-11-02,Joint,"$1,001 - $15,000",23
?,"David A Perdue , Jr",Senate,BAC,S,2017-10-09,2017-11-02,Joint,"$1,001 - $15,000",24
?,"David A Perdue , Jr",Senate,AXTA,P,2017-10-09,2017-11-02,Joint,"$1,001 - $15,000",24
?,"David A Perdue , Jr",Senate,LYV,S,2017-10-09,2017-11-02,Joint,"$1,001 - $15,000",24
?,"David A Perdue , Jr",Senate,GM,S,2017-10-09,2017-11-02,Joint,"$1,001 - $15,000",24
?,"David A Perdue , Jr",Senate,BAC,S,2017-10-06,2017-11-02,Joint,"$1,001 - $15,000",27
?,"David A Perdue , Jr",Senate,CZR,P,2017-10-06,2017-11-02,Joint,"$1,001 - $15,000",27
?,"David A Perdue , Jr",Senate,GM,S,2017-10-06,2017-11-02,Joint,"$1,001 - $15,000",27
?,"David A Perdue , Jr",Senate,HBI,P,2017-10-06,2017-11-02,Joint,"$1,001 - $15,000",27
?,"David A Perdue , Jr",Senate,VSM,S,2017-10-06,2017-11-02,Joint,"$1,001 - $15,000",27
?,"David A Perdue , Jr",Senate,SLB,P,2017-10-05,2017-11-02,Joint,"$15,001 - $50,000",28
?,"David A Perdue , Jr",Senate,GM,S,2017-10-05,2017-11-02,Joint,"$1,001 - $15,000",28
?,"David A Perdue , Jr",Senate,MRK,P,2017-10-05,2017-11-02,Joint,"$1,001 - $15,000",28
?,"David A Perdue , Jr",Senate,HBI,P,2017-10-05,2017-11-02,Joint,"$1,001 - $15,000",28
?,"David A Perdue , Jr",Senate,VSM,S,2017-10-05,2017-11-02,Joint,"$1,001 - $15,000",28
?,"David A Perdue , Jr",Senate,HBI,P,2017-10-03,2017-11-02,Joint,"$1,001 - $15,000",30
?,"David A Perdue , Jr",Senate,LYV,S,2017-10-03,2017-11-02,Joint,"$1,001 - $15,000",30
?,"David A Perdue , Jr",Senate,LYV,S,2017-10-02,2017-11-02,Joint,"$1,001 - $15,000",31
?,"David A Perdue , Jr",Senate,VSM,S,2017-10-02,2017-11-02,Joint,"$1,001 - $15,000",31
?,"David A Perdue , Jr",Senate,GM,S,2017-10-02,2017-11-02,Joint,"$1,001 - $15,000",31
?,"David A Perdue , Jr",Senate,AXTA,P,2017-10-02,2017-11-02,Joint,"$1,001 - $15,000",31
D,John F Reed,Senate,XSD,P,2017-10-23,2017-10-24,Joint,"$1,001 - $15,000",1
D,John F Reed,Senate,LSCC,S,2017-10-23,2017-10-24,Joint,"$1,001 - $15,000",1
D,John F Reed,Senate,AGN,S,2017-10-23,2017-10-24,Joint,"$1,001 - $15,000",1
D,Tammy Duckworth,Senate,INTC,S,2017-09-15,2017-10-17,Joint,"$1,001 - $15,000",32
R,Shelley M Capito,Senate,TD,P,2017-09-05,2017-10-16,Self,"$1,001 - $15,000",41
R,Shelley M Capito,Senate,SIEGY,P,2017-09-05,2017-10-16,Self,"$1,001 - $15,000",41
R,Shelley M Capito,Senate,PM,P,2017-09-05,2017-10-16,Self,"$1,001 - $15,000",41
R,Shelley M Capito,Senate,PFE,P,2017-09-05,2017-10-16,Self,"$1,001 - $15,000",41
R,Shelley M Capito,Senate,NVS,P,2017-09-05,2017-10-16,Self,"$1,001 - $15,000",41
R,Shelley M Capito,Senate,NEE,P,2017-09-05,2017-10-16,Self,"$1,001 - $15,000",41
R,Shelley M Capito,Senate,NSRGY,P,2017-09-05,2017-10-16,Self,"$1,001 - $15,000",41
R,Shelley M Capito,Senate,MSFT,P,2017-09-05,2017-10-16,Self,"$1,001 - $15,000",41
R,Shelley M Capito,Senate,MRK,P,2017-09-05,2017-10-16,Self,"$1,001 - $15,000",41
R,Shelley M Capito,Senate,LMT,P,2017-09-05,2017-10-16,Self,"$1,001 - $15,000",41
R,Shelley M Capito,Senate,LVMUY,P,2017-09-05,2017-10-16,Self,"$1,001 - $15,000",41
R,Shelley M Capito,Senate,INTC,P,2017-09-05,2017-10-16,Self,"$1,001 - $15,000",41
R,Shelley M Capito,Senate,RHHBY,P,2017-09-05,2017-10-16,Self,"$1,001 - $15,000",41
R,Shelley M Capito,Senate,XOM,P,2017-09-05,2017-10-16,Self,"$1,001 - $15,000",41
R,Shelley M Capito,Senate,CMPGY,P,2017-09-05,2017-10-16,Self,"$1,001 - $15,000",41
R,Shelley M Capito,Senate,CSCO,P,2017-09-05,2017-10-16,Self,"$1,001 - $15,000",41
R,Shelley M Capito,Senate,BASFY,P,2017-09-05,2017-10-16,Self,"$1,001 - $15,000",41
R,Shelley M Capito,Senate,AXAHY,P,2017-09-05,2017-10-16,Self,"$1,001 - $15,000",41
R,Shelley M Capito,Senate,T,P,2017-09-05,2017-10-16,Self,"$1,001 - $15,000",41
D,Sheldon Whitehouse,Senate,QCOM,S,2017-09-20,2017-10-12,Joint,"$1,001 - $15,000",22
D,Sheldon Whitehouse,Senate,GILD,S,2017-09-20,2017-10-12,Joint,"$1,001 - $15,000",22
D,Sheldon Whitehouse,Senate,MCK,S,2017-09-20,2017-10-12,Joint,"$15,001 - $50,000",22
D,Sheldon Whitehouse,Senate,DISH,S,2017-09-20,2017-10-12,Joint,"$1,001 - $15,000",22
D,Sheldon Whitehouse,Senate,TJX,S,2017-09-20,2017-10-12,Self,"$1,001 - $15,000",22
D,Sheldon Whitehouse,Senate,UNP,S,2017-09-20,2017-10-12,Self,"$15,001 - $50,000",22
R,Shelley M Capito,Senate,ANCX,E,2017-04-04,2017-10-06,Self,"$1,001 - $15,000",185
R,Shelley M Capito,Senate,K,S,2017-09-27,2017-10-06,Spouse,"$1,001 - $15,000",9
R,Shelley M Capito,Senate,HLT,P,2017-09-12,2017-10-06,Spouse,"$1,001 - $15,000",24
R,Shelley M Capito,Senate,WEC,P,2017-09-05,2017-10-06,Spouse,"$1,001 - $15,000",31
R,Shelley M Capito,Senate,V,P,2017-09-08,2017-10-06,Spouse,"$1,001 - $15,000",28
R,Shelley M Capito,Senate,VTKLY,P,2017-09-08,2017-10-06,Spouse,"$1,001 - $15,000",28
R,Shelley M Capito,Senate,TSM,P,2017-09-08,2017-10-06,Spouse,"$1,001 - $15,000",28
R,Shelley M Capito,Senate,SFTBY,P,2017-09-08,2017-10-06,Spouse,"$1,001 - $15,000",28
R,Shelley M Capito,Senate,SGAPY,P,2017-09-08,2017-10-06,Spouse,"$1,001 - $15,000",28
R,Shelley M Capito,Senate,SSDOY,P,2017-09-08,2017-10-06,Spouse,"$1,001 - $15,000",28
R,Shelley M Capito,Senate,SMECF,P,2017-09-08,2017-10-06,Spouse,"$1,001 - $15,000",28
R,Shelley M Capito,Senate,RCL,P,2017-09-08,2017-10-06,Spouse,"$1,001 - $15,000",28
R,Shelley M Capito,Senate,RBGLY,P,2017-09-08,2017-10-06,Spouse,"$1,001 - $15,000",28
R,Shelley M Capito,Senate,PDRDY,P,2017-09-08,2017-10-06,Spouse,"$1,001 - $15,000",28
R,Shelley M Capito,Senate,AVGO,P,2017-09-08,2017-10-06,Spouse,"$1,001 - $15,000",28
R,Shelley M Capito,Senate,LRLCY,P,2017-09-08,2017-10-06,Spouse,"$1,001 - $15,000",28
R,Shelley M Capito,Senate,OXY,P,2017-09-08,2017-10-06,Spouse,"$1,001 - $15,000",28
R,Shelley M Capito,Senate,NVO,P,2017-09-08,2017-10-06,Spouse,"$1,001 - $15,000",28
R,Shelley M Capito,Senate,MRAAY,P,2017-09-08,2017-10-06,Spouse,"$1,001 - $15,000",28
R,Shelley M Capito,Senate,NSRGY,P,2017-09-08,2017-10-06,Spouse,"$1,001 - $15,000",28
R,Shelley M Capito,Senate,NPSND,P,2017-09-08,2017-10-06,Spouse,"$1,001 - $15,000",28
R,Shelley M Capito,Senate,JPM,P,2017-09-08,2017-10-06,Spouse,"$1,001 - $15,000",28
R,Shelley M Capito,Senate,MCO,P,2017-09-08,2017-10-06,Spouse,"$1,001 - $15,000",28
R,Shelley M Capito,Senate,LVS,P,2017-09-08,2017-10-06,Spouse,"$1,001 - $15,000",28
R,Shelley M Capito,Senate,KYCCF,P,2017-09-08,2017-10-06,Spouse,"$1,001 - $15,000",28
R,Shelley M Capito,Senate,INCY,P,2017-09-08,2017-10-06,Spouse,"$1,001 - $15,000",28
R,Shelley M Capito,Senate,RHHBY,P,2017-09-08,2017-10-06,Spouse,"$1,001 - $15,000",28
R,Shelley M Capito,Senate,HXL,P,2017-09-08,2017-10-06,Spouse,"$1,001 - $15,000",28
R,Shelley M Capito,Senate,JKHY,P,2017-09-08,2017-10-06,Spouse,"$1,001 - $15,000",28
R,Shelley M Capito,Senate,FANUY,P,2017-09-08,2017-10-06,Spouse,"$1,001 - $15,000",28
R,Shelley M Capito,Senate,ENB,P,2017-09-08,2017-10-06,Spouse,"$1,001 - $15,000",28
R,Shelley M Capito,Senate,ETN,P,2017-09-08,2017-10-06,Spouse,"$1,001 - $15,000",28
R,Shelley M Capito,Senate,CCI,P,2017-09-08,2017-10-06,Spouse,"$1,001 - $15,000",28
R,Shelley M Capito,Senate,CVX,P,2017-09-08,2017-10-06,Spouse,"$1,001 - $15,000",28
R,Shelley M Capito,Senate,CERN,P,2017-09-08,2017-10-06,Spouse,"$1,001 - $15,000",28
R,Shelley M Capito,Senate,CABGY,P,2017-09-08,2017-10-06,Spouse,"$1,001 - $15,000",28
R,Shelley M Capito,Senate,CME,P,2017-09-08,2017-10-06,Spouse,"$1,001 - $15,000",28
R,Shelley M Capito,Senate,BNPQY,P,2017-09-08,2017-10-06,Spouse,"$1,001 - $15,000",28
R,Shelley M Capito,Senate,ASML,P,2017-09-08,2017-10-06,Spouse,"$1,001 - $15,000",28
R,Shelley M Capito,Senate,AZN,P,2017-09-08,2017-10-06,Spouse,"$1,001 - $15,000",28
R,Shelley M Capito,Senate,AHKSY,P,2017-09-08,2017-10-06,Spouse,"$1,001 - $15,000",28
R,Shelley M Capito,Senate,AMT,P,2017-09-08,2017-10-06,Spouse,"$1,001 - $15,000",28
?,"David A Perdue , Jr",Senate,DWDP,E,2017-09-01,2017-10-02,Joint,"$15,001 - $50,000",31
?,"David A Perdue , Jr",Senate,MRK,P,2017-09-29,2017-10-02,Joint,"$1,001 - $15,000",3
?,"David A Perdue , Jr",Senate,ENTG,S,2017-09-28,2017-10-02,Joint,"$1,001 - $15,000",4
?,"David A Perdue , Jr",Senate,MYL,P,2017-09-27,2017-10-02,Joint,"$15,001 - $50,000",5
?,"David A Perdue , Jr",Senate,GPK,S,2017-09-27,2017-10-02,Joint,"$1,001 - $15,000",5
?,"David A Perdue , Jr",Senate,AMZN,P,2017-09-27,2017-10-02,Joint,"$15,001 - $50,000",5
?,"David A Perdue , Jr",Senate,FDC,P,2017-09-27,2017-10-02,Joint,"$1,001 - $15,000",5
?,"David A Perdue , Jr",Senate,ENTG,S,2017-09-27,2017-10-02,Joint,"$1,001 - $15,000",5
?,"David A Perdue , Jr",Senate,MRK,P,2017-09-27,2017-10-02,Joint,"$1,001 - $15,000",5
?,"David A Perdue , Jr",Senate,VSM,S,2017-09-26,2017-10-02,Joint,"$1,001 - $15,000",6
?,"David A Perdue , Jr",Senate,MRK,P,2017-09-26,2017-10-02,Joint,"$1,001 - $15,000",6
?,"David A Perdue , Jr",Senate,CZR,P,2017-09-26,2017-10-02,Joint,"$1,001 - $15,000",6
?,"David A Perdue , Jr",Senate,CZR,P,2017-09-22,2017-10-02,Joint,"$15,001 - $50,000",10
?,"David A Perdue , Jr",Senate,BAX,S,2017-09-22,2017-10-02,Joint,"$15,001 - $50,000",10
?,"David A Perdue , Jr",Senate,MRK,P,2017-09-22,2017-10-02,Joint,"$15,001 - $50,000",10
?,"David A Perdue , Jr",Senate,MRK,P,2017-09-21,2017-10-02,Joint,"$1,001 - $15,000",11
?,"David A Perdue , Jr",Senate,ENTG,S,2017-09-18,2017-10-02,Joint,"$1,001 - $15,000",14
?,"David A Perdue , Jr",Senate,ENTG,S,2017-09-15,2017-10-02,Joint,"$1,001 - $15,000",17
?,"David A Perdue , Jr",Senate,FDC,P,2017-09-15,2017-10-02,Joint,"$1,001 - $15,000",17
?,"David A Perdue , Jr",Senate,FDC,P,2017-09-14,2017-10-02,Joint,"$1,001 - $15,000",18
?,"David A Perdue , Jr",Senate,PKI,S,2017-09-14,2017-10-02,Joint,"$15,001 - $50,000",18
?,"David A Perdue , Jr",Senate,HBI,P,2017-09-14,2017-10-02,Joint,"$1,001 - $15,000",18
?,"David A Perdue , Jr",Senate,SLB,S,2017-09-13,2017-10-02,Joint,"$15,001 - $50,000",19
?,"David A Perdue , Jr",Senate,MRK,P,2017-09-12,2017-10-02,Joint,"$1,001 - $15,000",20
?,"David A Perdue , Jr",Senate,PKI,S,2017-09-12,2017-10-02,Joint,"$1,001 - $15,000",20
?,"David A Perdue , Jr",Senate,MRK,P,2017-09-11,2017-10-02,Joint,"$1,001 - $15,000",21
?,"David A Perdue , Jr",Senate,PKI,S,2017-09-11,2017-10-02,Joint,"$1,001 - $15,000",21
?,"David A Perdue , Jr",Senate,VSM,S,2017-09-11,2017-10-02,Joint,"$1,001 - $15,000",21
?,"David A Perdue , Jr",Senate,BAX,S,2017-09-08,2017-10-02,Joint,"$1,001 - $15,000",24
?,"David A Perdue , Jr",Senate,MRK,P,2017-09-08,2017-10-02,Joint,"$15,001 - $50,000",24
?,"David A Perdue , Jr",Senate,PKI,S,2017-09-08,2017-10-02,Joint,"$1,001 - $15,000",24
?,"David A Perdue , Jr",Senate,DIS,P,2017-09-06,2017-10-02,Joint,"$15,001 - $50,000",26
?,"David A Perdue , Jr",Senate,OKE,S,2017-09-05,2017-10-02,Joint,"$1,001 - $15,000",27
?,"David A Perdue , Jr",Senate,TRP,P,2017-09-01,2017-10-02,Joint,"$1,001 - $15,000",31
?,"David A Perdue , Jr",Senate,CZR,P,2017-08-29,2017-10-02,Joint,"$1,001 - $15,000",34
?,"David A Perdue , Jr",Senate,HBI,P,2017-08-29,2017-10-02,Joint,"$1,001 - $15,000",34
?,"David A Perdue , Jr",Senate,HBI,P,2017-08-28,2017-10-02,Joint,"$1,001 - $15,000",35
?,"David A Perdue , Jr",Senate,FDC,P,2017-08-28,2017-10-02,Joint,"$1,001 - $15,000",35
R,Pat Roberts,Senate,BA,P,2017-09-27,2017-09-29,Spouse,"$1,001 - $15,000",2
R,Pat Roberts,Senate,RTN,P,2017-09-27,2017-09-29,Spouse,"$15,001 - $50,000",2
R,Pat Roberts,Senate,SBUX,P,2017-09-26,2017-09-29,Spouse,"$1,001 - $15,000",3
R,Pat Roberts,Senate,GE,S,2017-09-26,2017-09-29,Spouse,"$1,001 - $15,000",3
R,Pat Roberts,Senate,COF,P,2017-09-26,2017-09-29,Spouse,"$1,001 - $15,000",3
R,Pat Roberts,Senate,WF,S,2017-09-26,2017-09-29,Spouse,"$1,001 - $15,000",3
R,Pat Roberts,Senate,T,S,2017-09-26,2017-09-29,Spouse,"$1,001 - $15,000",3
R,Pat Roberts,Senate,BAC,S,2017-09-26,2017-09-29,Spouse,"$15,001 - $50,000",3
R,Pat Roberts,Senate,BAC,P,2017-09-07,2017-09-29,Spouse,"$1,001 - $15,000",22
R,Pat Roberts,Senate,CELG,S,2017-09-07,2017-09-29,Spouse,"$1,001 - $15,000",22
R,Pat Roberts,Senate,TCS,S,2017-09-26,2017-09-29,Spouse,"$1,001 - $15,000",3
R,Pat Roberts,Senate,NOC,P,2017-09-28,2017-09-29,Spouse,"$15,001 - $50,000",1
R,Pat Roberts,Senate,BIDU,S,2017-09-07,2017-09-29,Spouse,"$15,001 - $50,000",22
R,John Hoeven,Senate,NGG,S,2017-09-21,2017-09-27,Self,"$100,001 - $250,000",6
R,John Hoeven,Senate,QCOM,S,2017-09-21,2017-09-27,Self,"$100,001 - $250,000",6
R,John Hoeven,Senate,IBM,S,2017-09-21,2017-09-27,Self,"$15,001 - $50,000",6
D,Gary C Peters,Senate,BHF,S,2017-08-23,2017-09-19,Self,"$1,001 - $15,000",27
R,James M Inhofe,Senate,CVS,P,2017-09-15,2017-09-19,Self,"$50,001 - $100,000",4
R,James M Inhofe,Senate,GM,S,2017-08-30,2017-09-19,Self,"$100,001 - $250,000",20
R,James M Inhofe,Senate,COHR,P,2017-08-30,2017-09-19,Self,"$50,001 - $100,000",20
D,John F Reed,Senate,Q,P,2017-09-18,2017-09-19,Joint,"$1,001 - $15,000",1
D,Tammy Duckworth,Senate,DVMT,S,2017-08-23,2017-09-15,Joint,"$1,001 - $15,000",23
D,Sheldon Whitehouse,Senate,BHF,E,2017-08-07,2017-09-12,Joint,"$1,001 - $15,000",36
D,Sheldon Whitehouse,Senate,TSLA,P,2017-08-24,2017-09-12,Spouse,"$1,001 - $15,000",19
D,Sheldon Whitehouse,Senate,AAPL,S,2017-08-24,2017-09-12,Joint,"$1,001 - $15,000",19
D,Sheldon Whitehouse,Senate,BHF,S,2017-08-24,2017-09-12,Joint,"$1,001 - $15,000",19
D,Sheldon Whitehouse,Senate,NWL,P,2017-08-24,2017-09-12,Self,"$1,001 - $15,000",19
D,Sheldon Whitehouse,Senate,DISH,P,2017-08-24,2017-09-12,Self,"$1,001 - $15,000",19
D,Sheldon Whitehouse,Senate,SYK,P,2017-08-24,2017-09-12,Self,"$1,001 - $15,000",19
D,Sheldon Whitehouse,Senate,WMT,P,2017-08-24,2017-09-12,Self,"$1,001 - $15,000",19
R,Shelley M Capito,Senate,CSCO,P,2017-08-30,2017-09-11,Spouse,"$1,001 - $15,000",12
R,Shelley M Capito,Senate,SCG,S,2017-08-22,2017-09-11,Spouse,"$1,001 - $15,000",20
R,Shelley M Capito,Senate,SO,S,2017-08-18,2017-09-11,Spouse,"$1,001 - $15,000",24
R,Patrick J Toomey,Senate,PEY,S,2017-07-25,2017-09-06,Self,"$15,001 - $50,000",43
R,Patrick J Toomey,Senate,T,S,2017-08-07,2017-09-06,Self,"$15,001 - $50,000",30
D,Thomas R Carper,Senate,QCOM,S,2017-08-31,2017-09-06,Spouse,"$1,001 - $15,000",6
D,Thomas R Carper,Senate,RMD,P,2017-08-31,2017-09-06,Spouse,"$1,001 - $15,000",6
D,Thomas R Carper,Senate,ARCC,S,2017-08-31,2017-09-06,Spouse,"$1,001 - $15,000",6
D,Thomas R Carper,Senate,NWL,P,2017-08-31,2017-09-06,Spouse,"$1,001 - $15,000",6
D,Thomas R Carper,Senate,PBA,P,2017-08-31,2017-09-06,Spouse,"$1,001 - $15,000",6
D,Thomas R Carper,Senate,GLAD,P,2017-08-31,2017-09-06,Spouse,"$1,001 - $15,000",6
D,Thomas R Carper,Senate,GLW,P,2017-08-31,2017-09-06,Spouse,"$1,001 - $15,000",6
D,Thomas R Carper,Senate,DHR,P,2017-08-31,2017-09-06,Spouse,"$1,001 - $15,000",6
D,Thomas R Carper,Senate,HRS,P,2017-08-31,2017-09-06,Spouse,"$1,001 - $15,000",6
D,Thomas R Carper,Senate,HRL,P,2017-08-31,2017-09-06,Spouse,"$1,001 - $15,000",6
D,Thomas R Carper,Senate,NPK,P,2017-08-31,2017-09-06,Spouse,"$1,001 - $15,000",6
D,Thomas R Carper,Senate,RHI,P,2017-08-31,2017-09-06,Spouse,"$1,001 - $15,000",6
D,Thomas R Carper,Senate,TMO,P,2017-08-31,2017-09-06,Spouse,"$1,001 - $15,000",6
R,Pat Roberts,Senate,DVN,P,2017-08-10,2017-09-04,Joint,"$1,001 - $15,000",25
R,Pat Roberts,Senate,BAC,P,2017-08-07,2017-09-04,Spouse,"$1,001 - $15,000",28
R,Pat Roberts,Senate,SBUX,S,2017-08-07,2017-09-04,Spouse,"$1,001 - $15,000",28
R,Pat Roberts,Senate,WF,P,2017-08-01,2017-09-04,Spouse,"$1,001 - $15,000",34
R,Pat Roberts,Senate,COF,P,2017-08-01,2017-09-04,Spouse,"$1,001 - $15,000",34
R,Pat Roberts,Senate,CELG,P,2017-08-01,2017-09-04,Spouse,"$15,001 - $50,000",34
R,Pat Roberts,Senate,SBUX,P,2017-08-01,2017-09-04,Spouse,"$1,001 - $15,000",34
R,William Cassidy,Senate,AAPL,S,2017-08-08,2017-09-01,Spouse,"$1,001 - $15,000",24
D,John F Reed,Senate,WFM,S,2017-08-17,2017-08-28,Self,"$1,001 - $15,000",11
?,"David A Perdue , Jr",Senate,CZR,P,2017-08-25,2017-08-28,Joint,"$1,001 - $15,000",3
?,"David A Perdue , Jr",Senate,URBN,P,2017-08-24,2017-08-28,Joint,"$1,001 - $15,000",4
?,"David A Perdue , Jr",Senate,GEL,S,2017-08-21,2017-08-28,Joint,"$1,001 - $15,000",7
?,"David A Perdue , Jr",Senate,HBI,P,2017-08-17,2017-08-28,Joint,"$1,001 - $15,000",11
?,"David A Perdue , Jr",Senate,AXTA,P,2017-08-16,2017-08-28,Joint,"$1,001 - $15,000",12
?,"David A Perdue , Jr",Senate,HBI,P,2017-08-16,2017-08-28,Joint,"$1,001 - $15,000",12
?,"David A Perdue , Jr",Senate,WBA,S,2017-08-15,2017-08-28,Joint,"$15,001 - $50,000",13
?,"David A Perdue , Jr",Senate,AAPL,S,2017-08-15,2017-08-28,Joint,"$1,001 - $15,000",13
?,"David A Perdue , Jr",Senate,HBI,P,2017-08-14,2017-08-28,Joint,"$1,001 - $15,000",14
?,"David A Perdue , Jr",Senate,AXTA,P,2017-08-14,2017-08-28,Joint,"$1,001 - $15,000",14
?,"David A Perdue , Jr",Senate,WLK,S,2017-08-14,2017-08-28,Joint,"$1,001 - $15,000",14
?,"David A Perdue , Jr",Senate,AXTA,P,2017-08-11,2017-08-28,Joint,"$1,001 - $15,000",17
?,"David A Perdue , Jr",Senate,RF,P,2017-08-11,2017-08-28,Joint,"$1,001 - $15,000",17
?,"David A Perdue , Jr",Senate,WMT,S,2017-08-11,2017-08-28,Joint,"$15,001 - $50,000",17
?,"David A Perdue , Jr",Senate,HBI,P,2017-08-11,2017-08-28,Joint,"$1,001 - $15,000",17
?,"David A Perdue , Jr",Senate,WBA,S,2017-08-10,2017-08-28,Joint,"$15,001 - $50,000",18
?,"David A Perdue , Jr",Senate,FDC,P,2017-08-10,2017-08-28,Joint,"$1,001 - $15,000",18
?,"David A Perdue , Jr",Senate,LYV,S,2017-08-10,2017-08-28,Joint,"$1,001 - $15,000",18
?,"David A Perdue , Jr",Senate,WMT,S,2017-08-10,2017-08-28,Joint,"$1,001 - $15,000",18
?,"David A Perdue , Jr",Senate,HBI,P,2017-08-10,2017-08-28,Joint,"$1,001 - $15,000",18
?,"David A Perdue , Jr",Senate,WLK,S,2017-08-10,2017-08-28,Joint,"$1,001 - $15,000",18
?,"David A Perdue , Jr",Senate,AXTA,P,2017-08-10,2017-08-28,Joint,"$1,001 - $15,000",18
?,"David A Perdue , Jr",Senate,EMR,P,2017-08-09,2017-08-28,Joint,"$15,001 - $50,000",19
?,"David A Perdue , Jr",Senate,GE,S,2017-08-09,2017-08-28,Joint,"$15,001 - $50,000",19
?,"David A Perdue , Jr",Senate,DIS,P,2017-08-09,2017-08-28,Joint,"$15,001 - $50,000",19
?,"David A Perdue , Jr",Senate,SLB,P,2017-08-09,2017-08-28,Joint,"$15,001 - $50,000",19
?,"David A Perdue , Jr",Senate,URBN,P,2017-08-09,2017-08-28,Joint,"$1,001 - $15,000",19
?,"David A Perdue , Jr",Senate,WLK,S,2017-08-09,2017-08-28,Joint,"$1,001 - $15,000",19
?,"David A Perdue , Jr",Senate,AXTA,P,2017-08-08,2017-08-28,Joint,"$1,001 - $15,000",20
?,"David A Perdue , Jr",Senate,CZR,P,2017-08-08,2017-08-28,Joint,"$1,001 - $15,000",20
?,"David A Perdue , Jr",Senate,WLK,S,2017-08-08,2017-08-28,Joint,"$1,001 - $15,000",20
?,"David A Perdue , Jr",Senate,HBI,P,2017-08-08,2017-08-28,Joint,"$1,001 - $15,000",20
?,"David A Perdue , Jr",Senate,WMT,S,2017-08-07,2017-08-28,Joint,"$1,001 - $15,000",21
?,"David A Perdue , Jr",Senate,HBI,P,2017-08-07,2017-08-28,Joint,"$1,001 - $15,000",21
?,"David A Perdue , Jr",Senate,AXTA,P,2017-08-07,2017-08-28,Joint,"$1,001 - $15,000",21
?,"David A Perdue , Jr",Senate,FDC,P,2017-08-07,2017-08-28,Joint,"$1,001 - $15,000",21
?,"David A Perdue , Jr",Senate,DISCA,P,2017-08-04,2017-08-28,Joint,"$1,001 - $15,000",24
?,"David A Perdue , Jr",Senate,WMT,S,2017-08-04,2017-08-28,Joint,"$15,001 - $50,000",24
?,"David A Perdue , Jr",Senate,HBI,P,2017-08-04,2017-08-28,Joint,"$15,001 - $50,000",24
?,"David A Perdue , Jr",Senate,WLK,S,2017-08-04,2017-08-28,Joint,"$15,001 - $50,000",24
?,"David A Perdue , Jr",Senate,AXTA,P,2017-08-04,2017-08-28,Joint,"$1,001 - $15,000",24
?,"David A Perdue , Jr",Senate,LYV,S,2017-08-04,2017-08-28,Joint,"$1,001 - $15,000",24
?,"David A Perdue , Jr",Senate,WMT,S,2017-08-03,2017-08-28,Joint,"$1,001 - $15,000",25
?,"David A Perdue , Jr",Senate,AXTA,P,2017-08-03,2017-08-28,Joint,"$15,001 - $50,000",25
?,"David A Perdue , Jr",Senate,WLK,S,2017-08-03,2017-08-28,Joint,"$15,001 - $50,000",25
?,"David A Perdue , Jr",Senate,WMT,S,2017-08-02,2017-08-28,Joint,"$1,001 - $15,000",26
?,"David A Perdue , Jr",Senate,FEYE,S,2017-07-31,2017-08-28,Joint,"$1,001 - $15,000",28
?,"David A Perdue , Jr",Senate,LYV,S,2017-07-28,2017-08-28,Joint,"$1,001 - $15,000",31
?,"David A Perdue , Jr",Senate,CZR,P,2017-07-28,2017-08-28,Joint,"$1,001 - $15,000",31
?,"David A Perdue , Jr",Senate,URBN,P,2017-07-27,2017-08-28,Joint,"$1,001 - $15,000",32
?,"David A Perdue , Jr",Senate,CZR,P,2017-07-24,2017-08-28,Joint,"$1,001 - $15,000",35
?,"David A Perdue , Jr",Senate,URBN,P,2017-07-21,2017-08-28,Joint,"$1,001 - $15,000",38
?,"David A Perdue , Jr",Senate,LYV,S,2017-07-21,2017-08-28,Joint,"$1,001 - $15,000",38
?,"David A Perdue , Jr",Senate,CZR,P,2017-07-20,2017-08-28,Joint,"$1,001 - $15,000",39
?,"Angus S King, Jr.",Senate,IBM,S,2017-07-20,2017-08-28,Spouse,"$1,001 - $15,000",39
R,James M Inhofe,Senate,XON,P,2017-08-23,2017-08-25,Self,"$1,001 - $15,000",2
D,Sheldon Whitehouse,Senate,C,P,2017-07-25,2017-08-18,Child,"$1,001 - $15,000",24
D,Sheldon Whitehouse,Senate,HPQ,P,2017-07-25,2017-08-18,Child,"$1,001 - $15,000",24
D,Sheldon Whitehouse,Senate,BTO,P,2017-07-25,2017-08-18,Spouse,"$1,001 - $15,000",24
D,Sheldon Whitehouse,Senate,BMY,S,2017-07-13,2017-08-18,Joint,"$1,001 - $15,000",36
D,Sheldon Whitehouse,Senate,GS,P,2017-07-28,2017-08-18,Joint,"$1,001 - $15,000",21
D,Sheldon Whitehouse,Senate,COF,P,2017-07-28,2017-08-18,Self,"$15,001 - $50,000",21
D,Sheldon Whitehouse,Senate,SBUX,P,2017-07-28,2017-08-18,Self,"$1,001 - $15,000",21
D,Sheldon Whitehouse,Senate,TSLA,P,2017-07-28,2017-08-18,Self,"$1,001 - $15,000",21
D,Sheldon Whitehouse,Senate,JCI,P,2017-07-28,2017-08-18,Self,"$1,001 - $15,000",21
D,Sheldon Whitehouse,Senate,CSCO,P,2017-07-28,2017-08-18,Self,"$1,001 - $15,000",21
D,Sheldon Whitehouse,Senate,LW,E,2016-11-16,2017-08-10,Joint,"$1,001 - $15,000",267
R,James M Inhofe,Senate,FLR,S,2017-08-04,2017-08-07,Self,"$50,001 - $100,000",3
R,James M Inhofe,Senate,GE,S,2017-07-26,2017-08-07,Self,"$15,001 - $50,000",12
R,James M Inhofe,Senate,MSFT,P,2017-07-20,2017-08-07,Self,"$50,001 - $100,000",18
R,James M Inhofe,Senate,C,S,2017-07-07,2017-08-07,Self,"$50,001 - $100,000",31
R,John Hoeven,Senate,DPS,P,2017-07-26,2017-08-07,Self,"$100,001 - $250,000",12
R,Pat Roberts,Senate,BIDU,P,2017-07-31,2017-07-31,Spouse,"$15,001 - $50,000",0
R,Pat Roberts,Senate,NFLX,P,2017-07-31,2017-07-31,Spouse,"$15,001 - $50,000",0
R,Pat Roberts,Senate,BAC,S,2017-07-28,2017-07-31,Spouse,"$1,001 - $15,000",3
R,Pat Roberts,Senate,NFLX,S,2017-07-28,2017-07-31,Spouse,"$15,001 - $50,000",3
R,Pat Roberts,Senate,BIDU,S,2017-07-28,2017-07-31,Spouse,"$15,001 - $50,000",3
R,Pat Roberts,Senate,BAC,P,2017-07-18,2017-07-31,Spouse,"$1,001 - $15,000",13
R,Pat Roberts,Senate,TJX,P,2017-07-24,2017-07-31,Spouse,"$1,001 - $15,000",7
R,Pat Roberts,Senate,FB,P,2017-07-20,2017-07-31,Spouse,"$15,001 - $50,000",11
R,Pat Roberts,Senate,T,P,2017-07-14,2017-07-31,Spouse,"$1,001 - $15,000",17
R,Pat Roberts,Senate,ZNGA.SW,S,2017-07-14,2017-07-31,Spouse,"$1,001 - $15,000",17
R,Shelley M Capito,Senate,WFC,S,2017-06-27,2017-07-24,Spouse,"$1,001 - $15,000",27
R,Shelley M Capito,Senate,C,S,2017-06-27,2017-07-24,Spouse,"$1,001 - $15,000",27
D,Tammy Duckworth,Senate,MCD,S,2017-06-20,2017-07-20,Self,"$1,001 - $15,000",30
D,Tammy Duckworth,Senate,NEE,S,2017-06-16,2017-07-20,Joint,"$15,001 - $50,000",34
D,Tammy Duckworth,Senate,CAT,S,2017-06-05,2017-07-20,Joint,"$1,001 - $15,000",45
D,Gary C Peters,Senate,VSM,S,2017-06-27,2017-07-13,Self,"$1,001 - $15,000",16
D,Gary C Peters,Senate,MCC,S,2017-06-27,2017-07-13,Self,"$1,001 - $15,000",16
D,Gary C Peters,Senate,ARCC,P,2017-06-27,2017-07-13,Self,"$1,001 - $15,000",16
R,Susan M Collins,Senate,SNA,S,2017-06-15,2017-07-12,Spouse,"$15,001 - $50,000",27
R,Susan M Collins,Senate,CFR,P,2017-06-15,2017-07-12,Spouse,"$1,001 - $15,000",27
R,Pat Roberts,Senate,AMZN,P,2017-06-20,2017-07-10,Spouse,"$1,001 - $15,000",20
R,Pat Roberts,Senate,AAPL,P,2017-06-20,2017-07-10,Spouse,"$15,001 - $50,000",20
R,Pat Roberts,Senate,NFLX,P,2017-06-20,2017-07-10,Spouse,"$15,001 - $50,000",20
R,Pat Roberts,Senate,AAPL,S,2017-06-12,2017-07-10,Spouse,"$15,001 - $50,000",28
?,"David A Perdue , Jr",Senate,URBN,P,2017-07-07,2017-07-10,Joint,"$1,001 - $15,000",3
?,"David A Perdue , Jr",Senate,FDC,P,2017-07-05,2017-07-10,Joint,"$1,001 - $15,000",5
?,"David A Perdue , Jr",Senate,CZR,P,2017-07-05,2017-07-10,Joint,"$1,001 - $15,000",5
?,"David A Perdue , Jr",Senate,MOS,P,2017-07-03,2017-07-10,Joint,"$1,001 - $15,000",7
?,"David A Perdue , Jr",Senate,CZR,P,2017-06-30,2017-07-10,Joint,"$1,001 - $15,000",10
?,"David A Perdue , Jr",Senate,URBN,P,2017-06-29,2017-07-10,Joint,"$1,001 - $15,000",11
?,"David A Perdue , Jr",Senate,CZR,P,2017-06-29,2017-07-10,Joint,"$1,001 - $15,000",11
?,"David A Perdue , Jr",Senate,FDC,P,2017-06-28,2017-07-10,Joint,"$1,001 - $15,000",12
?,"David A Perdue , Jr",Senate,FDC,P,2017-06-26,2017-07-10,Joint,"$1,001 - $15,000",14
?,"David A Perdue , Jr",Senate,RF,P,2017-06-26,2017-07-10,Joint,"$1,001 - $15,000",14
?,"David A Perdue , Jr",Senate,CZR,P,2017-06-26,2017-07-10,Joint,"$1,001 - $15,000",14
?,"David A Perdue , Jr",Senate,CZR,P,2017-06-23,2017-07-10,Joint,"$1,001 - $15,000",17
?,"David A Perdue , Jr",Senate,URBN,P,2017-06-23,2017-07-10,Joint,"$1,001 - $15,000",17
?,"David A Perdue , Jr",Senate,LYV,S,2017-06-23,2017-07-10,Joint,"$1,001 - $15,000",17
?,"David A Perdue , Jr",Senate,INFY,P,2017-06-22,2017-07-10,Joint,"$1,001 - $15,000",18
?,"David A Perdue , Jr",Senate,URBN,P,2017-06-22,2017-07-10,Joint,"$1,001 - $15,000",18
?,"David A Perdue , Jr",Senate,RF,P,2017-06-22,2017-07-10,Joint,"$1,001 - $15,000",18
?,"David A Perdue , Jr",Senate,LYV,S,2017-06-21,2017-07-10,Joint,"$1,001 - $15,000",19
?,"David A Perdue , Jr",Senate,CZR,P,2017-06-21,2017-07-10,Joint,"$1,001 - $15,000",19
?,"David A Perdue , Jr",Senate,CTSH,P,2017-06-20,2017-07-10,Joint,"$1,001 - $15,000",20
?,"David A Perdue , Jr",Senate,INFY,P,2017-06-20,2017-07-10,Joint,"$1,001 - $15,000",20
?,"David A Perdue , Jr",Senate,PKI,S,2017-06-20,2017-07-10,Joint,"$1,001 - $15,000",20
?,"David A Perdue , Jr",Senate,FDC,P,2017-06-20,2017-07-10,Joint,"$1,001 - $15,000",20
?,"David A Perdue , Jr",Senate,URBN,P,2017-06-19,2017-07-10,Joint,"$1,001 - $15,000",21
?,"David A Perdue , Jr",Senate,COST,P,2017-06-16,2017-07-10,Joint,"$15,001 - $50,000",24
?,"David A Perdue , Jr",Senate,EXR,S,2017-06-16,2017-07-10,Joint,"$15,001 - $50,000",24
?,"David A Perdue , Jr",Senate,WFM,S,2017-06-16,2017-07-10,Joint,"$50,001 - $100,000",24
?,"David A Perdue , Jr",Senate,URBN,P,2017-06-15,2017-07-10,Joint,"$1,001 - $15,000",25
?,"David A Perdue , Jr",Senate,FDC,P,2017-06-15,2017-07-10,Joint,"$1,001 - $15,000",25
?,"David A Perdue , Jr",Senate,AAPL,S,2017-06-09,2017-07-10,Joint,"$15,001 - $50,000",31
?,"David A Perdue , Jr",Senate,LYV,S,2017-06-09,2017-07-10,Joint,"$1,001 - $15,000",31
?,"David A Perdue , Jr",Senate,LYV,S,2017-06-08,2017-07-10,Joint,"$1,001 - $15,000",32
?,"David A Perdue , Jr",Senate,URBN,P,2017-06-08,2017-07-10,Joint,"$1,001 - $15,000",32
?,"David A Perdue , Jr",Senate,RF,P,2017-06-06,2017-07-10,Joint,"$1,001 - $15,000",34
?,"David A Perdue , Jr",Senate,FDC,P,2017-06-06,2017-07-10,Joint,"$1,001 - $15,000",34
R,James M Inhofe,Senate,RSPP,P,2017-06-26,2017-07-03,Self,"$50,001 - $100,000",7
R,James M Inhofe,Senate,NFX,S,2017-06-26,2017-07-03,Self,"$15,001 - $50,000",7
R,James M Inhofe,Senate,UL,S,2017-06-19,2017-07-03,Self,"$50,001 - $100,000",14
R,James M Inhofe,Senate,ST,P,2017-06-19,2017-07-03,Self,"$50,001 - $100,000",14
R,James M Inhofe,Senate,UNH,P,2017-06-09,2017-07-03,Self,"$50,001 - $100,000",24
R,James M Inhofe,Senate,JNJ,S,2017-06-09,2017-07-03,Self,"$50,001 - $100,000",24
D,Thomas R Carper,Senate,QCOM,P,2017-06-28,2017-07-03,Spouse,"$1,001 - $15,000",5
D,John F Reed,Senate,Q,P,2017-06-22,2017-06-27,Joint,"$1,001 - $15,000",5
?,"Angus S King, Jr.",Senate,DIS,S,2017-05-03,2017-06-26,Spouse,"$1,001 - $15,000",54
?,"Angus S King, Jr.",Senate,TGT,S,2017-05-03,2017-06-26,Spouse,"$1,001 - $15,000",54
D,Gary C Peters,Senate,SPG,P,2017-06-05,2017-06-23,Self,"$1,001 - $15,000",18
D,Patty Murray,Senate,WMB,S,2017-06-15,2017-06-22,Spouse,"$1,001 - $15,000",7
D,Patty Murray,Senate,WRK,S,2017-06-15,2017-06-22,Spouse,"$1,001 - $15,000",7
D,Patty Murray,Senate,WFC,S,2017-06-15,2017-06-22,Spouse,"$1,001 - $15,000",7
D,Patty Murray,Senate,WBA,S,2017-06-15,2017-06-22,Spouse,"$1,001 - $15,000",7
D,Patty Murray,Senate,WMT,S,2017-06-15,2017-06-22,Spouse,"$1,001 - $15,000",7
D,Patty Murray,Senate,VZ,S,2017-06-15,2017-06-22,Spouse,"$1,001 - $15,000",7
D,Patty Murray,Senate,VTR,S,2017-06-15,2017-06-22,Spouse,"$1,001 - $15,000",7
D,Patty Murray,Senate,UTX,S,2017-06-15,2017-06-22,Spouse,"$1,001 - $15,000",7
D,Patty Murray,Senate,UPS,S,2017-06-15,2017-06-22,Spouse,"$1,001 - $15,000",7
D,Patty Murray,Senate,UN,S,2017-06-15,2017-06-22,Spouse,"$1,001 - $15,000",7
D,Patty Murray,Senate,USB,S,2017-06-15,2017-06-22,Spouse,"$1,001 - $15,000",7
D,Patty Murray,Senate,TUP,S,2017-06-15,2017-06-22,Spouse,"$1,001 - $15,000",7
D,Patty Murray,Senate,TWX,S,2017-06-15,2017-06-22,Spouse,"$1,001 - $15,000",7
D,Patty Murray,Senate,TEVA,S,2017-06-15,2017-06-22,Spouse,"$1,001 - $15,000",7
D,Patty Murray,Senate,TGT,S,2017-06-15,2017-06-22,Spouse,"$1,001 - $15,000",7
D,Patty Murray,Senate,TSM,S,2017-06-15,2017-06-22,Spouse,"$1,001 - $15,000",7
D,Patty Murray,Senate,STI,S,2017-06-15,2017-06-22,Spouse,"$1,001 - $15,000",7
D,Patty Murray,Senate,SU,S,2017-06-15,2017-06-22,Spouse,"$1,001 - $15,000",7
D,Patty Murray,Senate,STT,S,2017-06-15,2017-06-22,Spouse,"$1,001 - $15,000",7
D,Patty Murray,Senate,SO,S,2017-06-15,2017-06-22,Spouse,"$1,001 - $15,000",7
D,Patty Murray,Senate,SLB,S,2017-06-15,2017-06-22,Spouse,"$1,001 - $15,000",7
D,Patty Murray,Senate,SNY,S,2017-06-15,2017-06-22,Spouse,"$1,001 - $15,000",7
D,Patty Murray,Senate,SABR,S,2017-06-15,2017-06-22,Spouse,"$1,001 - $15,000",7
D,Patty Murray,Senate,RAI,S,2017-06-15,2017-06-22,Spouse,"$1,001 - $15,000",7
D,Patty Murray,Senate,RTN,S,2017-06-15,2017-06-22,Spouse,"$1,001 - $15,000",7
D,Patty Murray,Senate,QCOM,S,2017-06-15,2017-06-22,Spouse,"$1,001 - $15,000",7
D,Patty Murray,Senate,PSA,S,2017-06-15,2017-06-22,Spouse,"$1,001 - $15,000",7
D,Patty Murray,Senate,PRU,S,2017-06-15,2017-06-22,Spouse,"$1,001 - $15,000",7
D,Patty Murray,Senate,PG,S,2017-06-15,2017-06-22,Spouse,"$1,001 - $15,000",7
D,Patty Murray,Senate,PDM,S,2017-06-15,2017-06-22,Spouse,"$1,001 - $15,000",7
D,Patty Murray,Senate,PFE,S,2017-06-15,2017-06-22,Spouse,"$1,001 - $15,000",7
D,Patty Murray,Senate,PAYX,S,2017-06-15,2017-06-22,Spouse,"$1,001 - $15,000",7
D,Patty Murray,Senate,PPL,S,2017-06-15,2017-06-22,Spouse,"$1,001 - $15,000",7
D,Patty Murray,Senate,MS,S,2017-06-15,2017-06-22,Spouse,"$1,001 - $15,000",7
D,Patty Murray,Senate,TAP,S,2017-06-15,2017-06-22,Spouse,"$1,001 - $15,000",7
D,Patty Murray,Senate,MSFT,S,2017-06-15,2017-06-22,Spouse,"$1,001 - $15,000",7
D,Patty Murray,Senate,MET,S,2017-06-15,2017-06-22,Spouse,"$1,001 - $15,000",7
D,Patty Murray,Senate,MRK,S,2017-06-15,2017-06-22,Spouse,"$1,001 - $15,000",7
D,Patty Murray,Senate,MXIM,S,2017-06-15,2017-06-22,Spouse,"$1,001 - $15,000",7
D,Patty Murray,Senate,MDC,S,2017-06-15,2017-06-22,Spouse,"$1,001 - $15,000",7
D,Patty Murray,Senate,MTB,S,2017-06-15,2017-06-22,Spouse,"$1,001 - $15,000",7
D,Patty Murray,Senate,KMI,S,2017-06-15,2017-06-22,Spouse,"$1,001 - $15,000",7
D,Patty Murray,Senate,KMB,S,2017-06-15,2017-06-22,Spouse,"$1,001 - $15,000",7
D,Patty Murray,Senate,KEY,S,2017-06-15,2017-06-22,Spouse,"$1,001 - $15,000",7
D,Patty Murray,Senate,KAR,S,2017-06-15,2017-06-22,Spouse,"$1,001 - $15,000",7
D,Patty Murray,Senate,JNJ,S,2017-06-15,2017-06-22,Spouse,"$1,001 - $15,000",7
D,Patty Murray,Senate,JPM,S,2017-06-15,2017-06-22,Spouse,"$1,001 - $15,000",7
D,Patty Murray,Senate,HSY,S,2017-06-15,2017-06-22,Spouse,"$1,001 - $15,000",7
D,Patty Murray,Senate,GSK,S,2017-06-15,2017-06-22,Spouse,"$1,001 - $15,000",7
D,Patty Murray,Senate,GILD,S,2017-06-15,2017-06-22,Spouse,"$1,001 - $15,000",7
D,Patty Murray,Senate,GM,S,2017-06-15,2017-06-22,Spouse,"$1,001 - $15,000",7
D,Patty Murray,Senate,GE,S,2017-06-15,2017-06-22,Spouse,"$1,001 - $15,000",7
D,Patty Murray,Senate,GD,S,2017-06-15,2017-06-22,Spouse,"$1,001 - $15,000",7
D,Patty Murray,Senate,XOM,S,2017-06-15,2017-06-22,Spouse,"$1,001 - $15,000",7
D,Patty Murray,Senate,EXC,S,2017-06-15,2017-06-22,Spouse,"$1,001 - $15,000",7
D,Patty Murray,Senate,ETR,S,2017-06-15,2017-06-22,Spouse,"$1,001 - $15,000",7
D,Patty Murray,Senate,DNKN,S,2017-06-15,2017-06-22,Spouse,"$1,001 - $15,000",7
D,Patty Murray,Senate,DUK,S,2017-06-15,2017-06-22,Spouse,"$1,001 - $15,000",7
D,Patty Murray,Senate,DOW,S,2017-06-15,2017-06-22,Spouse,"$1,001 - $15,000",7
D,Patty Murray,Senate,DIS,S,2017-06-15,2017-06-22,Spouse,"$1,001 - $15,000",7
D,Patty Murray,Senate,CCI,S,2017-06-15,2017-06-22,Spouse,"$1,001 - $15,000",7
D,Patty Murray,Senate,COP,S,2017-06-15,2017-06-22,Spouse,"$1,001 - $15,000",7
D,Patty Murray,Senate,CMA,S,2017-06-15,2017-06-22,Spouse,"$1,001 - $15,000",7
D,Patty Murray,Senate,CMCSA,S,2017-06-15,2017-06-22,Spouse,"$1,001 - $15,000",7
D,Patty Murray,Senate,KO,S,2017-06-15,2017-06-22,Spouse,"$1,001 - $15,000",7
D,Patty Murray,Senate,CSCO,S,2017-06-15,2017-06-22,Spouse,"$1,001 - $15,000",7
D,Patty Murray,Senate,CVX,S,2017-06-15,2017-06-22,Spouse,"$1,001 - $15,000",7
D,Patty Murray,Senate,CVS,S,2017-06-15,2017-06-22,Spouse,"$1,001 - $15,000",7
D,Patty Murray,Senate,BMY,S,2017-06-15,2017-06-22,Spouse,"$1,001 - $15,000",7
D,Patty Murray,Senate,BA,S,2017-06-15,2017-06-22,Spouse,"$1,001 - $15,000",7
D,Patty Murray,Senate,BAC,S,2017-06-15,2017-06-22,Spouse,"$1,001 - $15,000",7
D,Patty Murray,Senate,BGS,S,2017-06-15,2017-06-22,Spouse,"$1,001 - $15,000",7
D,Patty Murray,Senate,AAPL,S,2017-06-15,2017-06-22,Spouse,"$1,001 - $15,000",7
D,Patty Murray,Senate,APA,S,2017-06-15,2017-06-22,Spouse,"$1,001 - $15,000",7
D,Patty Murray,Senate,AMGN,S,2017-06-15,2017-06-22,Spouse,"$1,001 - $15,000",7
D,Patty Murray,Senate,AMT,S,2017-06-15,2017-06-22,Spouse,"$1,001 - $15,000",7
D,Patty Murray,Senate,T,S,2017-06-15,2017-06-22,Spouse,"$1,001 - $15,000",7
D,Patty Murray,Senate,LYB,S,2017-06-15,2017-06-22,Spouse,"$1,001 - $15,000",7
D,Patty Murray,Senate,TEL,S,2017-06-15,2017-06-22,Spouse,"$1,001 - $15,000",7
D,Patty Murray,Senate,CB,S,2017-06-15,2017-06-22,Spouse,"$1,001 - $15,000",7
D,Patty Murray,Senate,MDT,S,2017-06-15,2017-06-22,Spouse,"$1,001 - $15,000",7
D,Patty Murray,Senate,ETN,S,2017-06-15,2017-06-22,Spouse,"$1,001 - $15,000",7
D,Patty Murray,Senate,DLPH,S,2017-06-15,2017-06-22,Spouse,"$1,001 - $15,000",7
D,John F Reed,Senate,HACK,P,2017-06-19,2017-06-20,Joint,"$1,001 - $15,000",1
D,John F Reed,Senate,IYT,P,2017-06-19,2017-06-20,Joint,"$1,001 - $15,000",1
D,John F Reed,Senate,ADI,P,2017-06-19,2017-06-20,Joint,"$1,001 - $15,000",1
D,John F Reed,Senate,XBI,P,2017-06-19,2017-06-20,Joint,"$1,001 - $15,000",1
D,John F Reed,Senate,WFM,S,2017-06-19,2017-06-20,Self,"$1,001 - $15,000",1
D,Tammy Duckworth,Senate,GME,S,2017-05-10,2017-06-14,Joint,"$1,001 - $15,000",35
D,Tammy Duckworth,Senate,CAT,S,2017-05-10,2017-06-14,Joint,"$1,001 - $15,000",35
D,Tammy Duckworth,Senate,POT,S,2017-05-09,2017-06-14,Joint,"$1,001 - $15,000",36
D,Sheldon Whitehouse,Senate,BIVV,S,2017-05-24,2017-06-08,Spouse,"$1,001 - $15,000",15
D,Sheldon Whitehouse,Senate,BIVV,E,2017-01-17,2017-06-08,Spouse,"$1,001 - $15,000",142
D,Sheldon Whitehouse,Senate,ADI,P,2017-05-05,2017-06-08,Child,"$1,001 - $15,000",34
D,Sheldon Whitehouse,Senate,LB,S,2017-05-16,2017-06-08,Child,"$1,001 - $15,000",23
D,Sheldon Whitehouse,Senate,C,P,2017-05-24,2017-06-08,Child,"$1,001 - $15,000",15
D,Sheldon Whitehouse,Senate,CVS,S,2017-05-30,2017-06-08,Child,"$15,001 - $50,000",9
D,Sheldon Whitehouse,Senate,F,P,2017-05-30,2017-06-08,Child,"$1,001 - $15,000",9
D,Sheldon Whitehouse,Senate,MGA,P,2017-05-30,2017-06-08,Child,"$1,001 - $15,000",9
D,Sheldon Whitehouse,Senate,DISH,P,2017-05-10,2017-06-08,Child,"$1,001 - $15,000",29
D,Sheldon Whitehouse,Senate,MMC,S,2017-05-10,2017-06-08,Child,"$1,001 - $15,000",29
D,Sheldon Whitehouse,Senate,WBA,S,2017-05-24,2017-06-08,Child,"$1,001 - $15,000",15
D,Sheldon Whitehouse,Senate,TWTR,S,2017-05-24,2017-06-08,Spouse,"$1,001 - $15,000",15
D,Sheldon Whitehouse,Senate,VEVIX,P,2017-05-25,2017-06-08,Self,"$1,001 - $15,000",14
D,Sheldon Whitehouse,Senate,MA,P,2017-05-05,2017-06-08,Joint,"$1,001 - $15,000",34
D,Sheldon Whitehouse,Senate,ADI,P,2017-05-08,2017-06-08,Joint,"$1,001 - $15,000",31
D,Sheldon Whitehouse,Senate,BAC,P,2017-05-16,2017-06-08,Joint,"$1,001 - $15,000",23
D,Sheldon Whitehouse,Senate,LRCX,P,2017-05-16,2017-06-08,Joint,"$1,001 - $15,000",23
D,Sheldon Whitehouse,Senate,GS,P,2017-05-24,2017-06-08,Joint,"$1,001 - $15,000",15
D,Sheldon Whitehouse,Senate,WM,P,2017-05-10,2017-06-08,Self,"$1,001 - $15,000",29
D,Sheldon Whitehouse,Senate,REGN,P,2017-05-16,2017-06-08,Self,"$1,001 - $15,000",23
D,Sheldon Whitehouse,Senate,AKAM,S,2017-05-16,2017-06-08,Self,"$1,001 - $15,000",23
D,Sheldon Whitehouse,Senate,AMGN,P,2017-05-24,2017-06-08,Self,"$1,001 - $15,000",15
D,Sheldon Whitehouse,Senate,IBM,P,2017-05-24,2017-06-08,Self,"$1,001 - $15,000",15
D,Sheldon Whitehouse,Senate,MMM,S,2017-05-30,2017-06-08,Self,"$15,001 - $50,000",9
D,Sheldon Whitehouse,Senate,NKE,S,2017-05-30,2017-06-08,Self,"$1,001 - $15,000",9
R,James M Inhofe,Senate,BFAM,P,2017-05-30,2017-06-07,Self,"$50,001 - $100,000",8
R,James M Inhofe,Senate,AMGN,S,2017-05-30,2017-06-07,Self,"$50,001 - $100,000",8
R,James M Inhofe,Senate,UL,S,2017-05-09,2017-06-07,Self,"$50,001 - $100,000",29
R,Patrick J Toomey,Senate,GE,S,2017-05-18,2017-06-07,Self,"$1,001 - $15,000",20
?,"David A Perdue , Jr",Senate,FDC,P,2017-06-05,2017-06-06,Joint,"$1,001 - $15,000",1
?,"David A Perdue , Jr",Senate,LYV,S,2017-06-02,2017-06-06,Joint,"$1,001 - $15,000",4
?,"David A Perdue , Jr",Senate,FDC,P,2017-06-02,2017-06-06,Joint,"$1,001 - $15,000",4
?,"David A Perdue , Jr",Senate,RF,P,2017-06-01,2017-06-06,Joint,"$1,001 - $15,000",5
?,"David A Perdue , Jr",Senate,URBN,P,2017-06-01,2017-06-06,Joint,"$1,001 - $15,000",5
?,"David A Perdue , Jr",Senate,UN,S,2017-05-24,2017-06-06,Joint,"$1,001 - $15,000",13
?,"David A Perdue , Jr",Senate,SYK,S,2017-05-24,2017-06-06,Joint,"$1,001 - $15,000",13
?,"David A Perdue , Jr",Senate,VZ,P,2017-05-24,2017-06-06,Joint,"$1,001 - $15,000",13
?,"David A Perdue , Jr",Senate,RF,P,2017-05-24,2017-06-06,Joint,"$1,001 - $15,000",13
?,"David A Perdue , Jr",Senate,RF,P,2017-05-22,2017-06-06,Joint,"$1,001 - $15,000",15
?,"David A Perdue , Jr",Senate,URBN,P,2017-05-22,2017-06-06,Joint,"$1,001 - $15,000",15
?,"David A Perdue , Jr",Senate,RF,P,2017-05-19,2017-06-06,Joint,"$1,001 - $15,000",18
?,"David A Perdue , Jr",Senate,RF,P,2017-05-18,2017-06-06,Joint,"$1,001 - $15,000",19
?,"David A Perdue , Jr",Senate,WFM,S,2017-05-18,2017-06-06,Joint,"$1,001 - $15,000",19
?,"David A Perdue , Jr",Senate,URBN,P,2017-05-18,2017-06-06,Joint,"$1,001 - $15,000",19
?,"David A Perdue , Jr",Senate,URBN,P,2017-05-17,2017-06-06,Joint,"$1,001 - $15,000",20
?,"David A Perdue , Jr",Senate,PFE,P,2017-05-17,2017-06-06,Joint,"$1,001 - $15,000",20
?,"David A Perdue , Jr",Senate,URBN,P,2017-05-15,2017-06-06,Joint,"$1,001 - $15,000",22
?,"David A Perdue , Jr",Senate,WFM,S,2017-05-15,2017-06-06,Joint,"$1,001 - $15,000",22
?,"David A Perdue , Jr",Senate,BCR,S,2017-05-12,2017-06-06,Joint,"$1,001 - $15,000",25
?,"David A Perdue , Jr",Senate,WFM,S,2017-05-12,2017-06-06,Joint,"$1,001 - $15,000",25
?,"David A Perdue , Jr",Senate,URBN,P,2017-05-12,2017-06-06,Joint,"$1,001 - $15,000",25
?,"David A Perdue , Jr",Senate,BCR,S,2017-05-11,2017-06-06,Joint,"$1,001 - $15,000",26
?,"David A Perdue , Jr",Senate,DISCA,P,2017-05-11,2017-06-06,Joint,"$1,001 - $15,000",26
?,"David A Perdue , Jr",Senate,LYV,S,2017-05-11,2017-06-06,Joint,"$1,001 - $15,000",26
?,"David A Perdue , Jr",Senate,URBN,P,2017-05-11,2017-06-06,Joint,"$15,001 - $50,000",26
?,"David A Perdue , Jr",Senate,WFM,S,2017-05-11,2017-06-06,Joint,"$1,001 - $15,000",26
?,"David A Perdue , Jr",Senate,DISCA,P,2017-05-10,2017-06-06,Joint,"$1,001 - $15,000",27
?,"David A Perdue , Jr",Senate,LYV,S,2017-05-10,2017-06-06,Joint,"$1,001 - $15,000",27
?,"David A Perdue , Jr",Senate,AAPL,S,2017-05-09,2017-06-06,Joint,"$15,001 - $50,000",28
?,"David A Perdue , Jr",Senate,LYV,S,2017-05-08,2017-06-06,Joint,"$1,001 - $15,000",29
?,"David A Perdue , Jr",Senate,FOX,P,2017-05-08,2017-06-06,Joint,"$1,001 - $15,000",29
?,"David A Perdue , Jr",Senate,VSM,P,2017-05-05,2017-06-06,Joint,"$1,001 - $15,000",32
R,Susan M Collins,Senate,CVS,S,2017-05-24,2017-06-06,Spouse,"$15,001 - $50,000",13
R,Susan M Collins,Senate,FB,P,2017-05-24,2017-06-06,Spouse,"$1,001 - $15,000",13
R,Susan M Collins,Senate,AME,P,2017-05-24,2017-06-06,Spouse,"$15,001 - $50,000",13
R,Pat Roberts,Senate,T,P,2017-06-05,2017-06-06,Spouse,"$1,001 - $15,000",1
R,Pat Roberts,Senate,SBUX,P,2017-05-26,2017-06-06,Spouse,"$1,001 - $15,000",11
R,John Hoeven,Senate,FB,P,2017-05-17,2017-05-30,Self,"$50,001 - $100,000",13
R,John Hoeven,Senate,LYB,P,2017-05-17,2017-05-30,Self,"$50,001 - $100,000",13
R,John Hoeven,Senate,WTW,P,2017-05-15,2017-05-30,Self,"$50,001 - $100,000",15
R,John Hoeven,Senate,F,P,2017-05-15,2017-05-30,Self,"$100,001 - $250,000",15
R,James M Inhofe,Senate,FLR,P,2017-05-17,2017-05-24,Self,"$50,001 - $100,000",7
?,"Joseph Manchin, III",Senate,HBAN,P,2017-04-21,2017-05-15,Spouse,"$50,001 - $100,000",24
R,Susan M Collins,Senate,ESRX,S,2016-12-16,2017-05-10,Spouse,"$1,001 - $15,000",145
R,Susan M Collins,Senate,VZ,S,2016-12-01,2017-05-10,Spouse,"$1,001 - $15,000",160
R,Susan M Collins,Senate,SRCL,S,2016-12-01,2017-05-10,Spouse,"$15,001 - $50,000",160
R,Susan M Collins,Senate,GOOG,S,2016-12-01,2017-05-10,Spouse,"$1,001 - $15,000",160
R,Susan M Collins,Senate,COP,P,2016-12-30,2017-05-10,Spouse,"$15,001 - $50,000",131
R,Susan M Collins,Senate,TSCO,P,2016-12-01,2017-05-10,Spouse,"$15,001 - $50,000",160
R,Susan M Collins,Senate,TMK,P,2016-12-01,2017-05-10,Spouse,"$1,001 - $15,000",160
R,Susan M Collins,Senate,MTD,P,2016-12-01,2017-05-10,Spouse,"$1,001 - $15,000",160
R,Susan M Collins,Senate,HOLX,P,2016-12-01,2017-05-10,Spouse,"$15,001 - $50,000",160
R,Susan M Collins,Senate,AWK,P,2016-12-01,2017-05-10,Spouse,"$15,001 - $50,000",160
D,John F Reed,Senate,NXPI,S,2017-05-05,2017-05-10,Joint,"$1,001 - $15,000",5
D,John F Reed,Senate,DVMT,E,2016-09-07,2017-05-10,Self,"$1,001 - $15,000",245
D,Sheldon Whitehouse,Senate,QCOM,P,2017-04-05,2017-05-10,Child,"$1,001 - $15,000",35
D,Sheldon Whitehouse,Senate,DISH,P,2017-04-05,2017-05-10,Child,"$1,001 - $15,000",35
D,Sheldon Whitehouse,Senate,LB,S,2017-04-05,2017-05-10,Joint,"$15,001 - $50,000",35
D,Sheldon Whitehouse,Senate,WPC,P,2017-04-05,2017-05-10,Joint,"$1,001 - $15,000",35
D,Sheldon Whitehouse,Senate,USB,P,2017-04-05,2017-05-10,Self,"$1,001 - $15,000",35
D,Sheldon Whitehouse,Senate,AMGN,P,2017-04-05,2017-05-10,Self,"$1,001 - $15,000",35
D,Sheldon Whitehouse,Senate,IBM,P,2017-04-05,2017-05-10,Self,"$1,001 - $15,000",35
R,Pat Roberts,Senate,NFLX,P,2017-04-07,2017-05-08,Spouse,"$1,001 - $15,000",31
R,Shelley M Capito,Senate,WFC,S,2017-04-24,2017-05-06,Spouse,"$1,001 - $15,000",12
R,John Hoeven,Senate,SPG,P,2016-12-29,2017-05-05,Self,"$100,001 - $250,000",127
R,John Hoeven,Senate,NKE,P,2016-12-29,2017-05-05,Self,"$100,001 - $250,000",127
R,John Hoeven,Senate,CSX,S,2016-12-28,2017-05-05,Self,"$50,001 - $100,000",128
R,John Hoeven,Senate,F,S,2016-12-28,2017-05-05,Self,"$100,001 - $250,000",128
?,"David A Perdue , Jr",Senate,MOS,P,2017-05-02,2017-05-05,Joint,"$1,001 - $15,000",3
?,"David A Perdue , Jr",Senate,GM,P,2017-04-28,2017-05-05,Joint,"$1,001 - $15,000",7
?,"David A Perdue , Jr",Senate,WLK,S,2017-04-27,2017-05-05,Joint,"$1,001 - $15,000",8
?,"David A Perdue , Jr",Senate,VSM,P,2017-04-27,2017-05-05,Joint,"$1,001 - $15,000",8
?,"David A Perdue , Jr",Senate,BAX,S,2017-04-26,2017-05-05,Joint,"$1,001 - $15,000",9
?,"David A Perdue , Jr",Senate,FOX,P,2017-04-24,2017-05-05,Joint,"$1,001 - $15,000",11
?,"David A Perdue , Jr",Senate,BCR,S,2017-04-24,2017-05-05,Joint,"$1,001 - $15,000",11
?,"David A Perdue , Jr",Senate,WFM,S,2017-04-24,2017-05-05,Joint,"$1,001 - $15,000",11
?,"David A Perdue , Jr",Senate,MOS,P,2017-04-12,2017-05-05,Joint,"$1,001 - $15,000",23
?,"David A Perdue , Jr",Senate,MOS,P,2017-04-11,2017-05-05,Joint,"$1,001 - $15,000",24
?,"David A Perdue , Jr",Senate,CVX,P,2017-04-04,2017-05-05,Joint,"$15,001 - $50,000",31
R,John Hoeven,Senate,IBM,P,2017-04-24,2017-05-03,Self,"$50,001 - $100,000",9
R,John Hoeven,Senate,MDLZ,P,2017-04-24,2017-05-03,Self,"$50,001 - $100,000",9
R,John Hoeven,Senate,GIS,P,2017-04-21,2017-05-03,Self,"$100,001 - $250,000",12
R,John Hoeven,Senate,SBUX,P,2017-04-21,2017-05-03,Self,"$50,001 - $100,000",12
R,John Hoeven,Senate,SPG,S,2017-04-20,2017-05-03,Self,"$100,001 - $250,000",13
R,John Hoeven,Senate,KSS,S,2017-04-20,2017-05-03,Self,"$50,001 - $100,000",13
R,James M Inhofe,Senate,CRM,P,2017-04-25,2017-05-01,Self,"$50,001 - $100,000",6
R,James M Inhofe,Senate,HBI,P,2017-04-20,2017-05-01,Self,"$100,001 - $250,000",11
R,James M Inhofe,Senate,GE,P,2017-04-05,2017-05-01,Self,"$15,001 - $50,000",26
R,William Cassidy,Senate,FRT,P,2017-03-29,2017-04-26,Spouse,"$1,001 - $15,000",28
R,William Cassidy,Senate,TGT,P,2017-03-29,2017-04-26,Spouse,"$1,001 - $15,000",28
R,William Cassidy,Senate,SO,S,2017-03-29,2017-04-26,Spouse,"$1,001 - $15,000",28
R,William Cassidy,Senate,LOW,S,2017-03-29,2017-04-26,Spouse,"$1,001 - $15,000",28
R,William Cassidy,Senate,AMT,S,2017-03-29,2017-04-26,Spouse,"$1,001 - $15,000",28
D,Sheldon Whitehouse,Senate,LLTC,S,2017-03-14,2017-04-17,Child,"$1,001 - $15,000",34
D,Sheldon Whitehouse,Senate,ADI,E,2017-03-14,2017-04-17,Child,"$1,001 - $15,000",34
D,Sheldon Whitehouse,Senate,MCHP,S,2017-03-06,2017-04-17,Joint,"$1,001 - $15,000",42
D,Sheldon Whitehouse,Senate,CAG,S,2017-03-06,2017-04-17,Joint,"$1,001 - $15,000",42
D,Sheldon Whitehouse,Senate,GE,S,2017-03-06,2017-04-17,Joint,"$1,001 - $15,000",42
R,Susan M Collins,Senate,RHHBY,S,2017-03-02,2017-04-11,Spouse,"$15,001 - $50,000",40
R,Susan M Collins,Senate,GILD,S,2017-03-02,2017-04-11,Spouse,"$1,001 - $15,000",40
R,Susan M Collins,Senate,DHR,P,2017-03-02,2017-04-11,Spouse,"$15,001 - $50,000",40
R,Susan M Collins,Senate,BRKB,P,2017-03-02,2017-04-11,Spouse,"$15,001 - $50,000",40
D,Michael F Bennet,Senate,RGC,S,2017-03-28,2017-04-10,Self,"$500,001 - $1,000,000",13
D,John F Reed,Senate,WETF,S,2017-04-04,2017-04-05,Joint,"$1,001 - $15,000",1
D,John F Reed,Senate,AGU,S,2017-04-04,2017-04-05,Joint,"$1,001 - $15,000",1
D,Thomas R Carper,Senate,TSN,S,2017-03-21,2017-04-03,Spouse,"$1,001 - $15,000",13
?,"David A Perdue , Jr",Senate,PKI,S,2017-03-24,2017-03-31,Joint,"$1,001 - $15,000",7
?,"David A Perdue , Jr",Senate,TRP,P,2017-03-24,2017-03-31,Joint,"$15,001 - $50,000",7
?,"David A Perdue , Jr",Senate,TLLP,S,2017-03-24,2017-03-31,Joint,"$1,001 - $15,000",7
?,"David A Perdue , Jr",Senate,ENB,S,2017-03-23,2017-03-31,Joint,"$15,001 - $50,000",8
?,"David A Perdue , Jr",Senate,KMI,P,2017-03-23,2017-03-31,Joint,"$15,001 - $50,000",8
?,"David A Perdue , Jr",Senate,EPD,S,2017-03-23,2017-03-31,Joint,"$1,001 - $15,000",8
?,"David A Perdue , Jr",Senate,WLK,S,2017-03-23,2017-03-31,Joint,"$1,001 - $15,000",8
?,"David A Perdue , Jr",Senate,VSM,P,2017-03-23,2017-03-31,Joint,"$1,001 - $15,000",8
?,"David A Perdue , Jr",Senate,JPM,S,2017-03-22,2017-03-31,Joint,"$1,001 - $15,000",9
?,"David A Perdue , Jr",Senate,GPK,S,2017-03-22,2017-03-31,Joint,"$15,001 - $50,000",9
?,"David A Perdue , Jr",Senate,SLB,P,2017-03-22,2017-03-31,Joint,"$15,001 - $50,000",9
?,"David A Perdue , Jr",Senate,COST,P,2017-03-22,2017-03-31,Joint,"$1,001 - $15,000",9
?,"David A Perdue , Jr",Senate,BMY,P,2017-03-22,2017-03-31,Joint,"$1,001 - $15,000",9
?,"David A Perdue , Jr",Senate,CVX,P,2017-03-22,2017-03-31,Joint,"$15,001 - $50,000",9
?,"David A Perdue , Jr",Senate,PRU,S,2017-03-22,2017-03-31,Joint,"$1,001 - $15,000",9
?,"David A Perdue , Jr",Senate,WLK,S,2017-03-16,2017-03-31,Joint,"$1,001 - $15,000",15
?,"David A Perdue , Jr",Senate,WLK,S,2017-03-15,2017-03-31,Joint,"$1,001 - $15,000",16
?,"David A Perdue , Jr",Senate,WMT,P,2017-03-14,2017-03-31,Joint,"$1,001 - $15,000",17
?,"David A Perdue , Jr",Senate,WOOF,S,2017-03-14,2017-03-31,Joint,"$1,001 - $15,000",17
?,"David A Perdue , Jr",Senate,WMT,P,2017-03-13,2017-03-31,Joint,"$1,001 - $15,000",18
?,"David A Perdue , Jr",Senate,WLK,S,2017-03-13,2017-03-31,Joint,"$1,001 - $15,000",18
?,"David A Perdue , Jr",Senate,WFM,P,2017-03-10,2017-03-31,Joint,"$1,001 - $15,000",21
?,"David A Perdue , Jr",Senate,MOS,P,2017-03-10,2017-03-31,Joint,"$1,001 - $15,000",21
?,"David A Perdue , Jr",Senate,WLK,S,2017-03-10,2017-03-31,Joint,"$1,001 - $15,000",21
?,"David A Perdue , Jr",Senate,WFM,P,2017-03-08,2017-03-31,Joint,"$1,001 - $15,000",23
?,"David A Perdue , Jr",Senate,BAC,S,2017-03-03,2017-03-31,Joint,"$1,001 - $15,000",28
?,"David A Perdue , Jr",Senate,BAX,S,2017-03-02,2017-03-31,Joint,"$1,001 - $15,000",29
?,"David A Perdue , Jr",Senate,PFE,P,2017-03-02,2017-03-31,Joint,"$1,001 - $15,000",29
?,"David A Perdue , Jr",Senate,WOOF,S,2017-03-01,2017-03-31,Joint,"$1,001 - $15,000",30
R,James M Inhofe,Senate,GM,P,2017-03-07,2017-03-29,Self,"$50,001 - $100,000",22
R,James M Inhofe,Senate,SYF,S,2017-03-02,2017-03-29,Self,"$50,001 - $100,000",27
D,Patty Murray,Senate,WMB,P,2017-03-16,2017-03-21,Spouse,"$1,001 - $15,000",5
D,Patty Murray,Senate,WRK,P,2017-03-16,2017-03-21,Spouse,"$1,001 - $15,000",5
D,Patty Murray,Senate,WFC,P,2017-03-16,2017-03-21,Spouse,"$1,001 - $15,000",5
D,Patty Murray,Senate,WBA,P,2017-03-16,2017-03-21,Spouse,"$1,001 - $15,000",5
D,Patty Murray,Senate,WMT,P,2017-03-16,2017-03-21,Spouse,"$1,001 - $15,000",5
D,Patty Murray,Senate,VZ,P,2017-03-16,2017-03-21,Spouse,"$1,001 - $15,000",5
D,Patty Murray,Senate,UTX,P,2017-03-16,2017-03-21,Spouse,"$1,001 - $15,000",5
D,Patty Murray,Senate,UPS,P,2017-03-16,2017-03-21,Spouse,"$1,001 - $15,000",5
D,Patty Murray,Senate,UN,P,2017-03-16,2017-03-21,Spouse,"$1,001 - $15,000",5
D,Patty Murray,Senate,USB,P,2017-03-16,2017-03-21,Spouse,"$1,001 - $15,000",5
D,Patty Murray,Senate,TUP,P,2017-03-16,2017-03-21,Spouse,"$1,001 - $15,000",5
D,Patty Murray,Senate,TWX,P,2017-03-16,2017-03-21,Spouse,"$1,001 - $15,000",5
D,Patty Murray,Senate,TGT,P,2017-03-16,2017-03-21,Spouse,"$1,001 - $15,000",5
D,Patty Murray,Senate,STI,P,2017-03-16,2017-03-21,Spouse,"$1,001 - $15,000",5
D,Patty Murray,Senate,SU,P,2017-03-16,2017-03-21,Spouse,"$1,001 - $15,000",5
D,Patty Murray,Senate,STT,P,2017-03-16,2017-03-21,Spouse,"$1,001 - $15,000",5
D,Patty Murray,Senate,SO,P,2017-03-16,2017-03-21,Spouse,"$1,001 - $15,000",5
D,Patty Murray,Senate,SLB,P,2017-03-16,2017-03-21,Spouse,"$1,001 - $15,000",5
D,Patty Murray,Senate,SNY,P,2017-03-16,2017-03-21,Spouse,"$1,001 - $15,000",5
D,Patty Murray,Senate,SABR,P,2017-03-16,2017-03-21,Spouse,"$1,001 - $15,000",5
D,Patty Murray,Senate,RTN,P,2017-03-16,2017-03-21,Spouse,"$1,001 - $15,000",5
D,Patty Murray,Senate,QCOM,P,2017-03-16,2017-03-21,Spouse,"$1,001 - $15,000",5
D,Patty Murray,Senate,PSA,P,2017-03-16,2017-03-21,Spouse,"$1,001 - $15,000",5
D,Patty Murray,Senate,PRU,P,2017-03-16,2017-03-21,Spouse,"$1,001 - $15,000",5
D,Patty Murray,Senate,PG,P,2017-03-16,2017-03-21,Spouse,"$1,001 - $15,000",5
D,Patty Murray,Senate,PFE,P,2017-03-16,2017-03-21,Spouse,"$1,001 - $15,000",5
D,Patty Murray,Senate,PAYX,P,2017-03-16,2017-03-21,Spouse,"$1,001 - $15,000",5
D,Patty Murray,Senate,PPL,P,2017-03-16,2017-03-21,Spouse,"$1,001 - $15,000",5
D,Patty Murray,Senate,MS,P,2017-03-16,2017-03-21,Spouse,"$1,001 - $15,000",5
D,Patty Murray,Senate,TAP,P,2017-03-16,2017-03-21,Spouse,"$1,001 - $15,000",5
D,Patty Murray,Senate,MSFT,P,2017-03-16,2017-03-21,Spouse,"$1,001 - $15,000",5
D,Patty Murray,Senate,MET,P,2017-03-16,2017-03-21,Spouse,"$1,001 - $15,000",5
D,Patty Murray,Senate,MRK,P,2017-03-16,2017-03-21,Spouse,"$1,001 - $15,000",5
D,Patty Murray,Senate,MXIM,P,2017-03-16,2017-03-21,Spouse,"$1,001 - $15,000",5
D,Patty Murray,Senate,MMC,P,2017-03-16,2017-03-21,Spouse,"$1,001 - $15,000",5
D,Patty Murray,Senate,MTB,P,2017-03-16,2017-03-21,Spouse,"$1,001 - $15,000",5
D,Patty Murray,Senate,KMI,P,2017-03-16,2017-03-21,Spouse,"$1,001 - $15,000",5
D,Patty Murray,Senate,KMB,P,2017-03-16,2017-03-21,Spouse,"$1,001 - $15,000",5
D,Patty Murray,Senate,KEY,P,2017-03-16,2017-03-21,Spouse,"$1,001 - $15,000",5
D,Patty Murray,Senate,KAR,P,2017-03-16,2017-03-21,Spouse,"$1,001 - $15,000",5
D,Patty Murray,Senate,JNJ,P,2017-03-16,2017-03-21,Spouse,"$1,001 - $15,000",5
D,Patty Murray,Senate,JPM,P,2017-03-16,2017-03-21,Spouse,"$1,001 - $15,000",5
D,Patty Murray,Senate,HSY,P,2017-03-16,2017-03-21,Spouse,"$1,001 - $15,000",5
D,Patty Murray,Senate,GSK,P,2017-03-16,2017-03-21,Spouse,"$1,001 - $15,000",5
D,Patty Murray,Senate,GILD,P,2017-03-16,2017-03-21,Spouse,"$1,001 - $15,000",5
D,Patty Murray,Senate,GM,P,2017-03-16,2017-03-21,Spouse,"$1,001 - $15,000",5
D,Patty Murray,Senate,GE,P,2017-03-16,2017-03-21,Spouse,"$1,001 - $15,000",5
D,Patty Murray,Senate,GD,P,2017-03-16,2017-03-21,Spouse,"$1,001 - $15,000",5
D,Patty Murray,Senate,FL,P,2017-03-16,2017-03-21,Spouse,"$1,001 - $15,000",5
D,Patty Murray,Senate,XOM,P,2017-03-16,2017-03-21,Spouse,"$1,001 - $15,000",5
D,Patty Murray,Senate,EXC,P,2017-03-16,2017-03-21,Spouse,"$1,001 - $15,000",5
D,Patty Murray,Senate,ETR,P,2017-03-16,2017-03-21,Spouse,"$1,001 - $15,000",5
D,Patty Murray,Senate,DNKN,P,2017-03-16,2017-03-21,Spouse,"$1,001 - $15,000",5
D,Patty Murray,Senate,DUK,P,2017-03-16,2017-03-21,Spouse,"$1,001 - $15,000",5
D,Patty Murray,Senate,DOW,P,2017-03-16,2017-03-21,Spouse,"$1,001 - $15,000",5
D,Patty Murray,Senate,DIS,P,2017-03-16,2017-03-21,Spouse,"$1,001 - $15,000",5
D,Patty Murray,Senate,CCI,P,2017-03-16,2017-03-21,Spouse,"$1,001 - $15,000",5
D,Patty Murray,Senate,COP,P,2017-03-16,2017-03-21,Spouse,"$1,001 - $15,000",5
D,Patty Murray,Senate,CMA,P,2017-03-16,2017-03-21,Spouse,"$1,001 - $15,000",5
D,Patty Murray,Senate,CMCSA,P,2017-03-16,2017-03-21,Spouse,"$1,001 - $15,000",5
D,Patty Murray,Senate,KO,P,2017-03-16,2017-03-21,Spouse,"$1,001 - $15,000",5
D,Patty Murray,Senate,CSCO,P,2017-03-16,2017-03-21,Spouse,"$1,001 - $15,000",5
D,Patty Murray,Senate,CVX,P,2017-03-16,2017-03-21,Spouse,"$1,001 - $15,000",5
D,Patty Murray,Senate,CVS,P,2017-03-16,2017-03-21,Spouse,"$1,001 - $15,000",5
D,Patty Murray,Senate,BMY,P,2017-03-16,2017-03-21,Spouse,"$1,001 - $15,000",5
D,Patty Murray,Senate,BA,P,2017-03-16,2017-03-21,Spouse,"$1,001 - $15,000",5
D,Patty Murray,Senate,BAC,P,2017-03-16,2017-03-21,Spouse,"$1,001 - $15,000",5
D,Patty Murray,Senate,BGS,P,2017-03-16,2017-03-21,Spouse,"$1,001 - $15,000",5
D,Patty Murray,Senate,AAPL,P,2017-03-16,2017-03-21,Spouse,"$1,001 - $15,000",5
D,Patty Murray,Senate,APA,P,2017-03-16,2017-03-21,Spouse,"$1,001 - $15,000",5
D,Patty Murray,Senate,AMGN,P,2017-03-16,2017-03-21,Spouse,"$1,001 - $15,000",5
D,Patty Murray,Senate,T,P,2017-03-16,2017-03-21,Spouse,"$1,001 - $15,000",5
D,Patty Murray,Senate,LYB,P,2017-03-16,2017-03-21,Spouse,"$1,001 - $15,000",5
D,Patty Murray,Senate,TEL,P,2017-03-16,2017-03-21,Spouse,"$1,001 - $15,000",5
D,Patty Murray,Senate,CB,P,2017-03-16,2017-03-21,Spouse,"$1,001 - $15,000",5
D,Patty Murray,Senate,MDT,P,2017-03-16,2017-03-21,Spouse,"$1,001 - $15,000",5
D,Patty Murray,Senate,ETN,P,2017-03-16,2017-03-21,Spouse,"$1,001 - $15,000",5
D,Patty Murray,Senate,DLPH,P,2017-03-16,2017-03-21,Spouse,"$1,001 - $15,000",5
D,John F Reed,Senate,ESRX,S,2017-03-15,2017-03-16,Joint,"$1,001 - $15,000",1
D,Sheldon Whitehouse,Senate,CVS,S,2017-02-23,2017-03-15,Child,"$15,001 - $50,000",20
D,Sheldon Whitehouse,Senate,JCI,P,2017-02-23,2017-03-15,Child,"$1,001 - $15,000",20
D,Sheldon Whitehouse,Senate,BMY,P,2017-02-23,2017-03-15,Child,"$1,001 - $15,000",20
D,Sheldon Whitehouse,Senate,JPM,P,2017-02-23,2017-03-15,Child,"$1,001 - $15,000",20
D,Sheldon Whitehouse,Senate,BUD,S,2017-02-23,2017-03-15,Child,"$1,001 - $15,000",20
D,Sheldon Whitehouse,Senate,DISH,P,2017-02-10,2017-03-15,Joint,"$1,001 - $15,000",33
D,Sheldon Whitehouse,Senate,EL,S,2017-02-23,2017-03-15,Joint,"$1,001 - $15,000",20
D,Sheldon Whitehouse,Senate,MCK,P,2017-02-23,2017-03-15,Joint,"$1,001 - $15,000",20
D,Sheldon Whitehouse,Senate,ABT,S,2017-02-23,2017-03-15,Joint,"$1,001 - $15,000",20
D,Sheldon Whitehouse,Senate,ADI,P,2017-02-10,2017-03-15,Self,"$15,001 - $50,000",33
D,Sheldon Whitehouse,Senate,PFE,P,2017-02-10,2017-03-15,Self,"$1,001 - $15,000",33
D,Thomas R Carper,Senate,RAI,P,2016-11-17,2017-03-14,Spouse,"$1,001 - $15,000",117
D,Thomas R Carper,Senate,SCCO,S,2016-11-14,2017-03-14,Spouse,"$1,001 - $15,000",120
D,Chris Van Hollen,Senate,YUMC,S,2017-02-17,2017-03-13,Self,"$1,001 - $15,000",24
D,Chris Van Hollen,Senate,YUM,S,2017-02-17,2017-03-13,Self,"$1,001 - $15,000",24
D,Chris Van Hollen,Senate,VZ,S,2017-02-17,2017-03-13,Self,"$1,001 - $15,000",24
D,Chris Van Hollen,Senate,PEP,S,2017-02-17,2017-03-13,Self,"$15,001 - $50,000",24
D,Chris Van Hollen,Senate,JNJ,S,2017-02-17,2017-03-13,Self,"$1,001 - $15,000",24
D,Chris Van Hollen,Senate,GE,S,2017-02-17,2017-03-13,Self,"$15,001 - $50,000",24
D,Chris Van Hollen,Senate,T,S,2017-02-17,2017-03-13,Self,"$1,001 - $15,000",24
D,John F Reed,Senate,CELG,P,2017-02-21,2017-03-09,Joint,"$1,001 - $15,000",16
D,John F Reed,Senate,TMO,P,2017-03-06,2017-03-07,Joint,"$1,001 - $15,000",1
D,John F Reed,Senate,XBI,P,2017-03-06,2017-03-07,Joint,"$1,001 - $15,000",1
D,John F Reed,Senate,FDX,P,2017-03-06,2017-03-07,Joint,"$1,001 - $15,000",1
D,John F Reed,Senate,ADI,P,2017-03-06,2017-03-07,Joint,"$1,001 - $15,000",1
D,John F Reed,Senate,AGN,P,2017-03-06,2017-03-07,Joint,"$1,001 - $15,000",1
D,John F Reed,Senate,HACK,P,2017-03-06,2017-03-07,Self,"$1,001 - $15,000",1
D,John F Reed,Senate,IYT,P,2017-03-06,2017-03-07,Self,"$1,001 - $15,000",1
D,John F Reed,Senate,ESRX,S,2017-03-06,2017-03-07,Self,"$1,001 - $15,000",1
R,John Hoeven,Senate,NGG,P,2017-03-02,2017-03-06,Self,"$100,001 - $250,000",4
R,John Hoeven,Senate,UPS,P,2017-03-02,2017-03-06,Self,"$50,001 - $100,000",4
R,John Hoeven,Senate,QCOM,P,2017-03-02,2017-03-06,Self,"$100,001 - $250,000",4
R,John Hoeven,Senate,KSS,P,2017-02-15,2017-03-06,Self,"$50,001 - $100,000",19
R,John Hoeven,Senate,CCI,P,2017-02-15,2017-03-06,Self,"$50,001 - $100,000",19
R,Patrick J Toomey,Senate,GE,P,2017-02-13,2017-03-03,Joint,"$1,001 - $15,000",18
R,Patrick J Toomey,Senate,VZ,S,2017-01-27,2017-03-03,Joint,"$15,001 - $50,000",35
R,Patrick J Toomey,Senate,XEL,P,2017-02-22,2017-03-03,Joint,"$15,001 - $50,000",9
R,Patrick J Toomey,Senate,TRV,P,2017-02-22,2017-03-03,Joint,"$1,001 - $15,000",9
R,Patrick J Toomey,Senate,DD,P,2017-02-22,2017-03-03,Joint,"$15,001 - $50,000",9
R,James M Inhofe,Senate,BMY,S,2017-02-28,2017-03-02,Self,"$15,001 - $50,000",2
R,James M Inhofe,Senate,XON,P,2017-02-16,2017-03-02,Self,"$15,001 - $50,000",14
R,James M Inhofe,Senate,AGN,S,2017-02-14,2017-03-02,Self,"$50,001 - $100,000",16
R,James M Inhofe,Senate,CERN,S,2017-02-10,2017-03-02,Self,"$50,001 - $100,000",20
R,James M Inhofe,Senate,SYF,S,2017-02-01,2017-03-02,Self,"$50,001 - $100,000",29
R,James M Inhofe,Senate,BMY,P,2017-02-01,2017-03-02,Self,"$15,001 - $50,000",29
D,Gary C Peters,Senate,MPW,P,2017-02-06,2017-03-02,Self,"$1,001 - $15,000",24
?,"David A Perdue , Jr",Senate,PFE,P,2017-02-27,2017-03-01,Joint,"$1,001 - $15,000",2
?,"David A Perdue , Jr",Senate,ENTG,S,2017-02-24,2017-03-01,Joint,"$1,001 - $15,000",5
?,"David A Perdue , Jr",Senate,WOOF,S,2017-02-23,2017-03-01,Joint,"$15,001 - $50,000",6
?,"David A Perdue , Jr",Senate,PFE,P,2017-02-22,2017-03-01,Spouse,"$15,001 - $50,000",7
?,"David A Perdue , Jr",Senate,PFE,P,2017-02-17,2017-03-01,Joint,"$1,001 - $15,000",12
?,"David A Perdue , Jr",Senate,PFE,P,2017-02-16,2017-03-01,Joint,"$1,001 - $15,000",13
?,"David A Perdue , Jr",Senate,PFE,P,2017-02-14,2017-03-01,Joint,"$1,001 - $15,000",15
?,"David A Perdue , Jr",Senate,ENTG,S,2017-02-14,2017-03-01,Joint,"$1,001 - $15,000",15
?,"David A Perdue , Jr",Senate,BAX,S,2017-02-13,2017-03-01,Joint,"$1,001 - $15,000",16
?,"David A Perdue , Jr",Senate,PFE,P,2017-02-13,2017-03-01,Joint,"$1,001 - $15,000",16
?,"David A Perdue , Jr",Senate,VIAB,S,2017-02-10,2017-03-01,Joint,"$1,001 - $15,000",19
?,"David A Perdue , Jr",Senate,WOOF,S,2017-02-10,2017-03-01,Joint,"$1,001 - $15,000",19
?,"David A Perdue , Jr",Senate,PFE,P,2017-02-10,2017-03-01,Joint,"$1,001 - $15,000",19
?,"David A Perdue , Jr",Senate,WOOF,S,2017-02-09,2017-03-01,Joint,"$1,001 - $15,000",20
?,"David A Perdue , Jr",Senate,PFE,P,2017-02-09,2017-03-01,Joint,"$1,001 - $15,000",20
?,"David A Perdue , Jr",Senate,PG,S,2017-02-08,2017-03-01,Joint,"$15,001 - $50,000",21
?,"David A Perdue , Jr",Senate,AMZN,P,2017-02-08,2017-03-01,Joint,"$15,001 - $50,000",21
?,"David A Perdue , Jr",Senate,ORCL,P,2017-02-08,2017-03-01,Joint,"$15,001 - $50,000",21
?,"David A Perdue , Jr",Senate,BAX,S,2017-02-08,2017-03-01,Joint,"$1,001 - $15,000",21
?,"David A Perdue , Jr",Senate,PFE,P,2017-02-08,2017-03-01,Joint,"$1,001 - $15,000",21
?,"David A Perdue , Jr",Senate,PKI,S,2017-02-08,2017-03-01,Joint,"$1,001 - $15,000",21
?,"David A Perdue , Jr",Senate,WOOF,S,2017-02-06,2017-03-01,Joint,"$1,001 - $15,000",23
?,"David A Perdue , Jr",Senate,FEYE,P,2017-02-07,2017-03-01,Joint,"$1,001 - $15,000",22
?,"David A Perdue , Jr",Senate,PFE,P,2017-02-07,2017-03-01,Joint,"$1,001 - $15,000",22
?,"David A Perdue , Jr",Senate,PFE,P,2017-02-06,2017-03-01,Joint,"$1,001 - $15,000",23
?,"David A Perdue , Jr",Senate,FEYE,P,2017-02-03,2017-03-01,Joint,"$1,001 - $15,000",26
?,"David A Perdue , Jr",Senate,VSM,P,2017-02-02,2017-03-01,Joint,"$1,001 - $15,000",27
?,"David A Perdue , Jr",Senate,FOXA,S,2017-02-01,2017-03-01,Joint,"$1,001 - $15,000",28
?,"David A Perdue , Jr",Senate,ENTG,S,2017-02-01,2017-03-01,Joint,"$1,001 - $15,000",28
?,"David A Perdue , Jr",Senate,WOOF,S,2017-02-01,2017-03-01,Joint,"$15,001 - $50,000",28
?,"David A Perdue , Jr",Senate,FOXA,S,2017-01-31,2017-03-01,Joint,"$1,001 - $15,000",29
R,John Cornyn,Senate,AAPL,S,2017-02-01,2017-02-24,Self,"$15,001 - $50,000",23
D,John F Reed,Senate,EMR,S,2017-01-30,2017-02-21,Joint,"$1,001 - $15,000",22
D,John F Reed,Senate,HON,P,2017-01-30,2017-02-21,Joint,"$1,001 - $15,000",22
D,John F Reed,Senate,PEP,S,2017-01-31,2017-02-21,Joint,"$1,001 - $15,000",21
R,Thomas R Tillis,Senate,AQFH,S,2017-02-03,2017-02-17,Joint,"$1,001 - $15,000",14
R,Thomas R Tillis,Senate,AQFH,S,2017-02-01,2017-02-17,Joint,"$15,001 - $50,000",16
D,Sheldon Whitehouse,Senate,MDT,S,2017-01-11,2017-02-14,Child,"$1,001 - $15,000",34
D,Sheldon Whitehouse,Senate,NVDA,P,2017-01-11,2017-02-14,Spouse,"$1,001 - $15,000",34
D,Sheldon Whitehouse,Senate,PANW,S,2017-01-11,2017-02-14,Spouse,"$1,001 - $15,000",34
D,Sheldon Whitehouse,Senate,UNH,S,2017-01-11,2017-02-14,Joint,"$15,001 - $50,000",34
D,Sheldon Whitehouse,Senate,AAPL,S,2017-01-11,2017-02-14,Joint,"$1,001 - $15,000",34
D,Sheldon Whitehouse,Senate,NSRGY,S,2017-01-11,2017-02-14,Joint,"$15,001 - $50,000",34
D,Sheldon Whitehouse,Senate,TMUS,P,2017-01-24,2017-02-14,Joint,"$15,001 - $50,000",21
D,Sheldon Whitehouse,Senate,IR,P,2017-01-24,2017-02-14,Joint,"$15,001 - $50,000",21
D,Sheldon Whitehouse,Senate,BA,P,2017-01-24,2017-02-14,Joint,"$1,001 - $15,000",21
D,Sheldon Whitehouse,Senate,MO,S,2017-01-30,2017-02-14,Joint,"$1,001 - $15,000",15
D,Sheldon Whitehouse,Senate,LW,S,2017-01-30,2017-02-14,Joint,"$1,001 - $15,000",15
D,Sheldon Whitehouse,Senate,IR,P,2017-01-25,2017-02-14,Self,"$15,001 - $50,000",20
D,Sheldon Whitehouse,Senate,USB,P,2017-01-25,2017-02-14,Self,"$1,001 - $15,000",20
R,Shelley M Capito,Senate,USB,P,2017-01-30,2017-02-11,Spouse,"$1,001 - $15,000",12
R,Patrick J Toomey,Senate,VZ,S,2017-01-27,2017-02-09,Joint,"$15,001 - $50,000",13
R,Patrick J Toomey,Senate,T,P,2017-01-25,2017-02-09,Joint,"$15,001 - $50,000",15
R,Patrick J Toomey,Senate,BAC,P,2017-01-25,2017-02-09,Joint,"$15,001 - $50,000",15
?,"David A Perdue , Jr",Senate,WPX,S,2017-01-27,2017-02-03,Joint,"$1,001 - $15,000",7
?,"David A Perdue , Jr",Senate,FOXA,S,2017-01-26,2017-02-03,Joint,"$1,001 - $15,000",8
?,"David A Perdue , Jr",Senate,DISCA,P,2017-01-26,2017-02-03,Joint,"$1,001 - $15,000",8
?,"David A Perdue , Jr",Senate,WPX,S,2017-01-26,2017-02-03,Joint,"$1,001 - $15,000",8
?,"David A Perdue , Jr",Senate,WPX,S,2017-01-20,2017-02-03,Joint,"$1,001 - $15,000",14
?,"David A Perdue , Jr",Senate,WPX,S,2017-01-19,2017-02-03,Joint,"$1,001 - $15,000",15
?,"David A Perdue , Jr",Senate,FOXA,S,2017-01-18,2017-02-03,Joint,"$1,001 - $15,000",16
?,"David A Perdue , Jr",Senate,VSM,P,2017-01-12,2017-02-03,Joint,"$1,001 - $15,000",22
?,"David A Perdue , Jr",Senate,FOXA,S,2017-01-10,2017-02-03,Joint,"$1,001 - $15,000",24
?,"David A Perdue , Jr",Senate,WFM,P,2017-01-09,2017-02-03,Joint,"$1,001 - $15,000",25
?,"David A Perdue , Jr",Senate,VSM,P,2017-01-04,2017-02-03,Joint,"$1,001 - $15,000",30
D,John F Reed,Senate,QCOM,S,2017-01-18,2017-02-01,Self,"$1,001 - $15,000",14
D,John F Reed,Senate,NXPI,S,2017-01-18,2017-02-01,Self,"$1,001 - $15,000",14
R,Pat Roberts,Senate,FB,P,2017-01-19,2017-01-30,Spouse,"$1,001 - $15,000",11
R,Pat Roberts,Senate,TJX,P,2017-01-09,2017-01-30,Spouse,"$1,001 - $15,000",21
R,Pat Roberts,Senate,NOC,P,2017-01-03,2017-01-30,Spouse,"$1,001 - $15,000",27
R,James M Inhofe,Senate,CHKP,P,2017-01-26,2017-01-27,Self,"$50,001 - $100,000",1
R,James M Inhofe,Senate,WFC,S,2017-01-19,2017-01-27,Self,"$50,001 - $100,000",8
R,James M Inhofe,Senate,UL,P,2017-01-19,2017-01-27,Self,"$15,001 - $50,000",8
R,James M Inhofe,Senate,ARW,S,2017-01-11,2017-01-27,Self,"$50,001 - $100,000",16
R,James M Inhofe,Senate,BUD,P,2017-01-11,2017-01-27,Self,"$50,001 - $100,000",16
R,John Hoeven,Senate,MRK,S,2017-01-25,2017-01-25,Self,"$50,001 - $100,000",0
R,John Hoeven,Senate,WTW,P,2017-01-24,2017-01-25,Self,"$50,001 - $100,000",1
R,John Hoeven,Senate,VFC,P,2017-01-23,2017-01-25,Self,"$50,001 - $100,000",2
R,John Hoeven,Senate,JNJ,S,2017-01-20,2017-01-25,Self,"$100,001 - $250,000",5
R,John Hoeven,Senate,ABBV,S,2017-01-20,2017-01-25,Self,"$100,001 - $250,000",5
R,John Hoeven,Senate,PFE,S,2017-01-20,2017-01-25,Self,"$50,001 - $100,000",5
R,John Hoeven,Senate,BMY,S,2017-01-20,2017-01-25,Self,"$50,001 - $100,000",5
R,John Hoeven,Senate,AMGN,S,2017-01-20,2017-01-25,Self,"$50,001 - $100,000",5
R,John Hoeven,Senate,VZ,P,2017-01-20,2017-01-25,Self,"$50,001 - $100,000",5
R,John Hoeven,Senate,PG,P,2017-01-20,2017-01-25,Self,"$100,001 - $250,000",5
R,John Hoeven,Senate,PEP,P,2017-01-20,2017-01-25,Self,"$100,001 - $250,000",5
R,John Hoeven,Senate,INTC,P,2017-01-20,2017-01-25,Self,"$50,001 - $100,000",5
R,John Hoeven,Senate,KO,P,2017-01-20,2017-01-25,Self,"$100,001 - $250,000",5
R,John Hoeven,Senate,CSCO,P,2017-01-20,2017-01-25,Self,"$100,001 - $250,000",5
R,John Hoeven,Senate,T,P,2017-01-20,2017-01-25,Self,"$50,001 - $100,000",5
D,Gary C Peters,Senate,SPG,P,2016-12-30,2017-01-17,Self,"$1,001 - $15,000",18
D,Sheldon Whitehouse,Senate,GS,P,2016-12-13,2017-01-11,Spouse,"$1,001 - $15,000",29
D,Sheldon Whitehouse,Senate,GILD,S,2016-12-23,2017-01-11,Joint,"$1,001 - $15,000",19
D,Sheldon Whitehouse,Senate,PSA,S,2016-12-23,2017-01-11,Joint,"$15,001 - $50,000",19
D,Sheldon Whitehouse,Senate,BIIB,S,2016-12-23,2017-01-11,Joint,"$1,001 - $15,000",19
D,Sheldon Whitehouse,Senate,BIIB,S,2016-12-13,2017-01-11,Self,"$15,001 - $50,000",29
D,Sheldon Whitehouse,Senate,AMGN,S,2016-12-23,2017-01-11,Self,"$1,001 - $15,000",19
R,Susan M Collins,Senate,PRGO,P,2016-12-30,2017-01-10,Spouse,"$15,001 - $50,000",11
R,Susan M Collins,Senate,ESRX,S,2016-12-16,2017-01-10,Spouse,"$1,001 - $15,000",25
R,Susan M Collins,Senate,VZ,S,2016-12-01,2017-01-10,Spouse,"$1,001 - $15,000",40
R,Susan M Collins,Senate,SRCL,S,2016-12-01,2017-01-10,Spouse,"$15,001 - $50,000",40
R,Susan M Collins,Senate,GOOG,S,2016-12-01,2017-01-10,Spouse,"$1,001 - $15,000",40
R,Susan M Collins,Senate,COP,P,2016-12-30,2017-01-10,Spouse,"$15,001 - $50,000",11
R,Susan M Collins,Senate,TSCO,P,2016-12-01,2017-01-10,Spouse,"$15,001 - $50,000",40
R,Susan M Collins,Senate,TMK,P,2016-12-01,2017-01-10,Spouse,"$1,001 - $15,000",40
R,Susan M Collins,Senate,MTD,P,2016-12-01,2017-01-10,Spouse,"$1,001 - $15,000",40
R,Susan M Collins,Senate,HOLX,P,2016-12-01,2017-01-10,Spouse,"$15,001 - $50,000",40
R,Susan M Collins,Senate,AWK,P,2016-12-01,2017-01-10,Spouse,"$15,001 - $50,000",40
R,James M Inhofe,Senate,GILD,P,2016-12-15,2017-01-05,Self,"$50,001 - $100,000",21
R,John Hoeven,Senate,SPG,P,2017-01-04,2017-01-04,Self,"$100,001 - $250,000",0
R,John Hoeven,Senate,NKE,P,2017-01-04,2017-01-04,Self,"$100,001 - $250,000",0
R,John Hoeven,Senate,CSX,S,2016-12-28,2017-01-04,Self,"$50,001 - $100,000",7
R,John Hoeven,Senate,F,S,2016-12-28,2017-01-04,Self,"$100,001 - $250,000",7
D,John F Reed,Senate,ZBH,S,2016-12-16,2017-01-04,Joint,"$1,001 - $15,000",19
?,"David A Perdue , Jr",Senate,VSM,P,2016-12-22,2017-01-03,Joint,"$1,001 - $15,000",12
?,"David A Perdue , Jr",Senate,ENB,P,2016-12-16,2017-01-03,Joint,"$1,001 - $15,000",18
?,"David A Perdue , Jr",Senate,DIS,P,2016-12-16,2017-01-03,Joint,"$1,001 - $15,000",18
?,"David A Perdue , Jr",Senate,FEYE,P,2016-12-16,2017-01-03,Joint,"$1,001 - $15,000",18
?,"David A Perdue , Jr",Senate,WMB,P,2016-12-15,2017-01-03,Joint,"$15,001 - $50,000",19
?,"David A Perdue , Jr",Senate,OKS,P,2016-12-14,2017-01-03,Joint,"$1,001 - $15,000",20
?,"David A Perdue , Jr",Senate,EPD,S,2016-12-13,2017-01-03,Joint,"$1,001 - $15,000",21
?,"David A Perdue , Jr",Senate,BPL,S,2016-12-13,2017-01-03,Joint,"$15,001 - $50,000",21
?,"David A Perdue , Jr",Senate,ETP,S,2016-12-12,2017-01-03,Joint,"$1,001 - $15,000",22
?,"David A Perdue , Jr",Senate,WMB,P,2016-12-12,2017-01-03,Joint,"$1,001 - $15,000",22
?,"David A Perdue , Jr",Senate,BAC,S,2016-12-12,2017-01-03,Joint,"$1,001 - $15,000",22
?,"David A Perdue , Jr",Senate,BAC,S,2016-12-09,2017-01-03,Joint,"$1,001 - $15,000",25
?,"David A Perdue , Jr",Senate,BAC,S,2016-12-08,2017-01-03,Joint,"$1,001 - $15,000",26
?,"David A Perdue , Jr",Senate,DIS,P,2016-12-07,2017-01-03,Joint,"$1,001 - $15,000",27
R,Pat Roberts,Senate,BA,S,2016-12-27,2016-12-30,Spouse,"$15,001 - $50,000",3
R,Pat Roberts,Senate,FB,S,2016-12-27,2016-12-30,Spouse,"$1,001 - $15,000",3
R,Pat Roberts,Senate,BAC,P,2016-12-15,2016-12-30,Spouse,"$1,001 - $15,000",15
R,Pat Roberts,Senate,CVX,S,2016-12-27,2016-12-30,Spouse,"$15,001 - $50,000",3
R,Pat Roberts,Senate,NFLX,S,2016-12-27,2016-12-30,Spouse,"$15,001 - $50,000",3
R,Pat Roberts,Senate,ZNGA,S,2016-12-15,2016-12-30,Spouse,"$1,001 - $15,000",15
R,Pat Roberts,Senate,AAPL,P,2016-12-15,2016-12-30,Spouse,"$1,001 - $15,000",15
R,Pat Roberts,Senate,TJX,S,2016-12-15,2016-12-30,Spouse,"$1,001 - $15,000",15
R,John Hoeven,Senate,USB,S,2016-12-22,2016-12-22,Self,"$15,001 - $50,000",0
R,John Hoeven,Senate,UNP,S,2016-12-22,2016-12-22,Self,"$100,001 - $250,000",0
R,John Hoeven,Senate,VSAT,S,2016-12-22,2016-12-22,Self,"$15,001 - $50,000",0
R,John Hoeven,Senate,IBM,S,2016-12-22,2016-12-22,Self,"$100,001 - $250,000",0
R,John Hoeven,Senate,VLO,S,2016-12-16,2016-12-20,Self,"$100,001 - $250,000",4
R,John Hoeven,Senate,CAT,S,2016-12-16,2016-12-20,Self,"$100,001 - $250,000",4
R,John Hoeven,Senate,UA,S,2016-12-16,2016-12-20,Self,"$50,001 - $100,000",4
R,John Hoeven,Senate,UAA,S,2016-12-16,2016-12-20,Self,"$15,001 - $50,000",4
R,John Hoeven,Senate,CTL,S,2016-12-16,2016-12-20,Self,"$100,001 - $250,000",4
R,John Hoeven,Senate,BX,S,2016-12-19,2016-12-20,Self,"$100,001 - $250,000",1
R,John Hoeven,Senate,DEO,S,2016-12-19,2016-12-20,Self,"$100,001 - $250,000",1
R,Shelley M Capito,Senate,JWN,S,2016-11-14,2016-12-17,Spouse,"$1,001 - $15,000",33
D,Gary C Peters,Senate,CVS,P,2016-11-30,2016-12-16,Self,"$1,001 - $15,000",16
R,James M Inhofe,Senate,CERN,P,2016-12-01,2016-12-06,Self,"$50,001 - $100,000",5
R,James M Inhofe,Senate,CTSH,S,2016-11-15,2016-12-06,Self,"$15,001 - $50,000",21
R,Pat Roberts,Senate,NOC,P,2016-11-14,2016-12-01,Spouse,"$1,001 - $15,000",17
R,Pat Roberts,Senate,COST,P,2016-11-14,2016-12-01,Spouse,"$15,001 - $50,000",17
R,Pat Roberts,Senate,HDS,S,2016-11-15,2016-12-01,Spouse,"$1,001 - $15,000",16
D,Thomas R Carper,Senate,RAI,P,2016-11-17,2016-12-01,Spouse,"$1,001 - $15,000",14
D,Thomas R Carper,Senate,SCCO,S,2016-11-14,2016-12-01,Spouse,"$1,001 - $15,000",17
D,Thomas R Carper,Senate,ASIX,S,2016-11-08,2016-12-01,Spouse,"$1,001 - $15,000",23
D,John F Reed,Senate,EEM,S,2016-11-23,2016-11-28,Joint,"$1,001 - $15,000",5
D,John F Reed,Senate,TMO,P,2016-11-23,2016-11-28,Joint,"$1,001 - $15,000",5
D,John F Reed,Senate,XSD,P,2016-11-23,2016-11-28,Joint,"$1,001 - $15,000",5
D,John F Reed,Senate,ISRG,P,2016-11-23,2016-11-28,Joint,"$1,001 - $15,000",5
D,John F Reed,Senate,WETF,P,2016-11-23,2016-11-28,Joint,"$1,001 - $15,000",5
D,John F Reed,Senate,VWO,P,2016-11-23,2016-11-28,Joint,"$1,001 - $15,000",5
D,John F Reed,Senate,FEYE,S,2016-11-23,2016-11-28,Self,"$1,001 - $15,000",5
D,John F Reed,Senate,HACK,P,2016-11-23,2016-11-28,Self,"$1,001 - $15,000",5
R,William Cassidy,Senate,CVX,S,2016-10-31,2016-11-21,Spouse,"$1,001 - $15,000",21
R,William Cassidy,Senate,QCOM,S,2016-10-31,2016-11-21,Spouse,"$1,001 - $15,000",21
R,William Cassidy,Senate,PX,S,2016-10-31,2016-11-21,Spouse,"$1,001 - $15,000",21
R,William Cassidy,Senate,NSC,S,2016-10-31,2016-11-21,Spouse,"$1,001 - $15,000",21
R,William Cassidy,Senate,JNJ,S,2016-10-31,2016-11-21,Spouse,"$1,001 - $15,000",21
R,William Cassidy,Senate,EV,S,2016-10-31,2016-11-21,Spouse,"$1,001 - $15,000",21
R,William Cassidy,Senate,VFC,P,2016-10-31,2016-11-21,Spouse,"$1,001 - $15,000",21
R,William Cassidy,Senate,PPG,P,2016-10-31,2016-11-21,Spouse,"$1,001 - $15,000",21
R,William Cassidy,Senate,LOW,P,2016-10-31,2016-11-21,Spouse,"$1,001 - $15,000",21
R,William Cassidy,Senate,GWW,P,2016-10-31,2016-11-21,Spouse,"$1,001 - $15,000",21
R,William Cassidy,Senate,CVS,P,2016-10-31,2016-11-21,Spouse,"$1,001 - $15,000",21
R,William Cassidy,Senate,AMGN,P,2016-10-31,2016-11-21,Spouse,"$1,001 - $15,000",21
?,"Angus S King, Jr.",Senate,TEVA,S,2016-10-19,2016-11-10,Spouse,"$1,001 - $15,000",22
?,"Angus S King, Jr.",Senate,GE,S,2016-10-19,2016-11-10,Spouse,"$1,001 - $15,000",22
D,Gary C Peters,Senate,CVS,P,2016-10-17,2016-11-08,Self,"$1,001 - $15,000",22
D,Sheldon Whitehouse,Senate,ASIX,E,2016-10-03,2016-11-07,Child,"$1,001 - $15,000",35
D,Sheldon Whitehouse,Senate,HSBC,S,2016-10-26,2016-11-07,Joint,"$1,001 - $15,000",12
D,Sheldon Whitehouse,Senate,HAS,P,2016-10-26,2016-11-07,Child,"$1,001 - $15,000",12
D,Sheldon Whitehouse,Senate,DIS,P,2016-10-26,2016-11-07,Child,"$1,001 - $15,000",12
D,Sheldon Whitehouse,Senate,JPM,P,2016-10-26,2016-11-07,Spouse,"$1,001 - $15,000",12
D,Sheldon Whitehouse,Senate,IBM,P,2016-10-26,2016-11-07,Spouse,"$1,001 - $15,000",12
D,Sheldon Whitehouse,Senate,MCK,P,2016-10-26,2016-11-07,Joint,"$1,001 - $15,000",12
D,Sheldon Whitehouse,Senate,MA,P,2016-10-26,2016-11-07,Joint,"$1,001 - $15,000",12
D,Sheldon Whitehouse,Senate,CB,P,2016-10-26,2016-11-07,Joint,"$1,001 - $15,000",12
D,Sheldon Whitehouse,Senate,DEO,P,2016-10-26,2016-11-07,Self,"$1,001 - $15,000",12
D,Sheldon Whitehouse,Senate,WFC,S,2016-10-26,2016-11-07,Self,"$1,001 - $15,000",12
?,"David A Perdue , Jr",Senate,CAB,S,2016-10-27,2016-11-02,Joint,"$1,001 - $15,000",6
?,"David A Perdue , Jr",Senate,GLW,S,2016-10-24,2016-11-02,Joint,"$1,001 - $15,000",9
?,"David A Perdue , Jr",Senate,FEYE,P,2016-10-21,2016-11-02,Joint,"$1,001 - $15,000",12
?,"David A Perdue , Jr",Senate,FEYE,P,2016-10-19,2016-11-02,Joint,"$1,001 - $15,000",14
?,"David A Perdue , Jr",Senate,CAB,S,2016-10-12,2016-11-02,Joint,"$1,001 - $15,000",21
?,"David A Perdue , Jr",Senate,FEYE,P,2016-10-12,2016-11-02,Joint,"$1,001 - $15,000",21
?,"David A Perdue , Jr",Senate,BAX,S,2016-10-12,2016-11-02,Joint,"$1,001 - $15,000",21
?,"David A Perdue , Jr",Senate,CAB,S,2016-10-11,2016-11-02,Joint,"$15,001 - $50,000",22
?,"David A Perdue , Jr",Senate,CAB,S,2016-10-06,2016-11-02,Joint,"$15,001 - $50,000",27
?,"David A Perdue , Jr",Senate,SPY,P,2016-10-05,2016-11-02,Joint,"$50,001 - $100,000",28
?,"David A Perdue , Jr",Senate,MOS,S,2016-10-05,2016-11-02,Joint,"$50,001 - $100,000",28
R,James M Inhofe,Senate,CSX,S,2016-10-12,2016-10-20,Self,"$50,001 - $100,000",8
R,James M Inhofe,Senate,DIS,P,2016-09-30,2016-10-20,Self,"$50,001 - $100,000",20
R,James M Inhofe,Senate,A,S,2016-09-13,2016-10-20,Self,"$50,001 - $100,000",37
R,James M Inhofe,Senate,AGN,P,2016-09-13,2016-10-20,Self,"$15,001 - $50,000",37
R,Patrick J Toomey,Senate,PEY,S,2016-09-13,2016-10-18,Joint,"$15,001 - $50,000",35
R,Patrick J Toomey,Senate,BUNT,P,2016-09-20,2016-10-18,Joint,"$1,001 - $15,000",28
D,John F Reed,Senate,IYT,P,2016-10-06,2016-10-17,Self,"$1,001 - $15,000",11
R,Susan M Collins,Senate,WFC,S,2016-09-23,2016-10-11,Spouse,"$15,001 - $50,000",18
R,Susan M Collins,Senate,USB,P,2016-09-23,2016-10-11,Spouse,"$15,001 - $50,000",18
D,Sheldon Whitehouse,Senate,GILD,S,2016-09-06,2016-10-07,Child,"$1,001 - $15,000",31
D,Sheldon Whitehouse,Senate,MAR,E,2016-09-26,2016-10-07,Child,"$1,001 - $15,000",11
D,Sheldon Whitehouse,Senate,FB,P,2016-09-28,2016-10-07,Spouse,"$1,001 - $15,000",9
D,Sheldon Whitehouse,Senate,NFLX,S,2016-09-06,2016-10-07,Joint,"$15,001 - $50,000",31
D,Sheldon Whitehouse,Senate,NSRGY,S,2016-09-06,2016-10-07,Joint,"$15,001 - $50,000",31
D,Sheldon Whitehouse,Senate,WEC,S,2016-09-22,2016-10-07,Joint,"$1,001 - $15,000",15
D,Sheldon Whitehouse,Senate,DIS,P,2016-09-22,2016-10-07,Joint,"$1,001 - $15,000",15
D,Sheldon Whitehouse,Senate,SO,S,2016-09-22,2016-10-07,Joint,"$1,001 - $15,000",15
D,Sheldon Whitehouse,Senate,EL,P,2016-09-28,2016-10-07,Joint,"$1,001 - $15,000",9
D,Sheldon Whitehouse,Senate,MCK,P,2016-09-28,2016-10-07,Joint,"$1,001 - $15,000",9
D,Sheldon Whitehouse,Senate,VOD,S,2016-09-28,2016-10-07,Joint,"$1,001 - $15,000",9
D,Sheldon Whitehouse,Senate,BA,P,2016-09-28,2016-10-07,Joint,"$1,001 - $15,000",9
D,Sheldon Whitehouse,Senate,AXP,S,2016-09-28,2016-10-07,Self,"$15,001 - $50,000",9
D,Sheldon Whitehouse,Senate,WM,P,2016-09-28,2016-10-07,Self,"$1,001 - $15,000",9
D,Sheldon Whitehouse,Senate,REGN,P,2016-09-06,2016-10-07,Self,"$1,001 - $15,000",31
D,John F Reed,Senate,TMO,P,2016-09-22,2016-10-05,Joint,"$1,001 - $15,000",13
D,John F Reed,Senate,DHR,P,2016-09-22,2016-10-05,Joint,"$1,001 - $15,000",13
D,Thomas R Carper,Senate,MDT,S,2016-09-26,2016-10-04,Spouse,"$1,001 - $15,000",8
?,"David A Perdue , Jr",Senate,PG,S,2016-09-23,2016-09-30,Joint,"$1,001 - $15,000",7
?,"David A Perdue , Jr",Senate,WLK,P,2016-09-28,2016-09-30,Joint,"$1,001 - $15,000",2
?,"David A Perdue , Jr",Senate,PG,S,2016-09-27,2016-09-30,Joint,"$15,001 - $50,000",3
?,"David A Perdue , Jr",Senate,EPD,S,2016-09-21,2016-09-30,Joint,"$1,001 - $15,000",9
?,"David A Perdue , Jr",Senate,ENB,P,2016-09-21,2016-09-30,Joint,"$15,001 - $50,000",9
?,"David A Perdue , Jr",Senate,ETP,S,2016-09-15,2016-09-30,Joint,"$15,001 - $50,000",15
?,"David A Perdue , Jr",Senate,GEL,S,2016-09-13,2016-09-30,Joint,"$1,001 - $15,000",17
?,"David A Perdue , Jr",Senate,PAA,P,2016-09-13,2016-09-30,Joint,"$15,001 - $50,000",17
?,"David A Perdue , Jr",Senate,WPZ,S,2016-09-13,2016-09-30,Joint,"$1,001 - $15,000",17
?,"David A Perdue , Jr",Senate,SBUX,P,2016-09-12,2016-09-30,Joint,"$1,001 - $15,000",18
?,"David A Perdue , Jr",Senate,SE,S,2016-09-12,2016-09-30,Joint,"$15,001 - $50,000",18
?,"David A Perdue , Jr",Senate,WFM,P,2016-09-07,2016-09-30,Joint,"$1,001 - $15,000",23
?,"David A Perdue , Jr",Senate,DISCA,P,2016-09-06,2016-09-30,Joint,"$1,001 - $15,000",24
?,"David A Perdue , Jr",Senate,USG,P,2016-09-06,2016-09-30,Joint,"$1,001 - $15,000",24
?,"David A Perdue , Jr",Senate,WPX,S,2016-09-01,2016-09-30,Joint,"$1,001 - $15,000",29
?,"David A Perdue , Jr",Senate,USG,P,2016-09-01,2016-09-30,Joint,"$1,001 - $15,000",29
D,John F Reed,Senate,TMO,P,2016-09-12,2016-09-19,Self,"$1,001 - $15,000",7
D,John F Reed,Senate,IYT,P,2016-09-12,2016-09-19,Self,"$1,001 - $15,000",7
D,John F Reed,Senate,DHR,P,2016-09-12,2016-09-19,Self,"$1,001 - $15,000",7
D,John F Reed,Senate,IYT,P,2016-09-02,2016-09-19,Self,"$1,001 - $15,000",17
R,James M Inhofe,Senate,PRGO,S,2016-08-12,2016-09-12,Self,"$50,001 - $100,000",31
D,Sheldon Whitehouse,Senate,NFLX,S,2016-09-06,2016-09-09,Joint,"$15,001 - $50,000",3
D,Sheldon Whitehouse,Senate,NSRGY,S,2016-09-06,2016-09-09,Joint,"$15,001 - $50,000",3
D,Sheldon Whitehouse,Senate,PSA,P,2016-08-18,2016-09-09,Joint,"$1,001 - $15,000",22
D,Sheldon Whitehouse,Senate,MET,P,2016-08-18,2016-09-09,Joint,"$1,001 - $15,000",22
D,Sheldon Whitehouse,Senate,GE,S,2016-08-18,2016-09-09,Spouse,"$1,001 - $15,000",22
D,Sheldon Whitehouse,Senate,TJX,S,2016-08-18,2016-09-09,Spouse,"$1,001 - $15,000",22
D,Sheldon Whitehouse,Senate,SBUX,P,2016-08-18,2016-09-09,Child,"$1,001 - $15,000",22
D,Sheldon Whitehouse,Senate,GILD,S,2016-09-06,2016-09-09,Child,"$1,001 - $15,000",3
D,Sheldon Whitehouse,Senate,BMY,S,2016-08-18,2016-09-09,Child,"$1,001 - $15,000",22
D,Sheldon Whitehouse,Senate,REGN,P,2016-09-06,2016-09-09,Self,"$1,001 - $15,000",3
D,Sheldon Whitehouse,Senate,RYAAY,S,2016-08-18,2016-09-09,Self,"$15,001 - $50,000",22
D,Sheldon Whitehouse,Senate,UA,S,2016-08-08,2016-09-09,Self,"$1,001 - $15,000",32
D,Sheldon Whitehouse,Senate,FB,P,2016-08-05,2016-09-09,Self,"$1,001 - $15,000",35
R,Susan M Collins,Senate,TMK,P,2016-08-01,2016-09-09,Spouse,"$15,001 - $50,000",39
R,Susan M Collins,Senate,RHT,P,2016-08-01,2016-09-09,Spouse,"$15,001 - $50,000",39
R,Patrick J Toomey,Senate,CVX,S,2016-08-03,2016-09-07,Joint,"$15,001 - $50,000",35
?,"David A Perdue , Jr",Senate,BAX,S,2016-08-30,2016-09-01,Joint,"$1,001 - $15,000",2
?,"David A Perdue , Jr",Senate,BAX,S,2016-08-26,2016-09-01,Joint,"$1,001 - $15,000",6
?,"David A Perdue , Jr",Senate,BAX,S,2016-08-25,2016-09-01,Joint,"$1,001 - $15,000",7
?,"David A Perdue , Jr",Senate,HYH,S,2016-08-23,2016-09-01,Joint,"$1,001 - $15,000",9
?,"David A Perdue , Jr",Senate,HYH,S,2016-08-22,2016-09-01,Joint,"$1,001 - $15,000",10
?,"David A Perdue , Jr",Senate,FE,S,2016-08-16,2016-09-01,Joint,"$1,001 - $15,000",16
?,"David A Perdue , Jr",Senate,EXR,P,2016-08-16,2016-09-01,Joint,"$15,001 - $50,000",16
?,"David A Perdue , Jr",Senate,FEYE,P,2016-08-15,2016-09-01,Joint,"$1,001 - $15,000",17
?,"David A Perdue , Jr",Senate,WPZ,S,2016-08-11,2016-09-01,Joint,"$1,001 - $15,000",21
?,"David A Perdue , Jr",Senate,BMY,P,2016-08-11,2016-09-01,Joint,"$1,001 - $15,000",21
?,"David A Perdue , Jr",Senate,FEYE,P,2016-08-10,2016-09-01,Joint,"$1,001 - $15,000",22
?,"David A Perdue , Jr",Senate,FEYE,P,2016-08-09,2016-09-01,Joint,"$1,001 - $15,000",23
?,"David A Perdue , Jr",Senate,FEYE,P,2016-08-08,2016-09-01,Joint,"$1,001 - $15,000",24
?,"David A Perdue , Jr",Senate,FEYE,P,2016-08-05,2016-09-01,Joint,"$15,001 - $50,000",27
?,"David A Perdue , Jr",Senate,FOXA,P,2016-08-04,2016-09-01,Joint,"$15,001 - $50,000",28
R,John Hoeven,Senate,TJX,P,2016-08-23,2016-08-29,Self,"$50,001 - $100,000",6
R,John Hoeven,Senate,RL,S,2016-08-19,2016-08-29,Self,"$100,001 - $250,000",10
R,John Hoeven,Senate,JCI,S,2016-08-22,2016-08-29,Self,"$100,001 - $250,000",7
R,John Hoeven,Senate,HAS,P,2016-08-22,2016-08-29,Self,"$50,001 - $100,000",7
R,John Hoeven,Senate,BMY,P,2016-08-22,2016-08-29,Self,"$50,001 - $100,000",7
R,John Hoeven,Senate,MCD,P,2016-08-22,2016-08-29,Self,"$50,001 - $100,000",7
D,Sheldon Whitehouse,Senate,C,S,2016-07-26,2016-08-22,Joint,"$1,001 - $15,000",27
D,Sheldon Whitehouse,Senate,DHR,P,2016-07-26,2016-08-22,Joint,"$1,001 - $15,000",27
D,Sheldon Whitehouse,Senate,FB,P,2016-07-29,2016-08-22,Spouse,"$1,001 - $15,000",24
D,Sheldon Whitehouse,Senate,WM,P,2016-07-07,2016-08-22,Child,"$1,001 - $15,000",46
D,Sheldon Whitehouse,Senate,ESRX,S,2016-07-07,2016-08-22,Child,"$1,001 - $15,000",46
D,Sheldon Whitehouse,Senate,HAS,P,2016-07-07,2016-08-22,Child,"$1,001 - $15,000",46
D,Sheldon Whitehouse,Senate,GILD,P,2016-07-21,2016-08-22,Child,"$1,001 - $15,000",32
D,Sheldon Whitehouse,Senate,AAPL,S,2016-07-26,2016-08-22,Self,"$1,001 - $15,000",27
?,"Angus S King, Jr.",Senate,EMC,S,2016-07-14,2016-08-16,Spouse,"$1,001 - $15,000",33
?,"David A Perdue , Jr",Senate,DVN,P,2015-12-15,2016-08-12,Joint,"$15,001 - $50,000",241
?,"David A Perdue , Jr",Senate,AAN,S,2015-09-02,2016-08-12,Joint,"$1,001 - $15,000",345
?,"David A Perdue , Jr",Senate,GLW,P,2015-09-02,2016-08-12,Joint,"$1,001 - $15,000",345
?,"David A Perdue , Jr",Senate,BK,S,2015-09-02,2016-08-12,Joint,"$1,001 - $15,000",345
?,"David A Perdue , Jr",Senate,BK,S,2015-09-01,2016-08-12,Joint,"$1,001 - $15,000",346
?,"David A Perdue , Jr",Senate,GLW,P,2015-09-01,2016-08-12,Joint,"$1,001 - $15,000",346
?,"David A Perdue , Jr",Senate,CIT,S,2015-08-31,2016-08-12,Joint,"$1,001 - $15,000",347
?,"David A Perdue , Jr",Senate,BK,S,2015-08-31,2016-08-12,Joint,"$1,001 - $15,000",347
?,"David A Perdue , Jr",Senate,DVN,P,2015-08-31,2016-08-12,Joint,"$1,001 - $15,000",347
?,"David A Perdue , Jr",Senate,BAX,P,2015-08-28,2016-08-12,Joint,"$1,001 - $15,000",350
?,"David A Perdue , Jr",Senate,CIT,S,2015-08-28,2016-08-12,Joint,"$1,001 - $15,000",350
?,"David A Perdue , Jr",Senate,GLW,P,2015-08-28,2016-08-12,Joint,"$1,001 - $15,000",350
?,"David A Perdue , Jr",Senate,AAN,S,2015-08-27,2016-08-12,Joint,"$1,001 - $15,000",351
?,"David A Perdue , Jr",Senate,CIT,S,2015-08-27,2016-08-12,Joint,"$1,001 - $15,000",351
?,"David A Perdue , Jr",Senate,BAX,P,2015-08-27,2016-08-12,Joint,"$1,001 - $15,000",351
?,"David A Perdue , Jr",Senate,DVN,P,2015-08-27,2016-08-12,Joint,"$1,001 - $15,000",351
?,"David A Perdue , Jr",Senate,GLW,P,2015-08-27,2016-08-12,Joint,"$1,001 - $15,000",351
?,"David A Perdue , Jr",Senate,CIT,S,2015-08-26,2016-08-12,Joint,"$1,001 - $15,000",352
?,"David A Perdue , Jr",Senate,BAX,P,2015-08-26,2016-08-12,Joint,"$1,001 - $15,000",352
?,"David A Perdue , Jr",Senate,PG,P,2015-08-25,2016-08-12,Joint,"$15,001 - $50,000",353
?,"David A Perdue , Jr",Senate,CIT,S,2015-08-25,2016-08-12,Joint,"$1,001 - $15,000",353
?,"David A Perdue , Jr",Senate,BAX,P,2015-08-25,2016-08-12,Joint,"$1,001 - $15,000",353
?,"David A Perdue , Jr",Senate,DE,S,2015-08-25,2016-08-12,Joint,"$1,001 - $15,000",353
?,"David A Perdue , Jr",Senate,AAN,S,2015-08-25,2016-08-12,Joint,"$1,001 - $15,000",353
?,"David A Perdue , Jr",Senate,QCOM,P,2015-08-24,2016-08-12,Joint,"$1,001 - $15,000",354
?,"David A Perdue , Jr",Senate,IP,P,2015-08-24,2016-08-12,Joint,"$15,001 - $50,000",354
?,"David A Perdue , Jr",Senate,PSX,P,2015-08-24,2016-08-12,Joint,"$1,001 - $15,000",354
?,"David A Perdue , Jr",Senate,KMI,P,2015-08-24,2016-08-12,Joint,"$15,001 - $50,000",354
?,"David A Perdue , Jr",Senate,SBUX,P,2015-08-24,2016-08-12,Joint,"$15,001 - $50,000",354
?,"David A Perdue , Jr",Senate,BAX,P,2015-08-24,2016-08-12,Joint,"$1,001 - $15,000",354
?,"David A Perdue , Jr",Senate,CIT,S,2015-08-24,2016-08-12,Joint,"$1,001 - $15,000",354
?,"David A Perdue , Jr",Senate,DISCA,P,2015-08-21,2016-08-12,Joint,"$1,001 - $15,000",357
?,"David A Perdue , Jr",Senate,BAX,P,2015-08-21,2016-08-12,Joint,"$1,001 - $15,000",357
?,"David A Perdue , Jr",Senate,CIT,S,2015-08-21,2016-08-12,Joint,"$1,001 - $15,000",357
?,"David A Perdue , Jr",Senate,CBS,P,2015-08-20,2016-08-12,Joint,"$1,001 - $15,000",358
?,"David A Perdue , Jr",Senate,BAX,P,2015-08-20,2016-08-12,Joint,"$15,001 - $50,000",358
?,"David A Perdue , Jr",Senate,DISCA,P,2015-08-20,2016-08-12,Joint,"$1,001 - $15,000",358
?,"David A Perdue , Jr",Senate,DE,S,2015-08-20,2016-08-12,Joint,"$1,001 - $15,000",358
?,"David A Perdue , Jr",Senate,BAX,P,2015-08-19,2016-08-12,Joint,"$1,001 - $15,000",359
?,"David A Perdue , Jr",Senate,GPK,S,2015-08-17,2016-08-12,Joint,"$50,001 - $100,000",361
?,"David A Perdue , Jr",Senate,LNT,S,2015-08-17,2016-08-12,Joint,"$100,001 - $250,000",361
?,"David A Perdue , Jr",Senate,LNT,S,2015-08-14,2016-08-12,Joint,"$100,001 - $250,000",364
?,"David A Perdue , Jr",Senate,LNT,S,2015-08-13,2016-08-12,Joint,"$100,001 - $250,000",365
?,"David A Perdue , Jr",Senate,LNT,S,2015-08-12,2016-08-12,Joint,"$250,001 - $500,000",366
?,"David A Perdue , Jr",Senate,BAX,P,2015-08-12,2016-08-12,Joint,"$1,001 - $15,000",366
?,"David A Perdue , Jr",Senate,DISCA,P,2015-08-12,2016-08-12,Joint,"$1,001 - $15,000",366
?,"David A Perdue , Jr",Senate,AAN,S,2015-08-12,2016-08-12,Joint,"$1,001 - $15,000",366
?,"David A Perdue , Jr",Senate,AAN,S,2015-08-11,2016-08-12,Joint,"$1,001 - $15,000",367
?,"David A Perdue , Jr",Senate,GPK,S,2015-08-10,2016-08-12,Joint,"$15,001 - $50,000",368
?,"David A Perdue , Jr",Senate,BAX,P,2015-08-10,2016-08-12,Joint,"$1,001 - $15,000",368
?,"David A Perdue , Jr",Senate,PAA,S,2015-08-07,2016-08-12,Joint,"$1,001 - $15,000",371
?,"David A Perdue , Jr",Senate,XOM,P,2015-08-07,2016-08-12,Joint,"$1,001 - $15,000",371
?,"David A Perdue , Jr",Senate,LQDT,S,2015-08-07,2016-08-12,Joint,"$1,001 - $15,000",371
?,"David A Perdue , Jr",Senate,PAA,S,2015-08-06,2016-08-12,Joint,"$1,001 - $15,000",372
?,"David A Perdue , Jr",Senate,FOX,P,2015-08-06,2016-08-12,Joint,"$15,001 - $50,000",372
?,"David A Perdue , Jr",Senate,DISCA,P,2015-08-06,2016-08-12,Joint,"$1,001 - $15,000",372
?,"David A Perdue , Jr",Senate,CBS,P,2015-08-06,2016-08-12,Joint,"$1,001 - $15,000",372
?,"David A Perdue , Jr",Senate,AM,P,2015-08-05,2016-08-12,Joint,"$1,001 - $15,000",373
?,"David A Perdue , Jr",Senate,BAX,P,2015-08-04,2016-08-12,Joint,"$1,001 - $15,000",374
?,"David A Perdue , Jr",Senate,CLX,S,2015-08-03,2016-08-12,Joint,"$1,001 - $15,000",375
?,"David A Perdue , Jr",Senate,BCR,S,2015-08-03,2016-08-12,Joint,"$15,001 - $50,000",375
?,"David A Perdue , Jr",Senate,WPX,P,2015-08-03,2016-08-12,Joint,"$1,001 - $15,000",375
?,"David A Perdue , Jr",Senate,GPK,S,2015-07-31,2016-08-12,Joint,"$50,001 - $100,000",378
?,"David A Perdue , Jr",Senate,LNT,S,2015-07-31,2016-08-12,Joint,"$100,001 - $250,000",378
?,"David A Perdue , Jr",Senate,LNT,S,2015-07-30,2016-08-12,Joint,"$100,001 - $250,000",379
?,"David A Perdue , Jr",Senate,WPX,P,2015-07-30,2016-08-12,Joint,"$1,001 - $15,000",379
?,"David A Perdue , Jr",Senate,DE,S,2015-07-30,2016-08-12,Joint,"$1,001 - $15,000",379
?,"David A Perdue , Jr",Senate,DVN,P,2015-07-29,2016-08-12,Joint,"$1,001 - $15,000",380
?,"David A Perdue , Jr",Senate,CVC,S,2015-07-29,2016-08-12,Joint,"$1,001 - $15,000",380
?,"David A Perdue , Jr",Senate,VLP,P,2015-07-28,2016-08-12,Joint,"$1,001 - $15,000",381
?,"David A Perdue , Jr",Senate,GPK,S,2015-07-28,2016-08-12,Joint,"$100,001 - $250,000",381
?,"David A Perdue , Jr",Senate,LQDT,S,2015-07-28,2016-08-12,Joint,"$1,001 - $15,000",381
?,"David A Perdue , Jr",Senate,WPX,P,2015-08-05,2016-08-12,Joint,"$1,001 - $15,000",373
?,"David A Perdue , Jr",Senate,CVC,S,2015-08-05,2016-08-12,Joint,"$1,001 - $15,000",373
?,"David A Perdue , Jr",Senate,DISCA,P,2015-08-05,2016-08-12,Joint,"$1,001 - $15,000",373
?,"David A Perdue , Jr",Senate,WOOF,S,2015-08-05,2016-08-12,Joint,"$1,001 - $15,000",373
?,"David A Perdue , Jr",Senate,VLP,P,2015-08-04,2016-08-12,Joint,"$1,001 - $15,000",374
D,Sheldon Whitehouse,Senate,M,S,2015-12-28,2016-08-11,Joint,"$1,001 - $15,000",227
D,Sheldon Whitehouse,Senate,LRCX,P,2015-12-22,2016-08-11,Joint,"$1,001 - $15,000",233
D,Sheldon Whitehouse,Senate,LMT,P,2016-01-06,2016-08-11,Joint,"$15,001 - $50,000",218
D,Sheldon Whitehouse,Senate,MSFT,P,2016-01-06,2016-08-11,Joint,"$1,001 - $15,000",218
D,Sheldon Whitehouse,Senate,NFLX,P,2016-01-05,2016-08-11,Child,"$1,001 - $15,000",219
D,Sheldon Whitehouse,Senate,GILD,P,2016-01-05,2016-08-11,Child,"$1,001 - $15,000",219
D,Sheldon Whitehouse,Senate,GME,S,2016-01-05,2016-08-11,Child,"$1,001 - $15,000",219
D,Sheldon Whitehouse,Senate,LLTC,P,2016-01-05,2016-08-11,Child,"$1,001 - $15,000",219
D,Sheldon Whitehouse,Senate,NVDA,P,2016-01-05,2016-08-11,Self,"$1,001 - $15,000",219
D,Sheldon Whitehouse,Senate,NVDA,P,2016-01-06,2016-08-11,Child,"$1,001 - $15,000",218
D,Sheldon Whitehouse,Senate,CSCO,P,2016-01-05,2016-08-11,Self,"$1,001 - $15,000",219
D,Sheldon Whitehouse,Senate,WMT,P,2016-01-05,2016-08-11,Self,"$1,001 - $15,000",219
D,Sheldon Whitehouse,Senate,VZ,P,2016-01-06,2016-08-11,Self,"$1,001 - $15,000",218
D,Sheldon Whitehouse,Senate,UA,P,2016-01-06,2016-08-11,Self,"$1,001 - $15,000",218
D,Sheldon Whitehouse,Senate,MRK,P,2016-01-14,2016-08-11,Self,"$1,001 - $15,000",210
D,Sheldon Whitehouse,Senate,PCAR,S,2015-07-20,2016-08-11,Child,"$1,001 - $15,000",388
D,Sheldon Whitehouse,Senate,GE,P,2015-08-04,2016-08-11,Spouse,"$1,001 - $15,000",373
D,Sheldon Whitehouse,Senate,BIIB,P,2015-08-04,2016-08-11,Spouse,"$1,001 - $15,000",373
D,Sheldon Whitehouse,Senate,KO,P,2015-08-10,2016-08-11,Child,"$1,001 - $15,000",367
D,Sheldon Whitehouse,Senate,BIIB,P,2015-08-10,2016-08-11,Joint,"$1,001 - $15,000",367
D,Sheldon Whitehouse,Senate,WFC,P,2015-08-04,2016-08-11,Self,"$1,001 - $15,000",373
D,Sheldon Whitehouse,Senate,VZ,P,2015-08-04,2016-08-11,Self,"$1,001 - $15,000",373
D,Sheldon Whitehouse,Senate,NFLX,P,2015-07-15,2016-08-11,Self,"$1,001 - $15,000",393
R,James M Inhofe,Senate,ESRX,S,2016-08-08,2016-08-09,Self,"$50,001 - $100,000",1
R,James M Inhofe,Senate,C,P,2016-08-08,2016-08-09,Self,"$50,001 - $100,000",1
R,James M Inhofe,Senate,BMY,P,2016-08-08,2016-08-09,Self,"$15,001 - $50,000",1
R,James M Inhofe,Senate,BBU,S,2016-07-12,2016-08-09,Self,"$1,001 - $15,000",28
R,Susan M Collins,Senate,FTV,S,2016-07-12,2016-08-08,Spouse,"$1,001 - $15,000",27
R,Susan M Collins,Senate,HSY,S,2016-07-14,2016-08-08,Spouse,"$15,001 - $50,000",25
?,"David A Perdue , Jr",Senate,FEYE,P,2016-08-04,2016-08-05,Joint,"$1,001 - $15,000",1
?,"David A Perdue , Jr",Senate,HYH,S,2016-08-03,2016-08-05,Joint,"$1,001 - $15,000",2
?,"David A Perdue , Jr",Senate,FEYE,P,2016-08-01,2016-08-05,Joint,"$1,001 - $15,000",4
?,"David A Perdue , Jr",Senate,WFM,P,2016-08-01,2016-08-05,Joint,"$1,001 - $15,000",4
?,"David A Perdue , Jr",Senate,HYH,S,2016-07-29,2016-08-05,Joint,"$1,001 - $15,000",7
?,"David A Perdue , Jr",Senate,WLK,P,2016-07-29,2016-08-05,Joint,"$1,001 - $15,000",7
?,"David A Perdue , Jr",Senate,ENTG,S,2016-07-27,2016-08-05,Joint,"$1,001 - $15,000",9
?,"David A Perdue , Jr",Senate,WLK,P,2016-07-26,2016-08-05,Joint,"$1,001 - $15,000",10
?,"David A Perdue , Jr",Senate,HYH,S,2016-07-25,2016-08-05,Joint,"$1,001 - $15,000",11
?,"David A Perdue , Jr",Senate,HYH,S,2016-07-22,2016-08-05,Joint,"$1,001 - $15,000",14
?,"David A Perdue , Jr",Senate,FEYE,P,2016-07-21,2016-08-05,Joint,"$1,001 - $15,000",15
?,"David A Perdue , Jr",Senate,GM,P,2016-07-21,2016-08-05,Joint,"$1,001 - $15,000",15
?,"David A Perdue , Jr",Senate,FEYE,P,2016-07-19,2016-08-05,Joint,"$1,001 - $15,000",17
?,"David A Perdue , Jr",Senate,FEYE,P,2016-07-18,2016-08-05,Joint,"$1,001 - $15,000",18
?,"David A Perdue , Jr",Senate,WLK,P,2016-07-18,2016-08-05,Joint,"$1,001 - $15,000",18
?,"David A Perdue , Jr",Senate,PAA,P,2016-07-15,2016-08-05,Joint,"$1,001 - $15,000",21
?,"David A Perdue , Jr",Senate,FEYE,P,2016-07-15,2016-08-05,Joint,"$1,001 - $15,000",21
?,"David A Perdue , Jr",Senate,AM,S,2016-07-15,2016-08-05,Joint,"$1,001 - $15,000",21
?,"David A Perdue , Jr",Senate,FEYE,P,2016-07-14,2016-08-05,Joint,"$1,001 - $15,000",22
?,"David A Perdue , Jr",Senate,HYH,S,2016-07-14,2016-08-05,Joint,"$1,001 - $15,000",22
?,"David A Perdue , Jr",Senate,AXLL,S,2016-07-13,2016-08-05,Joint,"$1,001 - $15,000",23
?,"David A Perdue , Jr",Senate,FEYE,P,2016-07-13,2016-08-05,Joint,"$1,001 - $15,000",23
?,"David A Perdue , Jr",Senate,DISCA,P,2016-07-12,2016-08-05,Joint,"$1,001 - $15,000",24
?,"David A Perdue , Jr",Senate,FEYE,P,2016-07-12,2016-08-05,Joint,"$1,001 - $15,000",24
?,"David A Perdue , Jr",Senate,HYH,S,2016-07-11,2016-08-05,Joint,"$1,001 - $15,000",25
R,James M Inhofe,Senate,BLK,S,2016-07-21,2016-08-04,Self,"$1,001 - $15,000",14
R,James M Inhofe,Senate,BIIB,S,2016-07-21,2016-08-04,Self,"$50,001 - $100,000",14
R,James M Inhofe,Senate,AGN,P,2016-07-21,2016-08-04,Self,"$50,001 - $100,000",14
R,Pat Roberts,Senate,COST,S,2016-07-08,2016-08-03,Spouse,"$15,001 - $50,000",26
R,William Cassidy,Senate,WMT,S,2016-07-15,2016-07-27,Spouse,"$1,001 - $15,000",12
R,William Cassidy,Senate,SO,S,2016-07-15,2016-07-27,Spouse,"$1,001 - $15,000",12
R,William Cassidy,Senate,PG,S,2016-07-15,2016-07-27,Spouse,"$1,001 - $15,000",12
R,William Cassidy,Senate,T,S,2016-07-15,2016-07-27,Spouse,"$1,001 - $15,000",12
D,John F Reed,Senate,CELG,P,2016-07-25,2016-07-27,Self,"$1,001 - $15,000",2
D,John F Reed,Senate,AMG,P,2016-07-25,2016-07-27,Self,"$1,001 - $15,000",2
D,John F Reed,Senate,ZBH,S,2016-07-25,2016-07-27,Self,"$1,001 - $15,000",2
D,John F Reed,Senate,PEP,S,2016-07-25,2016-07-27,Self,"$1,001 - $15,000",2
D,John F Reed,Senate,MSFT,S,2016-07-25,2016-07-27,Self,"$1,001 - $15,000",2
R,Shelley M Capito,Senate,F,P,2016-06-13,2016-07-22,Spouse,"$1,001 - $15,000",39
R,Patrick J Toomey,Senate,PG,S,2016-06-14,2016-07-12,Joint,"$15,001 - $50,000",28
R,John Hoeven,Senate,PRU,P,2016-06-28,2016-07-12,Self,"$50,001 - $100,000",14
R,John Hoeven,Senate,MCD,P,2016-06-28,2016-07-12,Self,"$50,001 - $100,000",14
R,John Hoeven,Senate,IVZ,P,2016-06-28,2016-07-12,Self,"$50,001 - $100,000",14
?,"David A Perdue , Jr",Senate,DISCA,P,2016-07-08,2016-07-11,Joint,"$1,001 - $15,000",3
?,"David A Perdue , Jr",Senate,AXLL,S,2016-07-07,2016-07-11,Joint,"$1,001 - $15,000",4
?,"David A Perdue , Jr",Senate,MPLX,S,2016-07-06,2016-07-11,Joint,"$50,001 - $100,000",5
?,"David A Perdue , Jr",Senate,ETP,P,2016-07-06,2016-07-11,Joint,"$50,001 - $100,000",5
?,"David A Perdue , Jr",Senate,AXLL,S,2016-07-06,2016-07-11,Joint,"$1,001 - $15,000",5
?,"David A Perdue , Jr",Senate,FEYE,P,2016-06-30,2016-07-11,Joint,"$1,001 - $15,000",11
?,"David A Perdue , Jr",Senate,DISCA,P,2016-06-29,2016-07-11,Joint,"$1,001 - $15,000",12
?,"David A Perdue , Jr",Senate,FEYE,P,2016-06-29,2016-07-11,Joint,"$1,001 - $15,000",12
?,"David A Perdue , Jr",Senate,WLK,P,2016-06-29,2016-07-11,Joint,"$1,001 - $15,000",12
?,"David A Perdue , Jr",Senate,AXLL,S,2016-06-28,2016-07-11,Joint,"$1,001 - $15,000",13
?,"David A Perdue , Jr",Senate,FEYE,P,2016-06-28,2016-07-11,Joint,"$1,001 - $15,000",13
?,"David A Perdue , Jr",Senate,WLK,P,2016-06-28,2016-07-11,Joint,"$1,001 - $15,000",13
?,"David A Perdue , Jr",Senate,SE,S,2016-06-27,2016-07-11,Joint,"$15,001 - $50,000",14
?,"David A Perdue , Jr",Senate,NKE,P,2016-06-27,2016-07-11,Joint,"$15,001 - $50,000",14
?,"David A Perdue , Jr",Senate,BAC,P,2016-06-27,2016-07-11,Joint,"$1,001 - $15,000",14
?,"David A Perdue , Jr",Senate,FEYE,P,2016-06-27,2016-07-11,Joint,"$1,001 - $15,000",14
?,"David A Perdue , Jr",Senate,AXLL,S,2016-06-27,2016-07-11,Joint,"$1,001 - $15,000",14
?,"David A Perdue , Jr",Senate,AXLL,S,2016-06-24,2016-07-11,Joint,"$1,001 - $15,000",17
?,"David A Perdue , Jr",Senate,FEYE,P,2016-06-24,2016-07-11,Joint,"$1,001 - $15,000",17
?,"David A Perdue , Jr",Senate,WLK,P,2016-06-23,2016-07-11,Joint,"$1,001 - $15,000",18
?,"David A Perdue , Jr",Senate,HYH,S,2016-06-23,2016-07-11,Joint,"$1,001 - $15,000",18
?,"David A Perdue , Jr",Senate,AXLL,S,2016-06-22,2016-07-11,Joint,"$1,001 - $15,000",19
?,"David A Perdue , Jr",Senate,AXLL,S,2016-06-21,2016-07-11,Joint,"$1,001 - $15,000",20
?,"David A Perdue , Jr",Senate,BAC,P,2016-06-20,2016-07-11,Joint,"$1,001 - $15,000",21
?,"David A Perdue , Jr",Senate,SHPG,S,2016-06-13,2016-07-11,Joint,"$1,001 - $15,000",28
?,"David A Perdue , Jr",Senate,AXLL,S,2016-06-13,2016-07-11,Joint,"$1,001 - $15,000",28
R,James M Inhofe,Senate,NFX,S,2016-06-28,2016-07-08,Self,"$1,001 - $15,000",10
R,James M Inhofe,Senate,CLR,S,2016-06-28,2016-07-08,Self,"$15,001 - $50,000",10
R,Susan M Collins,Senate,BIN,E,2016-06-01,2016-07-08,Spouse,"$15,001 - $50,000",37
R,Susan M Collins,Senate,WCN,E,2016-06-01,2016-07-08,Spouse,"$15,001 - $50,000",37
R,Pat Roberts,Senate,HD,P,2016-06-29,2016-07-05,Spouse,"$1,001 - $15,000",6
R,Pat Roberts,Senate,FB,P,2016-06-29,2016-07-05,Spouse,"$1,001 - $15,000",6
R,Pat Roberts,Senate,FB,P,2016-06-10,2016-07-05,Spouse,"$1,001 - $15,000",25
R,Pat Roberts,Senate,HDS,P,2016-06-10,2016-07-05,Spouse,"$1,001 - $15,000",25
R,Pat Roberts,Senate,NFLX,P,2016-06-10,2016-07-05,Spouse,"$1,001 - $15,000",25
D,Thomas R Carper,Senate,AEE,S,2016-06-24,2016-07-01,Spouse,"$1,001 - $15,000",7
D,Thomas R Carper,Senate,WTR,S,2016-06-07,2016-07-01,Spouse,"$1,001 - $15,000",24
D,Gary C Peters,Senate,CPGX,S,2016-05-24,2016-06-22,Self,"$1,001 - $15,000",29
D,Gary C Peters,Senate,IVZ,P,2016-05-24,2016-06-22,Self,"$1,001 - $15,000",29
D,Sheldon Whitehouse,Senate,VFC,S,2016-05-17,2016-06-16,Joint,"$15,001 - $50,000",30
D,Sheldon Whitehouse,Senate,GILD,P,2016-05-18,2016-06-16,Joint,"$1,001 - $15,000",29
D,Sheldon Whitehouse,Senate,NFLX,P,2016-05-18,2016-06-16,Joint,"$1,001 - $15,000",29
D,Sheldon Whitehouse,Senate,CMCSA,P,2016-05-24,2016-06-16,Joint,"$1,001 - $15,000",23
D,Sheldon Whitehouse,Senate,FB,P,2016-05-24,2016-06-16,Joint,"$1,001 - $15,000",23
D,Sheldon Whitehouse,Senate,AMGN,P,2016-05-24,2016-06-16,Joint,"$15,001 - $50,000",23
D,Sheldon Whitehouse,Senate,PSA,P,2016-06-07,2016-06-16,Joint,"$15,001 - $50,000",9
D,Sheldon Whitehouse,Senate,ACN,S,2016-06-07,2016-06-16,Joint,"$15,001 - $50,000",9
D,Sheldon Whitehouse,Senate,IBM,P,2016-06-07,2016-06-16,Joint,"$15,001 - $50,000",9
D,Sheldon Whitehouse,Senate,NVDA,P,2016-05-18,2016-06-16,Child,"$1,001 - $15,000",29
D,Sheldon Whitehouse,Senate,SBUX,P,2016-06-07,2016-06-16,Child,"$1,001 - $15,000",9
D,Sheldon Whitehouse,Senate,NWL,P,2016-05-18,2016-06-16,Self,"$1,001 - $15,000",29
D,Sheldon Whitehouse,Senate,DEO,P,2016-05-18,2016-06-16,Self,"$1,001 - $15,000",29
D,Sheldon Whitehouse,Senate,CERN,S,2016-05-18,2016-06-16,Self,"$1,001 - $15,000",29
D,Sheldon Whitehouse,Senate,REGN,P,2016-05-24,2016-06-16,Self,"$1,001 - $15,000",23
D,Sheldon Whitehouse,Senate,TWTR,P,2016-05-24,2016-06-16,Self,"$1,001 - $15,000",23
D,Sheldon Whitehouse,Senate,UA,P,2015-11-20,2016-06-16,Self,"$1,001 - $15,000",209
D,Sheldon Whitehouse,Senate,WMT,P,2015-11-20,2016-06-16,Self,"$1,001 - $15,000",209
D,Sheldon Whitehouse,Senate,CERN,P,2015-11-23,2016-06-16,Self,"$1,001 - $15,000",206
R,Patrick J Toomey,Senate,MTUM,S,2016-05-02,2016-06-16,Joint,"$15,001 - $50,000",45
R,Patrick J Toomey,Senate,SHY,S,2016-05-02,2016-06-16,Joint,"$15,001 - $50,000",45
R,Patrick J Toomey,Senate,PG,S,2016-06-09,2016-06-16,Joint,"$15,001 - $50,000",7
R,James M Inhofe,Senate,PRGO,P,2016-05-23,2016-06-07,Self,"$50,001 - $100,000",15
R,James M Inhofe,Senate,BABA,S,2016-05-25,2016-06-07,Self,"$50,001 - $100,000",13
R,James M Inhofe,Senate,PG,S,2016-05-17,2016-06-07,Self,"$50,001 - $100,000",21
R,James M Inhofe,Senate,CLR,S,2016-05-12,2016-06-07,Self,"$50,001 - $100,000",26
?,"David A Perdue , Jr",Senate,WFM,P,2016-05-20,2016-05-26,Joint,"$1,001 - $15,000",6
?,"David A Perdue , Jr",Senate,DISCA,P,2016-05-18,2016-05-26,Joint,"$1,001 - $15,000",8
?,"David A Perdue , Jr",Senate,NKE,P,2016-05-16,2016-05-26,Joint,"$1,001 - $15,000",10
?,"David A Perdue , Jr",Senate,SBUX,P,2016-05-16,2016-05-26,Joint,"$1,001 - $15,000",10
?,"David A Perdue , Jr",Senate,SYY.SG,S,2016-05-11,2016-05-26,Joint,"$1,001 - $15,000",15
?,"David A Perdue , Jr",Senate,MYL,P,2016-05-06,2016-05-26,Joint,"$15,001 - $50,000",20
?,"David A Perdue , Jr",Senate,WBA,P,2016-05-05,2016-05-26,Joint,"$1,001 - $15,000",21
?,"David A Perdue , Jr",Senate,SBUX,P,2016-05-05,2016-05-26,Joint,"$1,001 - $15,000",21
?,"David A Perdue , Jr",Senate,FE,P,2016-05-05,2016-05-26,Joint,"$1,001 - $15,000",21
?,"David A Perdue , Jr",Senate,COST,P,2016-05-05,2016-05-26,Joint,"$1,001 - $15,000",21
?,"David A Perdue , Jr",Senate,HON,P,2016-05-05,2016-05-26,Joint,"$15,001 - $50,000",21
?,"David A Perdue , Jr",Senate,WPZ,S,2016-05-02,2016-05-26,Joint,"$1,001 - $15,000",24
D,Sheldon Whitehouse,Senate,NWL,P,2016-04-26,2016-05-23,Self,"$1,001 - $15,000",27
D,Sheldon Whitehouse,Senate,AMZN,P,2016-04-12,2016-05-23,Spouse,"$15,001 - $50,000",41
D,Sheldon Whitehouse,Senate,GOOGL,P,2016-04-12,2016-05-23,Spouse,"$1,001 - $15,000",41
D,Sheldon Whitehouse,Senate,AMGN,P,2016-04-12,2016-05-23,Spouse,"$1,001 - $15,000",41
D,Sheldon Whitehouse,Senate,TJX,P,2016-04-12,2016-05-23,Spouse,"$1,001 - $15,000",41
D,Sheldon Whitehouse,Senate,GE,P,2016-05-04,2016-05-23,Spouse,"$1,001 - $15,000",19
D,Sheldon Whitehouse,Senate,AMZN,S,2016-04-19,2016-05-23,Child,"$1,001 - $15,000",34
D,Sheldon Whitehouse,Senate,NVDA,P,2016-04-19,2016-05-23,Child,"$1,001 - $15,000",34
D,Sheldon Whitehouse,Senate,VMW,S,2016-04-19,2016-05-23,Child,"$1,001 - $15,000",34
D,Sheldon Whitehouse,Senate,WBA,P,2016-04-19,2016-05-23,Child,"$1,001 - $15,000",34
D,Sheldon Whitehouse,Senate,DIS,P,2016-04-19,2016-05-23,Child,"$1,001 - $15,000",34
D,Sheldon Whitehouse,Senate,AAPL,S,2016-04-26,2016-05-23,Joint,"$15,001 - $50,000",27
D,Sheldon Whitehouse,Senate,STT,S,2016-04-12,2016-05-23,Child,"$15,001 - $50,000",41
D,Sheldon Whitehouse,Senate,UA,S,2016-04-12,2016-05-23,Self,"$1,001 - $15,000",41
D,Sheldon Whitehouse,Senate,NVDA,P,2016-04-26,2016-05-23,Self,"$1,001 - $15,000",27
D,Sheldon Whitehouse,Senate,LRCX,P,2016-04-26,2016-05-23,Self,"$1,001 - $15,000",27
R,Rafael E Cruz,Senate,OKE,S,2016-04-17,2016-05-17,Joint,"$15,001 - $50,000",30
R,John Hoeven,Senate,IRET,S,2016-04-28,2016-05-12,Self,"$100,001 - $250,000",14
R,John Hoeven,Senate,IRET,S,2016-04-27,2016-05-12,Self,"$50,001 - $100,000",15
R,John Hoeven,Senate,VLO,P,2016-04-22,2016-05-12,Self,"$100,001 - $250,000",20
R,John Hoeven,Senate,MCD,P,2016-04-22,2016-05-12,Self,"$50,001 - $100,000",20
D,Maria Cantwell,Senate,RNWK,S,2016-04-28,2016-05-11,Self,"$1,001 - $15,000",13
R,Shelley M Capito,Senate,VFC,P,2016-04-19,2016-05-04,Spouse,"$1,001 - $15,000",15
R,Shelley M Capito,Senate,UTX,P,2016-04-19,2016-05-04,Spouse,"$1,001 - $15,000",15
R,Shelley M Capito,Senate,MMM,P,2016-04-19,2016-05-04,Spouse,"$1,001 - $15,000",15
R,Shelley M Capito,Senate,PAYX,P,2016-04-19,2016-05-04,Spouse,"$1,001 - $15,000",15
R,Shelley M Capito,Senate,NEE,P,2016-04-19,2016-05-04,Spouse,"$1,001 - $15,000",15
R,Shelley M Capito,Senate,MSFT,P,2016-04-19,2016-05-04,Spouse,"$1,001 - $15,000",15
R,Shelley M Capito,Senate,MDT,P,2016-04-19,2016-05-04,Spouse,"$1,001 - $15,000",15
R,Shelley M Capito,Senate,LOW,P,2016-04-19,2016-05-04,Spouse,"$1,001 - $15,000",15
R,Shelley M Capito,Senate,JNJ,P,2016-04-19,2016-05-04,Spouse,"$1,001 - $15,000",15
R,Shelley M Capito,Senate,SJM,P,2016-04-19,2016-05-04,Spouse,"$1,001 - $15,000",15
R,Shelley M Capito,Senate,ITW,P,2016-04-19,2016-05-04,Spouse,"$1,001 - $15,000",15
R,Shelley M Capito,Senate,GD,P,2016-04-19,2016-05-04,Spouse,"$1,001 - $15,000",15
R,Shelley M Capito,Senate,CLX,P,2016-04-19,2016-05-04,Spouse,"$1,001 - $15,000",15
R,Shelley M Capito,Senate,CB,P,2016-04-19,2016-05-04,Spouse,"$1,001 - $15,000",15
R,Shelley M Capito,Senate,BDX,P,2016-04-19,2016-05-04,Spouse,"$1,001 - $15,000",15
R,Shelley M Capito,Senate,ABT,P,2016-04-19,2016-05-04,Spouse,"$1,001 - $15,000",15
R,Susan M Collins,Senate,DD,S,2016-04-11,2016-05-03,Spouse,"$1,001 - $15,000",22
R,Susan M Collins,Senate,PX,P,2016-04-11,2016-05-03,Spouse,"$1,001 - $15,000",22
R,Susan M Collins,Senate,EMC,S,2016-02-09,2016-05-03,Spouse,"$1,001 - $15,000",84
R,William Cassidy,Senate,TM,S,2016-03-31,2016-05-02,Spouse,"$15,001 - $50,000",32
R,William Cassidy,Senate,SLB,S,2016-03-31,2016-05-02,Spouse,"$1,001 - $15,000",32
R,William Cassidy,Senate,OXY,S,2016-03-31,2016-05-02,Spouse,"$1,001 - $15,000",32
R,William Cassidy,Senate,F,S,2016-03-31,2016-05-02,Spouse,"$1,001 - $15,000",32
R,William Cassidy,Senate,XOM,S,2016-03-31,2016-05-02,Spouse,"$1,001 - $15,000",32
R,William Cassidy,Senate,CMI,S,2016-03-31,2016-05-02,Spouse,"$15,001 - $50,000",32
R,William Cassidy,Senate,CVX,S,2016-03-31,2016-05-02,Spouse,"$1,001 - $15,000",32
R,William Cassidy,Senate,CTL,S,2016-03-31,2016-05-02,Spouse,"$1,001 - $15,000",32
R,William Cassidy,Senate,CAT,S,2016-03-31,2016-05-02,Spouse,"$1,001 - $15,000",32
R,William Cassidy,Senate,AMT,S,2016-03-31,2016-05-02,Spouse,"$1,001 - $15,000",32
R,William Cassidy,Senate,T,S,2016-03-31,2016-05-02,Spouse,"$1,001 - $15,000",32
R,William Cassidy,Senate,YACKX,S,2016-03-29,2016-05-02,Spouse,"$1,001 - $15,000",34
R,William Cassidy,Senate,WMT,P,2016-03-31,2016-05-02,Spouse,"$1,001 - $15,000",32
R,William Cassidy,Senate,VFC,P,2016-03-31,2016-05-02,Spouse,"$1,001 - $15,000",32
R,William Cassidy,Senate,UTX,P,2016-03-31,2016-05-02,Spouse,"$1,001 - $15,000",32
R,William Cassidy,Senate,SO,P,2016-03-31,2016-05-02,Spouse,"$1,001 - $15,000",32
R,William Cassidy,Senate,QCOM,P,2016-03-31,2016-05-02,Spouse,"$1,001 - $15,000",32
R,William Cassidy,Senate,PG,P,2016-03-31,2016-05-02,Spouse,"$1,001 - $15,000",32
R,William Cassidy,Senate,PX,P,2016-03-31,2016-05-02,Spouse,"$1,001 - $15,000",32
R,William Cassidy,Senate,NVS,P,2016-03-31,2016-05-02,Spouse,"$1,001 - $15,000",32
R,William Cassidy,Senate,NSC,P,2016-03-31,2016-05-02,Spouse,"$1,001 - $15,000",32
R,William Cassidy,Senate,LOW,P,2016-03-31,2016-05-02,Spouse,"$1,001 - $15,000",32
R,William Cassidy,Senate,MSFT,P,2016-03-31,2016-05-02,Spouse,"$1,001 - $15,000",32
R,William Cassidy,Senate,JNJ,P,2016-03-31,2016-05-02,Spouse,"$1,001 - $15,000",32
R,William Cassidy,Senate,EMR,P,2016-03-31,2016-05-02,Spouse,"$1,001 - $15,000",32
R,William Cassidy,Senate,EV,P,2016-03-31,2016-05-02,Spouse,"$1,001 - $15,000",32
R,William Cassidy,Senate,DIS,P,2016-03-31,2016-05-02,Spouse,"$1,001 - $15,000",32
R,William Cassidy,Senate,CSCO,P,2016-03-31,2016-05-02,Spouse,"$1,001 - $15,000",32
R,William Cassidy,Senate,BLK,P,2016-03-31,2016-05-02,Spouse,"$1,001 - $15,000",32
R,William Cassidy,Senate,ABT,P,2016-03-31,2016-05-02,Spouse,"$1,001 - $15,000",32
R,William Cassidy,Senate,AFL,P,2016-03-31,2016-05-02,Spouse,"$1,001 - $15,000",32
?,"David A Perdue , Jr",Senate,AAPL,P,2016-04-27,2016-04-29,Joint,"$1,001 - $15,000",2
?,"David A Perdue , Jr",Senate,AAPL,P,2016-04-26,2016-04-29,Joint,"$1,001 - $15,000",3
?,"David A Perdue , Jr",Senate,MPLX,P,2016-04-22,2016-04-29,Joint,"$1,001 - $15,000",7
?,"David A Perdue , Jr",Senate,LYV,P,2016-04-22,2016-04-29,Joint,"$1,001 - $15,000",7
?,"David A Perdue , Jr",Senate,PAA,P,2016-04-21,2016-04-29,Joint,"$1,001 - $15,000",8
?,"David A Perdue , Jr",Senate,DPM,P,2016-04-21,2016-04-29,Joint,"$1,001 - $15,000",8
?,"David A Perdue , Jr",Senate,TRGP,P,2016-04-20,2016-04-29,Joint,"$1,001 - $15,000",9
?,"David A Perdue , Jr",Senate,BAC,P,2016-04-18,2016-04-29,Joint,"$1,001 - $15,000",11
?,"David A Perdue , Jr",Senate,BAC,P,2016-04-15,2016-04-29,Joint,"$1,001 - $15,000",14
?,"David A Perdue , Jr",Senate,BAC,P,2016-04-14,2016-04-29,Joint,"$1,001 - $15,000",15
?,"David A Perdue , Jr",Senate,GM,P,2016-04-14,2016-04-29,Joint,"$1,001 - $15,000",15
?,"David A Perdue , Jr",Senate,EPD,S,2016-04-12,2016-04-29,Joint,"$15,001 - $50,000",17
?,"David A Perdue , Jr",Senate,AM,P,2016-04-11,2016-04-29,Joint,"$1,001 - $15,000",18
?,"David A Perdue , Jr",Senate,KO,S,2016-04-11,2016-04-29,Joint,"$15,001 - $50,000",18
?,"David A Perdue , Jr",Senate,ADT,S,2016-04-11,2016-04-29,Joint,"$15,001 - $50,000",18
?,"David A Perdue , Jr",Senate,BAC,P,2016-04-07,2016-04-29,Joint,"$1,001 - $15,000",22
?,"David A Perdue , Jr",Senate,ADT,S,2016-04-07,2016-04-29,Joint,"$1,001 - $15,000",22
?,"David A Perdue , Jr",Senate,ADT,S,2016-04-05,2016-04-29,Joint,"$15,001 - $50,000",24
?,"David A Perdue , Jr",Senate,AAN,S,2016-04-04,2016-04-29,Joint,"$1,001 - $15,000",25
?,"David A Perdue , Jr",Senate,KN,P,2016-03-31,2016-04-29,Joint,"$1,001 - $15,000",29
?,"David A Perdue , Jr",Senate,MMP,S,2016-03-30,2016-04-29,Joint,"$15,001 - $50,000",30
?,"David A Perdue , Jr",Senate,BAC,P,2016-03-30,2016-04-29,Joint,"$1,001 - $15,000",30
R,Pat Roberts,Senate,GM,S,2015-06-16,2016-04-28,Spouse,"$1,001 - $15,000",317
R,Pat Roberts,Senate,FB,P,2016-04-28,2016-04-28,Spouse,"$1,001 - $15,000",0
R,Pat Roberts,Senate,ZNGA,S,2016-04-20,2016-04-28,Spouse,"$1,001 - $15,000",8
R,James M Inhofe,Senate,SYF,P,2016-04-21,2016-04-26,Self,"$15,001 - $50,000",5
R,James M Inhofe,Senate,C,P,2016-04-13,2016-04-26,Self,"$50,001 - $100,000",13
R,James M Inhofe,Senate,RRC,S,2016-03-24,2016-04-26,Self,"$50,001 - $100,000",33
R,James M Inhofe,Senate,NFX,P,2016-03-24,2016-04-26,Self,"$50,001 - $100,000",33
R,Susan M Collins,Senate,SRCL,P,2016-03-09,2016-04-07,Spouse,"$15,001 - $50,000",29
R,Susan M Collins,Senate,RHT,P,2016-03-09,2016-04-07,Spouse,"$15,001 - $50,000",29
D,Thomas R Carper,Senate,SE,P,2016-03-31,2016-04-05,Spouse,"$1,001 - $15,000",5
D,Sheldon Whitehouse,Senate,NWL,P,2016-03-24,2016-04-04,Joint,"$1,001 - $15,000",11
D,Sheldon Whitehouse,Senate,FB,P,2016-03-24,2016-04-04,Joint,"$1,001 - $15,000",11
D,Sheldon Whitehouse,Senate,MET,P,2016-03-24,2016-04-04,Joint,"$1,001 - $15,000",11
D,Sheldon Whitehouse,Senate,V,S,2016-03-01,2016-04-04,Child,"$1,001 - $15,000",34
D,Sheldon Whitehouse,Senate,CVS,S,2016-03-01,2016-04-04,Child,"$1,001 - $15,000",34
D,Sheldon Whitehouse,Senate,HOT,P,2016-03-01,2016-04-04,Child,"$1,001 - $15,000",34
D,Sheldon Whitehouse,Senate,NWL,P,2016-03-01,2016-04-04,Child,"$1,001 - $15,000",34
D,Sheldon Whitehouse,Senate,HD,S,2016-03-24,2016-04-04,Self,"$1,001 - $15,000",11
D,Sheldon Whitehouse,Senate,CSCO,P,2016-03-24,2016-04-04,Self,"$1,001 - $15,000",11
D,Sheldon Whitehouse,Senate,LRCX,P,2016-03-24,2016-04-04,Self,"$1,001 - $15,000",11
R,Shelley M Capito,Senate,AAPL,P,2016-03-22,2016-04-04,Spouse,"$1,001 - $15,000",13
?,"David A Perdue , Jr",Senate,BAC,P,2016-03-28,2016-03-29,Joint,"$1,001 - $15,000",1
?,"David A Perdue , Jr",Senate,QCOM,P,2016-03-22,2016-03-29,Joint,"$1,001 - $15,000",7
?,"David A Perdue , Jr",Senate,HAL,S,2016-03-22,2016-03-29,Joint,"$15,001 - $50,000",7
?,"David A Perdue , Jr",Senate,MA,P,2016-03-22,2016-03-29,Joint,"$1,001 - $15,000",7
?,"David A Perdue , Jr",Senate,BAC,P,2016-03-21,2016-03-29,Joint,"$1,001 - $15,000",8
?,"David A Perdue , Jr",Senate,BAC,P,2016-03-18,2016-03-29,Joint,"$1,001 - $15,000",11
?,"David A Perdue , Jr",Senate,BAC,P,2016-03-15,2016-03-29,Joint,"$1,001 - $15,000",14
?,"David A Perdue , Jr",Senate,BAC,P,2016-03-14,2016-03-29,Joint,"$1,001 - $15,000",15
?,"David A Perdue , Jr",Senate,BAC,P,2016-03-11,2016-03-29,Joint,"$1,001 - $15,000",18
?,"David A Perdue , Jr",Senate,BAC,P,2016-03-10,2016-03-29,Joint,"$1,001 - $15,000",19
?,"David A Perdue , Jr",Senate,BAC,P,2016-03-08,2016-03-29,Joint,"$1,001 - $15,000",21
?,"David A Perdue , Jr",Senate,BAC,P,2016-03-07,2016-03-29,Joint,"$1,001 - $15,000",22
?,"David A Perdue , Jr",Senate,BAC,P,2016-03-04,2016-03-29,Joint,"$15,001 - $50,000",25
?,"David A Perdue , Jr",Senate,CAB,S,2016-03-03,2016-03-29,Joint,"$1,001 - $15,000",26
?,"David A Perdue , Jr",Senate,USG,P,2016-03-02,2016-03-29,Joint,"$1,001 - $15,000",27
?,"David A Perdue , Jr",Senate,CAB,S,2016-03-01,2016-03-29,Joint,"$1,001 - $15,000",28
R,Rafael E Cruz,Senate,GS,S,2016-02-25,2016-03-28,Joint,"$50,001 - $100,000",32
R,Rafael E Cruz,Senate,OKE,S,2016-02-25,2016-03-28,Joint,"$15,001 - $50,000",32
R,John Hoeven,Senate,IVZ,P,2016-03-07,2016-03-25,Self,"$50,001 - $100,000",18
R,John Hoeven,Senate,PRU,P,2016-03-07,2016-03-25,Self,"$50,001 - $100,000",18
R,John Hoeven,Senate,FB,P,2016-03-07,2016-03-25,Self,"$50,001 - $100,000",18
R,John Hoeven,Senate,GOOG,P,2016-03-07,2016-03-25,Self,"$15,001 - $50,000",18
R,James M Inhofe,Senate,CTSH,P,2016-03-11,2016-03-23,Self,"$50,001 - $100,000",12
R,James M Inhofe,Senate,SWN,S,2016-03-04,2016-03-23,Self,"$50,001 - $100,000",19
R,James M Inhofe,Senate,SYF,P,2016-02-24,2016-03-23,Self,"$50,001 - $100,000",28
D,John F Reed,Senate,NCR,S,2016-03-03,2016-03-14,Self,"$1,001 - $15,000",11
R,Michael  B Enzi,Senate,KEY,S,2016-02-10,2016-03-13,Self,"$1,001 - $15,000",32
D,John F Reed,Senate,FDX,P,2016-02-29,2016-03-10,Joint,"$1,001 - $15,000",10
R,Susan M Collins,Senate,EMC,S,2016-02-09,2016-03-04,Spouse,"$1,001 - $15,000",24
D,Thomas R Carper,Senate,ADT,S,2016-02-16,2016-03-04,Spouse,"$1,001 - $15,000",17
D,Thomas R Carper,Senate,ADT.F,S,2016-02-16,2016-03-03,Spouse,"$1,001 - $15,000",16
R,John Hoeven,Senate,ADP,P,2016-02-09,2016-03-02,Self,"$50,001 - $100,000",22
?,"David A Perdue , Jr",Senate,HYH,P,2016-02-29,2016-03-01,Joint,"$1,001 - $15,000",1
?,"David A Perdue , Jr",Senate,GM,P,2016-02-26,2016-03-01,Joint,"$1,001 - $15,000",4
?,"David A Perdue , Jr",Senate,WFC,P,2016-02-25,2016-03-01,Joint,"$15,001 - $50,000",5
?,"David A Perdue , Jr",Senate,MA,P,2016-02-25,2016-03-01,Joint,"$1,001 - $15,000",5
?,"David A Perdue , Jr",Senate,AXP,S,2016-02-25,2016-03-01,Joint,"$15,001 - $50,000",5
?,"David A Perdue , Jr",Senate,AAPL,P,2016-02-25,2016-03-01,Joint,"$1,001 - $15,000",5
?,"David A Perdue , Jr",Senate,ADT,S,2016-02-23,2016-03-01,Joint,"$1,001 - $15,000",7
?,"David A Perdue , Jr",Senate,WFM,P,2016-02-23,2016-03-01,Joint,"$1,001 - $15,000",7
?,"David A Perdue , Jr",Senate,AAPL,P,2016-02-23,2016-03-01,Joint,"$1,001 - $15,000",7
?,"David A Perdue , Jr",Senate,ETP,P,2016-02-22,2016-03-01,Joint,"$15,001 - $50,000",8
?,"David A Perdue , Jr",Senate,GE,S,2016-02-22,2016-03-01,Joint,"$15,001 - $50,000",8
?,"David A Perdue , Jr",Senate,ADT,S,2016-02-19,2016-03-01,Joint,"$1,001 - $15,000",11
?,"David A Perdue , Jr",Senate,GE,S,2016-02-19,2016-03-01,Joint,"$1,001 - $15,000",11
?,"David A Perdue , Jr",Senate,ADT,S,2016-02-18,2016-03-01,Joint,"$15,001 - $50,000",12
?,"David A Perdue , Jr",Senate,EPD,P,2016-02-17,2016-03-01,Joint,"$15,001 - $50,000",13
?,"David A Perdue , Jr",Senate,SYY,S,2016-02-17,2016-03-01,Joint,"$1,001 - $15,000",13
?,"David A Perdue , Jr",Senate,ADT,S,2016-02-17,2016-03-01,Joint,"$1,001 - $15,000",13
?,"David A Perdue , Jr",Senate,MOS,P,2016-02-17,2016-03-01,Joint,"$1,001 - $15,000",13
?,"David A Perdue , Jr",Senate,LYV,P,2016-02-17,2016-03-01,Joint,"$1,001 - $15,000",13
?,"David A Perdue , Jr",Senate,CHRW,S,2016-02-16,2016-03-01,Joint,"$1,001 - $15,000",14
?,"David A Perdue , Jr",Senate,AAPL,P,2016-02-16,2016-03-01,Joint,"$1,001 - $15,000",14
?,"David A Perdue , Jr",Senate,ADT,S,2016-02-16,2016-03-01,Joint,"$15,001 - $50,000",14
?,"David A Perdue , Jr",Senate,MSFT,S,2016-02-12,2016-03-01,Joint,"$1,001 - $15,000",18
?,"David A Perdue , Jr",Senate,KN,P,2016-02-12,2016-03-01,Joint,"$1,001 - $15,000",18
?,"David A Perdue , Jr",Senate,AAPL,P,2016-02-12,2016-03-01,Joint,"$1,001 - $15,000",18
?,"David A Perdue , Jr",Senate,GE,S,2016-02-12,2016-03-01,Joint,"$1,001 - $15,000",18
?,"David A Perdue , Jr",Senate,WFM,P,2016-02-11,2016-03-01,Joint,"$1,001 - $15,000",19
?,"David A Perdue , Jr",Senate,AAPL,P,2016-02-11,2016-03-01,Joint,"$1,001 - $15,000",19
?,"David A Perdue , Jr",Senate,PFE,S,2016-02-11,2016-03-01,Joint,"$1,001 - $15,000",19
?,"David A Perdue , Jr",Senate,MSFT,S,2016-02-11,2016-03-01,Joint,"$1,001 - $15,000",19
?,"David A Perdue , Jr",Senate,MSFT,S,2016-02-10,2016-03-01,Joint,"$1,001 - $15,000",20
?,"David A Perdue , Jr",Senate,PFE,S,2016-02-10,2016-03-01,Joint,"$1,001 - $15,000",20
?,"David A Perdue , Jr",Senate,LYV,P,2016-02-09,2016-03-01,Joint,"$1,001 - $15,000",21
?,"David A Perdue , Jr",Senate,HYH,P,2016-02-09,2016-03-01,Joint,"$1,001 - $15,000",21
?,"David A Perdue , Jr",Senate,MSFT,S,2016-02-09,2016-03-01,Joint,"$1,001 - $15,000",21
?,"David A Perdue , Jr",Senate,WMB,S,2016-02-08,2016-03-01,Joint,"$1,001 - $15,000",22
?,"David A Perdue , Jr",Senate,ETE,S,2016-02-08,2016-03-01,Joint,"$1,001 - $15,000",22
?,"David A Perdue , Jr",Senate,ORCL,P,2016-02-05,2016-03-01,Joint,"$1,001 - $15,000",25
?,"David A Perdue , Jr",Senate,FOXA,P,2016-02-05,2016-03-01,Joint,"$1,001 - $15,000",25
?,"David A Perdue , Jr",Senate,HYH,P,2016-02-05,2016-03-01,Joint,"$1,001 - $15,000",25
?,"David A Perdue , Jr",Senate,PFE,S,2016-02-05,2016-03-01,Joint,"$1,001 - $15,000",25
?,"David A Perdue , Jr",Senate,PKI,S,2016-02-04,2016-03-01,Joint,"$1,001 - $15,000",26
?,"David A Perdue , Jr",Senate,HYH,P,2016-02-04,2016-03-01,Joint,"$1,001 - $15,000",26
?,"David A Perdue , Jr",Senate,AAPL,P,2016-02-03,2016-03-01,Joint,"$1,001 - $15,000",27
?,"David A Perdue , Jr",Senate,MSFT,S,2016-02-03,2016-03-01,Joint,"$1,001 - $15,000",27
?,"David A Perdue , Jr",Senate,HYH,P,2016-02-03,2016-03-01,Joint,"$1,001 - $15,000",27
?,"David A Perdue , Jr",Senate,ADT,P,2016-02-02,2016-03-01,Joint,"$1,001 - $15,000",28
?,"David A Perdue , Jr",Senate,PFE,S,2016-02-02,2016-03-01,Joint,"$1,001 - $15,000",28
?,"David A Perdue , Jr",Senate,EPD,P,2016-02-01,2016-03-01,Joint,"$1,001 - $15,000",29
?,"David A Perdue , Jr",Senate,PKI,S,2016-02-01,2016-03-01,Joint,"$1,001 - $15,000",29
?,"David A Perdue , Jr",Senate,AAPL,P,2016-02-01,2016-03-01,Joint,"$1,001 - $15,000",29
?,"David A Perdue , Jr",Senate,PFE,S,2016-02-01,2016-03-01,Joint,"$1,001 - $15,000",29
D,John F Reed,Senate,CELG,P,2016-02-11,2016-02-29,Self,"$1,001 - $15,000",18
R,William Cassidy,Senate,COP,S,2016-02-09,2016-02-25,Spouse,"$1,001 - $15,000",16
R,William Cassidy,Senate,SLB,P,2016-02-09,2016-02-25,Spouse,"$1,001 - $15,000",16
D,Sheldon Whitehouse,Senate,FB,P,2016-01-28,2016-02-23,Joint,"$1,001 - $15,000",26
D,Sheldon Whitehouse,Senate,CP,S,2016-01-20,2016-02-23,Joint,"$15,001 - $50,000",34
D,Sheldon Whitehouse,Senate,CAT,S,2016-01-20,2016-02-23,Joint,"$15,001 - $50,000",34
D,Sheldon Whitehouse,Senate,BAC,P,2016-02-12,2016-02-23,Joint,"$1,001 - $15,000",11
D,Sheldon Whitehouse,Senate,NWL,P,2016-02-12,2016-02-23,Joint,"$1,001 - $15,000",11
D,Sheldon Whitehouse,Senate,FB,P,2016-02-16,2016-02-23,Joint,"$1,001 - $15,000",7
D,Sheldon Whitehouse,Senate,TWTR,P,2016-01-26,2016-02-23,Spouse,"$1,001 - $15,000",28
D,Sheldon Whitehouse,Senate,TWTR,P,2016-02-01,2016-02-23,Self,"$1,001 - $15,000",22
D,Sheldon Whitehouse,Senate,JPM,P,2016-01-20,2016-02-23,Self,"$1,001 - $15,000",34
D,Sheldon Whitehouse,Senate,IONS,S,2016-01-20,2016-02-23,Self,"$1,001 - $15,000",34
?,"Angus S King, Jr.",Senate,CB,E,2016-01-19,2016-02-17,Spouse,"$1,001 - $15,000",29
D,Gary C Peters,Senate,WPC,P,2016-01-26,2016-02-12,Self,"$1,001 - $15,000",17
D,Gary C Peters,Senate,NUE,P,2016-01-26,2016-02-12,Self,"$1,001 - $15,000",17
R,Patrick J Toomey,Senate,SPY,S,2016-02-11,2016-02-11,Joint,"$1,001 - $15,000",0
R,Patrick J Toomey,Senate,EEM,S,2015-12-30,2016-02-11,Joint,"$1,001 - $15,000",43
D,John F Reed,Senate,TBF,S,2016-01-29,2016-02-09,Joint,"$1,001 - $15,000",11
R,John Hoeven,Senate,MRK,P,2016-01-28,2016-02-08,Self,"$50,001 - $100,000",11
R,John Hoeven,Senate,AAPL,P,2016-01-28,2016-02-08,Self,"$50,001 - $100,000",11
R,John Hoeven,Senate,MCD,P,2016-02-03,2016-02-08,Self,"$50,001 - $100,000",5
R,Shelley M Capito,Senate,COP,S,2016-01-25,2016-02-08,Spouse,"$1,001 - $15,000",14
R,Shelley M Capito,Senate,NKE,P,2016-01-21,2016-02-08,Spouse,"$1,001 - $15,000",18
R,Shelley M Capito,Senate,CB,P,2016-01-21,2016-02-08,Spouse,"$1,001 - $15,000",18
R,James M Inhofe,Senate,GILD,P,2016-01-28,2016-02-03,Self,"$15,001 - $50,000",6
R,James M Inhofe,Senate,CLR,P,2016-01-08,2016-02-03,Self,"$50,001 - $100,000",26
R,James M Inhofe,Senate,ITC,S,2016-01-08,2016-02-03,Self,"$50,001 - $100,000",26
R,James M Inhofe,Senate,CHK,S,2016-01-08,2016-02-03,Self,"$15,001 - $50,000",26
R,Pat Roberts,Senate,GE,P,2016-01-20,2016-02-02,Spouse,"$1,001 - $15,000",13
?,"David A Perdue , Jr",Senate,PFE,S,2016-01-29,2016-02-02,Joint,"$1,001 - $15,000",4
?,"David A Perdue , Jr",Senate,WLK,P,2016-01-29,2016-02-02,Joint,"$1,001 - $15,000",4
?,"David A Perdue , Jr",Senate,LYV,P,2016-01-29,2016-02-02,Joint,"$1,001 - $15,000",4
?,"David A Perdue , Jr",Senate,WFM,P,2016-01-29,2016-02-02,Joint,"$1,001 - $15,000",4
?,"David A Perdue , Jr",Senate,PFE,S,2016-01-28,2016-02-02,Joint,"$1,001 - $15,000",5
?,"David A Perdue , Jr",Senate,AAPL,P,2016-01-28,2016-02-02,Joint,"$1,001 - $15,000",5
?,"David A Perdue , Jr",Senate,HYH,P,2016-01-28,2016-02-02,Joint,"$1,001 - $15,000",5
?,"David A Perdue , Jr",Senate,PFE,S,2016-01-27,2016-02-02,Joint,"$1,001 - $15,000",6
?,"David A Perdue , Jr",Senate,AAPL,P,2016-01-27,2016-02-02,Joint,"$15,001 - $50,000",6
?,"David A Perdue , Jr",Senate,MSFT,S,2016-01-27,2016-02-02,Joint,"$1,001 - $15,000",6
?,"David A Perdue , Jr",Senate,HYH,P,2016-01-26,2016-02-02,Joint,"$1,001 - $15,000",7
?,"David A Perdue , Jr",Senate,PFE,S,2016-01-25,2016-02-02,Joint,"$1,001 - $15,000",8
?,"David A Perdue , Jr",Senate,HYH,P,2016-01-25,2016-02-02,Joint,"$1,001 - $15,000",8
?,"David A Perdue , Jr",Senate,MSFT,S,2016-01-22,2016-02-02,Joint,"$1,001 - $15,000",11
?,"David A Perdue , Jr",Senate,HYH,P,2016-01-22,2016-02-02,Joint,"$1,001 - $15,000",11
?,"David A Perdue , Jr",Senate,PFE,S,2016-01-22,2016-02-02,Joint,"$1,001 - $15,000",11
?,"David A Perdue , Jr",Senate,HYH,P,2016-01-21,2016-02-02,Joint,"$1,001 - $15,000",12
?,"David A Perdue , Jr",Senate,GE,S,2016-01-21,2016-02-02,Joint,"$1,001 - $15,000",12
?,"David A Perdue , Jr",Senate,BAC,P,2016-01-20,2016-02-02,Joint,"$1,001 - $15,000",13
?,"David A Perdue , Jr",Senate,PG,P,2016-01-20,2016-02-02,Joint,"$15,001 - $50,000",13
?,"David A Perdue , Jr",Senate,MO,P,2016-01-20,2016-02-02,Joint,"$1,001 - $15,000",13
?,"David A Perdue , Jr",Senate,WMB,S,2016-01-20,2016-02-02,Joint,"$1,001 - $15,000",13
?,"David A Perdue , Jr",Senate,NKE,P,2016-01-20,2016-02-02,Joint,"$1,001 - $15,000",13
?,"David A Perdue , Jr",Senate,V,P,2016-01-20,2016-02-02,Joint,"$1,001 - $15,000",13
?,"David A Perdue , Jr",Senate,KHC,P,2016-01-20,2016-02-02,Joint,"$15,001 - $50,000",13
?,"David A Perdue , Jr",Senate,WFM,P,2016-01-20,2016-02-02,Joint,"$1,001 - $15,000",13
?,"David A Perdue , Jr",Senate,PFE,S,2016-01-20,2016-02-02,Joint,"$1,001 - $15,000",13
?,"David A Perdue , Jr",Senate,HYH,P,2016-01-20,2016-02-02,Joint,"$1,001 - $15,000",13
?,"David A Perdue , Jr",Senate,WLK,P,2016-01-15,2016-02-02,Joint,"$1,001 - $15,000",18
?,"David A Perdue , Jr",Senate,WFM,P,2016-01-15,2016-02-02,Joint,"$1,001 - $15,000",18
?,"David A Perdue , Jr",Senate,GE,S,2016-01-14,2016-02-02,Joint,"$1,001 - $15,000",19
?,"David A Perdue , Jr",Senate,PFE,S,2016-01-14,2016-02-02,Joint,"$1,001 - $15,000",19
?,"David A Perdue , Jr",Senate,KN,P,2016-01-13,2016-02-02,Joint,"$1,001 - $15,000",20
?,"David A Perdue , Jr",Senate,LYV,P,2016-01-13,2016-02-02,Joint,"$1,001 - $15,000",20
?,"David A Perdue , Jr",Senate,GE,S,2016-01-13,2016-02-02,Joint,"$1,001 - $15,000",20
?,"David A Perdue , Jr",Senate,PFE,S,2016-01-13,2016-02-02,Joint,"$1,001 - $15,000",20
D,Sheldon Whitehouse,Senate,LRCX,P,2015-12-22,2016-01-20,Joint,"$1,001 - $15,000",29
D,Sheldon Whitehouse,Senate,M,S,2015-12-28,2016-01-20,Joint,"$1,001 - $15,000",23
D,Sheldon Whitehouse,Senate,LMT,P,2016-01-06,2016-01-20,Joint,"$15,001 - $50,000",14
D,Sheldon Whitehouse,Senate,MSFT,P,2016-01-06,2016-01-20,Joint,"$1,001 - $15,000",14
D,Sheldon Whitehouse,Senate,GILD,P,2016-01-05,2016-01-20,Child,"$1,001 - $15,000",15
D,Sheldon Whitehouse,Senate,GME,S,2016-01-05,2016-01-20,Child,"$1,001 - $15,000",15
D,Sheldon Whitehouse,Senate,NVDA,P,2016-01-05,2016-01-20,Self,"$1,001 - $15,000",15
D,Sheldon Whitehouse,Senate,NVDA,P,2016-01-06,2016-01-20,Child,"$1,001 - $15,000",14
D,Sheldon Whitehouse,Senate,CSCO,P,2016-01-05,2016-01-20,Self,"$1,001 - $15,000",15
D,Sheldon Whitehouse,Senate,WMT,P,2016-01-05,2016-01-20,Self,"$1,001 - $15,000",15
D,Sheldon Whitehouse,Senate,VZ,P,2016-01-06,2016-01-20,Self,"$1,001 - $15,000",14
D,Sheldon Whitehouse,Senate,UA,P,2016-01-06,2016-01-20,Self,"$1,001 - $15,000",14
D,Sheldon Whitehouse,Senate,LLTC,P,2016-01-05,2016-01-20,Child,"$1,001 - $15,000",15
D,Sheldon Whitehouse,Senate,MRK,P,2016-01-14,2016-01-20,Self,"$1,001 - $15,000",6
D,Sheldon Whitehouse,Senate,NFLX,P,2016-01-05,2016-01-20,Child,"$1,001 - $15,000",15
?,"Angus S King, Jr.",Senate,KMI,S,2015-12-16,2016-01-19,Spouse,"$1,001 - $15,000",34
D,John F Reed,Senate,VWO,S,2015-12-29,2016-01-14,Joint,"$1,001 - $15,000",16
R,William Cassidy,Senate,INTC,S,2016-01-05,2016-01-12,Spouse,"$1,001 - $15,000",7
R,William Cassidy,Senate,CMI,P,2016-01-05,2016-01-12,Spouse,"$1,001 - $15,000",7
R,William Cassidy,Senate,AAPL,P,2016-01-05,2016-01-12,Spouse,"$1,001 - $15,000",7
R,John Hoeven,Senate,UA,P,2016-01-06,2016-01-12,Self,"$50,001 - $100,000",6
R,Patrick J Toomey,Senate,PFS,S,2015-08-07,2015-11-04,Joint,"$15,001 - $50,000",89
R,Patrick J Toomey,Senate,CVX,P,2015-08-07,2015-11-04,Joint,"$1,001 - $15,000",89
R,Patrick J Toomey,Senate,PFS,S,2015-08-10,2015-11-04,Joint,"$1,001 - $15,000",86
R,Patrick J Toomey,Senate,PFS,S,2015-08-31,2015-11-04,Joint,"$15,001 - $50,000",65
R,Patrick J Toomey,Senate,PFS,S,2015-09-17,2015-11-04,Joint,"$15,001 - $50,000",48
R,Patrick J Toomey,Senate,PFS,S,2015-09-18,2015-11-04,Joint,"$15,001 - $50,000",47
D,Gary C Peters,Senate,IVZ,P,2015-09-10,2015-09-28,Self,"$1,001 - $15,000",18
D,Gary C Peters,Senate,ABBV,P,2015-09-10,2015-09-28,Self,"$1,001 - $15,000",18
D,Gary C Peters,Senate,T,P,2015-09-10,2015-09-28,Self,"$1,001 - $15,000",18
D,Gary C Peters,Senate,PFE,P,2015-09-16,2015-09-28,Self,"$1,001 - $15,000",12
D,Gary C Peters,Senate,MMC,P,2015-09-16,2015-09-28,Self,"$1,001 - $15,000",12
D,Gary C Peters,Senate,UNP,P,2015-09-16,2015-09-28,Self,"$1,001 - $15,000",12
D,Gary C Peters,Senate,GM,P,2015-09-16,2015-09-28,Self,"$1,001 - $15,000",12
D,Sheldon Whitehouse,Senate,UTX,S,2015-09-18,2015-09-24,Child,"$15,001 - $50,000",6
D,Sheldon Whitehouse,Senate,M,P,2015-09-22,2015-09-24,Joint,"$1,001 - $15,000",2
D,Sheldon Whitehouse,Senate,RTN,P,2015-09-22,2015-09-24,Joint,"$15,001 - $50,000",2
D,Sheldon Whitehouse,Senate,QCOM,S,2015-09-15,2015-09-24,Joint,"$15,001 - $50,000",9
D,Sheldon Whitehouse,Senate,BAC,S,2015-09-15,2015-09-24,Joint,"$15,001 - $50,000",9
D,Sheldon Whitehouse,Senate,PG,P,2015-08-28,2015-09-24,Joint,"$1,001 - $15,000",27
D,Sheldon Whitehouse,Senate,CSX,S,2015-08-28,2015-09-24,Joint,"$1,001 - $15,000",27
D,Sheldon Whitehouse,Senate,BIIB,P,2015-08-28,2015-09-24,Joint,"$1,001 - $15,000",27
D,Sheldon Whitehouse,Senate,QLIK,S,2015-08-28,2015-09-24,Self,"$15,001 - $50,000",27
D,Sheldon Whitehouse,Senate,FB,P,2015-08-28,2015-09-24,Self,"$1,001 - $15,000",27
D,Sheldon Whitehouse,Senate,VFC,S,2015-08-28,2015-09-24,Self,"$15,001 - $50,000",27
R,John Cornyn,Senate,AAPL,P,2015-08-21,2015-09-21,Self,"$15,001 - $50,000",31
R,James M Inhofe,Senate,COF,S,2015-08-27,2015-09-10,Self,"$100,001 - $250,000",14
R,James M Inhofe,Senate,RSPP,P,2015-08-24,2015-09-10,Self,"$15,001 - $50,000",17
R,James M Inhofe,Senate,CHK,P,2015-08-24,2015-09-10,Self,"$15,001 - $50,000",17
R,James M Inhofe,Senate,CLR,S,2015-08-24,2015-09-10,Self,"$15,001 - $50,000",17
R,James M Inhofe,Senate,AAPL,P,2015-08-24,2015-09-10,Self,"$15,001 - $50,000",17
R,James M Inhofe,Senate,A,P,2015-08-24,2015-09-10,Self,"$15,001 - $50,000",17
R,James M Inhofe,Senate,EMR,S,2015-08-24,2015-09-10,Self,"$50,001 - $100,000",17
R,James M Inhofe,Senate,ARW,P,2015-08-12,2015-09-10,Self,"$50,001 - $100,000",29
R,James M Inhofe,Senate,MRK,P,2015-08-12,2015-09-10,Self,"$15,001 - $50,000",29
R,James M Inhofe,Senate,DISCK,S,2015-08-07,2015-09-10,Self,"$50,001 - $100,000",34
R,James M Inhofe,Senate,QCOM,S,2015-08-04,2015-09-10,Self,"$50,001 - $100,000",37
R,John Hoeven,Senate,JCI,P,2015-08-13,2015-09-08,Self,"$100,001 - $250,000",26
R,John Hoeven,Senate,RL,P,2015-08-13,2015-09-08,Self,"$50,001 - $100,000",26
R,John Hoeven,Senate,TAP,P,2015-08-13,2015-09-08,Self,"$100,001 - $250,000",26
?,"David A Perdue , Jr",Senate,AAN,S,2015-09-02,2015-09-08,Joint,"$1,001 - $15,000",6
?,"David A Perdue , Jr",Senate,GLW,P,2015-09-02,2015-09-08,Joint,"$1,001 - $15,000",6
?,"David A Perdue , Jr",Senate,BK,S,2015-09-02,2015-09-08,Joint,"$1,001 - $15,000",6
?,"David A Perdue , Jr",Senate,BK,S,2015-09-01,2015-09-08,Joint,"$1,001 - $15,000",7
?,"David A Perdue , Jr",Senate,GLW,P,2015-09-01,2015-09-08,Joint,"$1,001 - $15,000",7
?,"David A Perdue , Jr",Senate,CIT,S,2015-08-31,2015-09-08,Joint,"$1,001 - $15,000",8
?,"David A Perdue , Jr",Senate,BK,S,2015-08-31,2015-09-08,Joint,"$1,001 - $15,000",8
?,"David A Perdue , Jr",Senate,DVN,P,2015-08-31,2015-09-08,Joint,"$1,001 - $15,000",8
?,"David A Perdue , Jr",Senate,BAX,P,2015-08-28,2015-09-08,Joint,"$1,001 - $15,000",11
?,"David A Perdue , Jr",Senate,CIT,S,2015-08-28,2015-09-08,Joint,"$1,001 - $15,000",11
?,"David A Perdue , Jr",Senate,GLW,P,2015-08-28,2015-09-08,Joint,"$1,001 - $15,000",11
?,"David A Perdue , Jr",Senate,AAN,S,2015-08-27,2015-09-08,Joint,"$1,001 - $15,000",12
?,"David A Perdue , Jr",Senate,CIT,S,2015-08-27,2015-09-08,Joint,"$1,001 - $15,000",12
?,"David A Perdue , Jr",Senate,BAX,P,2015-08-27,2015-09-08,Joint,"$1,001 - $15,000",12
?,"David A Perdue , Jr",Senate,DVN,P,2015-08-27,2015-09-08,Joint,"$1,001 - $15,000",12
?,"David A Perdue , Jr",Senate,GLW,P,2015-08-27,2015-09-08,Joint,"$1,001 - $15,000",12
?,"David A Perdue , Jr",Senate,CIT,S,2015-08-26,2015-09-08,Joint,"$1,001 - $15,000",13
?,"David A Perdue , Jr",Senate,BAX,P,2015-08-26,2015-09-08,Joint,"$1,001 - $15,000",13
?,"David A Perdue , Jr",Senate,PG,P,2015-08-25,2015-09-08,Joint,"$15,001 - $50,000",14
?,"David A Perdue , Jr",Senate,CIT,S,2015-08-25,2015-09-08,Joint,"$1,001 - $15,000",14
?,"David A Perdue , Jr",Senate,BAX,P,2015-08-25,2015-09-08,Joint,"$1,001 - $15,000",14
?,"David A Perdue , Jr",Senate,DE,S,2015-08-25,2015-09-08,Joint,"$1,001 - $15,000",14
?,"David A Perdue , Jr",Senate,AAN,S,2015-08-25,2015-09-08,Joint,"$1,001 - $15,000",14
?,"David A Perdue , Jr",Senate,QCOM,P,2015-08-24,2015-09-08,Joint,"$1,001 - $15,000",15
?,"David A Perdue , Jr",Senate,IP,P,2015-08-24,2015-09-08,Joint,"$15,001 - $50,000",15
?,"David A Perdue , Jr",Senate,PSX,P,2015-08-24,2015-09-08,Joint,"$1,001 - $15,000",15
?,"David A Perdue , Jr",Senate,KMI,P,2015-08-24,2015-09-08,Joint,"$15,001 - $50,000",15
?,"David A Perdue , Jr",Senate,SBUX,P,2015-08-24,2015-09-08,Joint,"$15,001 - $50,000",15
?,"David A Perdue , Jr",Senate,BAX,P,2015-08-24,2015-09-08,Joint,"$1,001 - $15,000",15
?,"David A Perdue , Jr",Senate,CIT,S,2015-08-24,2015-09-08,Joint,"$1,001 - $15,000",15
?,"David A Perdue , Jr",Senate,DISCA,P,2015-08-21,2015-09-08,Joint,"$1,001 - $15,000",18
?,"David A Perdue , Jr",Senate,BAX,P,2015-08-21,2015-09-08,Joint,"$1,001 - $15,000",18
?,"David A Perdue , Jr",Senate,CIT,S,2015-08-21,2015-09-08,Joint,"$1,001 - $15,000",18
?,"David A Perdue , Jr",Senate,CBS,P,2015-08-20,2015-09-08,Joint,"$1,001 - $15,000",19
?,"David A Perdue , Jr",Senate,BAX,P,2015-08-20,2015-09-08,Joint,"$15,001 - $50,000",19
?,"David A Perdue , Jr",Senate,DISCA,P,2015-08-20,2015-09-08,Joint,"$1,001 - $15,000",19
?,"David A Perdue , Jr",Senate,DE,S,2015-08-20,2015-09-08,Joint,"$1,001 - $15,000",19
?,"David A Perdue , Jr",Senate,BAX,P,2015-08-19,2015-09-08,Joint,"$1,001 - $15,000",20
?,"David A Perdue , Jr",Senate,GPK,S,2015-08-17,2015-09-08,Joint,"$50,001 - $100,000",22
?,"David A Perdue , Jr",Senate,LNT,S,2015-08-17,2015-09-08,Joint,"$100,001 - $250,000",22
?,"David A Perdue , Jr",Senate,LNT,S,2015-08-14,2015-09-08,Joint,"$100,001 - $250,000",25
?,"David A Perdue , Jr",Senate,LNT,S,2015-08-13,2015-09-08,Joint,"$100,001 - $250,000",26
?,"David A Perdue , Jr",Senate,LNT,S,2015-08-12,2015-09-08,Joint,"$250,001 - $500,000",27
?,"David A Perdue , Jr",Senate,BAX,P,2015-08-12,2015-09-08,Joint,"$1,001 - $15,000",27
?,"David A Perdue , Jr",Senate,DISCA,P,2015-08-12,2015-09-08,Joint,"$1,001 - $15,000",27
?,"David A Perdue , Jr",Senate,AAN,S,2015-08-12,2015-09-08,Joint,"$1,001 - $15,000",27
?,"David A Perdue , Jr",Senate,AAN,S,2015-08-11,2015-09-08,Joint,"$1,001 - $15,000",28
?,"David A Perdue , Jr",Senate,GPK,S,2015-08-10,2015-09-08,Joint,"$15,001 - $50,000",29
?,"David A Perdue , Jr",Senate,BAX,P,2015-08-10,2015-09-08,Joint,"$1,001 - $15,000",29
?,"David A Perdue , Jr",Senate,PAA,S,2015-08-07,2015-09-08,Joint,"$1,001 - $15,000",32
?,"David A Perdue , Jr",Senate,XOM,P,2015-08-07,2015-09-08,Joint,"$1,001 - $15,000",32
?,"David A Perdue , Jr",Senate,LQDT,S,2015-08-07,2015-09-08,Joint,"$1,001 - $15,000",32
?,"David A Perdue , Jr",Senate,PAA,S,2015-08-06,2015-09-08,Joint,"$1,001 - $15,000",33
?,"David A Perdue , Jr",Senate,FOX,P,2015-08-06,2015-09-08,Joint,"$15,001 - $50,000",33
?,"David A Perdue , Jr",Senate,DISCA,P,2015-08-06,2015-09-08,Joint,"$1,001 - $15,000",33
?,"David A Perdue , Jr",Senate,CBS,P,2015-08-06,2015-09-08,Joint,"$1,001 - $15,000",33
?,"David A Perdue , Jr",Senate,AM,P,2015-08-05,2015-09-08,Joint,"$1,001 - $15,000",34
?,"David A Perdue , Jr",Senate,BAX,P,2015-08-04,2015-09-08,Joint,"$1,001 - $15,000",35
?,"David A Perdue , Jr",Senate,CLX,S,2015-08-03,2015-09-08,Joint,"$1,001 - $15,000",36
?,"David A Perdue , Jr",Senate,BCR,S,2015-08-03,2015-09-08,Joint,"$15,001 - $50,000",36
?,"David A Perdue , Jr",Senate,WPX,P,2015-08-03,2015-09-08,Joint,"$1,001 - $15,000",36
?,"David A Perdue , Jr",Senate,GPK,S,2015-07-31,2015-09-08,Joint,"$50,001 - $100,000",39
?,"David A Perdue , Jr",Senate,LNT,S,2015-07-31,2015-09-08,Joint,"$100,001 - $250,000",39
?,"David A Perdue , Jr",Senate,LNT,S,2015-07-30,2015-09-08,Joint,"$100,001 - $250,000",40
?,"David A Perdue , Jr",Senate,WPX,P,2015-07-30,2015-09-08,Joint,"$1,001 - $15,000",40
?,"David A Perdue , Jr",Senate,DE,S,2015-07-30,2015-09-08,Joint,"$1,001 - $15,000",40
?,"David A Perdue , Jr",Senate,DVN,P,2015-07-29,2015-09-08,Joint,"$1,001 - $15,000",41
?,"David A Perdue , Jr",Senate,CVC,S,2015-07-29,2015-09-08,Joint,"$1,001 - $15,000",41
?,"David A Perdue , Jr",Senate,VLP,S,2015-07-28,2015-09-08,Joint,"$1,001 - $15,000",42
?,"David A Perdue , Jr",Senate,GPK,S,2015-07-28,2015-09-08,Joint,"$100,001 - $250,000",42
?,"David A Perdue , Jr",Senate,LQDT,S,2015-07-28,2015-09-08,Joint,"$1,001 - $15,000",42
?,"David A Perdue , Jr",Senate,WPX,P,2015-08-05,2015-09-08,Joint,"$1,001 - $15,000",34
?,"David A Perdue , Jr",Senate,CVC,S,2015-08-05,2015-09-08,Joint,"$1,001 - $15,000",34
?,"David A Perdue , Jr",Senate,DISCA,P,2015-08-05,2015-09-08,Joint,"$1,001 - $15,000",34
?,"David A Perdue , Jr",Senate,WOOF,S,2015-08-05,2015-09-08,Joint,"$1,001 - $15,000",34
?,"David A Perdue , Jr",Senate,VLP,P,2015-08-04,2015-09-08,Joint,"$1,001 - $15,000",35
R,James M Inhofe,Senate,DISCK,S,2015-08-07,2015-09-04,Self,"$50,001 - $100,000",28
R,James M Inhofe,Senate,QCOM,S,2015-08-04,2015-09-02,Self,"$50,001 - $100,000",29
D,Sheldon Whitehouse,Senate,GE,P,2015-08-04,2015-09-01,Spouse,"$1,001 - $15,000",28
D,Sheldon Whitehouse,Senate,BIIB,P,2015-08-04,2015-09-01,Spouse,"$1,001 - $15,000",28
D,Sheldon Whitehouse,Senate,KO,P,2015-08-10,2015-09-01,Child,"$1,001 - $15,000",22
D,Sheldon Whitehouse,Senate,BIIB,P,2015-08-10,2015-09-01,Joint,"$1,001 - $15,000",22
D,Sheldon Whitehouse,Senate,WFC,P,2015-08-04,2015-09-01,Self,"$1,001 - $15,000",28
D,Sheldon Whitehouse,Senate,VZ,P,2015-08-04,2015-09-01,Self,"$1,001 - $15,000",28
D,Sheldon Whitehouse,Senate,NFLX,P,2015-07-15,2015-09-01,Self,"$1,001 - $15,000",48
D,Thomas R Carper,Senate,GAS,S,2015-08-25,2015-09-01,Spouse,"$1,001 - $15,000",7
D,Thomas R Carper,Senate,AEE,P,2015-08-25,2015-09-01,Spouse,"$1,001 - $15,000",7
R,William Cassidy,Senate,IHE,P,2015-08-27,2015-08-28,Spouse,"$1,001 - $15,000",1
R,William Cassidy,Senate,CAT,P,2015-08-27,2015-08-28,Spouse,"$1,001 - $15,000",1
R,Patrick J Toomey,Senate,IDV,S,2014-09-02,2015-08-24,Joint,"$15,001 - $50,000",356
R,Patrick J Toomey,Senate,IXP,P,2014-09-02,2015-08-24,Joint,"$15,001 - $50,000",356
R,Patrick J Toomey,Senate,SDY,P,2014-09-02,2015-08-24,Joint,"$15,001 - $50,000",356
R,Patrick J Toomey,Senate,AMLP,P,2014-09-02,2015-08-24,Joint,"$1,001 - $15,000",356
R,Patrick J Toomey,Senate,DWX,S,2014-09-02,2015-08-24,Joint,"$15,001 - $50,000",356
R,Patrick J Toomey,Senate,ILF,P,2014-09-02,2015-08-24,Spouse,"$1,001 - $15,000",356
R,Patrick J Toomey,Senate,EPP,S,2014-09-02,2015-08-24,Spouse,"$1,001 - $15,000",356
R,Patrick J Toomey,Senate,PFS,S,2014-12-17,2015-08-24,Joint,"$1,001 - $15,000",250
R,Patrick J Toomey,Senate,T,P,2014-12-18,2015-08-24,Joint,"$15,001 - $50,000",249
R,Patrick J Toomey,Senate,PFS,S,2014-12-18,2015-08-24,Joint,"$1,001 - $15,000",249
R,Patrick J Toomey,Senate,ESV,P,2014-12-18,2015-08-24,Joint,"$15,001 - $50,000",249
R,Pat Roberts,Senate,BIDU,P,2015-07-27,2015-08-23,Spouse,"$1,001 - $15,000",27
R,Pat Roberts,Senate,AAPL,P,2015-07-27,2015-08-23,Spouse,"$1,001 - $15,000",27
R,Pat Roberts,Senate,AAPL,P,2015-07-24,2015-08-23,Spouse,"$1,001 - $15,000",30
R,Pat Roberts,Senate,SBUX.SW,P,2015-07-13,2015-08-23,Spouse,"$1,001 - $15,000",41
R,Pat Roberts,Senate,CELG,S,2015-07-02,2015-08-23,Spouse,"$1,001 - $15,000",52
R,William Cassidy,Senate,OXY,P,2015-07-08,2015-08-20,Spouse,"$1,001 - $15,000",43
R,William Cassidy,Senate,NBL,P,2015-07-16,2015-08-20,Joint,"$1,001 - $15,000",35
D,Sheldon Whitehouse,Senate,KORS,S,2015-05-27,2015-08-12,Child,"$1,001 - $15,000",77
D,Sheldon Whitehouse,Senate,AMGN,P,2015-05-27,2015-08-12,Spouse,"$1,001 - $15,000",77
D,Sheldon Whitehouse,Senate,BAC,P,2015-05-27,2015-08-12,Joint,"$15,001 - $50,000",77
D,Sheldon Whitehouse,Senate,CY,S,2015-05-18,2015-08-12,Joint,"$15,001 - $50,000",86
D,Sheldon Whitehouse,Senate,RTN,S,2015-05-18,2015-08-12,Joint,"$1,001 - $15,000",86
D,Sheldon Whitehouse,Senate,PCAR,S,2015-05-07,2015-08-12,Joint,"$1,001 - $15,000",97
D,Sheldon Whitehouse,Senate,PRU,S,2015-05-07,2015-08-12,Joint,"$1,001 - $15,000",97
D,Sheldon Whitehouse,Senate,FEYE,P,2015-05-27,2015-08-12,Self,"$1,001 - $15,000",77
D,Sheldon Whitehouse,Senate,MRK,P,2015-05-27,2015-08-12,Self,"$1,001 - $15,000",77
D,Sheldon Whitehouse,Senate,TU,S,2015-05-27,2015-08-12,Self,"$15,001 - $50,000",77
D,Sheldon Whitehouse,Senate,NFLX,P,2015-05-07,2015-08-12,Self,"$15,001 - $50,000",97
D,Sheldon Whitehouse,Senate,BIIB,P,2015-05-07,2015-08-12,Self,"$15,001 - $50,000",97
D,Sheldon Whitehouse,Senate,COF,S,2014-10-15,2015-08-12,Joint,"$15,001 - $50,000",301
D,John F Reed,Senate,FEYE,P,2015-07-29,2015-08-06,Joint,"$1,001 - $15,000",8
D,Thomas R Carper,Senate,NWN,P,2015-07-21,2015-08-04,Spouse,"$1,001 - $15,000",14
R,James M Inhofe,Senate,CLR,P,2015-07-20,2015-08-04,Self,"$15,001 - $50,000",15
R,John Hoeven,Senate,KHC,E,2015-07-06,2015-08-03,Self,"$250,001 - $500,000",28
R,John Hoeven,Senate,KRFT,E,2015-07-06,2015-08-03,Self,"$250,001 - $500,000",28
R,Shelley M Capito,Senate,ABT,P,2015-07-21,2015-08-03,Spouse,"$1,001 - $15,000",13
R,James M Inhofe,Senate,FANG,P,2015-07-15,2015-07-29,Self,"$50,001 - $100,000",14
?,"David A Perdue , Jr",Senate,WPX,P,2015-07-27,2015-07-28,Joint,"$1,001 - $15,000",1
?,"David A Perdue , Jr",Senate,DISCA,P,2015-07-27,2015-07-28,Joint,"$1,001 - $15,000",1
?,"David A Perdue , Jr",Senate,WPZ,S,2015-07-24,2015-07-28,Joint,"$1,001 - $15,000",4
?,"David A Perdue , Jr",Senate,AAN,S,2015-07-23,2015-07-28,Joint,"$1,001 - $15,000",5
?,"David A Perdue , Jr",Senate,WPZ,S,2015-07-23,2015-07-28,Joint,"$1,001 - $15,000",5
?,"David A Perdue , Jr",Senate,SE,S,2015-07-23,2015-07-28,Joint,"$1,001 - $15,000",5
?,"David A Perdue , Jr",Senate,CVC,S,2015-07-22,2015-07-28,Joint,"$1,001 - $15,000",6
?,"David A Perdue , Jr",Senate,SE,S,2015-07-22,2015-07-28,Joint,"$1,001 - $15,000",6
?,"David A Perdue , Jr",Senate,WPZ,S,2015-07-22,2015-07-28,Joint,"$1,001 - $15,000",6
?,"David A Perdue , Jr",Senate,PYPL,S,2015-07-21,2015-07-28,Joint,"$1,001 - $15,000",7
?,"David A Perdue , Jr",Senate,EBAY,S,2015-07-21,2015-07-28,Joint,"$1,001 - $15,000",7
?,"David A Perdue , Jr",Senate,CVC,S,2015-07-20,2015-07-28,Joint,"$1,001 - $15,000",8
?,"David A Perdue , Jr",Senate,WOOF,S,2015-07-20,2015-07-28,Joint,"$1,001 - $15,000",8
?,"David A Perdue , Jr",Senate,EBAY,S,2015-07-17,2015-07-28,Joint,"$15,001 - $50,000",11
?,"David A Perdue , Jr",Senate,PKI,S,2015-07-17,2015-07-28,Joint,"$1,001 - $15,000",11
?,"David A Perdue , Jr",Senate,WPX,P,2015-07-17,2015-07-28,Joint,"$1,001 - $15,000",11
?,"David A Perdue , Jr",Senate,CVC,S,2015-07-16,2015-07-28,Joint,"$1,001 - $15,000",12
?,"David A Perdue , Jr",Senate,CVC,S,2015-07-14,2015-07-28,Joint,"$1,001 - $15,000",14
?,"David A Perdue , Jr",Senate,DVN,P,2015-07-13,2015-07-28,Joint,"$1,001 - $15,000",15
?,"David A Perdue , Jr",Senate,AAN,S,2015-07-13,2015-07-28,Joint,"$1,001 - $15,000",15
?,"David A Perdue , Jr",Senate,AAN,S,2015-07-09,2015-07-28,Joint,"$1,001 - $15,000",19
?,"David A Perdue , Jr",Senate,AAN,S,2015-07-08,2015-07-28,Joint,"$1,001 - $15,000",20
?,"David A Perdue , Jr",Senate,CVC,S,2015-07-07,2015-07-28,Joint,"$1,001 - $15,000",21
?,"David A Perdue , Jr",Senate,DISCA,P,2015-06-29,2015-07-28,Joint,"$1,001 - $15,000",29
?,"David A Perdue , Jr",Senate,CBS,P,2015-06-29,2015-07-28,Joint,"$1,001 - $15,000",29
D,Sheldon Whitehouse,Senate,T,P,2015-07-07,2015-07-21,Spouse,"$1,001 - $15,000",14
D,Sheldon Whitehouse,Senate,BIIB,P,2015-07-10,2015-07-21,Joint,"$1,001 - $15,000",11
D,Sheldon Whitehouse,Senate,LLTC,P,2015-07-10,2015-07-21,Child,"$1,001 - $15,000",11
D,Sheldon Whitehouse,Senate,T,P,2015-07-10,2015-07-21,Child,"$1,001 - $15,000",11
D,Sheldon Whitehouse,Senate,MRK,P,2015-07-10,2015-07-21,Self,"$1,001 - $15,000",11
D,Sheldon Whitehouse,Senate,GPRO,P,2015-07-07,2015-07-21,Self,"$1,001 - $15,000",14
D,Sheldon Whitehouse,Senate,M,S,2015-07-07,2015-07-21,Self,"$15,001 - $50,000",14
D,Sheldon Whitehouse,Senate,CY,S,2015-06-15,2015-07-21,Self,"$15,001 - $50,000",36
D,Sheldon Whitehouse,Senate,TRIP,S,2015-06-15,2015-07-21,Self,"$1,001 - $15,000",36
D,Sheldon Whitehouse,Senate,CHL,S,2015-06-15,2015-07-21,Self,"$15,001 - $50,000",36
R,Susan M Collins,Senate,BUD,S,2014-07-23,2015-07-20,Spouse,"$1,001 - $15,000",362
R,Susan M Collins,Senate,ENLC,S,2014-07-23,2015-07-20,Spouse,"$1,001 - $15,000",362
R,Susan M Collins,Senate,OGS,S,2014-07-23,2015-07-20,Spouse,"$1,001 - $15,000",362
R,Susan M Collins,Senate,TCAP,S,2014-06-19,2015-07-20,Spouse,"$1,001 - $15,000",396
R,Susan M Collins,Senate,AGCO,S,2014-06-19,2015-07-20,Spouse,"$1,001 - $15,000",396
R,Susan M Collins,Senate,TOLLX,P,2014-12-18,2015-07-20,Spouse,"$1,001 - $15,000",214
R,Susan M Collins,Senate,TOLLX,S,2014-12-15,2015-07-20,Spouse,"$1,001 - $15,000",217
R,Susan M Collins,Senate,WASCX,P,2014-12-11,2015-07-20,Spouse,"$1,001 - $15,000",221
R,Susan M Collins,Senate,BMGAX,P,2014-12-10,2015-07-20,Spouse,"$1,001 - $15,000",222
R,Susan M Collins,Senate,DVFAX,P,2014-12-11,2015-07-20,Spouse,"$1,001 - $15,000",221
R,Susan M Collins,Senate,TOLLX,P,2014-12-18,2015-07-17,Spouse,"$1,001 - $15,000",211
R,Susan M Collins,Senate,TOLLX,S,2014-12-15,2015-07-17,Spouse,"$1,001 - $15,000",214
R,Susan M Collins,Senate,WASCX,P,2014-12-11,2015-07-17,Spouse,"$1,001 - $15,000",218
R,Susan M Collins,Senate,BMGAX,P,2014-12-10,2015-07-17,Spouse,"$1,001 - $15,000",219
R,Susan M Collins,Senate,DVFAX,P,2014-12-11,2015-07-17,Spouse,"$1,001 - $15,000",218
D,John F Reed,Senate,ALTR,S,2015-06-30,2015-07-16,Self,"$1,001 - $15,000",16
D,John F Reed,Senate,AMG,P,2015-06-30,2015-07-16,Self,"$1,001 - $15,000",16
R,James M Inhofe,Senate,MSACX,S,2015-07-09,2015-07-15,Self,"$15,001 - $50,000",6
R,James M Inhofe,Senate,VADDX,S,2015-07-09,2015-07-15,Self,"$1,001 - $15,000",6
R,James M Inhofe,Senate,NGIPX,S,2015-07-09,2015-07-15,Self,"$1,001 - $15,000",6
R,James M Inhofe,Senate,WSTMX,S,2015-07-09,2015-07-15,Self,"$1,001 - $15,000",6
R,James M Inhofe,Senate,VMIIX,S,2015-07-09,2015-07-15,Self,"$1,001 - $15,000",6
R,James M Inhofe,Senate,VSMIX,S,2015-07-09,2015-07-15,Self,"$1,001 - $15,000",6
R,James M Inhofe,Senate,ACSDX,S,2015-07-09,2015-07-15,Self,"$1,001 - $15,000",6
R,James M Inhofe,Senate,MGEMX,S,2015-07-09,2015-07-15,Self,"$1,001 - $15,000",6
R,James M Inhofe,Senate,BIIB,P,2015-07-09,2015-07-15,Self,"$15,001 - $50,000",6
R,James M Inhofe,Senate,CLR,P,2015-07-09,2015-07-15,Self,"$15,001 - $50,000",6
R,James M Inhofe,Senate,GE,P,2015-07-09,2015-07-15,Self,"$1,001 - $15,000",6
R,James M Inhofe,Senate,PCLN,P,2015-07-09,2015-07-15,Self,"$15,001 - $50,000",6
R,James M Inhofe,Senate,MRK,P,2015-07-09,2015-07-15,Self,"$50,001 - $100,000",6
R,James M Inhofe,Senate,ITC,P,2015-07-09,2015-07-15,Self,"$50,001 - $100,000",6
R,James M Inhofe,Senate,ABT,S,2015-07-09,2015-07-15,Self,"$50,001 - $100,000",6
R,James M Inhofe,Senate,NGIPX,P,2015-06-22,2015-07-15,Self,"$1,001 - $15,000",23
R,James M Inhofe,Senate,GILD,S,2015-06-09,2015-07-09,Self,"$50,001 - $100,000",30
R,Patrick J Toomey,Senate,VZ,P,2015-06-04,2015-07-09,Joint,"$1,001 - $15,000",35
R,Patrick J Toomey,Senate,CVX,P,2015-06-16,2015-07-09,Joint,"$1,001 - $15,000",23
R,Patrick J Toomey,Senate,PFS,S,2015-06-16,2015-07-09,Joint,"$15,001 - $50,000",23
R,Patrick J Toomey,Senate,PFS,S,2015-06-23,2015-07-09,Joint,"$15,001 - $50,000",16
R,Patrick J Toomey,Senate,PFS,S,2015-06-24,2015-07-09,Joint,"$15,001 - $50,000",15
D,Thomas R Carper,Senate,CVG,P,2015-06-24,2015-07-01,Spouse,"$1,001 - $15,000",7
D,Thomas R Carper,Senate,ATML,S,2015-06-24,2015-07-01,Spouse,"$1,001 - $15,000",7
D,Thomas R Carper,Senate,DD,P,2015-06-12,2015-07-01,Spouse,"$1,001 - $15,000",19
?,"David A Perdue , Jr",Senate,CVC,S,2015-06-19,2015-06-26,Joint,"$1,001 - $15,000",7
?,"David A Perdue , Jr",Senate,ANTM,S,2015-06-11,2015-06-26,Joint,"$1,001 - $15,000",15
?,"David A Perdue , Jr",Senate,DISCA,P,2015-05-29,2015-06-26,Joint,"$1,001 - $15,000",28
?,"David A Perdue , Jr",Senate,AXLL,P,2015-06-03,2015-06-26,Joint,"$1,001 - $15,000",23
?,"David A Perdue , Jr",Senate,PG,P,2015-06-04,2015-06-26,Joint,"$1,001 - $15,000",22
D,Gary C Peters,Senate,STAG,P,2015-06-16,2015-06-24,Self,"$1,001 - $15,000",8
R,James M Inhofe,Senate,CLR,P,2015-06-04,2015-06-16,Self,"$1,001 - $15,000",12
D,John F Reed,Senate,LSCC,P,2015-06-04,2015-06-15,Joint,"$1,001 - $15,000",11
?,"David A Perdue , Jr",Senate,BA,S,2015-02-23,2015-06-04,Joint,"$15,001 - $50,000",101
?,"David A Perdue , Jr",Senate,SMEZ,S,2015-02-24,2015-06-04,Joint,"$15,001 - $50,000",100
?,"David A Perdue , Jr",Senate,CAT,S,2015-03-11,2015-06-04,Joint,"$15,001 - $50,000",85
?,"David A Perdue , Jr",Senate,SPY,S,2015-03-25,2015-06-04,Joint,"$15,001 - $50,000",71
?,"David A Perdue , Jr",Senate,RF,P,2015-05-20,2015-06-04,Joint,"$15,001 - $50,000",15
?,"David A Perdue , Jr",Senate,CL,S,2015-05-20,2015-06-04,Joint,"$15,001 - $50,000",15
?,"David A Perdue , Jr",Senate,CLX,S,2015-01-15,2015-06-04,Joint,"$1,001 - $15,000",140
?,"David A Perdue , Jr",Senate,BCR,S,2015-01-22,2015-06-04,Joint,"$1,001 - $15,000",133
?,"David A Perdue , Jr",Senate,SYY,P,2015-04-02,2015-06-04,Joint,"$1,001 - $15,000",63
?,"David A Perdue , Jr",Senate,PG,P,2015-04-02,2015-06-04,Joint,"$1,001 - $15,000",63
?,"David A Perdue , Jr",Senate,FOX,P,2015-04-02,2015-06-04,Joint,"$15,001 - $50,000",63
?,"David A Perdue , Jr",Senate,AVP,P,2015-04-02,2015-06-04,Joint,"$1,001 - $15,000",63
?,"David A Perdue , Jr",Senate,FOXA,S,2015-04-02,2015-06-04,Joint,"$1,001 - $15,000",63
?,"David A Perdue , Jr",Senate,JNJ,P,2015-04-02,2015-06-04,Joint,"$1,001 - $15,000",63
?,"David A Perdue , Jr",Senate,KO,P,2015-04-02,2015-06-04,Joint,"$1,001 - $15,000",63
?,"David A Perdue , Jr",Senate,MSFT,S,2015-04-02,2015-06-04,Joint,"$1,001 - $15,000",63
?,"David A Perdue , Jr",Senate,SYY,P,2015-05-06,2015-06-04,Joint,"$15,001 - $50,000",29
?,"David A Perdue , Jr",Senate,CMCSK,S,2015-05-11,2015-06-04,Joint,"$1,001 - $15,000",24
?,"David A Perdue , Jr",Senate,FOX,P,2015-05-11,2015-06-04,Joint,"$1,001 - $15,000",24
?,"David A Perdue , Jr",Senate,CMCSK,S,2015-05-12,2015-06-04,Joint,"$15,001 - $50,000",23
?,"David A Perdue , Jr",Senate,FOX,P,2015-05-12,2015-06-04,Joint,"$15,001 - $50,000",23
?,"David A Perdue , Jr",Senate,AM,P,2015-01-07,2015-06-04,Joint,"$1,001 - $15,000",148
?,"David A Perdue , Jr",Senate,AR,P,2015-01-14,2015-06-04,Joint,"$1,001 - $15,000",141
?,"David A Perdue , Jr",Senate,BPL,P,2015-01-15,2015-06-04,Joint,"$1,001 - $15,000",140
?,"David A Perdue , Jr",Senate,WPZ,S,2015-02-10,2015-06-04,Joint,"$1,001 - $15,000",114
?,"David A Perdue , Jr",Senate,WPZ,S,2015-02-11,2015-06-04,Joint,"$1,001 - $15,000",113
?,"David A Perdue , Jr",Senate,WPZ,S,2015-02-12,2015-06-04,Joint,"$1,001 - $15,000",112
?,"David A Perdue , Jr",Senate,WPZ,S,2015-02-02,2015-06-04,Joint,"$1,001 - $15,000",122
?,"David A Perdue , Jr",Senate,WPZ,S,2015-02-13,2015-06-04,Joint,"$1,001 - $15,000",111
?,"David A Perdue , Jr",Senate,WPZ,S,2015-02-17,2015-06-04,Joint,"$1,001 - $15,000",107
?,"David A Perdue , Jr",Senate,WPZ,S,2015-02-18,2015-06-04,Joint,"$1,001 - $15,000",106
?,"David A Perdue , Jr",Senate,WPZ,S,2015-02-19,2015-06-04,Joint,"$1,001 - $15,000",105
?,"David A Perdue , Jr",Senate,PAA,P,2015-02-26,2015-06-04,Joint,"$15,001 - $50,000",98
?,"David A Perdue , Jr",Senate,NGLS,S,2015-03-02,2015-06-04,Joint,"$1,001 - $15,000",94
?,"David A Perdue , Jr",Senate,NGLS,S,2015-03-03,2015-06-04,Joint,"$1,001 - $15,000",93
?,"David A Perdue , Jr",Senate,NGLS,S,2015-03-04,2015-06-04,Joint,"$1,001 - $15,000",92
?,"David A Perdue , Jr",Senate,ETE,S,2015-03-12,2015-06-04,Joint,"$1,001 - $15,000",84
?,"David A Perdue , Jr",Senate,ETE,S,2015-03-13,2015-06-04,Joint,"$1,001 - $15,000",83
?,"David A Perdue , Jr",Senate,PAA,S,2015-05-21,2015-06-04,Joint,"$1,001 - $15,000",14
?,"David A Perdue , Jr",Senate,PAA,S,2015-05-22,2015-06-04,Joint,"$1,001 - $15,000",13
?,"David A Perdue , Jr",Senate,KN,P,2015-01-08,2015-06-04,Joint,"$1,001 - $15,000",147
?,"David A Perdue , Jr",Senate,AAN,S,2015-01-08,2015-06-04,Joint,"$1,001 - $15,000",147
?,"David A Perdue , Jr",Senate,CBS,P,2015-01-09,2015-06-04,Joint,"$15,001 - $50,000",146
?,"David A Perdue , Jr",Senate,AAN,S,2015-01-13,2015-06-04,Joint,"$1,001 - $15,000",142
?,"David A Perdue , Jr",Senate,BK,S,2015-01-13,2015-06-04,Joint,"$1,001 - $15,000",142
?,"David A Perdue , Jr",Senate,CBS,P,2015-01-13,2015-06-04,Joint,"$1,001 - $15,000",142
?,"David A Perdue , Jr",Senate,CBS,P,2015-01-14,2015-06-04,Joint,"$1,001 - $15,000",141
?,"David A Perdue , Jr",Senate,WPX,P,2015-01-14,2015-06-04,Joint,"$1,001 - $15,000",141
?,"David A Perdue , Jr",Senate,ZTS,S,2015-01-14,2015-06-04,Joint,"$1,001 - $15,000",141
?,"David A Perdue , Jr",Senate,KN,P,2015-01-21,2015-06-04,Joint,"$1,001 - $15,000",134
?,"David A Perdue , Jr",Senate,AAN,S,2015-01-23,2015-06-04,Joint,"$1,001 - $15,000",132
?,"David A Perdue , Jr",Senate,BK,S,2015-01-26,2015-06-04,Joint,"$1,001 - $15,000",129
?,"David A Perdue , Jr",Senate,KN,P,2015-01-27,2015-06-04,Joint,"$1,001 - $15,000",128
?,"David A Perdue , Jr",Senate,TAP,S,2015-01-27,2015-06-04,Joint,"$1,001 - $15,000",128
?,"David A Perdue , Jr",Senate,TAP,S,2015-01-29,2015-06-04,Joint,"$1,001 - $15,000",126
?,"David A Perdue , Jr",Senate,ZTS,S,2015-01-29,2015-06-04,Joint,"$1,001 - $15,000",126
?,"David A Perdue , Jr",Senate,ZTS,S,2015-01-30,2015-06-04,Joint,"$15,001 - $50,000",125
?,"David A Perdue , Jr",Senate,TAP,S,2015-02-03,2015-06-04,Joint,"$1,001 - $15,000",121
?,"David A Perdue , Jr",Senate,TAP,S,2015-02-04,2015-06-04,Joint,"$1,001 - $15,000",120
?,"David A Perdue , Jr",Senate,AAN,S,2015-02-04,2015-06-04,Joint,"$1,001 - $15,000",120
?,"David A Perdue , Jr",Senate,AAN,S,2015-02-05,2015-06-04,Joint,"$1,001 - $15,000",119
?,"David A Perdue , Jr",Senate,KN,P,2015-02-05,2015-06-04,Joint,"$1,001 - $15,000",119
?,"David A Perdue , Jr",Senate,CBS,P,2015-02-05,2015-06-04,Joint,"$1,001 - $15,000",119
?,"David A Perdue , Jr",Senate,CIT,P,2015-02-05,2015-06-04,Joint,"$1,001 - $15,000",119
?,"David A Perdue , Jr",Senate,AAN,S,2015-02-06,2015-06-04,Joint,"$1,001 - $15,000",118
?,"David A Perdue , Jr",Senate,CBS,P,2015-02-09,2015-06-04,Joint,"$1,001 - $15,000",115
?,"David A Perdue , Jr",Senate,WOOF,S,2015-02-10,2015-06-04,Joint,"$1,001 - $15,000",114
?,"David A Perdue , Jr",Senate,TAP,S,2015-02-11,2015-06-04,Joint,"$1,001 - $15,000",113
?,"David A Perdue , Jr",Senate,CIT,P,2015-02-12,2015-06-04,Joint,"$1,001 - $15,000",112
?,"David A Perdue , Jr",Senate,CBS,P,2015-02-13,2015-06-04,Joint,"$1,001 - $15,000",111
?,"David A Perdue , Jr",Senate,CIT,P,2015-02-17,2015-06-04,Joint,"$1,001 - $15,000",107
?,"David A Perdue , Jr",Senate,CBS,P,2015-02-17,2015-06-04,Joint,"$1,001 - $15,000",107
?,"David A Perdue , Jr",Senate,CBS,P,2015-02-20,2015-06-04,Joint,"$1,001 - $15,000",104
?,"David A Perdue , Jr",Senate,KN,P,2015-02-26,2015-06-04,Joint,"$1,001 - $15,000",98
?,"David A Perdue , Jr",Senate,CIT,P,2015-03-02,2015-06-04,Joint,"$1,001 - $15,000",94
?,"David A Perdue , Jr",Senate,WPX,P,2015-03-03,2015-06-04,Joint,"$1,001 - $15,000",93
?,"David A Perdue , Jr",Senate,KN,P,2015-03-06,2015-06-04,Joint,"$1,001 - $15,000",90
?,"David A Perdue , Jr",Senate,KN,P,2015-03-09,2015-06-04,Joint,"$1,001 - $15,000",87
?,"David A Perdue , Jr",Senate,KN,P,2015-03-10,2015-06-04,Joint,"$1,001 - $15,000",86
?,"David A Perdue , Jr",Senate,KN,P,2015-03-11,2015-06-04,Joint,"$1,001 - $15,000",85
?,"David A Perdue , Jr",Senate,WPX,P,2015-03-11,2015-06-04,Joint,"$1,001 - $15,000",85
?,"David A Perdue , Jr",Senate,WPX,P,2015-03-12,2015-06-04,Joint,"$1,001 - $15,000",84
?,"David A Perdue , Jr",Senate,CIT,P,2015-03-12,2015-06-04,Joint,"$1,001 - $15,000",84
?,"David A Perdue , Jr",Senate,DISCA,P,2015-03-13,2015-06-04,Joint,"$1,001 - $15,000",83
?,"David A Perdue , Jr",Senate,WPX,P,2015-03-16,2015-06-04,Joint,"$1,001 - $15,000",80
?,"David A Perdue , Jr",Senate,DISCA,P,2015-03-16,2015-06-04,Joint,"$15,001 - $50,000",80
?,"David A Perdue , Jr",Senate,DISCA,P,2015-03-18,2015-06-04,Joint,"$1,001 - $15,000",78
?,"David A Perdue , Jr",Senate,BK,S,2015-03-19,2015-06-04,Joint,"$1,001 - $15,000",77
?,"David A Perdue , Jr",Senate,KN,P,2015-03-20,2015-06-04,Joint,"$1,001 - $15,000",76
?,"David A Perdue , Jr",Senate,WPX,P,2015-03-27,2015-06-04,Joint,"$1,001 - $15,000",69
?,"David A Perdue , Jr",Senate,DISCA,P,2015-03-27,2015-06-04,Joint,"$1,001 - $15,000",69
?,"David A Perdue , Jr",Senate,KN,P,2015-04-17,2015-06-04,Joint,"$1,001 - $15,000",48
?,"David A Perdue , Jr",Senate,KN,P,2015-04-23,2015-06-04,Joint,"$1,001 - $15,000",42
?,"David A Perdue , Jr",Senate,KN,P,2015-04-24,2015-06-04,Joint,"$1,001 - $15,000",41
?,"David A Perdue , Jr",Senate,PFE,S,2015-04-29,2015-06-04,Joint,"$1,001 - $15,000",36
?,"David A Perdue , Jr",Senate,MOS,P,2015-04-15,2015-06-04,Joint,"$1,001 - $15,000",50
?,"David A Perdue , Jr",Senate,PFE,S,2015-05-06,2015-06-04,Joint,"$1,001 - $15,000",29
?,"David A Perdue , Jr",Senate,PFE,S,2015-05-07,2015-06-04,Joint,"$1,001 - $15,000",28
?,"David A Perdue , Jr",Senate,TAP,S,2015-05-07,2015-06-04,Joint,"$1,001 - $15,000",28
?,"David A Perdue , Jr",Senate,PFE,S,2015-05-14,2015-06-04,Joint,"$1,001 - $15,000",21
?,"David A Perdue , Jr",Senate,DISCA,P,2015-05-12,2015-06-04,Joint,"$1,001 - $15,000",23
?,"David A Perdue , Jr",Senate,DISCA,P,2015-05-13,2015-06-04,Joint,"$1,001 - $15,000",22
?,"David A Perdue , Jr",Senate,DISCA,P,2015-05-14,2015-06-04,Joint,"$1,001 - $15,000",21
?,"David A Perdue , Jr",Senate,TAP,S,2015-05-14,2015-06-04,Joint,"$1,001 - $15,000",21
?,"David A Perdue , Jr",Senate,AXLL,P,2015-05-15,2015-06-04,Joint,"$1,001 - $15,000",20
?,"David A Perdue , Jr",Senate,DISCA,P,2015-05-29,2015-06-04,Joint,"$1,001 - $15,000",6
D,John F Reed,Senate,XRT,S,2015-05-26,2015-06-04,Joint,"$1,001 - $15,000",9
D,Sheldon Whitehouse,Senate,KORS,S,2015-05-27,2015-06-03,Child,"$1,001 - $15,000",7
D,Sheldon Whitehouse,Senate,AMGN,P,2015-05-27,2015-06-03,Spouse,"$1,001 - $15,000",7
D,Sheldon Whitehouse,Senate,BAC,P,2015-05-27,2015-06-03,Joint,"$15,001 - $50,000",7
D,Sheldon Whitehouse,Senate,CY,S,2015-05-18,2015-06-03,Joint,"$15,001 - $50,000",16
D,Sheldon Whitehouse,Senate,RTN,S,2015-05-18,2015-06-03,Joint,"$1,001 - $15,000",16
D,Sheldon Whitehouse,Senate,PCAR,S,2015-05-07,2015-06-03,Joint,"$1,001 - $15,000",27
D,Sheldon Whitehouse,Senate,PRU,S,2015-05-07,2015-06-03,Joint,"$1,001 - $15,000",27
D,Sheldon Whitehouse,Senate,FEYE,P,2015-05-27,2015-06-03,Self,"$1,001 - $15,000",7
D,Sheldon Whitehouse,Senate,MRK,P,2015-05-27,2015-06-03,Self,"$1,001 - $15,000",7
D,Sheldon Whitehouse,Senate,TU,S,2015-05-27,2015-06-03,Self,"$15,001 - $50,000",7
D,Sheldon Whitehouse,Senate,NFLX,P,2015-05-07,2015-06-03,Self,"$15,001 - $50,000",27
D,Sheldon Whitehouse,Senate,BIIB,P,2015-05-07,2015-06-03,Self,"$15,001 - $50,000",27
D,Thomas R Carper,Senate,AAPL,P,2015-05-14,2015-06-01,Spouse,"$1,001 - $15,000",18
R,James M Inhofe,Senate,ALTR,S,2015-05-21,2015-05-28,Self,"$15,001 - $50,000",7
R,James M Inhofe,Senate,PG,P,2015-04-29,2015-05-28,Self,"$15,001 - $50,000",29
R,James M Inhofe,Senate,AMZN,S,2015-04-29,2015-05-28,Self,"$15,001 - $50,000",29
R,James M Inhofe,Senate,EMR,P,2015-04-21,2015-05-28,Self,"$50,001 - $100,000",37
R,James M Inhofe,Senate,WFC,S,2015-04-21,2015-05-28,Self,"$15,001 - $50,000",37
R,James M Inhofe,Senate,ETN,S,2015-04-14,2015-05-28,Self,"$15,001 - $50,000",44
R,James M Inhofe,Senate,MCD,S,2015-04-14,2015-05-28,Self,"$50,001 - $100,000",44
D,John F Reed,Senate,VRTX,S,2015-05-13,2015-05-27,Joint,"$1,001 - $15,000",14
D,Gary C Peters,Senate,UTX,P,2015-05-11,2015-05-21,Self,"$1,001 - $15,000",10
R,Patrick J Toomey,Senate,IBKC,S,2015-05-07,2015-05-20,Joint,"$15,001 - $50,000",13
R,Patrick J Toomey,Senate,IBKC,S,2015-05-06,2015-05-20,Joint,"$15,001 - $50,000",14
R,Patrick J Toomey,Senate,PG,P,2015-04-27,2015-05-20,Joint,"$15,001 - $50,000",23
D,John F Reed,Senate,TBF,P,2015-05-04,2015-05-13,Self,"$1,001 - $15,000",9
D,Thomas R Carper,Senate,DD,P,2015-03-13,2015-05-13,Spouse,"$1,001 - $15,000",61
D,Thomas R Carper,Senate,DD,P,2014-12-15,2015-05-13,Spouse,"$1,001 - $15,000",149
D,Thomas R Carper,Senate,DD,P,2014-09-15,2015-05-13,Spouse,"$1,001 - $15,000",240
D,Thomas R Carper,Senate,DD,P,2014-06-13,2015-05-13,Spouse,"$1,001 - $15,000",334
R,Pat Roberts,Senate,CVX,P,2015-04-24,2015-05-07,Spouse,"$1,001 - $15,000",13
R,Pat Roberts,Senate,NFLX,S,2015-04-22,2015-05-07,Spouse,"$15,001 - $50,000",15
R,Pat Roberts,Senate,NFLX,P,2015-04-14,2015-05-07,Spouse,"$15,001 - $50,000",23
R,Pat Roberts,Senate,BA,P,2015-04-24,2015-05-07,Spouse,"$1,001 - $15,000",13
R,Pat Roberts,Senate,COST,P,2015-04-24,2015-05-07,Spouse,"$1,001 - $15,000",13
D,John F Reed,Senate,MSFT,P,2015-04-23,2015-05-06,Self,"$1,001 - $15,000",13
D,John F Reed,Senate,FEYE,P,2015-04-23,2015-05-06,Self,"$1,001 - $15,000",13
D,John F Reed,Senate,ESRX,P,2015-04-23,2015-05-06,Self,"$1,001 - $15,000",13
D,John F Reed,Senate,SLB,S,2015-04-23,2015-05-06,Self,"$1,001 - $15,000",13
D,John F Reed,Senate,EMC,S,2015-04-23,2015-05-06,Self,"$1,001 - $15,000",13
D,Gary C Peters,Senate,KRFT,S,2015-04-14,2015-05-06,Self,"$1,001 - $15,000",22
D,Gary C Peters,Senate,DTE,P,2015-04-14,2015-05-06,Self,"$1,001 - $15,000",22
D,Gary C Peters,Senate,QCOM,P,2015-04-14,2015-05-06,Self,"$1,001 - $15,000",22
D,Gary C Peters,Senate,EMR,P,2015-04-14,2015-05-06,Self,"$1,001 - $15,000",22
D,Thomas R Carper,Senate,AAPL,P,2015-04-22,2015-05-01,Spouse,"$1,001 - $15,000",9
D,Sheldon Whitehouse,Senate,GILD,P,2015-04-07,2015-04-23,Spouse,"$1,001 - $15,000",16
D,Sheldon Whitehouse,Senate,BIIB,P,2015-04-07,2015-04-23,Spouse,"$1,001 - $15,000",16
D,Sheldon Whitehouse,Senate,NFLX,P,2015-04-07,2015-04-23,Spouse,"$1,001 - $15,000",16
D,Sheldon Whitehouse,Senate,SSYS,S,2015-04-06,2015-04-23,Child,"$1,001 - $15,000",17
D,Sheldon Whitehouse,Senate,ACN,S,2015-04-06,2015-04-23,Self,"$15,001 - $50,000",17
D,Sheldon Whitehouse,Senate,BABA,S,2015-04-07,2015-04-23,Self,"$15,001 - $50,000",16
D,Sheldon Whitehouse,Senate,HD,S,2015-04-07,2015-04-23,Self,"$15,001 - $50,000",16
D,Sheldon Whitehouse,Senate,UA,P,2015-04-13,2015-04-23,Self,"$1,001 - $15,000",10
R,Pat Roberts,Senate,AAPL,P,2015-03-25,2015-04-22,Spouse,"$1,001 - $15,000",28
R,Patrick J Toomey,Senate,DBP,P,2014-06-12,2015-04-14,Joint,"$15,001 - $50,000",306
R,Patrick J Toomey,Senate,VIXY,P,2014-06-12,2015-04-14,Joint,"$15,001 - $50,000",306
R,Patrick J Toomey,Senate,LGP,P,2014-06-11,2015-04-14,Joint,"$15,001 - $50,000",307
R,Patrick J Toomey,Senate,GLD,S,2014-06-05,2015-04-14,Joint,"$1,001 - $15,000",313
R,Patrick J Toomey,Senate,PPL,S,2014-06-05,2015-04-14,Joint,"$15,001 - $50,000",313
R,Patrick J Toomey,Senate,AMLP,P,2014-06-24,2015-04-14,Joint,"$15,001 - $50,000",294
R,Patrick J Toomey,Senate,LGP,S,2014-08-07,2015-04-14,Joint,"$15,001 - $50,000",250
R,Patrick J Toomey,Senate,IDV,S,2014-09-02,2015-04-14,Joint,"$15,001 - $50,000",224
R,Patrick J Toomey,Senate,IXP,P,2014-09-02,2015-04-14,Joint,"$15,001 - $50,000",224
R,Patrick J Toomey,Senate,SDY,P,2014-09-02,2015-04-14,Joint,"$15,001 - $50,000",224
R,Patrick J Toomey,Senate,AMLP,P,2014-09-02,2015-04-14,Joint,"$1,001 - $15,000",224
R,Patrick J Toomey,Senate,DWX,S,2014-09-02,2015-04-14,Joint,"$15,001 - $50,000",224
R,Patrick J Toomey,Senate,ILF,P,2014-09-02,2015-04-14,Joint,"$1,001 - $15,000",224
R,Patrick J Toomey,Senate,EPP,S,2014-09-02,2015-04-14,Joint,"$1,001 - $15,000",224
R,Patrick J Toomey,Senate,VIXY,S,2014-10-01,2015-04-14,Joint,"$15,001 - $50,000",195
R,Patrick J Toomey,Senate,PFS,S,2014-10-30,2015-04-14,Joint,"$50,001 - $100,000",166
R,Patrick J Toomey,Senate,PFS,S,2015-03-26,2015-04-14,Joint,"$15,001 - $50,000",19
R,Patrick J Toomey,Senate,PFS,S,2015-03-25,2015-04-14,Joint,"$15,001 - $50,000",20
R,Patrick J Toomey,Senate,CVX,S,2015-03-19,2015-04-14,Joint,"$15,001 - $50,000",26
R,John Hoeven,Senate,PRPFX,S,2015-03-18,2015-04-06,Self,"$15,001 - $50,000",19
R,John Hoeven,Senate,MDU,P,2015-03-20,2015-04-06,Self,"$100,001 - $250,000",17
R,Pat Roberts,Senate,DVN,P,2015-03-16,2015-03-24,Joint,"$1,001 - $15,000",8
R,Pat Roberts,Senate,CVX,P,2015-03-16,2015-03-24,Spouse,"$1,001 - $15,000",8
R,Pat Roberts,Senate,NFLX,S,2015-03-04,2015-03-24,Spouse,"$50,001 - $100,000",20
R,Pat Roberts,Senate,BABA,P,2015-03-04,2015-03-24,Spouse,"$1,001 - $15,000",20
R,Pat Roberts,Senate,BIDU,P,2015-03-02,2015-03-24,Spouse,"$1,001 - $15,000",22
R,Pat Roberts,Senate,AAPL,P,2015-03-17,2015-03-24,Spouse,"$1,001 - $15,000",7
R,Pat Roberts,Senate,BA,P,2015-03-17,2015-03-24,Spouse,"$1,001 - $15,000",7
R,Pat Roberts,Senate,ETY,P,2015-03-13,2015-03-24,Spouse,"$1,001 - $15,000",11
R,Pat Roberts,Senate,BABA,S,2015-03-11,2015-03-24,Spouse,"$1,001 - $15,000",13
R,Pat Roberts,Senate,AAPL,S,2015-03-11,2015-03-24,Spouse,"$1,001 - $15,000",13
R,Pat Roberts,Senate,BA,S,2015-03-11,2015-03-24,Spouse,"$15,001 - $50,000",13
R,Pat Roberts,Senate,AMZN,S,2015-03-09,2015-03-24,Spouse,"$15,001 - $50,000",15
R,Pat Roberts,Senate,SBUX,P,2015-03-06,2015-03-24,Spouse,"$1,001 - $15,000",18
R,Pat Roberts,Senate,COST,P,2015-03-06,2015-03-24,Spouse,"$1,001 - $15,000",18
R,Pat Roberts,Senate,ETY,P,2015-03-06,2015-03-24,Spouse,"$1,001 - $15,000",18
R,Patrick J Toomey,Senate,CVX,P,2014-12-31,2015-03-23,Joint,"$15,001 - $50,000",82
R,Patrick J Toomey,Senate,LINE,S,2014-04-29,2015-03-23,Joint,"$1,001 - $15,000",328
R,Patrick J Toomey,Senate,PFS,S,2015-02-11,2015-03-23,Self,"$15,001 - $50,000",40
R,Patrick J Toomey,Senate,T,S,2015-02-13,2015-03-23,Self,"$15,001 - $50,000",38
R,Patrick J Toomey,Senate,ESV,S,2015-02-24,2015-03-23,Self,"$1,001 - $15,000",27
R,Patrick J Toomey,Senate,EEM,P,2015-02-27,2015-03-23,Spouse,"$1,001 - $15,000",24
R,Patrick J Toomey,Senate,XLU,S,2015-02-27,2015-03-23,Spouse,"$1,001 - $15,000",24
R,Patrick J Toomey,Senate,XLV,P,2015-01-30,2015-03-23,Spouse,"$1,001 - $15,000",52
R,Patrick J Toomey,Senate,XLU,P,2015-01-30,2015-03-23,Spouse,"$1,001 - $15,000",52
R,Patrick J Toomey,Senate,QQQ,S,2015-01-30,2015-03-23,Spouse,"$1,001 - $15,000",52
R,Patrick J Toomey,Senate,SPY,S,2015-01-30,2015-03-23,Spouse,"$15,001 - $50,000",52
R,Patrick J Toomey,Senate,SHY,P,2015-01-05,2015-03-23,Joint,"$15,001 - $50,000",77
R,Patrick J Toomey,Senate,PCY,S,2015-01-05,2015-03-23,Joint,"$15,001 - $50,000",77
D,Sheldon Whitehouse,Senate,LLTC,P,2015-02-24,2015-03-17,Child,"$1,001 - $15,000",21
D,Sheldon Whitehouse,Senate,KORS,P,2015-02-24,2015-03-17,Child,"$1,001 - $15,000",21
D,Sheldon Whitehouse,Senate,BMY,P,2015-02-23,2015-03-17,Child,"$1,001 - $15,000",22
D,Sheldon Whitehouse,Senate,HYH,S,2015-02-23,2015-03-17,Child,"$1,001 - $15,000",22
D,Sheldon Whitehouse,Senate,KORS,P,2015-02-23,2015-03-17,Child,"$1,001 - $15,000",22
D,Sheldon Whitehouse,Senate,PEP,P,2015-03-10,2015-03-17,Joint,"$1,001 - $15,000",7
D,Sheldon Whitehouse,Senate,CMRE,S,2015-02-12,2015-03-17,Joint,"$15,001 - $50,000",33
D,Sheldon Whitehouse,Senate,ABBV,S,2015-03-10,2015-03-17,Self,"$1,001 - $15,000",7
D,Sheldon Whitehouse,Senate,AMGN,P,2015-03-10,2015-03-17,Self,"$1,001 - $15,000",7
D,Sheldon Whitehouse,Senate,STT,S,2015-03-10,2015-03-17,Child,"$1,001 - $15,000",7
D,Sheldon Whitehouse,Senate,KORS,S,2015-03-10,2015-03-17,Self,"$1,001 - $15,000",7
D,Sheldon Whitehouse,Senate,A,S,2015-02-24,2015-03-17,Self,"$1,001 - $15,000",21
D,Sheldon Whitehouse,Senate,DISH,S,2015-02-23,2015-03-17,Self,"$15,001 - $50,000",22
R,Pat Roberts,Senate,AAPL,S,2014-08-26,2015-03-12,Spouse,"$15,001 - $50,000",198
R,John Hoeven,Senate,CAT,P,2015-03-03,2015-03-09,Self,"$100,001 - $250,000",6
R,John Hoeven,Senate,ABBV,P,2015-02-25,2015-03-09,Self,"$100,001 - $250,000",12
R,Pat Roberts,Senate,DVN,P,2015-02-05,2015-03-05,Spouse,"$1,001 - $15,000",28
R,Pat Roberts,Senate,MIK,S,2015-02-10,2015-03-05,Spouse,"$1,001 - $15,000",23
R,Pat Roberts,Senate,GM,P,2015-02-05,2015-03-05,Spouse,"$1,001 - $15,000",28
R,Pat Roberts,Senate,CELG,P,2015-02-05,2015-03-05,Spouse,"$1,001 - $15,000",28
D,John F Reed,Senate,MYL,S,2015-03-03,2015-03-04,Joint,"$1,001 - $15,000",1
D,John F Reed,Senate,ACT,S,2015-03-03,2015-03-04,Joint,"$1,001 - $15,000",1
D,John F Reed,Senate,AMAT,S,2015-03-03,2015-03-04,Self,"$1,001 - $15,000",1
R,Susan M Collins,Senate,KMB,S,2015-02-20,2015-03-03,Spouse,"$1,001 - $15,000",11
R,Susan M Collins,Senate,HAL,S,2015-02-20,2015-03-03,Spouse,"$1,001 - $15,000",11
R,Susan M Collins,Senate,AXP,S,2015-02-20,2015-03-03,Spouse,"$1,001 - $15,000",11
R,Susan M Collins,Senate,AYI,P,2015-02-20,2015-03-03,Spouse,"$15,001 - $50,000",11
R,Susan M Collins,Senate,MMM,P,2015-02-20,2015-03-03,Spouse,"$25,000,001 - $50,000,000",11
D,Thomas R Carper,Senate,VLO,S,2015-02-12,2015-03-03,Spouse,"$1,001 - $15,000",19
D,Thomas R Carper,Senate,ABBV,P,2015-02-12,2015-03-03,Spouse,"$1,001 - $15,000",19
D,Thomas R Carper,Senate,ABT,P,2015-02-12,2015-03-03,Spouse,"$1,001 - $15,000",19
D,Thomas R Carper,Senate,AAPL,P,2015-02-12,2015-03-03,Spouse,"$1,001 - $15,000",19
D,Thomas R Carper,Senate,ITW,S,2015-02-12,2015-03-03,Spouse,"$1,001 - $15,000",19
D,Thomas R Carper,Senate,UA,P,2015-02-20,2015-03-03,Spouse,"$1,001 - $15,000",11
D,Thomas R Carper,Senate,HBI,P,2015-02-20,2015-03-03,Spouse,"$1,001 - $15,000",11
D,Thomas R Carper,Senate,PNQI,P,2015-02-20,2015-03-03,Spouse,"$1,001 - $15,000",11
D,John F Reed,Senate,MYL,P,2015-02-20,2015-03-02,Joint,"$1,001 - $15,000",10
D,John F Reed,Senate,CELG,P,2015-02-20,2015-03-02,Joint,"$1,001 - $15,000",10
D,John F Reed,Senate,AMGN,P,2015-02-20,2015-03-02,Joint,"$1,001 - $15,000",10
D,John F Reed,Senate,IYT,S,2015-02-20,2015-03-02,Joint,"$1,001 - $15,000",10
R,Thomas R Tillis,Senate,JCOM,S,2015-02-13,2015-02-26,Joint,"$1,001 - $15,000",13
R,Thomas R Tillis,Senate,WST,S,2015-02-13,2015-02-26,Joint,"$1,001 - $15,000",13
R,Thomas R Tillis,Senate,WAL,S,2015-02-13,2015-02-26,Joint,"$1,001 - $15,000",13
R,Thomas R Tillis,Senate,WAGE,S,2015-02-13,2015-02-26,Joint,"$1,001 - $15,000",13
R,Thomas R Tillis,Senate,VSI,S,2015-02-13,2015-02-26,Joint,"$1,001 - $15,000",13
R,Thomas R Tillis,Senate,TYPE,S,2015-02-13,2015-02-26,Joint,"$1,001 - $15,000",13
R,Thomas R Tillis,Senate,TXRH,S,2015-02-13,2015-02-26,Joint,"$1,001 - $15,000",13
R,Thomas R Tillis,Senate,TUMI,S,2015-02-13,2015-02-26,Joint,"$1,001 - $15,000",13
R,Thomas R Tillis,Senate,TTC,S,2015-02-13,2015-02-26,Joint,"$1,001 - $15,000",13
R,Thomas R Tillis,Senate,TNGO,S,2015-02-13,2015-02-26,Spouse,"$1,001 - $15,000",13
R,Thomas R Tillis,Senate,THS,S,2015-02-13,2015-02-26,Joint,"$1,001 - $15,000",13
R,Thomas R Tillis,Senate,THRM,S,2015-02-13,2015-02-26,Joint,"$1,001 - $15,000",13
R,Thomas R Tillis,Senate,TECH,S,2015-02-13,2015-02-26,Joint,"$1,001 - $15,000",13
R,Thomas R Tillis,Senate,TCBI,S,2015-02-13,2015-02-26,Joint,"$1,001 - $15,000",13
R,Thomas R Tillis,Senate,SXT,S,2015-02-13,2015-02-26,Joint,"$1,001 - $15,000",13
R,Thomas R Tillis,Senate,SWI,S,2015-02-13,2015-02-26,Joint,"$1,001 - $15,000",13
R,Thomas R Tillis,Senate,SSB,S,2015-02-13,2015-02-26,Joint,"$1,001 - $15,000",13
R,Thomas R Tillis,Senate,SQI,S,2015-02-13,2015-02-26,Joint,"$1,001 - $15,000",13
R,Thomas R Tillis,Senate,SPSC,S,2015-02-13,2015-02-26,Joint,"$1,001 - $15,000",13
R,Thomas R Tillis,Senate,SMTC,S,2015-02-13,2015-02-26,Joint,"$1,001 - $15,000",13
R,Thomas R Tillis,Senate,SIGI,S,2015-02-13,2015-02-26,Joint,"$1,001 - $15,000",13
R,Thomas R Tillis,Senate,SHOO,S,2015-02-13,2015-02-26,Joint,"$1,001 - $15,000",13
R,Thomas R Tillis,Senate,SGY,S,2015-02-13,2015-02-26,Joint,"$1,001 - $15,000",13
R,Thomas R Tillis,Senate,RRTS,S,2015-02-13,2015-02-26,Joint,"$1,001 - $15,000",13
R,Thomas R Tillis,Senate,ROLL,S,2015-02-13,2015-02-26,Joint,"$1,001 - $15,000",13
R,Thomas R Tillis,Senate,RBA,S,2015-02-13,2015-02-26,Joint,"$1,001 - $15,000",13
R,Thomas R Tillis,Senate,RAVN,S,2015-02-13,2015-02-26,Joint,"$1,001 - $15,000",13
R,Thomas R Tillis,Senate,QLIK,S,2015-02-13,2015-02-26,Joint,"$1,001 - $15,000",13
R,Thomas R Tillis,Senate,PRLB,S,2015-02-13,2015-02-26,Joint,"$1,001 - $15,000",13
R,Thomas R Tillis,Senate,PRIM,S,2015-02-13,2015-02-26,Joint,"$1,001 - $15,000",13
R,Thomas R Tillis,Senate,PRAA,S,2015-02-13,2015-02-26,Joint,"$1,001 - $15,000",13
R,Thomas R Tillis,Senate,PRA,S,2015-02-13,2015-02-26,Joint,"$1,001 - $15,000",13
R,Thomas R Tillis,Senate,POWI,S,2015-02-13,2015-02-26,Joint,"$1,001 - $15,000",13
R,Thomas R Tillis,Senate,PLT,S,2015-02-13,2015-02-26,Joint,"$1,001 - $15,000",13
R,Thomas R Tillis,Senate,PLKI,S,2015-02-13,2015-02-26,Joint,"$1,001 - $15,000",13
R,Thomas R Tillis,Senate,PEB,S,2015-02-13,2015-02-26,Joint,"$1,001 - $15,000",13
R,Thomas R Tillis,Senate,PBH,S,2015-02-13,2015-02-26,Joint,"$1,001 - $15,000",13
R,Thomas R Tillis,Senate,OMCL,S,2015-02-13,2015-02-26,Joint,"$1,001 - $15,000",13
R,Thomas R Tillis,Senate,OFC,S,2015-02-13,2015-02-26,Joint,"$1,001 - $15,000",13
R,Thomas R Tillis,Senate,NSR,S,2015-02-13,2015-02-26,Joint,"$1,001 - $15,000",13
R,Thomas R Tillis,Senate,NICE,S,2015-02-13,2015-02-26,Joint,"$1,001 - $15,000",13
R,Thomas R Tillis,Senate,MNRO,S,2015-02-13,2015-02-26,Joint,"$1,001 - $15,000",13
R,Thomas R Tillis,Senate,MG,S,2015-02-13,2015-02-26,Joint,"$1,001 - $15,000",13
R,Thomas R Tillis,Senate,MFRM,S,2015-02-13,2015-02-26,Joint,"$1,001 - $15,000",13
R,Thomas R Tillis,Senate,MDCA,S,2015-02-13,2015-02-26,Joint,"$1,001 - $15,000",13
R,Thomas R Tillis,Senate,MASI,S,2015-02-13,2015-02-26,Joint,"$1,001 - $15,000",13
R,Thomas R Tillis,Senate,LSTR,S,2015-02-13,2015-02-26,Joint,"$1,001 - $15,000",13
R,Thomas R Tillis,Senate,LOCK,S,2015-02-13,2015-02-26,Joint,"$1,001 - $15,000",13
R,Thomas R Tillis,Senate,LL,S,2015-02-13,2015-02-26,Joint,"$1,001 - $15,000",13
R,Thomas R Tillis,Senate,KWR,S,2015-02-13,2015-02-26,Joint,"$1,001 - $15,000",13
R,Thomas R Tillis,Senate,JJSF,S,2015-02-13,2015-02-26,Joint,"$1,001 - $15,000",13
R,Thomas R Tillis,Senate,IPCM,S,2015-02-13,2015-02-26,Joint,"$1,001 - $15,000",13
R,Thomas R Tillis,Senate,ICUI,S,2015-02-13,2015-02-26,Joint,"$1,001 - $15,000",13
R,Thomas R Tillis,Senate,ICON,S,2015-02-13,2015-02-26,Joint,"$1,001 - $15,000",13
R,Thomas R Tillis,Senate,HUBG,S,2015-02-13,2015-02-26,Joint,"$1,001 - $15,000",13
R,Thomas R Tillis,Senate,IART,S,2015-02-13,2015-02-26,Joint,"$1,001 - $15,000",13
R,Thomas R Tillis,Senate,HLX,S,2015-02-13,2015-02-26,Joint,"$1,001 - $15,000",13
R,Thomas R Tillis,Senate,HF,S,2015-02-13,2015-02-26,Joint,"$1,001 - $15,000",13
R,Thomas R Tillis,Senate,HEI,S,2015-02-13,2015-02-26,Joint,"$1,001 - $15,000",13
R,Thomas R Tillis,Senate,HCSG,S,2015-02-13,2015-02-26,Joint,"$1,001 - $15,000",13
R,Thomas R Tillis,Senate,GMED,S,2015-02-13,2015-02-26,Joint,"$1,001 - $15,000",13
R,Thomas R Tillis,Senate,FNGN,S,2015-02-13,2015-02-26,Joint,"$1,001 - $15,000",13
R,Thomas R Tillis,Senate,FMBI,S,2015-02-13,2015-02-26,Joint,"$1,001 - $15,000",13
R,Thomas R Tillis,Senate,FET,S,2015-02-13,2015-02-26,Joint,"$1,001 - $15,000",13
R,Thomas R Tillis,Senate,EVR,S,2015-02-13,2015-02-26,Joint,"$1,001 - $15,000",13
R,Thomas R Tillis,Senate,EPAY,S,2015-02-13,2015-02-26,Joint,"$1,001 - $15,000",13
R,Thomas R Tillis,Senate,EGBN,S,2015-02-13,2015-02-26,Joint,"$1,001 - $15,000",13
R,Thomas R Tillis,Senate,DRQ,S,2015-02-13,2015-02-26,Joint,"$1,001 - $15,000",13
R,Thomas R Tillis,Senate,DIOD,S,2015-02-13,2015-02-26,Joint,"$1,001 - $15,000",13
R,Thomas R Tillis,Senate,DFRG,S,2015-02-13,2015-02-26,Joint,"$1,001 - $15,000",13
R,Thomas R Tillis,Senate,CYBX,S,2015-02-13,2015-02-26,Joint,"$1,001 - $15,000",13
R,Thomas R Tillis,Senate,CVLT,S,2015-02-13,2015-02-26,Joint,"$1,001 - $15,000",13
R,Thomas R Tillis,Senate,CTRL,S,2015-02-13,2015-02-26,Joint,"$1,001 - $15,000",13
R,Thomas R Tillis,Senate,CTCT,S,2015-02-13,2015-02-26,Joint,"$1,001 - $15,000",13
R,Thomas R Tillis,Senate,CRZO,S,2015-02-13,2015-02-26,Joint,"$1,001 - $15,000",13
R,Thomas R Tillis,Senate,CMN,S,2015-02-13,2015-02-26,Joint,"$1,001 - $15,000",13
R,Thomas R Tillis,Senate,CLC,S,2015-02-13,2015-02-26,Joint,"$1,001 - $15,000",13
R,Thomas R Tillis,Senate,CHEF,S,2015-02-13,2015-02-26,Joint,"$1,001 - $15,000",13
R,Thomas R Tillis,Senate,CGNX,S,2015-02-13,2015-02-26,Joint,"$1,001 - $15,000",13
R,Thomas R Tillis,Senate,CASY,S,2015-02-13,2015-02-26,Joint,"$1,001 - $15,000",13
R,Thomas R Tillis,Senate,BMR,S,2015-02-13,2015-02-26,Joint,"$1,001 - $15,000",13
R,Thomas R Tillis,Senate,BIO,S,2015-02-13,2015-02-26,Joint,"$1,001 - $15,000",13
R,Thomas R Tillis,Senate,BERY,S,2015-02-13,2015-02-26,Joint,"$1,001 - $15,000",13
R,Thomas R Tillis,Senate,BECN,S,2015-02-13,2015-02-26,Joint,"$1,001 - $15,000",13
R,Thomas R Tillis,Senate,BCPC,S,2015-02-13,2015-02-26,Joint,"$1,001 - $15,000",13
R,Thomas R Tillis,Senate,ATRO,S,2015-02-13,2015-02-26,Joint,"$1,001 - $15,000",13
R,Thomas R Tillis,Senate,AMSG,S,2015-02-13,2015-02-26,Joint,"$1,001 - $15,000",13
R,Thomas R Tillis,Senate,ALE,S,2015-02-13,2015-02-26,Joint,"$1,001 - $15,000",13
R,Thomas R Tillis,Senate,AKRX,S,2015-02-13,2015-02-26,Joint,"$1,001 - $15,000",13
R,Thomas R Tillis,Senate,AFSI,S,2015-02-13,2015-02-26,Joint,"$1,001 - $15,000",13
R,Thomas R Tillis,Senate,ABCO,S,2015-02-13,2015-02-26,Joint,"$1,001 - $15,000",13
R,Thomas R Tillis,Senate,AAT,S,2015-02-13,2015-02-26,Joint,"$1,001 - $15,000",13
R,Thomas R Tillis,Senate,AAON,S,2015-02-13,2015-02-26,Joint,"$1,001 - $15,000",13
R,Thomas R Tillis,Senate,NICE,S,2015-02-05,2015-02-26,Joint,"$1,001 - $15,000",21
D,Gary C Peters,Senate,MDT,E,2015-01-27,2015-02-25,Self,"$15,001 - $50,000",29
R,Rafael E Cruz,Senate,PAGP,P,2015-02-03,2015-02-09,Joint,"$50,001 - $100,000",6
R,Pat Roberts,Senate,ZNGA,S,2015-01-16,2015-02-04,Spouse,"$1,001 - $15,000",19
R,Pat Roberts,Senate,BIDU,P,2015-01-28,2015-02-04,Spouse,"$15,001 - $50,000",7
R,Pat Roberts,Senate,AAPL,P,2015-01-28,2015-02-04,Spouse,"$1,001 - $15,000",7
R,Pat Roberts,Senate,NFLX,P,2015-01-27,2015-02-04,Spouse,"$15,001 - $50,000",8
R,Pat Roberts,Senate,TCS,S,2015-01-16,2015-02-04,Spouse,"$1,001 - $15,000",19
R,Pat Roberts,Senate,NFLX,S,2015-01-16,2015-02-04,Spouse,"$15,001 - $50,000",19
R,Pat Roberts,Senate,TCS,P,2015-01-02,2015-02-04,Spouse,"$1,001 - $15,000",33
R,Pat Roberts,Senate,TWTR,P,2015-01-02,2015-02-04,Spouse,"$1,001 - $15,000",33
D,Sheldon Whitehouse,Senate,ETN,S,2015-01-14,2015-02-03,Child,"$1,001 - $15,000",20
D,Sheldon Whitehouse,Senate,DD,S,2015-01-14,2015-02-03,Joint,"$1,001 - $15,000",20
D,Sheldon Whitehouse,Senate,DHR,S,2015-01-23,2015-02-03,Self,"$15,001 - $50,000",11
D,Sheldon Whitehouse,Senate,ACE,S,2015-01-23,2015-02-03,Self,"$15,001 - $50,000",11
D,Sheldon Whitehouse,Senate,GILD,P,2015-01-23,2015-02-03,Self,"$15,001 - $50,000",11
D,Sheldon Whitehouse,Senate,AIG,S,2015-01-14,2015-02-03,Self,"$1,001 - $15,000",20
D,Sheldon Whitehouse,Senate,KLXI,S,2015-01-14,2015-02-03,Self,"$1,001 - $15,000",20
D,Thomas R Carper,Senate,TGT,S,2015-01-28,2015-02-03,Spouse,"$1,001 - $15,000",6
D,Thomas R Carper,Senate,HBI,P,2015-01-26,2015-02-03,Spouse,"$1,001 - $15,000",8
D,Thomas R Carper,Senate,PNQI,P,2015-01-22,2015-02-03,Spouse,"$1,001 - $15,000",12
R,Susan M Collins,Senate,WCN,P,2015-01-13,2015-01-29,Spouse,"$1,001 - $15,000",16
R,Susan M Collins,Senate,UL,P,2015-01-13,2015-01-29,Spouse,"$1,001 - $15,000",16
R,Susan M Collins,Senate,MTD,P,2015-01-13,2015-01-29,Spouse,"$15,001 - $50,000",16
R,Susan M Collins,Senate,CVS,P,2015-01-13,2015-01-29,Spouse,"$1,001 - $15,000",16
R,Susan M Collins,Senate,ADP,S,2015-01-13,2015-01-29,Spouse,"$1,001 - $15,000",16
R,Susan M Collins,Senate,AAPL,P,2015-01-13,2015-01-29,Spouse,"$1,001 - $15,000",16
R,Susan M Collins,Senate,AXP,P,2015-01-13,2015-01-29,Spouse,"$1,001 - $15,000",16
R,John Hoeven,Senate,NOG,P,2015-01-16,2015-01-21,Self,"$15,001 - $50,000",5
R,John Hoeven,Senate,FCX,S,2015-01-06,2015-01-20,Self,"$50,001 - $100,000",14
R,John Hoeven,Senate,COH,S,2015-01-06,2015-01-20,Self,"$50,001 - $100,000",14
R,Susan M Collins,Senate,TOLLX,P,2014-12-18,2015-01-09,Spouse,"$1,001 - $15,000",22
R,Susan M Collins,Senate,TOLLX,S,2014-12-15,2015-01-09,Spouse,"$1,001 - $15,000",25
R,Susan M Collins,Senate,WASCX,P,2014-12-11,2015-01-09,Spouse,"$1,001 - $15,000",29
R,Susan M Collins,Senate,MDDVX,P,2014-12-10,2015-01-09,Spouse,"$1,001 - $15,000",30
R,Susan M Collins,Senate,DVFAX,P,2014-12-11,2015-01-09,Spouse,"$1,001 - $15,000",29
R,Pat Roberts,Senate,XOM,S,2014-12-12,2015-01-05,Spouse,"$1,001 - $15,000",24
R,Pat Roberts,Senate,BA,P,2014-12-19,2015-01-05,Spouse,"$1,001 - $15,000",17
R,Pat Roberts,Senate,BAC,S,2014-12-12,2015-01-05,Spouse,"$1,001 - $15,000",24
R,Pat Roberts,Senate,MIK,P,2014-12-11,2015-01-05,Spouse,"$1,001 - $15,000",25
